seriesID,year,period,periodName,latest,value,supersector_code,supersector_text,industry_code,industry_text.x,data_type_code,data_type_text,case_type_code,case_type_text,area_code,area_text
ISUTTU48200010131,2015,A01,Annual,TRUE,0,TTU,"Trade, transportation, and utilities",482000,Rail transportation,1,Rate of injury cases per 100 full-time workers (Size class 0),0,RSE of Total recordable cases,131,"Private industry, Nebraska"
ISUTTU48200010131,2014,A01,Annual,NA,0,TTU,"Trade, transportation, and utilities",482000,Rail transportation,1,Rate of injury cases per 100 full-time workers (Size class 0),0,RSE of Total recordable cases,131,"Private industry, Nebraska"
ISUTTU48200011131,2015,A01,Annual,TRUE,0.7,TTU,"Trade, transportation, and utilities",482000,Rail transportation,1,Rate of injury cases per 100 full-time workers (Size class 0),1,Total recordable cases,131,"Private industry, Nebraska"
ISUTTU48200011131,2014,A01,Annual,NA,0.8,TTU,"Trade, transportation, and utilities",482000,Rail transportation,1,Rate of injury cases per 100 full-time workers (Size class 0),1,Total recordable cases,131,"Private industry, Nebraska"
ISUTTU48200050131,2015,A01,Annual,TRUE,0,TTU,"Trade, transportation, and utilities",482000,Rail transportation,5,Number of injury cases (thousands) (Size class 0),0,RSE of Total recordable cases,131,"Private industry, Nebraska"
ISUTTU48200050131,2014,A01,Annual,NA,0,TTU,"Trade, transportation, and utilities",482000,Rail transportation,5,Number of injury cases (thousands) (Size class 0),0,RSE of Total recordable cases,131,"Private industry, Nebraska"
ISUTTU48200051131,2015,A01,Annual,TRUE,0.1,TTU,"Trade, transportation, and utilities",482000,Rail transportation,5,Number of injury cases (thousands) (Size class 0),1,Total recordable cases,131,"Private industry, Nebraska"
ISUTTU48200051131,2014,A01,Annual,NA,0.1,TTU,"Trade, transportation, and utilities",482000,Rail transportation,5,Number of injury cases (thousands) (Size class 0),1,Total recordable cases,131,"Private industry, Nebraska"
ISUTTU48400010131,2019,A01,Annual,NA,5.9,TTU,"Trade, transportation, and utilities",484000,Truck transportation,1,Rate of injury cases per 100 full-time workers (Size class 0),0,RSE of Total recordable cases,131,"Private industry, Nebraska"
ISUTTU48400010131,2018,A01,Annual,NA,4.9,TTU,"Trade, transportation, and utilities",484000,Truck transportation,1,Rate of injury cases per 100 full-time workers (Size class 0),0,RSE of Total recordable cases,131,"Private industry, Nebraska"
ISUTTU48400010131,2017,A01,Annual,NA,4.5,TTU,"Trade, transportation, and utilities",484000,Truck transportation,1,Rate of injury cases per 100 full-time workers (Size class 0),0,RSE of Total recordable cases,131,"Private industry, Nebraska"
ISUTTU48400010131,2016,A01,Annual,NA,7.3,TTU,"Trade, transportation, and utilities",484000,Truck transportation,1,Rate of injury cases per 100 full-time workers (Size class 0),0,RSE of Total recordable cases,131,"Private industry, Nebraska"
ISUTTU48400010131,2015,A01,Annual,NA,8.8,TTU,"Trade, transportation, and utilities",484000,Truck transportation,1,Rate of injury cases per 100 full-time workers (Size class 0),0,RSE of Total recordable cases,131,"Private industry, Nebraska"
ISUTTU48400010131,2014,A01,Annual,NA,5.7,TTU,"Trade, transportation, and utilities",484000,Truck transportation,1,Rate of injury cases per 100 full-time workers (Size class 0),0,RSE of Total recordable cases,131,"Private industry, Nebraska"
ISUTTU48400011131,2019,A01,Annual,NA,3.4,TTU,"Trade, transportation, and utilities",484000,Truck transportation,1,Rate of injury cases per 100 full-time workers (Size class 0),1,Total recordable cases,131,"Private industry, Nebraska"
ISUTTU48400011131,2018,A01,Annual,NA,3.3,TTU,"Trade, transportation, and utilities",484000,Truck transportation,1,Rate of injury cases per 100 full-time workers (Size class 0),1,Total recordable cases,131,"Private industry, Nebraska"
ISUTTU48400011131,2017,A01,Annual,NA,3.3,TTU,"Trade, transportation, and utilities",484000,Truck transportation,1,Rate of injury cases per 100 full-time workers (Size class 0),1,Total recordable cases,131,"Private industry, Nebraska"
ISUTTU48400011131,2016,A01,Annual,NA,3.5,TTU,"Trade, transportation, and utilities",484000,Truck transportation,1,Rate of injury cases per 100 full-time workers (Size class 0),1,Total recordable cases,131,"Private industry, Nebraska"
ISUTTU48400011131,2015,A01,Annual,NA,4.5,TTU,"Trade, transportation, and utilities",484000,Truck transportation,1,Rate of injury cases per 100 full-time workers (Size class 0),1,Total recordable cases,131,"Private industry, Nebraska"
ISUTTU48400011131,2014,A01,Annual,NA,4.3,TTU,"Trade, transportation, and utilities",484000,Truck transportation,1,Rate of injury cases per 100 full-time workers (Size class 0),1,Total recordable cases,131,"Private industry, Nebraska"
ISUTTU48400050131,2019,A01,Annual,NA,5.9,TTU,"Trade, transportation, and utilities",484000,Truck transportation,5,Number of injury cases (thousands) (Size class 0),0,RSE of Total recordable cases,131,"Private industry, Nebraska"
ISUTTU48400050131,2018,A01,Annual,NA,5.8,TTU,"Trade, transportation, and utilities",484000,Truck transportation,5,Number of injury cases (thousands) (Size class 0),0,RSE of Total recordable cases,131,"Private industry, Nebraska"
ISUTTU48400050131,2017,A01,Annual,NA,5.1,TTU,"Trade, transportation, and utilities",484000,Truck transportation,5,Number of injury cases (thousands) (Size class 0),0,RSE of Total recordable cases,131,"Private industry, Nebraska"
ISUTTU48400050131,2016,A01,Annual,NA,7.4,TTU,"Trade, transportation, and utilities",484000,Truck transportation,5,Number of injury cases (thousands) (Size class 0),0,RSE of Total recordable cases,131,"Private industry, Nebraska"
ISUTTU48400050131,2015,A01,Annual,NA,8.2,TTU,"Trade, transportation, and utilities",484000,Truck transportation,5,Number of injury cases (thousands) (Size class 0),0,RSE of Total recordable cases,131,"Private industry, Nebraska"
ISUTTU48400050131,2014,A01,Annual,NA,6.5,TTU,"Trade, transportation, and utilities",484000,Truck transportation,5,Number of injury cases (thousands) (Size class 0),0,RSE of Total recordable cases,131,"Private industry, Nebraska"
ISUTTU48400051131,2019,A01,Annual,NA,1.2,TTU,"Trade, transportation, and utilities",484000,Truck transportation,5,Number of injury cases (thousands) (Size class 0),1,Total recordable cases,131,"Private industry, Nebraska"
ISUTTU48400051131,2018,A01,Annual,NA,0.9,TTU,"Trade, transportation, and utilities",484000,Truck transportation,5,Number of injury cases (thousands) (Size class 0),1,Total recordable cases,131,"Private industry, Nebraska"
ISUTTU48400051131,2017,A01,Annual,NA,0.9,TTU,"Trade, transportation, and utilities",484000,Truck transportation,5,Number of injury cases (thousands) (Size class 0),1,Total recordable cases,131,"Private industry, Nebraska"
ISUTTU48400051131,2016,A01,Annual,NA,1,TTU,"Trade, transportation, and utilities",484000,Truck transportation,5,Number of injury cases (thousands) (Size class 0),1,Total recordable cases,131,"Private industry, Nebraska"
ISUTTU48400051131,2015,A01,Annual,NA,1,TTU,"Trade, transportation, and utilities",484000,Truck transportation,5,Number of injury cases (thousands) (Size class 0),1,Total recordable cases,131,"Private industry, Nebraska"
ISUTTU48400051131,2014,A01,Annual,NA,1.2,TTU,"Trade, transportation, and utilities",484000,Truck transportation,5,Number of injury cases (thousands) (Size class 0),1,Total recordable cases,131,"Private industry, Nebraska"
ISUTTU48500010131,2020,A01,Annual,TRUE,22.5,TTU,"Trade, transportation, and utilities",485000,Transit and ground passenger transportation,1,Rate of injury cases per 100 full-time workers (Size class 0),0,RSE of Total recordable cases,131,"Private industry, Nebraska"
ISUTTU48500010131,2019,A01,Annual,NA,16.4,TTU,"Trade, transportation, and utilities",485000,Transit and ground passenger transportation,1,Rate of injury cases per 100 full-time workers (Size class 0),0,RSE of Total recordable cases,131,"Private industry, Nebraska"
ISUTTU48500010131,2018,A01,Annual,NA,21.4,TTU,"Trade, transportation, and utilities",485000,Transit and ground passenger transportation,1,Rate of injury cases per 100 full-time workers (Size class 0),0,RSE of Total recordable cases,131,"Private industry, Nebraska"
ISUTTU48500010131,2017,A01,Annual,NA,21,TTU,"Trade, transportation, and utilities",485000,Transit and ground passenger transportation,1,Rate of injury cases per 100 full-time workers (Size class 0),0,RSE of Total recordable cases,131,"Private industry, Nebraska"
ISUTTU48500010131,2016,A01,Annual,NA,54.7,TTU,"Trade, transportation, and utilities",485000,Transit and ground passenger transportation,1,Rate of injury cases per 100 full-time workers (Size class 0),0,RSE of Total recordable cases,131,"Private industry, Nebraska"
ISUTTU48500010131,2014,A01,Annual,NA,17,TTU,"Trade, transportation, and utilities",485000,Transit and ground passenger transportation,1,Rate of injury cases per 100 full-time workers (Size class 0),0,RSE of Total recordable cases,131,"Private industry, Nebraska"
ISUTTU48500011131,2020,A01,Annual,TRUE,2.5,TTU,"Trade, transportation, and utilities",485000,Transit and ground passenger transportation,1,Rate of injury cases per 100 full-time workers (Size class 0),1,Total recordable cases,131,"Private industry, Nebraska"
ISUTTU48500011131,2019,A01,Annual,NA,6.6,TTU,"Trade, transportation, and utilities",485000,Transit and ground passenger transportation,1,Rate of injury cases per 100 full-time workers (Size class 0),1,Total recordable cases,131,"Private industry, Nebraska"
ISUTTU48500011131,2018,A01,Annual,NA,5.3,TTU,"Trade, transportation, and utilities",485000,Transit and ground passenger transportation,1,Rate of injury cases per 100 full-time workers (Size class 0),1,Total recordable cases,131,"Private industry, Nebraska"
ISUTTU48500011131,2017,A01,Annual,NA,3.6,TTU,"Trade, transportation, and utilities",485000,Transit and ground passenger transportation,1,Rate of injury cases per 100 full-time workers (Size class 0),1,Total recordable cases,131,"Private industry, Nebraska"
ISUTTU48500011131,2016,A01,Annual,NA,1.8,TTU,"Trade, transportation, and utilities",485000,Transit and ground passenger transportation,1,Rate of injury cases per 100 full-time workers (Size class 0),1,Total recordable cases,131,"Private industry, Nebraska"
ISUTTU48500011131,2014,A01,Annual,NA,5.9,TTU,"Trade, transportation, and utilities",485000,Transit and ground passenger transportation,1,Rate of injury cases per 100 full-time workers (Size class 0),1,Total recordable cases,131,"Private industry, Nebraska"
ISUTTU48500050131,2020,A01,Annual,TRUE,15.1,TTU,"Trade, transportation, and utilities",485000,Transit and ground passenger transportation,5,Number of injury cases (thousands) (Size class 0),0,RSE of Total recordable cases,131,"Private industry, Nebraska"
ISUTTU48500050131,2019,A01,Annual,NA,24.3,TTU,"Trade, transportation, and utilities",485000,Transit and ground passenger transportation,5,Number of injury cases (thousands) (Size class 0),0,RSE of Total recordable cases,131,"Private industry, Nebraska"
ISUTTU48500050131,2018,A01,Annual,NA,33.7,TTU,"Trade, transportation, and utilities",485000,Transit and ground passenger transportation,5,Number of injury cases (thousands) (Size class 0),0,RSE of Total recordable cases,131,"Private industry, Nebraska"
ISUTTU48500050131,2017,A01,Annual,NA,21.5,TTU,"Trade, transportation, and utilities",485000,Transit and ground passenger transportation,5,Number of injury cases (thousands) (Size class 0),0,RSE of Total recordable cases,131,"Private industry, Nebraska"
ISUTTU48500050131,2016,A01,Annual,NA,56.7,TTU,"Trade, transportation, and utilities",485000,Transit and ground passenger transportation,5,Number of injury cases (thousands) (Size class 0),0,RSE of Total recordable cases,131,"Private industry, Nebraska"
ISUTTU48500050131,2014,A01,Annual,NA,34.4,TTU,"Trade, transportation, and utilities",485000,Transit and ground passenger transportation,5,Number of injury cases (thousands) (Size class 0),0,RSE of Total recordable cases,131,"Private industry, Nebraska"
ISUTTU48500051131,2020,A01,Annual,TRUE,0,TTU,"Trade, transportation, and utilities",485000,Transit and ground passenger transportation,5,Number of injury cases (thousands) (Size class 0),1,Total recordable cases,131,"Private industry, Nebraska"
ISUTTU48500051131,2019,A01,Annual,NA,0.1,TTU,"Trade, transportation, and utilities",485000,Transit and ground passenger transportation,5,Number of injury cases (thousands) (Size class 0),1,Total recordable cases,131,"Private industry, Nebraska"
ISUTTU48500051131,2018,A01,Annual,NA,0.1,TTU,"Trade, transportation, and utilities",485000,Transit and ground passenger transportation,5,Number of injury cases (thousands) (Size class 0),1,Total recordable cases,131,"Private industry, Nebraska"
ISUTTU48500051131,2017,A01,Annual,NA,0,TTU,"Trade, transportation, and utilities",485000,Transit and ground passenger transportation,5,Number of injury cases (thousands) (Size class 0),1,Total recordable cases,131,"Private industry, Nebraska"
ISUTTU48500051131,2016,A01,Annual,NA,0,TTU,"Trade, transportation, and utilities",485000,Transit and ground passenger transportation,5,Number of injury cases (thousands) (Size class 0),1,Total recordable cases,131,"Private industry, Nebraska"
ISUTTU48500051131,2014,A01,Annual,NA,0.1,TTU,"Trade, transportation, and utilities",485000,Transit and ground passenger transportation,5,Number of injury cases (thousands) (Size class 0),1,Total recordable cases,131,"Private industry, Nebraska"
ISUTTU49300010131,2020,A01,Annual,NA,13.8,TTU,"Trade, transportation, and utilities",493000,Warehousing and storage,1,Rate of injury cases per 100 full-time workers (Size class 0),0,RSE of Total recordable cases,131,"Private industry, Nebraska"
ISUTTU49300010131,2019,A01,Annual,NA,12.7,TTU,"Trade, transportation, and utilities",493000,Warehousing and storage,1,Rate of injury cases per 100 full-time workers (Size class 0),0,RSE of Total recordable cases,131,"Private industry, Nebraska"
ISUTTU49300010131,2018,A01,Annual,NA,18.4,TTU,"Trade, transportation, and utilities",493000,Warehousing and storage,1,Rate of injury cases per 100 full-time workers (Size class 0),0,RSE of Total recordable cases,131,"Private industry, Nebraska"
ISUTTU49300010131,2017,A01,Annual,NA,9.1,TTU,"Trade, transportation, and utilities",493000,Warehousing and storage,1,Rate of injury cases per 100 full-time workers (Size class 0),0,RSE of Total recordable cases,131,"Private industry, Nebraska"
ISUTTU49300010131,2016,A01,Annual,NA,7.8,TTU,"Trade, transportation, and utilities",493000,Warehousing and storage,1,Rate of injury cases per 100 full-time workers (Size class 0),0,RSE of Total recordable cases,131,"Private industry, Nebraska"
ISUTTU49300010131,2015,A01,Annual,NA,8.6,TTU,"Trade, transportation, and utilities",493000,Warehousing and storage,1,Rate of injury cases per 100 full-time workers (Size class 0),0,RSE of Total recordable cases,131,"Private industry, Nebraska"
ISUTTU49300010131,2014,A01,Annual,NA,29.6,TTU,"Trade, transportation, and utilities",493000,Warehousing and storage,1,Rate of injury cases per 100 full-time workers (Size class 0),0,RSE of Total recordable cases,131,"Private industry, Nebraska"
ISUTTU49300011131,2020,A01,Annual,NA,3.9,TTU,"Trade, transportation, and utilities",493000,Warehousing and storage,1,Rate of injury cases per 100 full-time workers (Size class 0),1,Total recordable cases,131,"Private industry, Nebraska"
ISUTTU49300011131,2019,A01,Annual,NA,4.3,TTU,"Trade, transportation, and utilities",493000,Warehousing and storage,1,Rate of injury cases per 100 full-time workers (Size class 0),1,Total recordable cases,131,"Private industry, Nebraska"
ISUTTU49300011131,2018,A01,Annual,NA,7.4,TTU,"Trade, transportation, and utilities",493000,Warehousing and storage,1,Rate of injury cases per 100 full-time workers (Size class 0),1,Total recordable cases,131,"Private industry, Nebraska"
ISUTTU49300011131,2017,A01,Annual,NA,6,TTU,"Trade, transportation, and utilities",493000,Warehousing and storage,1,Rate of injury cases per 100 full-time workers (Size class 0),1,Total recordable cases,131,"Private industry, Nebraska"
ISUTTU49300011131,2016,A01,Annual,NA,5.8,TTU,"Trade, transportation, and utilities",493000,Warehousing and storage,1,Rate of injury cases per 100 full-time workers (Size class 0),1,Total recordable cases,131,"Private industry, Nebraska"
ISUTTU49300011131,2015,A01,Annual,NA,4.9,TTU,"Trade, transportation, and utilities",493000,Warehousing and storage,1,Rate of injury cases per 100 full-time workers (Size class 0),1,Total recordable cases,131,"Private industry, Nebraska"
ISUTTU49300011131,2014,A01,Annual,NA,7.9,TTU,"Trade, transportation, and utilities",493000,Warehousing and storage,1,Rate of injury cases per 100 full-time workers (Size class 0),1,Total recordable cases,131,"Private industry, Nebraska"
ISUTTU49300050131,2020,A01,Annual,NA,12.8,TTU,"Trade, transportation, and utilities",493000,Warehousing and storage,5,Number of injury cases (thousands) (Size class 0),0,RSE of Total recordable cases,131,"Private industry, Nebraska"
ISUTTU49300050131,2019,A01,Annual,NA,12.7,TTU,"Trade, transportation, and utilities",493000,Warehousing and storage,5,Number of injury cases (thousands) (Size class 0),0,RSE of Total recordable cases,131,"Private industry, Nebraska"
ISUTTU49300050131,2018,A01,Annual,NA,19.4,TTU,"Trade, transportation, and utilities",493000,Warehousing and storage,5,Number of injury cases (thousands) (Size class 0),0,RSE of Total recordable cases,131,"Private industry, Nebraska"
ISUTTU49300050131,2017,A01,Annual,NA,9.6,TTU,"Trade, transportation, and utilities",493000,Warehousing and storage,5,Number of injury cases (thousands) (Size class 0),0,RSE of Total recordable cases,131,"Private industry, Nebraska"
ISUTTU49300050131,2016,A01,Annual,NA,7.2,TTU,"Trade, transportation, and utilities",493000,Warehousing and storage,5,Number of injury cases (thousands) (Size class 0),0,RSE of Total recordable cases,131,"Private industry, Nebraska"
ISUTTU49300050131,2015,A01,Annual,NA,8.2,TTU,"Trade, transportation, and utilities",493000,Warehousing and storage,5,Number of injury cases (thousands) (Size class 0),0,RSE of Total recordable cases,131,"Private industry, Nebraska"
ISUTTU49300050131,2014,A01,Annual,NA,30.3,TTU,"Trade, transportation, and utilities",493000,Warehousing and storage,5,Number of injury cases (thousands) (Size class 0),0,RSE of Total recordable cases,131,"Private industry, Nebraska"
ISUTTU49300051131,2020,A01,Annual,NA,0.2,TTU,"Trade, transportation, and utilities",493000,Warehousing and storage,5,Number of injury cases (thousands) (Size class 0),1,Total recordable cases,131,"Private industry, Nebraska"
ISUTTU49300051131,2019,A01,Annual,NA,0.3,TTU,"Trade, transportation, and utilities",493000,Warehousing and storage,5,Number of injury cases (thousands) (Size class 0),1,Total recordable cases,131,"Private industry, Nebraska"
ISUTTU49300051131,2018,A01,Annual,NA,0.4,TTU,"Trade, transportation, and utilities",493000,Warehousing and storage,5,Number of injury cases (thousands) (Size class 0),1,Total recordable cases,131,"Private industry, Nebraska"
ISUTTU49300051131,2017,A01,Annual,NA,0.3,TTU,"Trade, transportation, and utilities",493000,Warehousing and storage,5,Number of injury cases (thousands) (Size class 0),1,Total recordable cases,131,"Private industry, Nebraska"
ISUTTU49300051131,2016,A01,Annual,NA,0.3,TTU,"Trade, transportation, and utilities",493000,Warehousing and storage,5,Number of injury cases (thousands) (Size class 0),1,Total recordable cases,131,"Private industry, Nebraska"
ISUTTU49300051131,2015,A01,Annual,NA,0.2,TTU,"Trade, transportation, and utilities",493000,Warehousing and storage,5,Number of injury cases (thousands) (Size class 0),1,Total recordable cases,131,"Private industry, Nebraska"
ISUTTU49300051131,2014,A01,Annual,NA,0.3,TTU,"Trade, transportation, and utilities",493000,Warehousing and storage,5,Number of injury cases (thousands) (Size class 0),1,Total recordable cases,131,"Private industry, Nebraska"
ISUTTUSP1TTU10131,2020,A01,Annual,NA,5.6,TTU,"Trade, transportation, and utilities",SP1TTU,"Trade, transportation, and utilities",1,Rate of injury cases per 100 full-time workers (Size class 0),0,RSE of Total recordable cases,131,"Private industry, Nebraska"
ISUTTUSP1TTU10131,2019,A01,Annual,NA,4.5,TTU,"Trade, transportation, and utilities",SP1TTU,"Trade, transportation, and utilities",1,Rate of injury cases per 100 full-time workers (Size class 0),0,RSE of Total recordable cases,131,"Private industry, Nebraska"
ISUTTUSP1TTU10131,2018,A01,Annual,NA,4.3,TTU,"Trade, transportation, and utilities",SP1TTU,"Trade, transportation, and utilities",1,Rate of injury cases per 100 full-time workers (Size class 0),0,RSE of Total recordable cases,131,"Private industry, Nebraska"
ISUTTUSP1TTU10131,2017,A01,Annual,NA,4.6,TTU,"Trade, transportation, and utilities",SP1TTU,"Trade, transportation, and utilities",1,Rate of injury cases per 100 full-time workers (Size class 0),0,RSE of Total recordable cases,131,"Private industry, Nebraska"
ISUTTUSP1TTU10131,2016,A01,Annual,NA,5.3,TTU,"Trade, transportation, and utilities",SP1TTU,"Trade, transportation, and utilities",1,Rate of injury cases per 100 full-time workers (Size class 0),0,RSE of Total recordable cases,131,"Private industry, Nebraska"
ISUTTUSP1TTU10131,2015,A01,Annual,NA,4.5,TTU,"Trade, transportation, and utilities",SP1TTU,"Trade, transportation, and utilities",1,Rate of injury cases per 100 full-time workers (Size class 0),0,RSE of Total recordable cases,131,"Private industry, Nebraska"
ISUTTUSP1TTU10131,2014,A01,Annual,NA,4.5,TTU,"Trade, transportation, and utilities",SP1TTU,"Trade, transportation, and utilities",1,Rate of injury cases per 100 full-time workers (Size class 0),0,RSE of Total recordable cases,131,"Private industry, Nebraska"
ISUTTUSP1TTU10831,2016,A01,Annual,TRUE,18.8,TTU,"Trade, transportation, and utilities",SP1TTU,"Trade, transportation, and utilities",1,Rate of injury cases per 100 full-time workers (Size class 0),0,RSE of Total recordable cases,831,"Local government, Nebraska"
ISUTTUSP1TTU10831,2015,A01,Annual,NA,17.2,TTU,"Trade, transportation, and utilities",SP1TTU,"Trade, transportation, and utilities",1,Rate of injury cases per 100 full-time workers (Size class 0),0,RSE of Total recordable cases,831,"Local government, Nebraska"
ISUTTUSP1TTU10831,2014,A01,Annual,NA,15.6,TTU,"Trade, transportation, and utilities",SP1TTU,"Trade, transportation, and utilities",1,Rate of injury cases per 100 full-time workers (Size class 0),0,RSE of Total recordable cases,831,"Local government, Nebraska"
ISUTTUSP1TTU11131,2020,A01,Annual,NA,2.8,TTU,"Trade, transportation, and utilities",SP1TTU,"Trade, transportation, and utilities",1,Rate of injury cases per 100 full-time workers (Size class 0),1,Total recordable cases,131,"Private industry, Nebraska"
ISUTTUSP1TTU11131,2019,A01,Annual,NA,3.4,TTU,"Trade, transportation, and utilities",SP1TTU,"Trade, transportation, and utilities",1,Rate of injury cases per 100 full-time workers (Size class 0),1,Total recordable cases,131,"Private industry, Nebraska"
ISUTTUSP1TTU11131,2018,A01,Annual,NA,3.4,TTU,"Trade, transportation, and utilities",SP1TTU,"Trade, transportation, and utilities",1,Rate of injury cases per 100 full-time workers (Size class 0),1,Total recordable cases,131,"Private industry, Nebraska"
ISUTTUSP1TTU11131,2017,A01,Annual,NA,3.4,TTU,"Trade, transportation, and utilities",SP1TTU,"Trade, transportation, and utilities",1,Rate of injury cases per 100 full-time workers (Size class 0),1,Total recordable cases,131,"Private industry, Nebraska"
ISUTTUSP1TTU11131,2016,A01,Annual,NA,3.2,TTU,"Trade, transportation, and utilities",SP1TTU,"Trade, transportation, and utilities",1,Rate of injury cases per 100 full-time workers (Size class 0),1,Total recordable cases,131,"Private industry, Nebraska"
ISUTTUSP1TTU11131,2015,A01,Annual,NA,3.5,TTU,"Trade, transportation, and utilities",SP1TTU,"Trade, transportation, and utilities",1,Rate of injury cases per 100 full-time workers (Size class 0),1,Total recordable cases,131,"Private industry, Nebraska"
ISUTTUSP1TTU11131,2014,A01,Annual,NA,3.5,TTU,"Trade, transportation, and utilities",SP1TTU,"Trade, transportation, and utilities",1,Rate of injury cases per 100 full-time workers (Size class 0),1,Total recordable cases,131,"Private industry, Nebraska"
ISUTTUSP1TTU11831,2016,A01,Annual,TRUE,2.5,TTU,"Trade, transportation, and utilities",SP1TTU,"Trade, transportation, and utilities",1,Rate of injury cases per 100 full-time workers (Size class 0),1,Total recordable cases,831,"Local government, Nebraska"
ISUTTUSP1TTU11831,2015,A01,Annual,NA,4.4,TTU,"Trade, transportation, and utilities",SP1TTU,"Trade, transportation, and utilities",1,Rate of injury cases per 100 full-time workers (Size class 0),1,Total recordable cases,831,"Local government, Nebraska"
ISUTTUSP1TTU11831,2014,A01,Annual,NA,3.8,TTU,"Trade, transportation, and utilities",SP1TTU,"Trade, transportation, and utilities",1,Rate of injury cases per 100 full-time workers (Size class 0),1,Total recordable cases,831,"Local government, Nebraska"
ISUTTUSP1TTU50131,2020,A01,Annual,NA,5.7,TTU,"Trade, transportation, and utilities",SP1TTU,"Trade, transportation, and utilities",5,Number of injury cases (thousands) (Size class 0),0,RSE of Total recordable cases,131,"Private industry, Nebraska"
ISUTTUSP1TTU50131,2019,A01,Annual,NA,4.3,TTU,"Trade, transportation, and utilities",SP1TTU,"Trade, transportation, and utilities",5,Number of injury cases (thousands) (Size class 0),0,RSE of Total recordable cases,131,"Private industry, Nebraska"
ISUTTUSP1TTU50131,2018,A01,Annual,NA,4.1,TTU,"Trade, transportation, and utilities",SP1TTU,"Trade, transportation, and utilities",5,Number of injury cases (thousands) (Size class 0),0,RSE of Total recordable cases,131,"Private industry, Nebraska"
ISUTTUSP1TTU50131,2017,A01,Annual,NA,4.3,TTU,"Trade, transportation, and utilities",SP1TTU,"Trade, transportation, and utilities",5,Number of injury cases (thousands) (Size class 0),0,RSE of Total recordable cases,131,"Private industry, Nebraska"
ISUTTUSP1TTU50131,2016,A01,Annual,NA,5.1,TTU,"Trade, transportation, and utilities",SP1TTU,"Trade, transportation, and utilities",5,Number of injury cases (thousands) (Size class 0),0,RSE of Total recordable cases,131,"Private industry, Nebraska"
ISUTTUSP1TTU50131,2015,A01,Annual,NA,4.2,TTU,"Trade, transportation, and utilities",SP1TTU,"Trade, transportation, and utilities",5,Number of injury cases (thousands) (Size class 0),0,RSE of Total recordable cases,131,"Private industry, Nebraska"
ISUTTUSP1TTU50131,2014,A01,Annual,NA,4.3,TTU,"Trade, transportation, and utilities",SP1TTU,"Trade, transportation, and utilities",5,Number of injury cases (thousands) (Size class 0),0,RSE of Total recordable cases,131,"Private industry, Nebraska"
ISUTTUSP1TTU50831,2016,A01,Annual,TRUE,6,TTU,"Trade, transportation, and utilities",SP1TTU,"Trade, transportation, and utilities",5,Number of injury cases (thousands) (Size class 0),0,RSE of Total recordable cases,831,"Local government, Nebraska"
ISUTTUSP1TTU50831,2015,A01,Annual,NA,16.4,TTU,"Trade, transportation, and utilities",SP1TTU,"Trade, transportation, and utilities",5,Number of injury cases (thousands) (Size class 0),0,RSE of Total recordable cases,831,"Local government, Nebraska"
ISUTTUSP1TTU50831,2014,A01,Annual,NA,12,TTU,"Trade, transportation, and utilities",SP1TTU,"Trade, transportation, and utilities",5,Number of injury cases (thousands) (Size class 0),0,RSE of Total recordable cases,831,"Local government, Nebraska"
ISUTTUSP1TTU51131,2020,A01,Annual,NA,4.4,TTU,"Trade, transportation, and utilities",SP1TTU,"Trade, transportation, and utilities",5,Number of injury cases (thousands) (Size class 0),1,Total recordable cases,131,"Private industry, Nebraska"
ISUTTUSP1TTU51131,2019,A01,Annual,NA,5.6,TTU,"Trade, transportation, and utilities",SP1TTU,"Trade, transportation, and utilities",5,Number of injury cases (thousands) (Size class 0),1,Total recordable cases,131,"Private industry, Nebraska"
ISUTTUSP1TTU51131,2018,A01,Annual,NA,5.9,TTU,"Trade, transportation, and utilities",SP1TTU,"Trade, transportation, and utilities",5,Number of injury cases (thousands) (Size class 0),1,Total recordable cases,131,"Private industry, Nebraska"
ISUTTUSP1TTU51131,2017,A01,Annual,NA,5.8,TTU,"Trade, transportation, and utilities",SP1TTU,"Trade, transportation, and utilities",5,Number of injury cases (thousands) (Size class 0),1,Total recordable cases,131,"Private industry, Nebraska"
ISUTTUSP1TTU51131,2016,A01,Annual,NA,5.5,TTU,"Trade, transportation, and utilities",SP1TTU,"Trade, transportation, and utilities",5,Number of injury cases (thousands) (Size class 0),1,Total recordable cases,131,"Private industry, Nebraska"
ISUTTUSP1TTU51131,2015,A01,Annual,NA,5.7,TTU,"Trade, transportation, and utilities",SP1TTU,"Trade, transportation, and utilities",5,Number of injury cases (thousands) (Size class 0),1,Total recordable cases,131,"Private industry, Nebraska"
ISUTTUSP1TTU51131,2014,A01,Annual,NA,6.2,TTU,"Trade, transportation, and utilities",SP1TTU,"Trade, transportation, and utilities",5,Number of injury cases (thousands) (Size class 0),1,Total recordable cases,131,"Private industry, Nebraska"
ISUTTUSP1TTU51831,2016,A01,Annual,TRUE,0.2,TTU,"Trade, transportation, and utilities",SP1TTU,"Trade, transportation, and utilities",5,Number of injury cases (thousands) (Size class 0),1,Total recordable cases,831,"Local government, Nebraska"
ISUTTUSP1TTU51831,2015,A01,Annual,NA,0.3,TTU,"Trade, transportation, and utilities",SP1TTU,"Trade, transportation, and utilities",5,Number of injury cases (thousands) (Size class 0),1,Total recordable cases,831,"Local government, Nebraska"
ISUTTUSP1TTU51831,2014,A01,Annual,NA,0.2,TTU,"Trade, transportation, and utilities",SP1TTU,"Trade, transportation, and utilities",5,Number of injury cases (thousands) (Size class 0),1,Total recordable cases,831,"Local government, Nebraska"
ISUTTUSP2RET10131,2020,A01,Annual,NA,5.5,TTU,"Trade, transportation, and utilities",SP2RET,Retail trade,1,Rate of injury cases per 100 full-time workers (Size class 0),0,RSE of Total recordable cases,131,"Private industry, Nebraska"
ISUTTUSP2RET10131,2019,A01,Annual,NA,5.3,TTU,"Trade, transportation, and utilities",SP2RET,Retail trade,1,Rate of injury cases per 100 full-time workers (Size class 0),0,RSE of Total recordable cases,131,"Private industry, Nebraska"
ISUTTUSP2RET10131,2018,A01,Annual,NA,6.5,TTU,"Trade, transportation, and utilities",SP2RET,Retail trade,1,Rate of injury cases per 100 full-time workers (Size class 0),0,RSE of Total recordable cases,131,"Private industry, Nebraska"
ISUTTUSP2RET10131,2017,A01,Annual,NA,6.8,TTU,"Trade, transportation, and utilities",SP2RET,Retail trade,1,Rate of injury cases per 100 full-time workers (Size class 0),0,RSE of Total recordable cases,131,"Private industry, Nebraska"
ISUTTUSP2RET10131,2016,A01,Annual,NA,5.2,TTU,"Trade, transportation, and utilities",SP2RET,Retail trade,1,Rate of injury cases per 100 full-time workers (Size class 0),0,RSE of Total recordable cases,131,"Private industry, Nebraska"
ISUTTUSP2RET10131,2015,A01,Annual,NA,6.5,TTU,"Trade, transportation, and utilities",SP2RET,Retail trade,1,Rate of injury cases per 100 full-time workers (Size class 0),0,RSE of Total recordable cases,131,"Private industry, Nebraska"
ISUTTUSP2RET10131,2014,A01,Annual,NA,6.3,TTU,"Trade, transportation, and utilities",SP2RET,Retail trade,1,Rate of injury cases per 100 full-time workers (Size class 0),0,RSE of Total recordable cases,131,"Private industry, Nebraska"
ISUTTUSP2RET11131,2020,A01,Annual,NA,2.8,TTU,"Trade, transportation, and utilities",SP2RET,Retail trade,1,Rate of injury cases per 100 full-time workers (Size class 0),1,Total recordable cases,131,"Private industry, Nebraska"
ISUTTUSP2RET11131,2019,A01,Annual,NA,3.3,TTU,"Trade, transportation, and utilities",SP2RET,Retail trade,1,Rate of injury cases per 100 full-time workers (Size class 0),1,Total recordable cases,131,"Private industry, Nebraska"
ISUTTUSP2RET11131,2018,A01,Annual,NA,3.7,TTU,"Trade, transportation, and utilities",SP2RET,Retail trade,1,Rate of injury cases per 100 full-time workers (Size class 0),1,Total recordable cases,131,"Private industry, Nebraska"
ISUTTUSP2RET11131,2017,A01,Annual,NA,3,TTU,"Trade, transportation, and utilities",SP2RET,Retail trade,1,Rate of injury cases per 100 full-time workers (Size class 0),1,Total recordable cases,131,"Private industry, Nebraska"
ISUTTUSP2RET11131,2016,A01,Annual,NA,3,TTU,"Trade, transportation, and utilities",SP2RET,Retail trade,1,Rate of injury cases per 100 full-time workers (Size class 0),1,Total recordable cases,131,"Private industry, Nebraska"
ISUTTUSP2RET11131,2015,A01,Annual,NA,3.6,TTU,"Trade, transportation, and utilities",SP2RET,Retail trade,1,Rate of injury cases per 100 full-time workers (Size class 0),1,Total recordable cases,131,"Private industry, Nebraska"
ISUTTUSP2RET11131,2014,A01,Annual,NA,3.4,TTU,"Trade, transportation, and utilities",SP2RET,Retail trade,1,Rate of injury cases per 100 full-time workers (Size class 0),1,Total recordable cases,131,"Private industry, Nebraska"
ISUTTUSP2RET50131,2020,A01,Annual,NA,5.4,TTU,"Trade, transportation, and utilities",SP2RET,Retail trade,5,Number of injury cases (thousands) (Size class 0),0,RSE of Total recordable cases,131,"Private industry, Nebraska"
ISUTTUSP2RET50131,2019,A01,Annual,NA,4.6,TTU,"Trade, transportation, and utilities",SP2RET,Retail trade,5,Number of injury cases (thousands) (Size class 0),0,RSE of Total recordable cases,131,"Private industry, Nebraska"
ISUTTUSP2RET50131,2018,A01,Annual,NA,6.1,TTU,"Trade, transportation, and utilities",SP2RET,Retail trade,5,Number of injury cases (thousands) (Size class 0),0,RSE of Total recordable cases,131,"Private industry, Nebraska"
ISUTTUSP2RET50131,2017,A01,Annual,NA,6.6,TTU,"Trade, transportation, and utilities",SP2RET,Retail trade,5,Number of injury cases (thousands) (Size class 0),0,RSE of Total recordable cases,131,"Private industry, Nebraska"
ISUTTUSP2RET50131,2016,A01,Annual,NA,4.7,TTU,"Trade, transportation, and utilities",SP2RET,Retail trade,5,Number of injury cases (thousands) (Size class 0),0,RSE of Total recordable cases,131,"Private industry, Nebraska"
ISUTTUSP2RET50131,2015,A01,Annual,NA,6.1,TTU,"Trade, transportation, and utilities",SP2RET,Retail trade,5,Number of injury cases (thousands) (Size class 0),0,RSE of Total recordable cases,131,"Private industry, Nebraska"
ISUTTUSP2RET50131,2014,A01,Annual,NA,6.2,TTU,"Trade, transportation, and utilities",SP2RET,Retail trade,5,Number of injury cases (thousands) (Size class 0),0,RSE of Total recordable cases,131,"Private industry, Nebraska"
ISUTTUSP2RET51131,2020,A01,Annual,NA,2,TTU,"Trade, transportation, and utilities",SP2RET,Retail trade,5,Number of injury cases (thousands) (Size class 0),1,Total recordable cases,131,"Private industry, Nebraska"
ISUTTUSP2RET51131,2019,A01,Annual,NA,2.6,TTU,"Trade, transportation, and utilities",SP2RET,Retail trade,5,Number of injury cases (thousands) (Size class 0),1,Total recordable cases,131,"Private industry, Nebraska"
ISUTTUSP2RET51131,2018,A01,Annual,NA,2.9,TTU,"Trade, transportation, and utilities",SP2RET,Retail trade,5,Number of injury cases (thousands) (Size class 0),1,Total recordable cases,131,"Private industry, Nebraska"
ISUTTUSP2RET51131,2017,A01,Annual,NA,2.4,TTU,"Trade, transportation, and utilities",SP2RET,Retail trade,5,Number of injury cases (thousands) (Size class 0),1,Total recordable cases,131,"Private industry, Nebraska"
ISUTTUSP2RET51131,2016,A01,Annual,NA,2.4,TTU,"Trade, transportation, and utilities",SP2RET,Retail trade,5,Number of injury cases (thousands) (Size class 0),1,Total recordable cases,131,"Private industry, Nebraska"
ISUTTUSP2RET51131,2015,A01,Annual,NA,2.8,TTU,"Trade, transportation, and utilities",SP2RET,Retail trade,5,Number of injury cases (thousands) (Size class 0),1,Total recordable cases,131,"Private industry, Nebraska"
ISUTTUSP2RET51131,2014,A01,Annual,NA,2.8,TTU,"Trade, transportation, and utilities",SP2RET,Retail trade,5,Number of injury cases (thousands) (Size class 0),1,Total recordable cases,131,"Private industry, Nebraska"
ISUTTUSP2TRW10131,2020,A01,Annual,NA,8.9,TTU,"Trade, transportation, and utilities",SP2TRW,Transportation and warehousing,1,Rate of injury cases per 100 full-time workers (Size class 0),0,RSE of Total recordable cases,131,"Private industry, Nebraska"
ISUTTUSP2TRW10131,2019,A01,Annual,NA,4.8,TTU,"Trade, transportation, and utilities",SP2TRW,Transportation and warehousing,1,Rate of injury cases per 100 full-time workers (Size class 0),0,RSE of Total recordable cases,131,"Private industry, Nebraska"
ISUTTUSP2TRW10131,2018,A01,Annual,NA,5.9,TTU,"Trade, transportation, and utilities",SP2TRW,Transportation and warehousing,1,Rate of injury cases per 100 full-time workers (Size class 0),0,RSE of Total recordable cases,131,"Private industry, Nebraska"
ISUTTUSP2TRW10131,2017,A01,Annual,NA,6.6,TTU,"Trade, transportation, and utilities",SP2TRW,Transportation and warehousing,1,Rate of injury cases per 100 full-time workers (Size class 0),0,RSE of Total recordable cases,131,"Private industry, Nebraska"
ISUTTUSP2TRW10131,2016,A01,Annual,NA,5.2,TTU,"Trade, transportation, and utilities",SP2TRW,Transportation and warehousing,1,Rate of injury cases per 100 full-time workers (Size class 0),0,RSE of Total recordable cases,131,"Private industry, Nebraska"
ISUTTUSP2TRW10131,2015,A01,Annual,NA,6.7,TTU,"Trade, transportation, and utilities",SP2TRW,Transportation and warehousing,1,Rate of injury cases per 100 full-time workers (Size class 0),0,RSE of Total recordable cases,131,"Private industry, Nebraska"
ISUTTUSP2TRW10131,2014,A01,Annual,NA,6.8,TTU,"Trade, transportation, and utilities",SP2TRW,Transportation and warehousing,1,Rate of injury cases per 100 full-time workers (Size class 0),0,RSE of Total recordable cases,131,"Private industry, Nebraska"
ISUTTUSP2TRW11131,2020,A01,Annual,NA,2.6,TTU,"Trade, transportation, and utilities",SP2TRW,Transportation and warehousing,1,Rate of injury cases per 100 full-time workers (Size class 0),1,Total recordable cases,131,"Private industry, Nebraska"
ISUTTUSP2TRW11131,2019,A01,Annual,NA,3.5,TTU,"Trade, transportation, and utilities",SP2TRW,Transportation and warehousing,1,Rate of injury cases per 100 full-time workers (Size class 0),1,Total recordable cases,131,"Private industry, Nebraska"
ISUTTUSP2TRW11131,2018,A01,Annual,NA,3.4,TTU,"Trade, transportation, and utilities",SP2TRW,Transportation and warehousing,1,Rate of injury cases per 100 full-time workers (Size class 0),1,Total recordable cases,131,"Private industry, Nebraska"
ISUTTUSP2TRW11131,2017,A01,Annual,NA,3.6,TTU,"Trade, transportation, and utilities",SP2TRW,Transportation and warehousing,1,Rate of injury cases per 100 full-time workers (Size class 0),1,Total recordable cases,131,"Private industry, Nebraska"
ISUTTUSP2TRW11131,2016,A01,Annual,NA,3.1,TTU,"Trade, transportation, and utilities",SP2TRW,Transportation and warehousing,1,Rate of injury cases per 100 full-time workers (Size class 0),1,Total recordable cases,131,"Private industry, Nebraska"
ISUTTUSP2TRW11131,2015,A01,Annual,NA,3.5,TTU,"Trade, transportation, and utilities",SP2TRW,Transportation and warehousing,1,Rate of injury cases per 100 full-time workers (Size class 0),1,Total recordable cases,131,"Private industry, Nebraska"
ISUTTUSP2TRW11131,2014,A01,Annual,NA,4,TTU,"Trade, transportation, and utilities",SP2TRW,Transportation and warehousing,1,Rate of injury cases per 100 full-time workers (Size class 0),1,Total recordable cases,131,"Private industry, Nebraska"
ISUTTUSP2TRW50131,2020,A01,Annual,NA,8.1,TTU,"Trade, transportation, and utilities",SP2TRW,Transportation and warehousing,5,Number of injury cases (thousands) (Size class 0),0,RSE of Total recordable cases,131,"Private industry, Nebraska"
ISUTTUSP2TRW50131,2019,A01,Annual,NA,4.9,TTU,"Trade, transportation, and utilities",SP2TRW,Transportation and warehousing,5,Number of injury cases (thousands) (Size class 0),0,RSE of Total recordable cases,131,"Private industry, Nebraska"
ISUTTUSP2TRW50131,2018,A01,Annual,NA,5.8,TTU,"Trade, transportation, and utilities",SP2TRW,Transportation and warehousing,5,Number of injury cases (thousands) (Size class 0),0,RSE of Total recordable cases,131,"Private industry, Nebraska"
ISUTTUSP2TRW50131,2017,A01,Annual,NA,6.1,TTU,"Trade, transportation, and utilities",SP2TRW,Transportation and warehousing,5,Number of injury cases (thousands) (Size class 0),0,RSE of Total recordable cases,131,"Private industry, Nebraska"
ISUTTUSP2TRW50131,2016,A01,Annual,NA,5.3,TTU,"Trade, transportation, and utilities",SP2TRW,Transportation and warehousing,5,Number of injury cases (thousands) (Size class 0),0,RSE of Total recordable cases,131,"Private industry, Nebraska"
ISUTTUSP2TRW50131,2015,A01,Annual,NA,6.7,TTU,"Trade, transportation, and utilities",SP2TRW,Transportation and warehousing,5,Number of injury cases (thousands) (Size class 0),0,RSE of Total recordable cases,131,"Private industry, Nebraska"
ISUTTUSP2TRW50131,2014,A01,Annual,NA,6.8,TTU,"Trade, transportation, and utilities",SP2TRW,Transportation and warehousing,5,Number of injury cases (thousands) (Size class 0),0,RSE of Total recordable cases,131,"Private industry, Nebraska"
ISUTTUSP2TRW51131,2020,A01,Annual,NA,1.2,TTU,"Trade, transportation, and utilities",SP2TRW,Transportation and warehousing,5,Number of injury cases (thousands) (Size class 0),1,Total recordable cases,131,"Private industry, Nebraska"
ISUTTUSP2TRW51131,2019,A01,Annual,NA,1.7,TTU,"Trade, transportation, and utilities",SP2TRW,Transportation and warehousing,5,Number of injury cases (thousands) (Size class 0),1,Total recordable cases,131,"Private industry, Nebraska"
ISUTTUSP2TRW51131,2018,A01,Annual,NA,1.8,TTU,"Trade, transportation, and utilities",SP2TRW,Transportation and warehousing,5,Number of injury cases (thousands) (Size class 0),1,Total recordable cases,131,"Private industry, Nebraska"
ISUTTUSP2TRW51131,2017,A01,Annual,NA,1.8,TTU,"Trade, transportation, and utilities",SP2TRW,Transportation and warehousing,5,Number of injury cases (thousands) (Size class 0),1,Total recordable cases,131,"Private industry, Nebraska"
ISUTTUSP2TRW51131,2016,A01,Annual,NA,1.6,TTU,"Trade, transportation, and utilities",SP2TRW,Transportation and warehousing,5,Number of injury cases (thousands) (Size class 0),1,Total recordable cases,131,"Private industry, Nebraska"
ISUTTUSP2TRW51131,2015,A01,Annual,NA,1.6,TTU,"Trade, transportation, and utilities",SP2TRW,Transportation and warehousing,5,Number of injury cases (thousands) (Size class 0),1,Total recordable cases,131,"Private industry, Nebraska"
ISUTTUSP2TRW51131,2014,A01,Annual,NA,2.1,TTU,"Trade, transportation, and utilities",SP2TRW,Transportation and warehousing,5,Number of injury cases (thousands) (Size class 0),1,Total recordable cases,131,"Private industry, Nebraska"
ISUTTUSP2UTL10131,2020,A01,Annual,TRUE,48.2,TTU,"Trade, transportation, and utilities",SP2UTL,Utilities,1,Rate of injury cases per 100 full-time workers (Size class 0),0,RSE of Total recordable cases,131,"Private industry, Nebraska"
ISUTTUSP2UTL10131,2019,A01,Annual,NA,55,TTU,"Trade, transportation, and utilities",SP2UTL,Utilities,1,Rate of injury cases per 100 full-time workers (Size class 0),0,RSE of Total recordable cases,131,"Private industry, Nebraska"
ISUTTUSP2UTL10131,2017,A01,Annual,NA,38.9,TTU,"Trade, transportation, and utilities",SP2UTL,Utilities,1,Rate of injury cases per 100 full-time workers (Size class 0),0,RSE of Total recordable cases,131,"Private industry, Nebraska"
ISUTTUSP2UTL10131,2016,A01,Annual,NA,53.1,TTU,"Trade, transportation, and utilities",SP2UTL,Utilities,1,Rate of injury cases per 100 full-time workers (Size class 0),0,RSE of Total recordable cases,131,"Private industry, Nebraska"
ISUTTUSP2UTL10131,2014,A01,Annual,NA,38.9,TTU,"Trade, transportation, and utilities",SP2UTL,Utilities,1,Rate of injury cases per 100 full-time workers (Size class 0),0,RSE of Total recordable cases,131,"Private industry, Nebraska"
ISUTTUSP2UTL10831,2017,A01,Annual,TRUE,20.8,TTU,"Trade, transportation, and utilities",SP2UTL,Utilities,1,Rate of injury cases per 100 full-time workers (Size class 0),0,RSE of Total recordable cases,831,"Local government, Nebraska"
ISUTTUSP2UTL10831,2016,A01,Annual,NA,8.3,TTU,"Trade, transportation, and utilities",SP2UTL,Utilities,1,Rate of injury cases per 100 full-time workers (Size class 0),0,RSE of Total recordable cases,831,"Local government, Nebraska"
ISUTTUSP2UTL10831,2015,A01,Annual,NA,19.6,TTU,"Trade, transportation, and utilities",SP2UTL,Utilities,1,Rate of injury cases per 100 full-time workers (Size class 0),0,RSE of Total recordable cases,831,"Local government, Nebraska"
ISUTTUSP2UTL10831,2014,A01,Annual,NA,11,TTU,"Trade, transportation, and utilities",SP2UTL,Utilities,1,Rate of injury cases per 100 full-time workers (Size class 0),0,RSE of Total recordable cases,831,"Local government, Nebraska"
ISUTTUSP2UTL11131,2020,A01,Annual,TRUE,NA,TTU,"Trade, transportation, and utilities",SP2UTL,Utilities,1,Rate of injury cases per 100 full-time workers (Size class 0),1,Total recordable cases,131,"Private industry, Nebraska"
ISUTTUSP2UTL11131,2019,A01,Annual,NA,NA,TTU,"Trade, transportation, and utilities",SP2UTL,Utilities,1,Rate of injury cases per 100 full-time workers (Size class 0),1,Total recordable cases,131,"Private industry, Nebraska"
ISUTTUSP2UTL11131,2017,A01,Annual,NA,2.1,TTU,"Trade, transportation, and utilities",SP2UTL,Utilities,1,Rate of injury cases per 100 full-time workers (Size class 0),1,Total recordable cases,131,"Private industry, Nebraska"
ISUTTUSP2UTL11131,2016,A01,Annual,NA,NA,TTU,"Trade, transportation, and utilities",SP2UTL,Utilities,1,Rate of injury cases per 100 full-time workers (Size class 0),1,Total recordable cases,131,"Private industry, Nebraska"
ISUTTUSP2UTL11131,2014,A01,Annual,NA,1.7,TTU,"Trade, transportation, and utilities",SP2UTL,Utilities,1,Rate of injury cases per 100 full-time workers (Size class 0),1,Total recordable cases,131,"Private industry, Nebraska"
ISUTTUSP2UTL11831,2017,A01,Annual,TRUE,2.2,TTU,"Trade, transportation, and utilities",SP2UTL,Utilities,1,Rate of injury cases per 100 full-time workers (Size class 0),1,Total recordable cases,831,"Local government, Nebraska"
ISUTTUSP2UTL11831,2016,A01,Annual,NA,1.9,TTU,"Trade, transportation, and utilities",SP2UTL,Utilities,1,Rate of injury cases per 100 full-time workers (Size class 0),1,Total recordable cases,831,"Local government, Nebraska"
ISUTTUSP2UTL11831,2015,A01,Annual,NA,3.8,TTU,"Trade, transportation, and utilities",SP2UTL,Utilities,1,Rate of injury cases per 100 full-time workers (Size class 0),1,Total recordable cases,831,"Local government, Nebraska"
ISUTTUSP2UTL11831,2014,A01,Annual,NA,2.8,TTU,"Trade, transportation, and utilities",SP2UTL,Utilities,1,Rate of injury cases per 100 full-time workers (Size class 0),1,Total recordable cases,831,"Local government, Nebraska"
ISUTTUSP2UTL50131,2020,A01,Annual,TRUE,46.3,TTU,"Trade, transportation, and utilities",SP2UTL,Utilities,5,Number of injury cases (thousands) (Size class 0),0,RSE of Total recordable cases,131,"Private industry, Nebraska"
ISUTTUSP2UTL50131,2019,A01,Annual,NA,54.9,TTU,"Trade, transportation, and utilities",SP2UTL,Utilities,5,Number of injury cases (thousands) (Size class 0),0,RSE of Total recordable cases,131,"Private industry, Nebraska"
ISUTTUSP2UTL50131,2017,A01,Annual,NA,35,TTU,"Trade, transportation, and utilities",SP2UTL,Utilities,5,Number of injury cases (thousands) (Size class 0),0,RSE of Total recordable cases,131,"Private industry, Nebraska"
ISUTTUSP2UTL50131,2016,A01,Annual,NA,52.5,TTU,"Trade, transportation, and utilities",SP2UTL,Utilities,5,Number of injury cases (thousands) (Size class 0),0,RSE of Total recordable cases,131,"Private industry, Nebraska"
ISUTTUSP2UTL50131,2014,A01,Annual,NA,38.7,TTU,"Trade, transportation, and utilities",SP2UTL,Utilities,5,Number of injury cases (thousands) (Size class 0),0,RSE of Total recordable cases,131,"Private industry, Nebraska"
ISUTTUSP2UTL50831,2017,A01,Annual,TRUE,16,TTU,"Trade, transportation, and utilities",SP2UTL,Utilities,5,Number of injury cases (thousands) (Size class 0),0,RSE of Total recordable cases,831,"Local government, Nebraska"
ISUTTUSP2UTL50831,2016,A01,Annual,NA,8.3,TTU,"Trade, transportation, and utilities",SP2UTL,Utilities,5,Number of injury cases (thousands) (Size class 0),0,RSE of Total recordable cases,831,"Local government, Nebraska"
ISUTTUSP2UTL50831,2015,A01,Annual,NA,20.2,TTU,"Trade, transportation, and utilities",SP2UTL,Utilities,5,Number of injury cases (thousands) (Size class 0),0,RSE of Total recordable cases,831,"Local government, Nebraska"
ISUTTUSP2UTL50831,2014,A01,Annual,NA,13.2,TTU,"Trade, transportation, and utilities",SP2UTL,Utilities,5,Number of injury cases (thousands) (Size class 0),0,RSE of Total recordable cases,831,"Local government, Nebraska"
ISUTTUSP2UTL51131,2020,A01,Annual,TRUE,NA,TTU,"Trade, transportation, and utilities",SP2UTL,Utilities,5,Number of injury cases (thousands) (Size class 0),1,Total recordable cases,131,"Private industry, Nebraska"
ISUTTUSP2UTL51131,2019,A01,Annual,NA,0,TTU,"Trade, transportation, and utilities",SP2UTL,Utilities,5,Number of injury cases (thousands) (Size class 0),1,Total recordable cases,131,"Private industry, Nebraska"
ISUTTUSP2UTL51131,2017,A01,Annual,NA,0,TTU,"Trade, transportation, and utilities",SP2UTL,Utilities,5,Number of injury cases (thousands) (Size class 0),1,Total recordable cases,131,"Private industry, Nebraska"
ISUTTUSP2UTL51131,2016,A01,Annual,NA,0,TTU,"Trade, transportation, and utilities",SP2UTL,Utilities,5,Number of injury cases (thousands) (Size class 0),1,Total recordable cases,131,"Private industry, Nebraska"
ISUTTUSP2UTL51131,2014,A01,Annual,NA,0,TTU,"Trade, transportation, and utilities",SP2UTL,Utilities,5,Number of injury cases (thousands) (Size class 0),1,Total recordable cases,131,"Private industry, Nebraska"
ISUTTUSP2UTL51831,2017,A01,Annual,TRUE,0.1,TTU,"Trade, transportation, and utilities",SP2UTL,Utilities,5,Number of injury cases (thousands) (Size class 0),1,Total recordable cases,831,"Local government, Nebraska"
ISUTTUSP2UTL51831,2016,A01,Annual,NA,0.1,TTU,"Trade, transportation, and utilities",SP2UTL,Utilities,5,Number of injury cases (thousands) (Size class 0),1,Total recordable cases,831,"Local government, Nebraska"
ISUTTUSP2UTL51831,2015,A01,Annual,NA,0.3,TTU,"Trade, transportation, and utilities",SP2UTL,Utilities,5,Number of injury cases (thousands) (Size class 0),1,Total recordable cases,831,"Local government, Nebraska"
ISUTTUSP2UTL51831,2014,A01,Annual,NA,0.2,TTU,"Trade, transportation, and utilities",SP2UTL,Utilities,5,Number of injury cases (thousands) (Size class 0),1,Total recordable cases,831,"Local government, Nebraska"
ISUTTUSP2WHT10131,2020,A01,Annual,NA,16.6,TTU,"Trade, transportation, and utilities",SP2WHT,Wholesale trade,1,Rate of injury cases per 100 full-time workers (Size class 0),0,RSE of Total recordable cases,131,"Private industry, Nebraska"
ISUTTUSP2WHT10131,2019,A01,Annual,NA,15.4,TTU,"Trade, transportation, and utilities",SP2WHT,Wholesale trade,1,Rate of injury cases per 100 full-time workers (Size class 0),0,RSE of Total recordable cases,131,"Private industry, Nebraska"
ISUTTUSP2WHT10131,2018,A01,Annual,NA,10.9,TTU,"Trade, transportation, and utilities",SP2WHT,Wholesale trade,1,Rate of injury cases per 100 full-time workers (Size class 0),0,RSE of Total recordable cases,131,"Private industry, Nebraska"
ISUTTUSP2WHT10131,2017,A01,Annual,NA,11.4,TTU,"Trade, transportation, and utilities",SP2WHT,Wholesale trade,1,Rate of injury cases per 100 full-time workers (Size class 0),0,RSE of Total recordable cases,131,"Private industry, Nebraska"
ISUTTUSP2WHT10131,2016,A01,Annual,NA,16.4,TTU,"Trade, transportation, and utilities",SP2WHT,Wholesale trade,1,Rate of injury cases per 100 full-time workers (Size class 0),0,RSE of Total recordable cases,131,"Private industry, Nebraska"
ISUTTUSP2WHT10131,2015,A01,Annual,NA,10.9,TTU,"Trade, transportation, and utilities",SP2WHT,Wholesale trade,1,Rate of injury cases per 100 full-time workers (Size class 0),0,RSE of Total recordable cases,131,"Private industry, Nebraska"
ISUTTUSP2WHT10131,2014,A01,Annual,NA,12.4,TTU,"Trade, transportation, and utilities",SP2WHT,Wholesale trade,1,Rate of injury cases per 100 full-time workers (Size class 0),0,RSE of Total recordable cases,131,"Private industry, Nebraska"
ISUTTUSP2WHT11131,2020,A01,Annual,NA,3,TTU,"Trade, transportation, and utilities",SP2WHT,Wholesale trade,1,Rate of injury cases per 100 full-time workers (Size class 0),1,Total recordable cases,131,"Private industry, Nebraska"
ISUTTUSP2WHT11131,2019,A01,Annual,NA,3.3,TTU,"Trade, transportation, and utilities",SP2WHT,Wholesale trade,1,Rate of injury cases per 100 full-time workers (Size class 0),1,Total recordable cases,131,"Private industry, Nebraska"
ISUTTUSP2WHT11131,2018,A01,Annual,NA,3,TTU,"Trade, transportation, and utilities",SP2WHT,Wholesale trade,1,Rate of injury cases per 100 full-time workers (Size class 0),1,Total recordable cases,131,"Private industry, Nebraska"
ISUTTUSP2WHT11131,2017,A01,Annual,NA,3.8,TTU,"Trade, transportation, and utilities",SP2WHT,Wholesale trade,1,Rate of injury cases per 100 full-time workers (Size class 0),1,Total recordable cases,131,"Private industry, Nebraska"
ISUTTUSP2WHT11131,2016,A01,Annual,NA,3.7,TTU,"Trade, transportation, and utilities",SP2WHT,Wholesale trade,1,Rate of injury cases per 100 full-time workers (Size class 0),1,Total recordable cases,131,"Private industry, Nebraska"
ISUTTUSP2WHT11131,2015,A01,Annual,NA,3.3,TTU,"Trade, transportation, and utilities",SP2WHT,Wholesale trade,1,Rate of injury cases per 100 full-time workers (Size class 0),1,Total recordable cases,131,"Private industry, Nebraska"
ISUTTUSP2WHT11131,2014,A01,Annual,NA,3.2,TTU,"Trade, transportation, and utilities",SP2WHT,Wholesale trade,1,Rate of injury cases per 100 full-time workers (Size class 0),1,Total recordable cases,131,"Private industry, Nebraska"
ISUTTUSP2WHT50131,2020,A01,Annual,NA,17.4,TTU,"Trade, transportation, and utilities",SP2WHT,Wholesale trade,5,Number of injury cases (thousands) (Size class 0),0,RSE of Total recordable cases,131,"Private industry, Nebraska"
ISUTTUSP2WHT50131,2019,A01,Annual,NA,15.1,TTU,"Trade, transportation, and utilities",SP2WHT,Wholesale trade,5,Number of injury cases (thousands) (Size class 0),0,RSE of Total recordable cases,131,"Private industry, Nebraska"
ISUTTUSP2WHT50131,2018,A01,Annual,NA,10.4,TTU,"Trade, transportation, and utilities",SP2WHT,Wholesale trade,5,Number of injury cases (thousands) (Size class 0),0,RSE of Total recordable cases,131,"Private industry, Nebraska"
ISUTTUSP2WHT50131,2017,A01,Annual,NA,10.2,TTU,"Trade, transportation, and utilities",SP2WHT,Wholesale trade,5,Number of injury cases (thousands) (Size class 0),0,RSE of Total recordable cases,131,"Private industry, Nebraska"
ISUTTUSP2WHT50131,2016,A01,Annual,NA,15.9,TTU,"Trade, transportation, and utilities",SP2WHT,Wholesale trade,5,Number of injury cases (thousands) (Size class 0),0,RSE of Total recordable cases,131,"Private industry, Nebraska"
ISUTTUSP2WHT50131,2015,A01,Annual,NA,9.9,TTU,"Trade, transportation, and utilities",SP2WHT,Wholesale trade,5,Number of injury cases (thousands) (Size class 0),0,RSE of Total recordable cases,131,"Private industry, Nebraska"
ISUTTUSP2WHT50131,2014,A01,Annual,NA,11.4,TTU,"Trade, transportation, and utilities",SP2WHT,Wholesale trade,5,Number of injury cases (thousands) (Size class 0),0,RSE of Total recordable cases,131,"Private industry, Nebraska"
ISUTTUSP2WHT51131,2020,A01,Annual,NA,1.2,TTU,"Trade, transportation, and utilities",SP2WHT,Wholesale trade,5,Number of injury cases (thousands) (Size class 0),1,Total recordable cases,131,"Private industry, Nebraska"
ISUTTUSP2WHT51131,2019,A01,Annual,NA,1.2,TTU,"Trade, transportation, and utilities",SP2WHT,Wholesale trade,5,Number of injury cases (thousands) (Size class 0),1,Total recordable cases,131,"Private industry, Nebraska"
ISUTTUSP2WHT51131,2018,A01,Annual,NA,1.2,TTU,"Trade, transportation, and utilities",SP2WHT,Wholesale trade,5,Number of injury cases (thousands) (Size class 0),1,Total recordable cases,131,"Private industry, Nebraska"
ISUTTUSP2WHT51131,2017,A01,Annual,NA,1.5,TTU,"Trade, transportation, and utilities",SP2WHT,Wholesale trade,5,Number of injury cases (thousands) (Size class 0),1,Total recordable cases,131,"Private industry, Nebraska"
ISUTTUSP2WHT51131,2016,A01,Annual,NA,1.5,TTU,"Trade, transportation, and utilities",SP2WHT,Wholesale trade,5,Number of injury cases (thousands) (Size class 0),1,Total recordable cases,131,"Private industry, Nebraska"
ISUTTUSP2WHT51131,2015,A01,Annual,NA,1.3,TTU,"Trade, transportation, and utilities",SP2WHT,Wholesale trade,5,Number of injury cases (thousands) (Size class 0),1,Total recordable cases,131,"Private industry, Nebraska"
ISUTTUSP2WHT51131,2014,A01,Annual,NA,1.3,TTU,"Trade, transportation, and utilities",SP2WHT,Wholesale trade,5,Number of injury cases (thousands) (Size class 0),1,Total recordable cases,131,"Private industry, Nebraska"
ISUTTU44420050131,2020,A01,Annual,TRUE,23.6,TTU,"Trade, transportation, and utilities",444200,Lawn and garden equipment and supplies stores,5,Number of injury cases (thousands) (Size class 0),0,RSE of Total recordable cases,131,"Private industry, Nebraska"
ISUTTU44420050131,2019,A01,Annual,NA,34.3,TTU,"Trade, transportation, and utilities",444200,Lawn and garden equipment and supplies stores,5,Number of injury cases (thousands) (Size class 0),0,RSE of Total recordable cases,131,"Private industry, Nebraska"
ISUTTU44420050131,2017,A01,Annual,NA,41.2,TTU,"Trade, transportation, and utilities",444200,Lawn and garden equipment and supplies stores,5,Number of injury cases (thousands) (Size class 0),0,RSE of Total recordable cases,131,"Private industry, Nebraska"
ISUTTU44420050131,2016,A01,Annual,NA,42,TTU,"Trade, transportation, and utilities",444200,Lawn and garden equipment and supplies stores,5,Number of injury cases (thousands) (Size class 0),0,RSE of Total recordable cases,131,"Private industry, Nebraska"
ISUTTU44420050131,2015,A01,Annual,NA,50.3,TTU,"Trade, transportation, and utilities",444200,Lawn and garden equipment and supplies stores,5,Number of injury cases (thousands) (Size class 0),0,RSE of Total recordable cases,131,"Private industry, Nebraska"
ISUTTU44420051131,2020,A01,Annual,TRUE,0,TTU,"Trade, transportation, and utilities",444200,Lawn and garden equipment and supplies stores,5,Number of injury cases (thousands) (Size class 0),1,Total recordable cases,131,"Private industry, Nebraska"
ISUTTU44420051131,2019,A01,Annual,NA,0.1,TTU,"Trade, transportation, and utilities",444200,Lawn and garden equipment and supplies stores,5,Number of injury cases (thousands) (Size class 0),1,Total recordable cases,131,"Private industry, Nebraska"
ISUTTU44420051131,2017,A01,Annual,NA,0.1,TTU,"Trade, transportation, and utilities",444200,Lawn and garden equipment and supplies stores,5,Number of injury cases (thousands) (Size class 0),1,Total recordable cases,131,"Private industry, Nebraska"
ISUTTU44420051131,2016,A01,Annual,NA,0.1,TTU,"Trade, transportation, and utilities",444200,Lawn and garden equipment and supplies stores,5,Number of injury cases (thousands) (Size class 0),1,Total recordable cases,131,"Private industry, Nebraska"
ISUTTU44420051131,2015,A01,Annual,NA,0.1,TTU,"Trade, transportation, and utilities",444200,Lawn and garden equipment and supplies stores,5,Number of injury cases (thousands) (Size class 0),1,Total recordable cases,131,"Private industry, Nebraska"
ISUTTU44500010131,2020,A01,Annual,NA,8.5,TTU,"Trade, transportation, and utilities",445000,Food and beverage stores,1,Rate of injury cases per 100 full-time workers (Size class 0),0,RSE of Total recordable cases,131,"Private industry, Nebraska"
ISUTTU44500010131,2019,A01,Annual,NA,6.5,TTU,"Trade, transportation, and utilities",445000,Food and beverage stores,1,Rate of injury cases per 100 full-time workers (Size class 0),0,RSE of Total recordable cases,131,"Private industry, Nebraska"
ISUTTU44500010131,2018,A01,Annual,NA,8.2,TTU,"Trade, transportation, and utilities",445000,Food and beverage stores,1,Rate of injury cases per 100 full-time workers (Size class 0),0,RSE of Total recordable cases,131,"Private industry, Nebraska"
ISUTTU44500010131,2017,A01,Annual,NA,7.2,TTU,"Trade, transportation, and utilities",445000,Food and beverage stores,1,Rate of injury cases per 100 full-time workers (Size class 0),0,RSE of Total recordable cases,131,"Private industry, Nebraska"
ISUTTU44500010131,2016,A01,Annual,NA,6.4,TTU,"Trade, transportation, and utilities",445000,Food and beverage stores,1,Rate of injury cases per 100 full-time workers (Size class 0),0,RSE of Total recordable cases,131,"Private industry, Nebraska"
ISUTTU44500010131,2015,A01,Annual,NA,12.7,TTU,"Trade, transportation, and utilities",445000,Food and beverage stores,1,Rate of injury cases per 100 full-time workers (Size class 0),0,RSE of Total recordable cases,131,"Private industry, Nebraska"
ISUTTU44500010131,2014,A01,Annual,NA,9,TTU,"Trade, transportation, and utilities",445000,Food and beverage stores,1,Rate of injury cases per 100 full-time workers (Size class 0),0,RSE of Total recordable cases,131,"Private industry, Nebraska"
ISUTTU44500011131,2020,A01,Annual,NA,3.4,TTU,"Trade, transportation, and utilities",445000,Food and beverage stores,1,Rate of injury cases per 100 full-time workers (Size class 0),1,Total recordable cases,131,"Private industry, Nebraska"
ISUTTU44500011131,2019,A01,Annual,NA,3.4,TTU,"Trade, transportation, and utilities",445000,Food and beverage stores,1,Rate of injury cases per 100 full-time workers (Size class 0),1,Total recordable cases,131,"Private industry, Nebraska"
ISUTTU44500011131,2018,A01,Annual,NA,3.1,TTU,"Trade, transportation, and utilities",445000,Food and beverage stores,1,Rate of injury cases per 100 full-time workers (Size class 0),1,Total recordable cases,131,"Private industry, Nebraska"
ISUTTU44500011131,2017,A01,Annual,NA,3.1,TTU,"Trade, transportation, and utilities",445000,Food and beverage stores,1,Rate of injury cases per 100 full-time workers (Size class 0),1,Total recordable cases,131,"Private industry, Nebraska"
ISUTTU44500011131,2016,A01,Annual,NA,3.6,TTU,"Trade, transportation, and utilities",445000,Food and beverage stores,1,Rate of injury cases per 100 full-time workers (Size class 0),1,Total recordable cases,131,"Private industry, Nebraska"
ISUTTU44500011131,2015,A01,Annual,NA,4.3,TTU,"Trade, transportation, and utilities",445000,Food and beverage stores,1,Rate of injury cases per 100 full-time workers (Size class 0),1,Total recordable cases,131,"Private industry, Nebraska"
ISUTTU44500011131,2014,A01,Annual,NA,3.7,TTU,"Trade, transportation, and utilities",445000,Food and beverage stores,1,Rate of injury cases per 100 full-time workers (Size class 0),1,Total recordable cases,131,"Private industry, Nebraska"
ISUTTU44500050131,2020,A01,Annual,NA,8.7,TTU,"Trade, transportation, and utilities",445000,Food and beverage stores,5,Number of injury cases (thousands) (Size class 0),0,RSE of Total recordable cases,131,"Private industry, Nebraska"
ISUTTU44500050131,2019,A01,Annual,NA,6.2,TTU,"Trade, transportation, and utilities",445000,Food and beverage stores,5,Number of injury cases (thousands) (Size class 0),0,RSE of Total recordable cases,131,"Private industry, Nebraska"
ISUTTU44500050131,2018,A01,Annual,NA,7.4,TTU,"Trade, transportation, and utilities",445000,Food and beverage stores,5,Number of injury cases (thousands) (Size class 0),0,RSE of Total recordable cases,131,"Private industry, Nebraska"
ISUTTU44500050131,2017,A01,Annual,NA,6.7,TTU,"Trade, transportation, and utilities",445000,Food and beverage stores,5,Number of injury cases (thousands) (Size class 0),0,RSE of Total recordable cases,131,"Private industry, Nebraska"
ISUTTU44500050131,2016,A01,Annual,NA,6.7,TTU,"Trade, transportation, and utilities",445000,Food and beverage stores,5,Number of injury cases (thousands) (Size class 0),0,RSE of Total recordable cases,131,"Private industry, Nebraska"
ISUTTU44500050131,2015,A01,Annual,NA,11,TTU,"Trade, transportation, and utilities",445000,Food and beverage stores,5,Number of injury cases (thousands) (Size class 0),0,RSE of Total recordable cases,131,"Private industry, Nebraska"
ISUTTU44500050131,2014,A01,Annual,NA,7.3,TTU,"Trade, transportation, and utilities",445000,Food and beverage stores,5,Number of injury cases (thousands) (Size class 0),0,RSE of Total recordable cases,131,"Private industry, Nebraska"
ISUTTU44500051131,2020,A01,Annual,NA,0.4,TTU,"Trade, transportation, and utilities",445000,Food and beverage stores,5,Number of injury cases (thousands) (Size class 0),1,Total recordable cases,131,"Private industry, Nebraska"
ISUTTU44500051131,2019,A01,Annual,NA,0.4,TTU,"Trade, transportation, and utilities",445000,Food and beverage stores,5,Number of injury cases (thousands) (Size class 0),1,Total recordable cases,131,"Private industry, Nebraska"
ISUTTU44500051131,2018,A01,Annual,NA,0.4,TTU,"Trade, transportation, and utilities",445000,Food and beverage stores,5,Number of injury cases (thousands) (Size class 0),1,Total recordable cases,131,"Private industry, Nebraska"
ISUTTU44500051131,2017,A01,Annual,NA,0.4,TTU,"Trade, transportation, and utilities",445000,Food and beverage stores,5,Number of injury cases (thousands) (Size class 0),1,Total recordable cases,131,"Private industry, Nebraska"
ISUTTU44500051131,2016,A01,Annual,NA,0.5,TTU,"Trade, transportation, and utilities",445000,Food and beverage stores,5,Number of injury cases (thousands) (Size class 0),1,Total recordable cases,131,"Private industry, Nebraska"
ISUTTU44500051131,2015,A01,Annual,NA,0.6,TTU,"Trade, transportation, and utilities",445000,Food and beverage stores,5,Number of injury cases (thousands) (Size class 0),1,Total recordable cases,131,"Private industry, Nebraska"
ISUTTU44500051131,2014,A01,Annual,NA,0.5,TTU,"Trade, transportation, and utilities",445000,Food and beverage stores,5,Number of injury cases (thousands) (Size class 0),1,Total recordable cases,131,"Private industry, Nebraska"
ISUTTU44510010131,2020,A01,Annual,NA,8.4,TTU,"Trade, transportation, and utilities",445100,Grocery stores,1,Rate of injury cases per 100 full-time workers (Size class 0),0,RSE of Total recordable cases,131,"Private industry, Nebraska"
ISUTTU44510010131,2019,A01,Annual,NA,6.3,TTU,"Trade, transportation, and utilities",445100,Grocery stores,1,Rate of injury cases per 100 full-time workers (Size class 0),0,RSE of Total recordable cases,131,"Private industry, Nebraska"
ISUTTU44510010131,2018,A01,Annual,NA,7.9,TTU,"Trade, transportation, and utilities",445100,Grocery stores,1,Rate of injury cases per 100 full-time workers (Size class 0),0,RSE of Total recordable cases,131,"Private industry, Nebraska"
ISUTTU44510010131,2017,A01,Annual,NA,5.4,TTU,"Trade, transportation, and utilities",445100,Grocery stores,1,Rate of injury cases per 100 full-time workers (Size class 0),0,RSE of Total recordable cases,131,"Private industry, Nebraska"
ISUTTU44510010131,2016,A01,Annual,NA,6.3,TTU,"Trade, transportation, and utilities",445100,Grocery stores,1,Rate of injury cases per 100 full-time workers (Size class 0),0,RSE of Total recordable cases,131,"Private industry, Nebraska"
ISUTTU44510010131,2015,A01,Annual,NA,9.1,TTU,"Trade, transportation, and utilities",445100,Grocery stores,1,Rate of injury cases per 100 full-time workers (Size class 0),0,RSE of Total recordable cases,131,"Private industry, Nebraska"
ISUTTU44510010131,2014,A01,Annual,NA,7.6,TTU,"Trade, transportation, and utilities",445100,Grocery stores,1,Rate of injury cases per 100 full-time workers (Size class 0),0,RSE of Total recordable cases,131,"Private industry, Nebraska"
ISUTTU44510011131,2020,A01,Annual,NA,3.6,TTU,"Trade, transportation, and utilities",445100,Grocery stores,1,Rate of injury cases per 100 full-time workers (Size class 0),1,Total recordable cases,131,"Private industry, Nebraska"
ISUTTU44510011131,2019,A01,Annual,NA,3.6,TTU,"Trade, transportation, and utilities",445100,Grocery stores,1,Rate of injury cases per 100 full-time workers (Size class 0),1,Total recordable cases,131,"Private industry, Nebraska"
ISUTTU44510011131,2018,A01,Annual,NA,3.3,TTU,"Trade, transportation, and utilities",445100,Grocery stores,1,Rate of injury cases per 100 full-time workers (Size class 0),1,Total recordable cases,131,"Private industry, Nebraska"
ISUTTU44510011131,2017,A01,Annual,NA,3.2,TTU,"Trade, transportation, and utilities",445100,Grocery stores,1,Rate of injury cases per 100 full-time workers (Size class 0),1,Total recordable cases,131,"Private industry, Nebraska"
ISUTTU44510011131,2016,A01,Annual,NA,3.8,TTU,"Trade, transportation, and utilities",445100,Grocery stores,1,Rate of injury cases per 100 full-time workers (Size class 0),1,Total recordable cases,131,"Private industry, Nebraska"
ISUTTU44510011131,2015,A01,Annual,NA,4.1,TTU,"Trade, transportation, and utilities",445100,Grocery stores,1,Rate of injury cases per 100 full-time workers (Size class 0),1,Total recordable cases,131,"Private industry, Nebraska"
ISUTTU44510011131,2014,A01,Annual,NA,4.1,TTU,"Trade, transportation, and utilities",445100,Grocery stores,1,Rate of injury cases per 100 full-time workers (Size class 0),1,Total recordable cases,131,"Private industry, Nebraska"
ISUTTU44510050131,2020,A01,Annual,NA,8.7,TTU,"Trade, transportation, and utilities",445100,Grocery stores,5,Number of injury cases (thousands) (Size class 0),0,RSE of Total recordable cases,131,"Private industry, Nebraska"
ISUTTU44510050131,2019,A01,Annual,NA,6,TTU,"Trade, transportation, and utilities",445100,Grocery stores,5,Number of injury cases (thousands) (Size class 0),0,RSE of Total recordable cases,131,"Private industry, Nebraska"
ISUTTU44510050131,2018,A01,Annual,NA,7.4,TTU,"Trade, transportation, and utilities",445100,Grocery stores,5,Number of injury cases (thousands) (Size class 0),0,RSE of Total recordable cases,131,"Private industry, Nebraska"
ISUTTU44510050131,2017,A01,Annual,NA,5.5,TTU,"Trade, transportation, and utilities",445100,Grocery stores,5,Number of injury cases (thousands) (Size class 0),0,RSE of Total recordable cases,131,"Private industry, Nebraska"
ISUTTU44510050131,2016,A01,Annual,NA,6.7,TTU,"Trade, transportation, and utilities",445100,Grocery stores,5,Number of injury cases (thousands) (Size class 0),0,RSE of Total recordable cases,131,"Private industry, Nebraska"
ISUTTU44510050131,2015,A01,Annual,NA,9.7,TTU,"Trade, transportation, and utilities",445100,Grocery stores,5,Number of injury cases (thousands) (Size class 0),0,RSE of Total recordable cases,131,"Private industry, Nebraska"
ISUTTU44510050131,2014,A01,Annual,NA,7.4,TTU,"Trade, transportation, and utilities",445100,Grocery stores,5,Number of injury cases (thousands) (Size class 0),0,RSE of Total recordable cases,131,"Private industry, Nebraska"
ISUTTU44510051131,2020,A01,Annual,NA,0.4,TTU,"Trade, transportation, and utilities",445100,Grocery stores,5,Number of injury cases (thousands) (Size class 0),1,Total recordable cases,131,"Private industry, Nebraska"
ISUTTU44510051131,2019,A01,Annual,NA,0.4,TTU,"Trade, transportation, and utilities",445100,Grocery stores,5,Number of injury cases (thousands) (Size class 0),1,Total recordable cases,131,"Private industry, Nebraska"
ISUTTU44510051131,2018,A01,Annual,NA,0.4,TTU,"Trade, transportation, and utilities",445100,Grocery stores,5,Number of injury cases (thousands) (Size class 0),1,Total recordable cases,131,"Private industry, Nebraska"
ISUTTU44510051131,2017,A01,Annual,NA,0.4,TTU,"Trade, transportation, and utilities",445100,Grocery stores,5,Number of injury cases (thousands) (Size class 0),1,Total recordable cases,131,"Private industry, Nebraska"
ISUTTU44510051131,2016,A01,Annual,NA,0.5,TTU,"Trade, transportation, and utilities",445100,Grocery stores,5,Number of injury cases (thousands) (Size class 0),1,Total recordable cases,131,"Private industry, Nebraska"
ISUTTU44510051131,2015,A01,Annual,NA,0.5,TTU,"Trade, transportation, and utilities",445100,Grocery stores,5,Number of injury cases (thousands) (Size class 0),1,Total recordable cases,131,"Private industry, Nebraska"
ISUTTU44510051131,2014,A01,Annual,NA,0.5,TTU,"Trade, transportation, and utilities",445100,Grocery stores,5,Number of injury cases (thousands) (Size class 0),1,Total recordable cases,131,"Private industry, Nebraska"
ISUTTU44700010131,2020,A01,Annual,TRUE,41.6,TTU,"Trade, transportation, and utilities",447000,Gasoline stations,1,Rate of injury cases per 100 full-time workers (Size class 0),0,RSE of Total recordable cases,131,"Private industry, Nebraska"
ISUTTU44700010131,2019,A01,Annual,NA,27.1,TTU,"Trade, transportation, and utilities",447000,Gasoline stations,1,Rate of injury cases per 100 full-time workers (Size class 0),0,RSE of Total recordable cases,131,"Private industry, Nebraska"
ISUTTU44700010131,2018,A01,Annual,NA,21.4,TTU,"Trade, transportation, and utilities",447000,Gasoline stations,1,Rate of injury cases per 100 full-time workers (Size class 0),0,RSE of Total recordable cases,131,"Private industry, Nebraska"
ISUTTU44700010131,2016,A01,Annual,NA,20.9,TTU,"Trade, transportation, and utilities",447000,Gasoline stations,1,Rate of injury cases per 100 full-time workers (Size class 0),0,RSE of Total recordable cases,131,"Private industry, Nebraska"
ISUTTU44700010131,2015,A01,Annual,NA,29.4,TTU,"Trade, transportation, and utilities",447000,Gasoline stations,1,Rate of injury cases per 100 full-time workers (Size class 0),0,RSE of Total recordable cases,131,"Private industry, Nebraska"
ISUTTU44700010131,2014,A01,Annual,NA,40.7,TTU,"Trade, transportation, and utilities",447000,Gasoline stations,1,Rate of injury cases per 100 full-time workers (Size class 0),0,RSE of Total recordable cases,131,"Private industry, Nebraska"
ISUTTU44700011131,2020,A01,Annual,TRUE,1.4,TTU,"Trade, transportation, and utilities",447000,Gasoline stations,1,Rate of injury cases per 100 full-time workers (Size class 0),1,Total recordable cases,131,"Private industry, Nebraska"
ISUTTU44700011131,2019,A01,Annual,NA,3.1,TTU,"Trade, transportation, and utilities",447000,Gasoline stations,1,Rate of injury cases per 100 full-time workers (Size class 0),1,Total recordable cases,131,"Private industry, Nebraska"
ISUTTU44700011131,2018,A01,Annual,NA,2.9,TTU,"Trade, transportation, and utilities",447000,Gasoline stations,1,Rate of injury cases per 100 full-time workers (Size class 0),1,Total recordable cases,131,"Private industry, Nebraska"
ISUTTU44700011131,2016,A01,Annual,NA,4.8,TTU,"Trade, transportation, and utilities",447000,Gasoline stations,1,Rate of injury cases per 100 full-time workers (Size class 0),1,Total recordable cases,131,"Private industry, Nebraska"
ISUTTU44700011131,2015,A01,Annual,NA,4.7,TTU,"Trade, transportation, and utilities",447000,Gasoline stations,1,Rate of injury cases per 100 full-time workers (Size class 0),1,Total recordable cases,131,"Private industry, Nebraska"
ISUTTU44700011131,2014,A01,Annual,NA,1.9,TTU,"Trade, transportation, and utilities",447000,Gasoline stations,1,Rate of injury cases per 100 full-time workers (Size class 0),1,Total recordable cases,131,"Private industry, Nebraska"
ISUTTU44700050131,2020,A01,Annual,TRUE,42.7,TTU,"Trade, transportation, and utilities",447000,Gasoline stations,5,Number of injury cases (thousands) (Size class 0),0,RSE of Total recordable cases,131,"Private industry, Nebraska"
ISUTTU44700050131,2019,A01,Annual,NA,26.7,TTU,"Trade, transportation, and utilities",447000,Gasoline stations,5,Number of injury cases (thousands) (Size class 0),0,RSE of Total recordable cases,131,"Private industry, Nebraska"
ISUTTU44700050131,2018,A01,Annual,NA,20.9,TTU,"Trade, transportation, and utilities",447000,Gasoline stations,5,Number of injury cases (thousands) (Size class 0),0,RSE of Total recordable cases,131,"Private industry, Nebraska"
ISUTTU44700050131,2016,A01,Annual,NA,21.5,TTU,"Trade, transportation, and utilities",447000,Gasoline stations,5,Number of injury cases (thousands) (Size class 0),0,RSE of Total recordable cases,131,"Private industry, Nebraska"
ISUTTU44700050131,2015,A01,Annual,NA,30,TTU,"Trade, transportation, and utilities",447000,Gasoline stations,5,Number of injury cases (thousands) (Size class 0),0,RSE of Total recordable cases,131,"Private industry, Nebraska"
ISUTTU44700050131,2014,A01,Annual,NA,42.3,TTU,"Trade, transportation, and utilities",447000,Gasoline stations,5,Number of injury cases (thousands) (Size class 0),0,RSE of Total recordable cases,131,"Private industry, Nebraska"
ISUTTU44700051131,2020,A01,Annual,TRUE,0.1,TTU,"Trade, transportation, and utilities",447000,Gasoline stations,5,Number of injury cases (thousands) (Size class 0),1,Total recordable cases,131,"Private industry, Nebraska"
ISUTTU44700051131,2019,A01,Annual,NA,0.2,TTU,"Trade, transportation, and utilities",447000,Gasoline stations,5,Number of injury cases (thousands) (Size class 0),1,Total recordable cases,131,"Private industry, Nebraska"
ISUTTU44700051131,2018,A01,Annual,NA,0.2,TTU,"Trade, transportation, and utilities",447000,Gasoline stations,5,Number of injury cases (thousands) (Size class 0),1,Total recordable cases,131,"Private industry, Nebraska"
ISUTTU44700051131,2016,A01,Annual,NA,0.3,TTU,"Trade, transportation, and utilities",447000,Gasoline stations,5,Number of injury cases (thousands) (Size class 0),1,Total recordable cases,131,"Private industry, Nebraska"
ISUTTU44700051131,2015,A01,Annual,NA,0.3,TTU,"Trade, transportation, and utilities",447000,Gasoline stations,5,Number of injury cases (thousands) (Size class 0),1,Total recordable cases,131,"Private industry, Nebraska"
ISUTTU44700051131,2014,A01,Annual,NA,0.1,TTU,"Trade, transportation, and utilities",447000,Gasoline stations,5,Number of injury cases (thousands) (Size class 0),1,Total recordable cases,131,"Private industry, Nebraska"
ISUTTU45100010131,2020,A01,Annual,NA,36.9,TTU,"Trade, transportation, and utilities",451000,"Sporting goods, hobby, musical instrument, and book stores",1,Rate of injury cases per 100 full-time workers (Size class 0),0,RSE of Total recordable cases,131,"Private industry, Nebraska"
ISUTTU45100010131,2018,A01,Annual,NA,27.9,TTU,"Trade, transportation, and utilities",451000,"Sporting goods, hobby, musical instrument, and book stores",1,Rate of injury cases per 100 full-time workers (Size class 0),0,RSE of Total recordable cases,131,"Private industry, Nebraska"
ISUTTU45100010131,2016,A01,Annual,NA,46.2,TTU,"Trade, transportation, and utilities",451000,"Sporting goods, hobby, musical instrument, and book stores",1,Rate of injury cases per 100 full-time workers (Size class 0),0,RSE of Total recordable cases,131,"Private industry, Nebraska"
ISUTTU45100010131,2015,A01,Annual,NA,20.2,TTU,"Trade, transportation, and utilities",451000,"Sporting goods, hobby, musical instrument, and book stores",1,Rate of injury cases per 100 full-time workers (Size class 0),0,RSE of Total recordable cases,131,"Private industry, Nebraska"
ISUTTU45100010131,2014,A01,Annual,NA,28.9,TTU,"Trade, transportation, and utilities",451000,"Sporting goods, hobby, musical instrument, and book stores",1,Rate of injury cases per 100 full-time workers (Size class 0),0,RSE of Total recordable cases,131,"Private industry, Nebraska"
ISUTTU45100011131,2020,A01,Annual,NA,0.7,TTU,"Trade, transportation, and utilities",451000,"Sporting goods, hobby, musical instrument, and book stores",1,Rate of injury cases per 100 full-time workers (Size class 0),1,Total recordable cases,131,"Private industry, Nebraska"
ISUTTU45100011131,2018,A01,Annual,NA,1.7,TTU,"Trade, transportation, and utilities",451000,"Sporting goods, hobby, musical instrument, and book stores",1,Rate of injury cases per 100 full-time workers (Size class 0),1,Total recordable cases,131,"Private industry, Nebraska"
ISUTTU45100011131,2016,A01,Annual,NA,1.1,TTU,"Trade, transportation, and utilities",451000,"Sporting goods, hobby, musical instrument, and book stores",1,Rate of injury cases per 100 full-time workers (Size class 0),1,Total recordable cases,131,"Private industry, Nebraska"
ISUTTU45100011131,2015,A01,Annual,NA,1.9,TTU,"Trade, transportation, and utilities",451000,"Sporting goods, hobby, musical instrument, and book stores",1,Rate of injury cases per 100 full-time workers (Size class 0),1,Total recordable cases,131,"Private industry, Nebraska"
ISUTTU45100011131,2014,A01,Annual,NA,1.7,TTU,"Trade, transportation, and utilities",451000,"Sporting goods, hobby, musical instrument, and book stores",1,Rate of injury cases per 100 full-time workers (Size class 0),1,Total recordable cases,131,"Private industry, Nebraska"
ISUTTU45100050131,2020,A01,Annual,NA,29.9,TTU,"Trade, transportation, and utilities",451000,"Sporting goods, hobby, musical instrument, and book stores",5,Number of injury cases (thousands) (Size class 0),0,RSE of Total recordable cases,131,"Private industry, Nebraska"
ISUTTU45100050131,2018,A01,Annual,NA,32.5,TTU,"Trade, transportation, and utilities",451000,"Sporting goods, hobby, musical instrument, and book stores",5,Number of injury cases (thousands) (Size class 0),0,RSE of Total recordable cases,131,"Private industry, Nebraska"
ISUTTU45100050131,2016,A01,Annual,NA,48.6,TTU,"Trade, transportation, and utilities",451000,"Sporting goods, hobby, musical instrument, and book stores",5,Number of injury cases (thousands) (Size class 0),0,RSE of Total recordable cases,131,"Private industry, Nebraska"
ISUTTU45100050131,2015,A01,Annual,NA,21.7,TTU,"Trade, transportation, and utilities",451000,"Sporting goods, hobby, musical instrument, and book stores",5,Number of injury cases (thousands) (Size class 0),0,RSE of Total recordable cases,131,"Private industry, Nebraska"
ISUTTU45100050131,2014,A01,Annual,NA,33.8,TTU,"Trade, transportation, and utilities",451000,"Sporting goods, hobby, musical instrument, and book stores",5,Number of injury cases (thousands) (Size class 0),0,RSE of Total recordable cases,131,"Private industry, Nebraska"
ISUTTU45100051131,2020,A01,Annual,NA,0,TTU,"Trade, transportation, and utilities",451000,"Sporting goods, hobby, musical instrument, and book stores",5,Number of injury cases (thousands) (Size class 0),1,Total recordable cases,131,"Private industry, Nebraska"
ISUTTU45100051131,2018,A01,Annual,NA,0,TTU,"Trade, transportation, and utilities",451000,"Sporting goods, hobby, musical instrument, and book stores",5,Number of injury cases (thousands) (Size class 0),1,Total recordable cases,131,"Private industry, Nebraska"
ISUTTU45100051131,2016,A01,Annual,NA,0,TTU,"Trade, transportation, and utilities",451000,"Sporting goods, hobby, musical instrument, and book stores",5,Number of injury cases (thousands) (Size class 0),1,Total recordable cases,131,"Private industry, Nebraska"
ISUTTU45100051131,2015,A01,Annual,NA,0.1,TTU,"Trade, transportation, and utilities",451000,"Sporting goods, hobby, musical instrument, and book stores",5,Number of injury cases (thousands) (Size class 0),1,Total recordable cases,131,"Private industry, Nebraska"
ISUTTU45100051131,2014,A01,Annual,NA,0,TTU,"Trade, transportation, and utilities",451000,"Sporting goods, hobby, musical instrument, and book stores",5,Number of injury cases (thousands) (Size class 0),1,Total recordable cases,131,"Private industry, Nebraska"
ISUTTU45200010131,2020,A01,Annual,TRUE,6.1,TTU,"Trade, transportation, and utilities",452000,General merchandise stores,1,Rate of injury cases per 100 full-time workers (Size class 0),0,RSE of Total recordable cases,131,"Private industry, Nebraska"
ISUTTU45200010131,2019,A01,Annual,NA,5.6,TTU,"Trade, transportation, and utilities",452000,General merchandise stores,1,Rate of injury cases per 100 full-time workers (Size class 0),0,RSE of Total recordable cases,131,"Private industry, Nebraska"
ISUTTU45200010131,2018,A01,Annual,NA,6.3,TTU,"Trade, transportation, and utilities",452000,General merchandise stores,1,Rate of injury cases per 100 full-time workers (Size class 0),0,RSE of Total recordable cases,131,"Private industry, Nebraska"
ISUTTU45200010131,2017,A01,Annual,NA,5.5,TTU,"Trade, transportation, and utilities",452000,General merchandise stores,1,Rate of injury cases per 100 full-time workers (Size class 0),0,RSE of Total recordable cases,131,"Private industry, Nebraska"
ISUTTU45200010131,2016,A01,Annual,NA,3.6,TTU,"Trade, transportation, and utilities",452000,General merchandise stores,1,Rate of injury cases per 100 full-time workers (Size class 0),0,RSE of Total recordable cases,131,"Private industry, Nebraska"
ISUTTU45200010131,2015,A01,Annual,NA,4.9,TTU,"Trade, transportation, and utilities",452000,General merchandise stores,1,Rate of injury cases per 100 full-time workers (Size class 0),0,RSE of Total recordable cases,131,"Private industry, Nebraska"
ISUTTU45200010131,2014,A01,Annual,NA,5.2,TTU,"Trade, transportation, and utilities",452000,General merchandise stores,1,Rate of injury cases per 100 full-time workers (Size class 0),0,RSE of Total recordable cases,131,"Private industry, Nebraska"
ISUTTU45200011131,2020,A01,Annual,TRUE,4.7,TTU,"Trade, transportation, and utilities",452000,General merchandise stores,1,Rate of injury cases per 100 full-time workers (Size class 0),1,Total recordable cases,131,"Private industry, Nebraska"
ISUTTU45200011131,2019,A01,Annual,NA,4.8,TTU,"Trade, transportation, and utilities",452000,General merchandise stores,1,Rate of injury cases per 100 full-time workers (Size class 0),1,Total recordable cases,131,"Private industry, Nebraska"
ISUTTU45200011131,2018,A01,Annual,NA,5.3,TTU,"Trade, transportation, and utilities",452000,General merchandise stores,1,Rate of injury cases per 100 full-time workers (Size class 0),1,Total recordable cases,131,"Private industry, Nebraska"
ISUTTU45200011131,2017,A01,Annual,NA,4,TTU,"Trade, transportation, and utilities",452000,General merchandise stores,1,Rate of injury cases per 100 full-time workers (Size class 0),1,Total recordable cases,131,"Private industry, Nebraska"
ISUTTU45200011131,2016,A01,Annual,NA,4.4,TTU,"Trade, transportation, and utilities",452000,General merchandise stores,1,Rate of injury cases per 100 full-time workers (Size class 0),1,Total recordable cases,131,"Private industry, Nebraska"
ISUTTU45200011131,2015,A01,Annual,NA,4.8,TTU,"Trade, transportation, and utilities",452000,General merchandise stores,1,Rate of injury cases per 100 full-time workers (Size class 0),1,Total recordable cases,131,"Private industry, Nebraska"
ISUTTU45200011131,2014,A01,Annual,NA,4.6,TTU,"Trade, transportation, and utilities",452000,General merchandise stores,1,Rate of injury cases per 100 full-time workers (Size class 0),1,Total recordable cases,131,"Private industry, Nebraska"
ISUTTU45200050131,2020,A01,Annual,TRUE,6,TTU,"Trade, transportation, and utilities",452000,General merchandise stores,5,Number of injury cases (thousands) (Size class 0),0,RSE of Total recordable cases,131,"Private industry, Nebraska"
ISUTTU45200050131,2019,A01,Annual,NA,6,TTU,"Trade, transportation, and utilities",452000,General merchandise stores,5,Number of injury cases (thousands) (Size class 0),0,RSE of Total recordable cases,131,"Private industry, Nebraska"
ISUTTU45200050131,2018,A01,Annual,NA,6.3,TTU,"Trade, transportation, and utilities",452000,General merchandise stores,5,Number of injury cases (thousands) (Size class 0),0,RSE of Total recordable cases,131,"Private industry, Nebraska"
ISUTTU45200050131,2017,A01,Annual,NA,5.5,TTU,"Trade, transportation, and utilities",452000,General merchandise stores,5,Number of injury cases (thousands) (Size class 0),0,RSE of Total recordable cases,131,"Private industry, Nebraska"
ISUTTU45200050131,2016,A01,Annual,NA,3.8,TTU,"Trade, transportation, and utilities",452000,General merchandise stores,5,Number of injury cases (thousands) (Size class 0),0,RSE of Total recordable cases,131,"Private industry, Nebraska"
ISUTTU45200050131,2015,A01,Annual,NA,5.3,TTU,"Trade, transportation, and utilities",452000,General merchandise stores,5,Number of injury cases (thousands) (Size class 0),0,RSE of Total recordable cases,131,"Private industry, Nebraska"
ISUTTU45200050131,2014,A01,Annual,NA,5.2,TTU,"Trade, transportation, and utilities",452000,General merchandise stores,5,Number of injury cases (thousands) (Size class 0),0,RSE of Total recordable cases,131,"Private industry, Nebraska"
ISUTTU45200051131,2020,A01,Annual,TRUE,0.6,TTU,"Trade, transportation, and utilities",452000,General merchandise stores,5,Number of injury cases (thousands) (Size class 0),1,Total recordable cases,131,"Private industry, Nebraska"
ISUTTU45200051131,2019,A01,Annual,NA,0.7,TTU,"Trade, transportation, and utilities",452000,General merchandise stores,5,Number of injury cases (thousands) (Size class 0),1,Total recordable cases,131,"Private industry, Nebraska"
ISUTTU45200051131,2018,A01,Annual,NA,0.7,TTU,"Trade, transportation, and utilities",452000,General merchandise stores,5,Number of injury cases (thousands) (Size class 0),1,Total recordable cases,131,"Private industry, Nebraska"
ISUTTU45200051131,2017,A01,Annual,NA,0.6,TTU,"Trade, transportation, and utilities",452000,General merchandise stores,5,Number of injury cases (thousands) (Size class 0),1,Total recordable cases,131,"Private industry, Nebraska"
ISUTTU45200051131,2016,A01,Annual,NA,0.7,TTU,"Trade, transportation, and utilities",452000,General merchandise stores,5,Number of injury cases (thousands) (Size class 0),1,Total recordable cases,131,"Private industry, Nebraska"
ISUTTU45200051131,2015,A01,Annual,NA,0.7,TTU,"Trade, transportation, and utilities",452000,General merchandise stores,5,Number of injury cases (thousands) (Size class 0),1,Total recordable cases,131,"Private industry, Nebraska"
ISUTTU45200051131,2014,A01,Annual,NA,0.7,TTU,"Trade, transportation, and utilities",452000,General merchandise stores,5,Number of injury cases (thousands) (Size class 0),1,Total recordable cases,131,"Private industry, Nebraska"
ISUTTU45210010131,2018,A01,Annual,TRUE,11.8,TTU,"Trade, transportation, and utilities",452100,Department stores,1,Rate of injury cases per 100 full-time workers (Size class 0),0,RSE of Total recordable cases,131,"Private industry, Nebraska"
ISUTTU45210010131,2017,A01,Annual,NA,20.7,TTU,"Trade, transportation, and utilities",452100,Department stores,1,Rate of injury cases per 100 full-time workers (Size class 0),0,RSE of Total recordable cases,131,"Private industry, Nebraska"
ISUTTU45210010131,2016,A01,Annual,NA,10.8,TTU,"Trade, transportation, and utilities",452100,Department stores,1,Rate of injury cases per 100 full-time workers (Size class 0),0,RSE of Total recordable cases,131,"Private industry, Nebraska"
ISUTTU45210010131,2015,A01,Annual,NA,10.9,TTU,"Trade, transportation, and utilities",452100,Department stores,1,Rate of injury cases per 100 full-time workers (Size class 0),0,RSE of Total recordable cases,131,"Private industry, Nebraska"
ISUTTU45210010131,2014,A01,Annual,NA,12.1,TTU,"Trade, transportation, and utilities",452100,Department stores,1,Rate of injury cases per 100 full-time workers (Size class 0),0,RSE of Total recordable cases,131,"Private industry, Nebraska"
ISUTTU45210011131,2018,A01,Annual,TRUE,3.6,TTU,"Trade, transportation, and utilities",452100,Department stores,1,Rate of injury cases per 100 full-time workers (Size class 0),1,Total recordable cases,131,"Private industry, Nebraska"
ISUTTU45210011131,2017,A01,Annual,NA,1.7,TTU,"Trade, transportation, and utilities",452100,Department stores,1,Rate of injury cases per 100 full-time workers (Size class 0),1,Total recordable cases,131,"Private industry, Nebraska"
ISUTTU45210011131,2016,A01,Annual,NA,3.6,TTU,"Trade, transportation, and utilities",452100,Department stores,1,Rate of injury cases per 100 full-time workers (Size class 0),1,Total recordable cases,131,"Private industry, Nebraska"
ISUTTU45210011131,2015,A01,Annual,NA,3.2,TTU,"Trade, transportation, and utilities",452100,Department stores,1,Rate of injury cases per 100 full-time workers (Size class 0),1,Total recordable cases,131,"Private industry, Nebraska"
ISUTTU45210011131,2014,A01,Annual,NA,3.7,TTU,"Trade, transportation, and utilities",452100,Department stores,1,Rate of injury cases per 100 full-time workers (Size class 0),1,Total recordable cases,131,"Private industry, Nebraska"
ISUTTU45210050131,2018,A01,Annual,TRUE,12.1,TTU,"Trade, transportation, and utilities",452100,Department stores,5,Number of injury cases (thousands) (Size class 0),0,RSE of Total recordable cases,131,"Private industry, Nebraska"
ISUTTU45210050131,2017,A01,Annual,NA,20.9,TTU,"Trade, transportation, and utilities",452100,Department stores,5,Number of injury cases (thousands) (Size class 0),0,RSE of Total recordable cases,131,"Private industry, Nebraska"
ISUTTU45210050131,2016,A01,Annual,NA,10.8,TTU,"Trade, transportation, and utilities",452100,Department stores,5,Number of injury cases (thousands) (Size class 0),0,RSE of Total recordable cases,131,"Private industry, Nebraska"
ISUTTU45210050131,2015,A01,Annual,NA,11.6,TTU,"Trade, transportation, and utilities",452100,Department stores,5,Number of injury cases (thousands) (Size class 0),0,RSE of Total recordable cases,131,"Private industry, Nebraska"
ISUTTU45210050131,2014,A01,Annual,NA,12.6,TTU,"Trade, transportation, and utilities",452100,Department stores,5,Number of injury cases (thousands) (Size class 0),0,RSE of Total recordable cases,131,"Private industry, Nebraska"
ISUTTU45210051131,2018,A01,Annual,TRUE,0.1,TTU,"Trade, transportation, and utilities",452100,Department stores,5,Number of injury cases (thousands) (Size class 0),1,Total recordable cases,131,"Private industry, Nebraska"
ISUTTU45210051131,2017,A01,Annual,NA,0.1,TTU,"Trade, transportation, and utilities",452100,Department stores,5,Number of injury cases (thousands) (Size class 0),1,Total recordable cases,131,"Private industry, Nebraska"
ISUTTU45210051131,2016,A01,Annual,NA,0.1,TTU,"Trade, transportation, and utilities",452100,Department stores,5,Number of injury cases (thousands) (Size class 0),1,Total recordable cases,131,"Private industry, Nebraska"
ISUTTU45210051131,2015,A01,Annual,NA,0.1,TTU,"Trade, transportation, and utilities",452100,Department stores,5,Number of injury cases (thousands) (Size class 0),1,Total recordable cases,131,"Private industry, Nebraska"
ISUTTU45210051131,2014,A01,Annual,NA,0.1,TTU,"Trade, transportation, and utilities",452100,Department stores,5,Number of injury cases (thousands) (Size class 0),1,Total recordable cases,131,"Private industry, Nebraska"
ISUTTU45220010131,2020,A01,Annual,NA,16.9,TTU,"Trade, transportation, and utilities",452200,Department stores,1,Rate of injury cases per 100 full-time workers (Size class 0),0,RSE of Total recordable cases,131,"Private industry, Nebraska"
ISUTTU45220010131,2019,A01,Annual,NA,31,TTU,"Trade, transportation, and utilities",452200,Department stores,1,Rate of injury cases per 100 full-time workers (Size class 0),0,RSE of Total recordable cases,131,"Private industry, Nebraska"
ISUTTU45220011131,2020,A01,Annual,NA,2,TTU,"Trade, transportation, and utilities",452200,Department stores,1,Rate of injury cases per 100 full-time workers (Size class 0),1,Total recordable cases,131,"Private industry, Nebraska"
ISUTTU45220011131,2019,A01,Annual,NA,3.6,TTU,"Trade, transportation, and utilities",452200,Department stores,1,Rate of injury cases per 100 full-time workers (Size class 0),1,Total recordable cases,131,"Private industry, Nebraska"
ISUTTU45220050131,2020,A01,Annual,NA,18.7,TTU,"Trade, transportation, and utilities",452200,Department stores,5,Number of injury cases (thousands) (Size class 0),0,RSE of Total recordable cases,131,"Private industry, Nebraska"
ISUTTU45220050131,2019,A01,Annual,NA,31,TTU,"Trade, transportation, and utilities",452200,Department stores,5,Number of injury cases (thousands) (Size class 0),0,RSE of Total recordable cases,131,"Private industry, Nebraska"
ISUTTU45220051131,2020,A01,Annual,NA,0,TTU,"Trade, transportation, and utilities",452200,Department stores,5,Number of injury cases (thousands) (Size class 0),1,Total recordable cases,131,"Private industry, Nebraska"
ISUTTU45220051131,2019,A01,Annual,NA,0.1,TTU,"Trade, transportation, and utilities",452200,Department stores,5,Number of injury cases (thousands) (Size class 0),1,Total recordable cases,131,"Private industry, Nebraska"
ISUTTU45230010131,2020,A01,Annual,NA,6.4,TTU,"Trade, transportation, and utilities",452300,"General merchandise stores, including warehouse clubs and supercenters",1,Rate of injury cases per 100 full-time workers (Size class 0),0,RSE of Total recordable cases,131,"Private industry, Nebraska"
ISUTTU45230010131,2019,A01,Annual,NA,4.6,TTU,"Trade, transportation, and utilities",452300,"General merchandise stores, including warehouse clubs and supercenters",1,Rate of injury cases per 100 full-time workers (Size class 0),0,RSE of Total recordable cases,131,"Private industry, Nebraska"
ISUTTU45230011131,2020,A01,Annual,NA,5.1,TTU,"Trade, transportation, and utilities",452300,"General merchandise stores, including warehouse clubs and supercenters",1,Rate of injury cases per 100 full-time workers (Size class 0),1,Total recordable cases,131,"Private industry, Nebraska"
ISUTTU45230011131,2019,A01,Annual,NA,5.1,TTU,"Trade, transportation, and utilities",452300,"General merchandise stores, including warehouse clubs and supercenters",1,Rate of injury cases per 100 full-time workers (Size class 0),1,Total recordable cases,131,"Private industry, Nebraska"
ISUTTU45230050131,2020,A01,Annual,NA,6.3,TTU,"Trade, transportation, and utilities",452300,"General merchandise stores, including warehouse clubs and supercenters",5,Number of injury cases (thousands) (Size class 0),0,RSE of Total recordable cases,131,"Private industry, Nebraska"
ISUTTU45230050131,2019,A01,Annual,NA,5.1,TTU,"Trade, transportation, and utilities",452300,"General merchandise stores, including warehouse clubs and supercenters",5,Number of injury cases (thousands) (Size class 0),0,RSE of Total recordable cases,131,"Private industry, Nebraska"
ISUTTU45230051131,2020,A01,Annual,NA,0.5,TTU,"Trade, transportation, and utilities",452300,"General merchandise stores, including warehouse clubs and supercenters",5,Number of injury cases (thousands) (Size class 0),1,Total recordable cases,131,"Private industry, Nebraska"
ISUTTU45230051131,2019,A01,Annual,NA,0.6,TTU,"Trade, transportation, and utilities",452300,"General merchandise stores, including warehouse clubs and supercenters",5,Number of injury cases (thousands) (Size class 0),1,Total recordable cases,131,"Private industry, Nebraska"
ISUTTU45290010131,2018,A01,Annual,TRUE,7,TTU,"Trade, transportation, and utilities",452900,Other general merchandise stores,1,Rate of injury cases per 100 full-time workers (Size class 0),0,RSE of Total recordable cases,131,"Private industry, Nebraska"
ISUTTU45290010131,2017,A01,Annual,NA,5.4,TTU,"Trade, transportation, and utilities",452900,Other general merchandise stores,1,Rate of injury cases per 100 full-time workers (Size class 0),0,RSE of Total recordable cases,131,"Private industry, Nebraska"
ISUTTU45290010131,2016,A01,Annual,NA,3.6,TTU,"Trade, transportation, and utilities",452900,Other general merchandise stores,1,Rate of injury cases per 100 full-time workers (Size class 0),0,RSE of Total recordable cases,131,"Private industry, Nebraska"
ISUTTU45290010131,2015,A01,Annual,NA,5.4,TTU,"Trade, transportation, and utilities",452900,Other general merchandise stores,1,Rate of injury cases per 100 full-time workers (Size class 0),0,RSE of Total recordable cases,131,"Private industry, Nebraska"
ISUTTU45290010131,2014,A01,Annual,NA,6.4,TTU,"Trade, transportation, and utilities",452900,Other general merchandise stores,1,Rate of injury cases per 100 full-time workers (Size class 0),0,RSE of Total recordable cases,131,"Private industry, Nebraska"
ISUTTU45290011131,2018,A01,Annual,TRUE,5.7,TTU,"Trade, transportation, and utilities",452900,Other general merchandise stores,1,Rate of injury cases per 100 full-time workers (Size class 0),1,Total recordable cases,131,"Private industry, Nebraska"
ISUTTU45290011131,2017,A01,Annual,NA,4.8,TTU,"Trade, transportation, and utilities",452900,Other general merchandise stores,1,Rate of injury cases per 100 full-time workers (Size class 0),1,Total recordable cases,131,"Private industry, Nebraska"
ISUTTU45290011131,2016,A01,Annual,NA,4.7,TTU,"Trade, transportation, and utilities",452900,Other general merchandise stores,1,Rate of injury cases per 100 full-time workers (Size class 0),1,Total recordable cases,131,"Private industry, Nebraska"
ISUTTU45290011131,2015,A01,Annual,NA,5.4,TTU,"Trade, transportation, and utilities",452900,Other general merchandise stores,1,Rate of injury cases per 100 full-time workers (Size class 0),1,Total recordable cases,131,"Private industry, Nebraska"
ISUTTU45290011131,2014,A01,Annual,NA,4.9,TTU,"Trade, transportation, and utilities",452900,Other general merchandise stores,1,Rate of injury cases per 100 full-time workers (Size class 0),1,Total recordable cases,131,"Private industry, Nebraska"
ISUTTU45290050131,2018,A01,Annual,TRUE,7,TTU,"Trade, transportation, and utilities",452900,Other general merchandise stores,5,Number of injury cases (thousands) (Size class 0),0,RSE of Total recordable cases,131,"Private industry, Nebraska"
ISUTTU45290050131,2017,A01,Annual,NA,5.7,TTU,"Trade, transportation, and utilities",452900,Other general merchandise stores,5,Number of injury cases (thousands) (Size class 0),0,RSE of Total recordable cases,131,"Private industry, Nebraska"
ISUTTU45290050131,2016,A01,Annual,NA,3.8,TTU,"Trade, transportation, and utilities",452900,Other general merchandise stores,5,Number of injury cases (thousands) (Size class 0),0,RSE of Total recordable cases,131,"Private industry, Nebraska"
ISUTTU45290050131,2015,A01,Annual,NA,5.9,TTU,"Trade, transportation, and utilities",452900,Other general merchandise stores,5,Number of injury cases (thousands) (Size class 0),0,RSE of Total recordable cases,131,"Private industry, Nebraska"
ISUTTU45290050131,2014,A01,Annual,NA,5.7,TTU,"Trade, transportation, and utilities",452900,Other general merchandise stores,5,Number of injury cases (thousands) (Size class 0),0,RSE of Total recordable cases,131,"Private industry, Nebraska"
ISUTTU45290051131,2018,A01,Annual,TRUE,0.6,TTU,"Trade, transportation, and utilities",452900,Other general merchandise stores,5,Number of injury cases (thousands) (Size class 0),1,Total recordable cases,131,"Private industry, Nebraska"
ISUTTU45290051131,2017,A01,Annual,NA,0.5,TTU,"Trade, transportation, and utilities",452900,Other general merchandise stores,5,Number of injury cases (thousands) (Size class 0),1,Total recordable cases,131,"Private industry, Nebraska"
ISUTTU45290051131,2016,A01,Annual,NA,0.5,TTU,"Trade, transportation, and utilities",452900,Other general merchandise stores,5,Number of injury cases (thousands) (Size class 0),1,Total recordable cases,131,"Private industry, Nebraska"
ISUTTU45290051131,2015,A01,Annual,NA,0.6,TTU,"Trade, transportation, and utilities",452900,Other general merchandise stores,5,Number of injury cases (thousands) (Size class 0),1,Total recordable cases,131,"Private industry, Nebraska"
ISUTTU45290051131,2014,A01,Annual,NA,0.6,TTU,"Trade, transportation, and utilities",452900,Other general merchandise stores,5,Number of injury cases (thousands) (Size class 0),1,Total recordable cases,131,"Private industry, Nebraska"
ISUTTU45300010131,2015,A01,Annual,TRUE,54.1,TTU,"Trade, transportation, and utilities",453000,Miscellaneous store retailers,1,Rate of injury cases per 100 full-time workers (Size class 0),0,RSE of Total recordable cases,131,"Private industry, Nebraska"
ISUTTU45300010131,2014,A01,Annual,NA,35.3,TTU,"Trade, transportation, and utilities",453000,Miscellaneous store retailers,1,Rate of injury cases per 100 full-time workers (Size class 0),0,RSE of Total recordable cases,131,"Private industry, Nebraska"
ISUTTU45300011131,2015,A01,Annual,TRUE,1.3,TTU,"Trade, transportation, and utilities",453000,Miscellaneous store retailers,1,Rate of injury cases per 100 full-time workers (Size class 0),1,Total recordable cases,131,"Private industry, Nebraska"
ISUTTU45300011131,2014,A01,Annual,NA,2.7,TTU,"Trade, transportation, and utilities",453000,Miscellaneous store retailers,1,Rate of injury cases per 100 full-time workers (Size class 0),1,Total recordable cases,131,"Private industry, Nebraska"
ISUTTU45300050131,2015,A01,Annual,TRUE,54.4,TTU,"Trade, transportation, and utilities",453000,Miscellaneous store retailers,5,Number of injury cases (thousands) (Size class 0),0,RSE of Total recordable cases,131,"Private industry, Nebraska"
ISUTTU45300050131,2014,A01,Annual,NA,33.2,TTU,"Trade, transportation, and utilities",453000,Miscellaneous store retailers,5,Number of injury cases (thousands) (Size class 0),0,RSE of Total recordable cases,131,"Private industry, Nebraska"
ISUTTU45300051131,2015,A01,Annual,TRUE,0,TTU,"Trade, transportation, and utilities",453000,Miscellaneous store retailers,5,Number of injury cases (thousands) (Size class 0),1,Total recordable cases,131,"Private industry, Nebraska"
ISUTTU45300051131,2014,A01,Annual,NA,0.1,TTU,"Trade, transportation, and utilities",453000,Miscellaneous store retailers,5,Number of injury cases (thousands) (Size class 0),1,Total recordable cases,131,"Private industry, Nebraska"
ISUTTU45400010131,2019,A01,Annual,TRUE,51.5,TTU,"Trade, transportation, and utilities",454000,Nonstore retailers,1,Rate of injury cases per 100 full-time workers (Size class 0),0,RSE of Total recordable cases,131,"Private industry, Nebraska"
ISUTTU45400010131,2017,A01,Annual,NA,57.2,TTU,"Trade, transportation, and utilities",454000,Nonstore retailers,1,Rate of injury cases per 100 full-time workers (Size class 0),0,RSE of Total recordable cases,131,"Private industry, Nebraska"
ISUTTU45400010131,2016,A01,Annual,NA,41.9,TTU,"Trade, transportation, and utilities",454000,Nonstore retailers,1,Rate of injury cases per 100 full-time workers (Size class 0),0,RSE of Total recordable cases,131,"Private industry, Nebraska"
ISUTTU45400010131,2014,A01,Annual,NA,25,TTU,"Trade, transportation, and utilities",454000,Nonstore retailers,1,Rate of injury cases per 100 full-time workers (Size class 0),0,RSE of Total recordable cases,131,"Private industry, Nebraska"
ISUTTU45400011131,2019,A01,Annual,TRUE,1.3,TTU,"Trade, transportation, and utilities",454000,Nonstore retailers,1,Rate of injury cases per 100 full-time workers (Size class 0),1,Total recordable cases,131,"Private industry, Nebraska"
ISUTTU45400011131,2017,A01,Annual,NA,0.8,TTU,"Trade, transportation, and utilities",454000,Nonstore retailers,1,Rate of injury cases per 100 full-time workers (Size class 0),1,Total recordable cases,131,"Private industry, Nebraska"
ISUTTU45400011131,2016,A01,Annual,NA,0.8,TTU,"Trade, transportation, and utilities",454000,Nonstore retailers,1,Rate of injury cases per 100 full-time workers (Size class 0),1,Total recordable cases,131,"Private industry, Nebraska"
ISUTTU45400011131,2014,A01,Annual,NA,0.6,TTU,"Trade, transportation, and utilities",454000,Nonstore retailers,1,Rate of injury cases per 100 full-time workers (Size class 0),1,Total recordable cases,131,"Private industry, Nebraska"
ISUTTU45400050131,2019,A01,Annual,TRUE,52.7,TTU,"Trade, transportation, and utilities",454000,Nonstore retailers,5,Number of injury cases (thousands) (Size class 0),0,RSE of Total recordable cases,131,"Private industry, Nebraska"
ISUTTU45400050131,2017,A01,Annual,NA,61.3,TTU,"Trade, transportation, and utilities",454000,Nonstore retailers,5,Number of injury cases (thousands) (Size class 0),0,RSE of Total recordable cases,131,"Private industry, Nebraska"
ISUTTU45400050131,2016,A01,Annual,NA,42.7,TTU,"Trade, transportation, and utilities",454000,Nonstore retailers,5,Number of injury cases (thousands) (Size class 0),0,RSE of Total recordable cases,131,"Private industry, Nebraska"
ISUTTU45400050131,2014,A01,Annual,NA,24.4,TTU,"Trade, transportation, and utilities",454000,Nonstore retailers,5,Number of injury cases (thousands) (Size class 0),0,RSE of Total recordable cases,131,"Private industry, Nebraska"
ISUTTU45400051131,2019,A01,Annual,TRUE,0,TTU,"Trade, transportation, and utilities",454000,Nonstore retailers,5,Number of injury cases (thousands) (Size class 0),1,Total recordable cases,131,"Private industry, Nebraska"
ISUTTU45400051131,2017,A01,Annual,NA,0,TTU,"Trade, transportation, and utilities",454000,Nonstore retailers,5,Number of injury cases (thousands) (Size class 0),1,Total recordable cases,131,"Private industry, Nebraska"
ISUTTU45400051131,2016,A01,Annual,NA,0,TTU,"Trade, transportation, and utilities",454000,Nonstore retailers,5,Number of injury cases (thousands) (Size class 0),1,Total recordable cases,131,"Private industry, Nebraska"
ISUTTU45400051131,2014,A01,Annual,NA,0,TTU,"Trade, transportation, and utilities",454000,Nonstore retailers,5,Number of injury cases (thousands) (Size class 0),1,Total recordable cases,131,"Private industry, Nebraska"
ISUTTU42400051131,2019,A01,Annual,NA,0.4,TTU,"Trade, transportation, and utilities",424000,"Merchant wholesalers, nondurable goods",5,Number of injury cases (thousands) (Size class 0),1,Total recordable cases,131,"Private industry, Nebraska"
ISUTTU42400051131,2018,A01,Annual,NA,0.6,TTU,"Trade, transportation, and utilities",424000,"Merchant wholesalers, nondurable goods",5,Number of injury cases (thousands) (Size class 0),1,Total recordable cases,131,"Private industry, Nebraska"
ISUTTU42400051131,2017,A01,Annual,NA,0.8,TTU,"Trade, transportation, and utilities",424000,"Merchant wholesalers, nondurable goods",5,Number of injury cases (thousands) (Size class 0),1,Total recordable cases,131,"Private industry, Nebraska"
ISUTTU42400051131,2016,A01,Annual,NA,0.8,TTU,"Trade, transportation, and utilities",424000,"Merchant wholesalers, nondurable goods",5,Number of injury cases (thousands) (Size class 0),1,Total recordable cases,131,"Private industry, Nebraska"
ISUTTU42400051131,2015,A01,Annual,NA,0.7,TTU,"Trade, transportation, and utilities",424000,"Merchant wholesalers, nondurable goods",5,Number of injury cases (thousands) (Size class 0),1,Total recordable cases,131,"Private industry, Nebraska"
ISUTTU42400051131,2014,A01,Annual,NA,0.5,TTU,"Trade, transportation, and utilities",424000,"Merchant wholesalers, nondurable goods",5,Number of injury cases (thousands) (Size class 0),1,Total recordable cases,131,"Private industry, Nebraska"
ISUTTU42440010131,2018,A01,Annual,TRUE,7.5,TTU,"Trade, transportation, and utilities",424400,Grocery and related product merchant wholesalers,1,Rate of injury cases per 100 full-time workers (Size class 0),0,RSE of Total recordable cases,131,"Private industry, Nebraska"
ISUTTU42440010131,2017,A01,Annual,NA,4.3,TTU,"Trade, transportation, and utilities",424400,Grocery and related product merchant wholesalers,1,Rate of injury cases per 100 full-time workers (Size class 0),0,RSE of Total recordable cases,131,"Private industry, Nebraska"
ISUTTU42440010131,2015,A01,Annual,NA,6.6,TTU,"Trade, transportation, and utilities",424400,Grocery and related product merchant wholesalers,1,Rate of injury cases per 100 full-time workers (Size class 0),0,RSE of Total recordable cases,131,"Private industry, Nebraska"
ISUTTU42440010131,2014,A01,Annual,NA,25.6,TTU,"Trade, transportation, and utilities",424400,Grocery and related product merchant wholesalers,1,Rate of injury cases per 100 full-time workers (Size class 0),0,RSE of Total recordable cases,131,"Private industry, Nebraska"
ISUTTU42440011131,2018,A01,Annual,TRUE,5.9,TTU,"Trade, transportation, and utilities",424400,Grocery and related product merchant wholesalers,1,Rate of injury cases per 100 full-time workers (Size class 0),1,Total recordable cases,131,"Private industry, Nebraska"
ISUTTU42440011131,2017,A01,Annual,NA,6.2,TTU,"Trade, transportation, and utilities",424400,Grocery and related product merchant wholesalers,1,Rate of injury cases per 100 full-time workers (Size class 0),1,Total recordable cases,131,"Private industry, Nebraska"
ISUTTU42440011131,2015,A01,Annual,NA,5.1,TTU,"Trade, transportation, and utilities",424400,Grocery and related product merchant wholesalers,1,Rate of injury cases per 100 full-time workers (Size class 0),1,Total recordable cases,131,"Private industry, Nebraska"
ISUTTU42440011131,2014,A01,Annual,NA,4.6,TTU,"Trade, transportation, and utilities",424400,Grocery and related product merchant wholesalers,1,Rate of injury cases per 100 full-time workers (Size class 0),1,Total recordable cases,131,"Private industry, Nebraska"
ISUTTU42440050131,2018,A01,Annual,TRUE,9.4,TTU,"Trade, transportation, and utilities",424400,Grocery and related product merchant wholesalers,5,Number of injury cases (thousands) (Size class 0),0,RSE of Total recordable cases,131,"Private industry, Nebraska"
ISUTTU42440050131,2017,A01,Annual,NA,4.2,TTU,"Trade, transportation, and utilities",424400,Grocery and related product merchant wholesalers,5,Number of injury cases (thousands) (Size class 0),0,RSE of Total recordable cases,131,"Private industry, Nebraska"
ISUTTU42440050131,2015,A01,Annual,NA,6.6,TTU,"Trade, transportation, and utilities",424400,Grocery and related product merchant wholesalers,5,Number of injury cases (thousands) (Size class 0),0,RSE of Total recordable cases,131,"Private industry, Nebraska"
ISUTTU42440050131,2014,A01,Annual,NA,20.5,TTU,"Trade, transportation, and utilities",424400,Grocery and related product merchant wholesalers,5,Number of injury cases (thousands) (Size class 0),0,RSE of Total recordable cases,131,"Private industry, Nebraska"
ISUTTU42440051131,2018,A01,Annual,TRUE,0.2,TTU,"Trade, transportation, and utilities",424400,Grocery and related product merchant wholesalers,5,Number of injury cases (thousands) (Size class 0),1,Total recordable cases,131,"Private industry, Nebraska"
ISUTTU42440051131,2017,A01,Annual,NA,0.2,TTU,"Trade, transportation, and utilities",424400,Grocery and related product merchant wholesalers,5,Number of injury cases (thousands) (Size class 0),1,Total recordable cases,131,"Private industry, Nebraska"
ISUTTU42440051131,2015,A01,Annual,NA,0.2,TTU,"Trade, transportation, and utilities",424400,Grocery and related product merchant wholesalers,5,Number of injury cases (thousands) (Size class 0),1,Total recordable cases,131,"Private industry, Nebraska"
ISUTTU42440051131,2014,A01,Annual,NA,0.2,TTU,"Trade, transportation, and utilities",424400,Grocery and related product merchant wholesalers,5,Number of injury cases (thousands) (Size class 0),1,Total recordable cases,131,"Private industry, Nebraska"
ISUTTU42450010131,2018,A01,Annual,TRUE,32,TTU,"Trade, transportation, and utilities",424500,Farm product raw material merchant wholesalers,1,Rate of injury cases per 100 full-time workers (Size class 0),0,RSE of Total recordable cases,131,"Private industry, Nebraska"
ISUTTU42450010131,2015,A01,Annual,NA,37.1,TTU,"Trade, transportation, and utilities",424500,Farm product raw material merchant wholesalers,1,Rate of injury cases per 100 full-time workers (Size class 0),0,RSE of Total recordable cases,131,"Private industry, Nebraska"
ISUTTU42450010131,2014,A01,Annual,NA,24.9,TTU,"Trade, transportation, and utilities",424500,Farm product raw material merchant wholesalers,1,Rate of injury cases per 100 full-time workers (Size class 0),0,RSE of Total recordable cases,131,"Private industry, Nebraska"
ISUTTU42450011131,2018,A01,Annual,TRUE,4.6,TTU,"Trade, transportation, and utilities",424500,Farm product raw material merchant wholesalers,1,Rate of injury cases per 100 full-time workers (Size class 0),1,Total recordable cases,131,"Private industry, Nebraska"
ISUTTU42450011131,2015,A01,Annual,NA,4.2,TTU,"Trade, transportation, and utilities",424500,Farm product raw material merchant wholesalers,1,Rate of injury cases per 100 full-time workers (Size class 0),1,Total recordable cases,131,"Private industry, Nebraska"
ISUTTU42450011131,2014,A01,Annual,NA,1.7,TTU,"Trade, transportation, and utilities",424500,Farm product raw material merchant wholesalers,1,Rate of injury cases per 100 full-time workers (Size class 0),1,Total recordable cases,131,"Private industry, Nebraska"
ISUTTU42450050131,2018,A01,Annual,TRUE,32.8,TTU,"Trade, transportation, and utilities",424500,Farm product raw material merchant wholesalers,5,Number of injury cases (thousands) (Size class 0),0,RSE of Total recordable cases,131,"Private industry, Nebraska"
ISUTTU42450050131,2015,A01,Annual,NA,37.8,TTU,"Trade, transportation, and utilities",424500,Farm product raw material merchant wholesalers,5,Number of injury cases (thousands) (Size class 0),0,RSE of Total recordable cases,131,"Private industry, Nebraska"
ISUTTU42450050131,2014,A01,Annual,NA,26.5,TTU,"Trade, transportation, and utilities",424500,Farm product raw material merchant wholesalers,5,Number of injury cases (thousands) (Size class 0),0,RSE of Total recordable cases,131,"Private industry, Nebraska"
ISUTTU42450051131,2018,A01,Annual,TRUE,0.2,TTU,"Trade, transportation, and utilities",424500,Farm product raw material merchant wholesalers,5,Number of injury cases (thousands) (Size class 0),1,Total recordable cases,131,"Private industry, Nebraska"
ISUTTU42450051131,2015,A01,Annual,NA,0.2,TTU,"Trade, transportation, and utilities",424500,Farm product raw material merchant wholesalers,5,Number of injury cases (thousands) (Size class 0),1,Total recordable cases,131,"Private industry, Nebraska"
ISUTTU42450051131,2014,A01,Annual,NA,0.1,TTU,"Trade, transportation, and utilities",424500,Farm product raw material merchant wholesalers,5,Number of injury cases (thousands) (Size class 0),1,Total recordable cases,131,"Private industry, Nebraska"
ISUTTU42490010131,2020,A01,Annual,NA,18.5,TTU,"Trade, transportation, and utilities",424900,Miscellaneous nondurable goods merchant wholesalers,1,Rate of injury cases per 100 full-time workers (Size class 0),0,RSE of Total recordable cases,131,"Private industry, Nebraska"
ISUTTU42490010131,2016,A01,Annual,NA,38.9,TTU,"Trade, transportation, and utilities",424900,Miscellaneous nondurable goods merchant wholesalers,1,Rate of injury cases per 100 full-time workers (Size class 0),0,RSE of Total recordable cases,131,"Private industry, Nebraska"
ISUTTU42490010131,2015,A01,Annual,NA,21.5,TTU,"Trade, transportation, and utilities",424900,Miscellaneous nondurable goods merchant wholesalers,1,Rate of injury cases per 100 full-time workers (Size class 0),0,RSE of Total recordable cases,131,"Private industry, Nebraska"
ISUTTU42490010131,2014,A01,Annual,NA,30.6,TTU,"Trade, transportation, and utilities",424900,Miscellaneous nondurable goods merchant wholesalers,1,Rate of injury cases per 100 full-time workers (Size class 0),0,RSE of Total recordable cases,131,"Private industry, Nebraska"
ISUTTU42490011131,2020,A01,Annual,NA,5.1,TTU,"Trade, transportation, and utilities",424900,Miscellaneous nondurable goods merchant wholesalers,1,Rate of injury cases per 100 full-time workers (Size class 0),1,Total recordable cases,131,"Private industry, Nebraska"
ISUTTU42490011131,2016,A01,Annual,NA,3.1,TTU,"Trade, transportation, and utilities",424900,Miscellaneous nondurable goods merchant wholesalers,1,Rate of injury cases per 100 full-time workers (Size class 0),1,Total recordable cases,131,"Private industry, Nebraska"
ISUTTU42490011131,2015,A01,Annual,NA,2.9,TTU,"Trade, transportation, and utilities",424900,Miscellaneous nondurable goods merchant wholesalers,1,Rate of injury cases per 100 full-time workers (Size class 0),1,Total recordable cases,131,"Private industry, Nebraska"
ISUTTU42490011131,2014,A01,Annual,NA,2.6,TTU,"Trade, transportation, and utilities",424900,Miscellaneous nondurable goods merchant wholesalers,1,Rate of injury cases per 100 full-time workers (Size class 0),1,Total recordable cases,131,"Private industry, Nebraska"
ISUTTU42490050131,2020,A01,Annual,NA,16.4,TTU,"Trade, transportation, and utilities",424900,Miscellaneous nondurable goods merchant wholesalers,5,Number of injury cases (thousands) (Size class 0),0,RSE of Total recordable cases,131,"Private industry, Nebraska"
ISUTTU42490050131,2016,A01,Annual,NA,36.6,TTU,"Trade, transportation, and utilities",424900,Miscellaneous nondurable goods merchant wholesalers,5,Number of injury cases (thousands) (Size class 0),0,RSE of Total recordable cases,131,"Private industry, Nebraska"
ISUTTU42490050131,2015,A01,Annual,NA,19.5,TTU,"Trade, transportation, and utilities",424900,Miscellaneous nondurable goods merchant wholesalers,5,Number of injury cases (thousands) (Size class 0),0,RSE of Total recordable cases,131,"Private industry, Nebraska"
ISUTTU42490050131,2014,A01,Annual,NA,33.2,TTU,"Trade, transportation, and utilities",424900,Miscellaneous nondurable goods merchant wholesalers,5,Number of injury cases (thousands) (Size class 0),0,RSE of Total recordable cases,131,"Private industry, Nebraska"
ISUTTU42490051131,2020,A01,Annual,NA,0.3,TTU,"Trade, transportation, and utilities",424900,Miscellaneous nondurable goods merchant wholesalers,5,Number of injury cases (thousands) (Size class 0),1,Total recordable cases,131,"Private industry, Nebraska"
ISUTTU42490051131,2016,A01,Annual,NA,0.2,TTU,"Trade, transportation, and utilities",424900,Miscellaneous nondurable goods merchant wholesalers,5,Number of injury cases (thousands) (Size class 0),1,Total recordable cases,131,"Private industry, Nebraska"
ISUTTU42490051131,2015,A01,Annual,NA,0.2,TTU,"Trade, transportation, and utilities",424900,Miscellaneous nondurable goods merchant wholesalers,5,Number of injury cases (thousands) (Size class 0),1,Total recordable cases,131,"Private industry, Nebraska"
ISUTTU42490051131,2014,A01,Annual,NA,0.1,TTU,"Trade, transportation, and utilities",424900,Miscellaneous nondurable goods merchant wholesalers,5,Number of injury cases (thousands) (Size class 0),1,Total recordable cases,131,"Private industry, Nebraska"
ISUTTU42500010131,2014,A01,Annual,TRUE,0,TTU,"Trade, transportation, and utilities",425000,Wholesale electronic markets and agents and brokers,1,Rate of injury cases per 100 full-time workers (Size class 0),0,RSE of Total recordable cases,131,"Private industry, Nebraska"
ISUTTU42500011131,2014,A01,Annual,TRUE,NA,TTU,"Trade, transportation, and utilities",425000,Wholesale electronic markets and agents and brokers,1,Rate of injury cases per 100 full-time workers (Size class 0),1,Total recordable cases,131,"Private industry, Nebraska"
ISUTTU42500050131,2014,A01,Annual,TRUE,0,TTU,"Trade, transportation, and utilities",425000,Wholesale electronic markets and agents and brokers,5,Number of injury cases (thousands) (Size class 0),0,RSE of Total recordable cases,131,"Private industry, Nebraska"
ISUTTU42500051131,2014,A01,Annual,TRUE,0,TTU,"Trade, transportation, and utilities",425000,Wholesale electronic markets and agents and brokers,5,Number of injury cases (thousands) (Size class 0),1,Total recordable cases,131,"Private industry, Nebraska"
ISUTTU44100010131,2020,A01,Annual,NA,16.9,TTU,"Trade, transportation, and utilities",441000,Motor vehicle and parts dealers,1,Rate of injury cases per 100 full-time workers (Size class 0),0,RSE of Total recordable cases,131,"Private industry, Nebraska"
ISUTTU44100010131,2019,A01,Annual,NA,10,TTU,"Trade, transportation, and utilities",441000,Motor vehicle and parts dealers,1,Rate of injury cases per 100 full-time workers (Size class 0),0,RSE of Total recordable cases,131,"Private industry, Nebraska"
ISUTTU44100010131,2018,A01,Annual,NA,18.3,TTU,"Trade, transportation, and utilities",441000,Motor vehicle and parts dealers,1,Rate of injury cases per 100 full-time workers (Size class 0),0,RSE of Total recordable cases,131,"Private industry, Nebraska"
ISUTTU44100010131,2017,A01,Annual,NA,17.1,TTU,"Trade, transportation, and utilities",441000,Motor vehicle and parts dealers,1,Rate of injury cases per 100 full-time workers (Size class 0),0,RSE of Total recordable cases,131,"Private industry, Nebraska"
ISUTTU44100010131,2016,A01,Annual,NA,14.2,TTU,"Trade, transportation, and utilities",441000,Motor vehicle and parts dealers,1,Rate of injury cases per 100 full-time workers (Size class 0),0,RSE of Total recordable cases,131,"Private industry, Nebraska"
ISUTTU44100010131,2015,A01,Annual,NA,22.1,TTU,"Trade, transportation, and utilities",441000,Motor vehicle and parts dealers,1,Rate of injury cases per 100 full-time workers (Size class 0),0,RSE of Total recordable cases,131,"Private industry, Nebraska"
ISUTTU44100010131,2014,A01,Annual,NA,20,TTU,"Trade, transportation, and utilities",441000,Motor vehicle and parts dealers,1,Rate of injury cases per 100 full-time workers (Size class 0),0,RSE of Total recordable cases,131,"Private industry, Nebraska"
ISUTTU44100011131,2020,A01,Annual,NA,2.2,TTU,"Trade, transportation, and utilities",441000,Motor vehicle and parts dealers,1,Rate of injury cases per 100 full-time workers (Size class 0),1,Total recordable cases,131,"Private industry, Nebraska"
ISUTTU44100011131,2019,A01,Annual,NA,2.8,TTU,"Trade, transportation, and utilities",441000,Motor vehicle and parts dealers,1,Rate of injury cases per 100 full-time workers (Size class 0),1,Total recordable cases,131,"Private industry, Nebraska"
ISUTTU44100011131,2018,A01,Annual,NA,4.8,TTU,"Trade, transportation, and utilities",441000,Motor vehicle and parts dealers,1,Rate of injury cases per 100 full-time workers (Size class 0),1,Total recordable cases,131,"Private industry, Nebraska"
ISUTTU44100011131,2017,A01,Annual,NA,2.5,TTU,"Trade, transportation, and utilities",441000,Motor vehicle and parts dealers,1,Rate of injury cases per 100 full-time workers (Size class 0),1,Total recordable cases,131,"Private industry, Nebraska"
ISUTTU44100011131,2016,A01,Annual,NA,2.2,TTU,"Trade, transportation, and utilities",441000,Motor vehicle and parts dealers,1,Rate of injury cases per 100 full-time workers (Size class 0),1,Total recordable cases,131,"Private industry, Nebraska"
ISUTTU44100011131,2015,A01,Annual,NA,3.9,TTU,"Trade, transportation, and utilities",441000,Motor vehicle and parts dealers,1,Rate of injury cases per 100 full-time workers (Size class 0),1,Total recordable cases,131,"Private industry, Nebraska"
ISUTTU44100011131,2014,A01,Annual,NA,3.2,TTU,"Trade, transportation, and utilities",441000,Motor vehicle and parts dealers,1,Rate of injury cases per 100 full-time workers (Size class 0),1,Total recordable cases,131,"Private industry, Nebraska"
ISUTTU44100050131,2020,A01,Annual,NA,16.3,TTU,"Trade, transportation, and utilities",441000,Motor vehicle and parts dealers,5,Number of injury cases (thousands) (Size class 0),0,RSE of Total recordable cases,131,"Private industry, Nebraska"
ISUTTU44100050131,2019,A01,Annual,NA,9.6,TTU,"Trade, transportation, and utilities",441000,Motor vehicle and parts dealers,5,Number of injury cases (thousands) (Size class 0),0,RSE of Total recordable cases,131,"Private industry, Nebraska"
ISUTTU44100050131,2018,A01,Annual,NA,18.2,TTU,"Trade, transportation, and utilities",441000,Motor vehicle and parts dealers,5,Number of injury cases (thousands) (Size class 0),0,RSE of Total recordable cases,131,"Private industry, Nebraska"
ISUTTU44100050131,2017,A01,Annual,NA,17.4,TTU,"Trade, transportation, and utilities",441000,Motor vehicle and parts dealers,5,Number of injury cases (thousands) (Size class 0),0,RSE of Total recordable cases,131,"Private industry, Nebraska"
ISUTTU44100050131,2016,A01,Annual,NA,13.3,TTU,"Trade, transportation, and utilities",441000,Motor vehicle and parts dealers,5,Number of injury cases (thousands) (Size class 0),0,RSE of Total recordable cases,131,"Private industry, Nebraska"
ISUTTU44100050131,2015,A01,Annual,NA,20.5,TTU,"Trade, transportation, and utilities",441000,Motor vehicle and parts dealers,5,Number of injury cases (thousands) (Size class 0),0,RSE of Total recordable cases,131,"Private industry, Nebraska"
ISUTTU44100050131,2014,A01,Annual,NA,19.7,TTU,"Trade, transportation, and utilities",441000,Motor vehicle and parts dealers,5,Number of injury cases (thousands) (Size class 0),0,RSE of Total recordable cases,131,"Private industry, Nebraska"
ISUTTU44100051131,2020,A01,Annual,NA,0.3,TTU,"Trade, transportation, and utilities",441000,Motor vehicle and parts dealers,5,Number of injury cases (thousands) (Size class 0),1,Total recordable cases,131,"Private industry, Nebraska"
ISUTTU44100051131,2019,A01,Annual,NA,0.4,TTU,"Trade, transportation, and utilities",441000,Motor vehicle and parts dealers,5,Number of injury cases (thousands) (Size class 0),1,Total recordable cases,131,"Private industry, Nebraska"
ISUTTU44100051131,2018,A01,Annual,NA,0.7,TTU,"Trade, transportation, and utilities",441000,Motor vehicle and parts dealers,5,Number of injury cases (thousands) (Size class 0),1,Total recordable cases,131,"Private industry, Nebraska"
ISUTTU44100051131,2017,A01,Annual,NA,0.3,TTU,"Trade, transportation, and utilities",441000,Motor vehicle and parts dealers,5,Number of injury cases (thousands) (Size class 0),1,Total recordable cases,131,"Private industry, Nebraska"
ISUTTU44100051131,2016,A01,Annual,NA,0.3,TTU,"Trade, transportation, and utilities",441000,Motor vehicle and parts dealers,5,Number of injury cases (thousands) (Size class 0),1,Total recordable cases,131,"Private industry, Nebraska"
ISUTTU44100051131,2015,A01,Annual,NA,0.5,TTU,"Trade, transportation, and utilities",441000,Motor vehicle and parts dealers,5,Number of injury cases (thousands) (Size class 0),1,Total recordable cases,131,"Private industry, Nebraska"
ISUTTU44100051131,2014,A01,Annual,NA,0.4,TTU,"Trade, transportation, and utilities",441000,Motor vehicle and parts dealers,5,Number of injury cases (thousands) (Size class 0),1,Total recordable cases,131,"Private industry, Nebraska"
ISUTTU44110010131,2020,A01,Annual,NA,13.4,TTU,"Trade, transportation, and utilities",441100,Automobile dealers,1,Rate of injury cases per 100 full-time workers (Size class 0),0,RSE of Total recordable cases,131,"Private industry, Nebraska"
ISUTTU44110010131,2019,A01,Annual,NA,9.9,TTU,"Trade, transportation, and utilities",441100,Automobile dealers,1,Rate of injury cases per 100 full-time workers (Size class 0),0,RSE of Total recordable cases,131,"Private industry, Nebraska"
ISUTTU44110010131,2017,A01,Annual,NA,14.9,TTU,"Trade, transportation, and utilities",441100,Automobile dealers,1,Rate of injury cases per 100 full-time workers (Size class 0),0,RSE of Total recordable cases,131,"Private industry, Nebraska"
ISUTTU44110010131,2016,A01,Annual,NA,13,TTU,"Trade, transportation, and utilities",441100,Automobile dealers,1,Rate of injury cases per 100 full-time workers (Size class 0),0,RSE of Total recordable cases,131,"Private industry, Nebraska"
ISUTTU44110010131,2015,A01,Annual,NA,16.1,TTU,"Trade, transportation, and utilities",441100,Automobile dealers,1,Rate of injury cases per 100 full-time workers (Size class 0),0,RSE of Total recordable cases,131,"Private industry, Nebraska"
ISUTTU44110010131,2014,A01,Annual,NA,16.5,TTU,"Trade, transportation, and utilities",441100,Automobile dealers,1,Rate of injury cases per 100 full-time workers (Size class 0),0,RSE of Total recordable cases,131,"Private industry, Nebraska"
ISUTTU44110011131,2020,A01,Annual,NA,2.2,TTU,"Trade, transportation, and utilities",441100,Automobile dealers,1,Rate of injury cases per 100 full-time workers (Size class 0),1,Total recordable cases,131,"Private industry, Nebraska"
ISUTTU44110011131,2019,A01,Annual,NA,3.6,TTU,"Trade, transportation, and utilities",441100,Automobile dealers,1,Rate of injury cases per 100 full-time workers (Size class 0),1,Total recordable cases,131,"Private industry, Nebraska"
ISUTTU44110011131,2017,A01,Annual,NA,2.4,TTU,"Trade, transportation, and utilities",441100,Automobile dealers,1,Rate of injury cases per 100 full-time workers (Size class 0),1,Total recordable cases,131,"Private industry, Nebraska"
ISUTTU44110011131,2016,A01,Annual,NA,2.8,TTU,"Trade, transportation, and utilities",441100,Automobile dealers,1,Rate of injury cases per 100 full-time workers (Size class 0),1,Total recordable cases,131,"Private industry, Nebraska"
ISUTTU44110011131,2015,A01,Annual,NA,2.9,TTU,"Trade, transportation, and utilities",441100,Automobile dealers,1,Rate of injury cases per 100 full-time workers (Size class 0),1,Total recordable cases,131,"Private industry, Nebraska"
ISUTTU44110011131,2014,A01,Annual,NA,3.1,TTU,"Trade, transportation, and utilities",441100,Automobile dealers,1,Rate of injury cases per 100 full-time workers (Size class 0),1,Total recordable cases,131,"Private industry, Nebraska"
ISUTTU44110050131,2020,A01,Annual,NA,11.8,TTU,"Trade, transportation, and utilities",441100,Automobile dealers,5,Number of injury cases (thousands) (Size class 0),0,RSE of Total recordable cases,131,"Private industry, Nebraska"
ISUTTU44110050131,2019,A01,Annual,NA,9.9,TTU,"Trade, transportation, and utilities",441100,Automobile dealers,5,Number of injury cases (thousands) (Size class 0),0,RSE of Total recordable cases,131,"Private industry, Nebraska"
ISUTTU44110050131,2017,A01,Annual,NA,16.2,TTU,"Trade, transportation, and utilities",441100,Automobile dealers,5,Number of injury cases (thousands) (Size class 0),0,RSE of Total recordable cases,131,"Private industry, Nebraska"
ISUTTU44110050131,2016,A01,Annual,NA,12.4,TTU,"Trade, transportation, and utilities",441100,Automobile dealers,5,Number of injury cases (thousands) (Size class 0),0,RSE of Total recordable cases,131,"Private industry, Nebraska"
ISUTTU44110050131,2015,A01,Annual,NA,17.5,TTU,"Trade, transportation, and utilities",441100,Automobile dealers,5,Number of injury cases (thousands) (Size class 0),0,RSE of Total recordable cases,131,"Private industry, Nebraska"
ISUTTU44110050131,2014,A01,Annual,NA,15.7,TTU,"Trade, transportation, and utilities",441100,Automobile dealers,5,Number of injury cases (thousands) (Size class 0),0,RSE of Total recordable cases,131,"Private industry, Nebraska"
ISUTTU44110051131,2020,A01,Annual,NA,0.2,TTU,"Trade, transportation, and utilities",441100,Automobile dealers,5,Number of injury cases (thousands) (Size class 0),1,Total recordable cases,131,"Private industry, Nebraska"
ISUTTU44110051131,2019,A01,Annual,NA,0.3,TTU,"Trade, transportation, and utilities",441100,Automobile dealers,5,Number of injury cases (thousands) (Size class 0),1,Total recordable cases,131,"Private industry, Nebraska"
ISUTTU44110051131,2017,A01,Annual,NA,0.2,TTU,"Trade, transportation, and utilities",441100,Automobile dealers,5,Number of injury cases (thousands) (Size class 0),1,Total recordable cases,131,"Private industry, Nebraska"
ISUTTU44110051131,2016,A01,Annual,NA,0.2,TTU,"Trade, transportation, and utilities",441100,Automobile dealers,5,Number of injury cases (thousands) (Size class 0),1,Total recordable cases,131,"Private industry, Nebraska"
ISUTTU44110051131,2015,A01,Annual,NA,0.2,TTU,"Trade, transportation, and utilities",441100,Automobile dealers,5,Number of injury cases (thousands) (Size class 0),1,Total recordable cases,131,"Private industry, Nebraska"
ISUTTU44110051131,2014,A01,Annual,NA,0.3,TTU,"Trade, transportation, and utilities",441100,Automobile dealers,5,Number of injury cases (thousands) (Size class 0),1,Total recordable cases,131,"Private industry, Nebraska"
ISUTTU44200010131,2019,A01,Annual,NA,44.6,TTU,"Trade, transportation, and utilities",442000,Furniture and home furnishings stores,1,Rate of injury cases per 100 full-time workers (Size class 0),0,RSE of Total recordable cases,131,"Private industry, Nebraska"
ISUTTU44200010131,2017,A01,Annual,NA,31.4,TTU,"Trade, transportation, and utilities",442000,Furniture and home furnishings stores,1,Rate of injury cases per 100 full-time workers (Size class 0),0,RSE of Total recordable cases,131,"Private industry, Nebraska"
ISUTTU44200010131,2016,A01,Annual,NA,10.5,TTU,"Trade, transportation, and utilities",442000,Furniture and home furnishings stores,1,Rate of injury cases per 100 full-time workers (Size class 0),0,RSE of Total recordable cases,131,"Private industry, Nebraska"
ISUTTU44200010131,2014,A01,Annual,NA,21,TTU,"Trade, transportation, and utilities",442000,Furniture and home furnishings stores,1,Rate of injury cases per 100 full-time workers (Size class 0),0,RSE of Total recordable cases,131,"Private industry, Nebraska"
ISUTTU44200011131,2019,A01,Annual,NA,1.4,TTU,"Trade, transportation, and utilities",442000,Furniture and home furnishings stores,1,Rate of injury cases per 100 full-time workers (Size class 0),1,Total recordable cases,131,"Private industry, Nebraska"
ISUTTU44200011131,2017,A01,Annual,NA,2.3,TTU,"Trade, transportation, and utilities",442000,Furniture and home furnishings stores,1,Rate of injury cases per 100 full-time workers (Size class 0),1,Total recordable cases,131,"Private industry, Nebraska"
ISUTTU44200011131,2016,A01,Annual,NA,1.5,TTU,"Trade, transportation, and utilities",442000,Furniture and home furnishings stores,1,Rate of injury cases per 100 full-time workers (Size class 0),1,Total recordable cases,131,"Private industry, Nebraska"
ISUTTU44200011131,2014,A01,Annual,NA,3.1,TTU,"Trade, transportation, and utilities",442000,Furniture and home furnishings stores,1,Rate of injury cases per 100 full-time workers (Size class 0),1,Total recordable cases,131,"Private industry, Nebraska"
ISUTTU44200050131,2019,A01,Annual,NA,41.4,TTU,"Trade, transportation, and utilities",442000,Furniture and home furnishings stores,5,Number of injury cases (thousands) (Size class 0),0,RSE of Total recordable cases,131,"Private industry, Nebraska"
ISUTTU44200050131,2017,A01,Annual,NA,29.4,TTU,"Trade, transportation, and utilities",442000,Furniture and home furnishings stores,5,Number of injury cases (thousands) (Size class 0),0,RSE of Total recordable cases,131,"Private industry, Nebraska"
ISUTTU44200050131,2016,A01,Annual,NA,12.4,TTU,"Trade, transportation, and utilities",442000,Furniture and home furnishings stores,5,Number of injury cases (thousands) (Size class 0),0,RSE of Total recordable cases,131,"Private industry, Nebraska"
ISUTTU44200050131,2014,A01,Annual,NA,23.4,TTU,"Trade, transportation, and utilities",442000,Furniture and home furnishings stores,5,Number of injury cases (thousands) (Size class 0),0,RSE of Total recordable cases,131,"Private industry, Nebraska"
ISUTTU44200051131,2019,A01,Annual,NA,0,TTU,"Trade, transportation, and utilities",442000,Furniture and home furnishings stores,5,Number of injury cases (thousands) (Size class 0),1,Total recordable cases,131,"Private industry, Nebraska"
ISUTTU44200051131,2017,A01,Annual,NA,0.1,TTU,"Trade, transportation, and utilities",442000,Furniture and home furnishings stores,5,Number of injury cases (thousands) (Size class 0),1,Total recordable cases,131,"Private industry, Nebraska"
ISUTTU44200051131,2016,A01,Annual,NA,0,TTU,"Trade, transportation, and utilities",442000,Furniture and home furnishings stores,5,Number of injury cases (thousands) (Size class 0),1,Total recordable cases,131,"Private industry, Nebraska"
ISUTTU44200051131,2014,A01,Annual,NA,0.1,TTU,"Trade, transportation, and utilities",442000,Furniture and home furnishings stores,5,Number of injury cases (thousands) (Size class 0),1,Total recordable cases,131,"Private industry, Nebraska"
ISUTTU44400010131,2020,A01,Annual,NA,8.6,TTU,"Trade, transportation, and utilities",444000,Building material and garden equipment and supplies dealers,1,Rate of injury cases per 100 full-time workers (Size class 0),0,RSE of Total recordable cases,131,"Private industry, Nebraska"
ISUTTU44400010131,2019,A01,Annual,NA,10.2,TTU,"Trade, transportation, and utilities",444000,Building material and garden equipment and supplies dealers,1,Rate of injury cases per 100 full-time workers (Size class 0),0,RSE of Total recordable cases,131,"Private industry, Nebraska"
ISUTTU44400010131,2018,A01,Annual,NA,14.5,TTU,"Trade, transportation, and utilities",444000,Building material and garden equipment and supplies dealers,1,Rate of injury cases per 100 full-time workers (Size class 0),0,RSE of Total recordable cases,131,"Private industry, Nebraska"
ISUTTU44400010131,2017,A01,Annual,NA,11.4,TTU,"Trade, transportation, and utilities",444000,Building material and garden equipment and supplies dealers,1,Rate of injury cases per 100 full-time workers (Size class 0),0,RSE of Total recordable cases,131,"Private industry, Nebraska"
ISUTTU44400010131,2016,A01,Annual,NA,11.3,TTU,"Trade, transportation, and utilities",444000,Building material and garden equipment and supplies dealers,1,Rate of injury cases per 100 full-time workers (Size class 0),0,RSE of Total recordable cases,131,"Private industry, Nebraska"
ISUTTU44400010131,2015,A01,Annual,NA,11.1,TTU,"Trade, transportation, and utilities",444000,Building material and garden equipment and supplies dealers,1,Rate of injury cases per 100 full-time workers (Size class 0),0,RSE of Total recordable cases,131,"Private industry, Nebraska"
ISUTTU44400010131,2014,A01,Annual,NA,15,TTU,"Trade, transportation, and utilities",444000,Building material and garden equipment and supplies dealers,1,Rate of injury cases per 100 full-time workers (Size class 0),0,RSE of Total recordable cases,131,"Private industry, Nebraska"
ISUTTU44400011131,2020,A01,Annual,NA,4.9,TTU,"Trade, transportation, and utilities",444000,Building material and garden equipment and supplies dealers,1,Rate of injury cases per 100 full-time workers (Size class 0),1,Total recordable cases,131,"Private industry, Nebraska"
ISUTTU44400011131,2019,A01,Annual,NA,5.5,TTU,"Trade, transportation, and utilities",444000,Building material and garden equipment and supplies dealers,1,Rate of injury cases per 100 full-time workers (Size class 0),1,Total recordable cases,131,"Private industry, Nebraska"
ISUTTU44400011131,2018,A01,Annual,NA,6.6,TTU,"Trade, transportation, and utilities",444000,Building material and garden equipment and supplies dealers,1,Rate of injury cases per 100 full-time workers (Size class 0),1,Total recordable cases,131,"Private industry, Nebraska"
ISUTTU44400011131,2017,A01,Annual,NA,5.8,TTU,"Trade, transportation, and utilities",444000,Building material and garden equipment and supplies dealers,1,Rate of injury cases per 100 full-time workers (Size class 0),1,Total recordable cases,131,"Private industry, Nebraska"
ISUTTU44400011131,2016,A01,Annual,NA,5.1,TTU,"Trade, transportation, and utilities",444000,Building material and garden equipment and supplies dealers,1,Rate of injury cases per 100 full-time workers (Size class 0),1,Total recordable cases,131,"Private industry, Nebraska"
ISUTTU44400011131,2015,A01,Annual,NA,5.2,TTU,"Trade, transportation, and utilities",444000,Building material and garden equipment and supplies dealers,1,Rate of injury cases per 100 full-time workers (Size class 0),1,Total recordable cases,131,"Private industry, Nebraska"
ISUTTU44400011131,2014,A01,Annual,NA,6,TTU,"Trade, transportation, and utilities",444000,Building material and garden equipment and supplies dealers,1,Rate of injury cases per 100 full-time workers (Size class 0),1,Total recordable cases,131,"Private industry, Nebraska"
ISUTTU44400050131,2020,A01,Annual,NA,9.4,TTU,"Trade, transportation, and utilities",444000,Building material and garden equipment and supplies dealers,5,Number of injury cases (thousands) (Size class 0),0,RSE of Total recordable cases,131,"Private industry, Nebraska"
ISUTTU44400050131,2019,A01,Annual,NA,10.7,TTU,"Trade, transportation, and utilities",444000,Building material and garden equipment and supplies dealers,5,Number of injury cases (thousands) (Size class 0),0,RSE of Total recordable cases,131,"Private industry, Nebraska"
ISUTTU44400050131,2018,A01,Annual,NA,13.8,TTU,"Trade, transportation, and utilities",444000,Building material and garden equipment and supplies dealers,5,Number of injury cases (thousands) (Size class 0),0,RSE of Total recordable cases,131,"Private industry, Nebraska"
ISUTTU44400050131,2017,A01,Annual,NA,11.6,TTU,"Trade, transportation, and utilities",444000,Building material and garden equipment and supplies dealers,5,Number of injury cases (thousands) (Size class 0),0,RSE of Total recordable cases,131,"Private industry, Nebraska"
ISUTTU44400050131,2016,A01,Annual,NA,9.3,TTU,"Trade, transportation, and utilities",444000,Building material and garden equipment and supplies dealers,5,Number of injury cases (thousands) (Size class 0),0,RSE of Total recordable cases,131,"Private industry, Nebraska"
ISUTTU44400050131,2015,A01,Annual,NA,10.5,TTU,"Trade, transportation, and utilities",444000,Building material and garden equipment and supplies dealers,5,Number of injury cases (thousands) (Size class 0),0,RSE of Total recordable cases,131,"Private industry, Nebraska"
ISUTTU44400050131,2014,A01,Annual,NA,13.8,TTU,"Trade, transportation, and utilities",444000,Building material and garden equipment and supplies dealers,5,Number of injury cases (thousands) (Size class 0),0,RSE of Total recordable cases,131,"Private industry, Nebraska"
ISUTTU44400051131,2020,A01,Annual,NA,0.4,TTU,"Trade, transportation, and utilities",444000,Building material and garden equipment and supplies dealers,5,Number of injury cases (thousands) (Size class 0),1,Total recordable cases,131,"Private industry, Nebraska"
ISUTTU44400051131,2019,A01,Annual,NA,0.5,TTU,"Trade, transportation, and utilities",444000,Building material and garden equipment and supplies dealers,5,Number of injury cases (thousands) (Size class 0),1,Total recordable cases,131,"Private industry, Nebraska"
ISUTTU44400051131,2018,A01,Annual,NA,0.5,TTU,"Trade, transportation, and utilities",444000,Building material and garden equipment and supplies dealers,5,Number of injury cases (thousands) (Size class 0),1,Total recordable cases,131,"Private industry, Nebraska"
ISUTTU44400051131,2017,A01,Annual,NA,0.5,TTU,"Trade, transportation, and utilities",444000,Building material and garden equipment and supplies dealers,5,Number of injury cases (thousands) (Size class 0),1,Total recordable cases,131,"Private industry, Nebraska"
ISUTTU44400051131,2016,A01,Annual,NA,0.4,TTU,"Trade, transportation, and utilities",444000,Building material and garden equipment and supplies dealers,5,Number of injury cases (thousands) (Size class 0),1,Total recordable cases,131,"Private industry, Nebraska"
ISUTTU44400051131,2015,A01,Annual,NA,0.4,TTU,"Trade, transportation, and utilities",444000,Building material and garden equipment and supplies dealers,5,Number of injury cases (thousands) (Size class 0),1,Total recordable cases,131,"Private industry, Nebraska"
ISUTTU44400051131,2014,A01,Annual,NA,0.5,TTU,"Trade, transportation, and utilities",444000,Building material and garden equipment and supplies dealers,5,Number of injury cases (thousands) (Size class 0),1,Total recordable cases,131,"Private industry, Nebraska"
ISUTTU44410010131,2020,A01,Annual,NA,9.3,TTU,"Trade, transportation, and utilities",444100,Building material and supplies dealers,1,Rate of injury cases per 100 full-time workers (Size class 0),0,RSE of Total recordable cases,131,"Private industry, Nebraska"
ISUTTU44410010131,2019,A01,Annual,NA,10,TTU,"Trade, transportation, and utilities",444100,Building material and supplies dealers,1,Rate of injury cases per 100 full-time workers (Size class 0),0,RSE of Total recordable cases,131,"Private industry, Nebraska"
ISUTTU44410010131,2018,A01,Annual,NA,13.6,TTU,"Trade, transportation, and utilities",444100,Building material and supplies dealers,1,Rate of injury cases per 100 full-time workers (Size class 0),0,RSE of Total recordable cases,131,"Private industry, Nebraska"
ISUTTU44410010131,2017,A01,Annual,NA,11.9,TTU,"Trade, transportation, and utilities",444100,Building material and supplies dealers,1,Rate of injury cases per 100 full-time workers (Size class 0),0,RSE of Total recordable cases,131,"Private industry, Nebraska"
ISUTTU44410010131,2016,A01,Annual,NA,8.1,TTU,"Trade, transportation, and utilities",444100,Building material and supplies dealers,1,Rate of injury cases per 100 full-time workers (Size class 0),0,RSE of Total recordable cases,131,"Private industry, Nebraska"
ISUTTU44410010131,2015,A01,Annual,NA,8.3,TTU,"Trade, transportation, and utilities",444100,Building material and supplies dealers,1,Rate of injury cases per 100 full-time workers (Size class 0),0,RSE of Total recordable cases,131,"Private industry, Nebraska"
ISUTTU44410010131,2014,A01,Annual,NA,11.9,TTU,"Trade, transportation, and utilities",444100,Building material and supplies dealers,1,Rate of injury cases per 100 full-time workers (Size class 0),0,RSE of Total recordable cases,131,"Private industry, Nebraska"
ISUTTU44410011131,2020,A01,Annual,NA,4.9,TTU,"Trade, transportation, and utilities",444100,Building material and supplies dealers,1,Rate of injury cases per 100 full-time workers (Size class 0),1,Total recordable cases,131,"Private industry, Nebraska"
ISUTTU44410011131,2019,A01,Annual,NA,5.3,TTU,"Trade, transportation, and utilities",444100,Building material and supplies dealers,1,Rate of injury cases per 100 full-time workers (Size class 0),1,Total recordable cases,131,"Private industry, Nebraska"
ISUTTU44410011131,2018,A01,Annual,NA,6.6,TTU,"Trade, transportation, and utilities",444100,Building material and supplies dealers,1,Rate of injury cases per 100 full-time workers (Size class 0),1,Total recordable cases,131,"Private industry, Nebraska"
ISUTTU44410011131,2017,A01,Annual,NA,5.7,TTU,"Trade, transportation, and utilities",444100,Building material and supplies dealers,1,Rate of injury cases per 100 full-time workers (Size class 0),1,Total recordable cases,131,"Private industry, Nebraska"
ISUTTU44410011131,2016,A01,Annual,NA,4.8,TTU,"Trade, transportation, and utilities",444100,Building material and supplies dealers,1,Rate of injury cases per 100 full-time workers (Size class 0),1,Total recordable cases,131,"Private industry, Nebraska"
ISUTTU44410011131,2015,A01,Annual,NA,5.2,TTU,"Trade, transportation, and utilities",444100,Building material and supplies dealers,1,Rate of injury cases per 100 full-time workers (Size class 0),1,Total recordable cases,131,"Private industry, Nebraska"
ISUTTU44410011131,2014,A01,Annual,NA,6,TTU,"Trade, transportation, and utilities",444100,Building material and supplies dealers,1,Rate of injury cases per 100 full-time workers (Size class 0),1,Total recordable cases,131,"Private industry, Nebraska"
ISUTTU44410050131,2020,A01,Annual,NA,10.2,TTU,"Trade, transportation, and utilities",444100,Building material and supplies dealers,5,Number of injury cases (thousands) (Size class 0),0,RSE of Total recordable cases,131,"Private industry, Nebraska"
ISUTTU44410050131,2019,A01,Annual,NA,10.6,TTU,"Trade, transportation, and utilities",444100,Building material and supplies dealers,5,Number of injury cases (thousands) (Size class 0),0,RSE of Total recordable cases,131,"Private industry, Nebraska"
ISUTTU44410050131,2018,A01,Annual,NA,12.4,TTU,"Trade, transportation, and utilities",444100,Building material and supplies dealers,5,Number of injury cases (thousands) (Size class 0),0,RSE of Total recordable cases,131,"Private industry, Nebraska"
ISUTTU44410050131,2017,A01,Annual,NA,11.5,TTU,"Trade, transportation, and utilities",444100,Building material and supplies dealers,5,Number of injury cases (thousands) (Size class 0),0,RSE of Total recordable cases,131,"Private industry, Nebraska"
ISUTTU44410050131,2016,A01,Annual,NA,6.5,TTU,"Trade, transportation, and utilities",444100,Building material and supplies dealers,5,Number of injury cases (thousands) (Size class 0),0,RSE of Total recordable cases,131,"Private industry, Nebraska"
ISUTTU44410050131,2015,A01,Annual,NA,8.4,TTU,"Trade, transportation, and utilities",444100,Building material and supplies dealers,5,Number of injury cases (thousands) (Size class 0),0,RSE of Total recordable cases,131,"Private industry, Nebraska"
ISUTTU44410050131,2014,A01,Annual,NA,10.8,TTU,"Trade, transportation, and utilities",444100,Building material and supplies dealers,5,Number of injury cases (thousands) (Size class 0),0,RSE of Total recordable cases,131,"Private industry, Nebraska"
ISUTTU44410051131,2020,A01,Annual,NA,0.3,TTU,"Trade, transportation, and utilities",444100,Building material and supplies dealers,5,Number of injury cases (thousands) (Size class 0),1,Total recordable cases,131,"Private industry, Nebraska"
ISUTTU44410051131,2019,A01,Annual,NA,0.4,TTU,"Trade, transportation, and utilities",444100,Building material and supplies dealers,5,Number of injury cases (thousands) (Size class 0),1,Total recordable cases,131,"Private industry, Nebraska"
ISUTTU44410051131,2018,A01,Annual,NA,0.5,TTU,"Trade, transportation, and utilities",444100,Building material and supplies dealers,5,Number of injury cases (thousands) (Size class 0),1,Total recordable cases,131,"Private industry, Nebraska"
ISUTTU44410051131,2017,A01,Annual,NA,0.4,TTU,"Trade, transportation, and utilities",444100,Building material and supplies dealers,5,Number of injury cases (thousands) (Size class 0),1,Total recordable cases,131,"Private industry, Nebraska"
ISUTTU44410051131,2016,A01,Annual,NA,0.3,TTU,"Trade, transportation, and utilities",444100,Building material and supplies dealers,5,Number of injury cases (thousands) (Size class 0),1,Total recordable cases,131,"Private industry, Nebraska"
ISUTTU44410051131,2015,A01,Annual,NA,0.4,TTU,"Trade, transportation, and utilities",444100,Building material and supplies dealers,5,Number of injury cases (thousands) (Size class 0),1,Total recordable cases,131,"Private industry, Nebraska"
ISUTTU44410051131,2014,A01,Annual,NA,0.4,TTU,"Trade, transportation, and utilities",444100,Building material and supplies dealers,5,Number of injury cases (thousands) (Size class 0),1,Total recordable cases,131,"Private industry, Nebraska"
ISUTTU44411010131,2018,A01,Annual,TRUE,3.8,TTU,"Trade, transportation, and utilities",444110,Home centers,1,Rate of injury cases per 100 full-time workers (Size class 0),0,RSE of Total recordable cases,131,"Private industry, Nebraska"
ISUTTU44411010131,2015,A01,Annual,NA,1.6,TTU,"Trade, transportation, and utilities",444110,Home centers,1,Rate of injury cases per 100 full-time workers (Size class 0),0,RSE of Total recordable cases,131,"Private industry, Nebraska"
ISUTTU44411010131,2014,A01,Annual,NA,12,TTU,"Trade, transportation, and utilities",444110,Home centers,1,Rate of injury cases per 100 full-time workers (Size class 0),0,RSE of Total recordable cases,131,"Private industry, Nebraska"
ISUTTU44411011131,2018,A01,Annual,TRUE,6.6,TTU,"Trade, transportation, and utilities",444110,Home centers,1,Rate of injury cases per 100 full-time workers (Size class 0),1,Total recordable cases,131,"Private industry, Nebraska"
ISUTTU44411011131,2015,A01,Annual,NA,6.2,TTU,"Trade, transportation, and utilities",444110,Home centers,1,Rate of injury cases per 100 full-time workers (Size class 0),1,Total recordable cases,131,"Private industry, Nebraska"
ISUTTU44411011131,2014,A01,Annual,NA,7.1,TTU,"Trade, transportation, and utilities",444110,Home centers,1,Rate of injury cases per 100 full-time workers (Size class 0),1,Total recordable cases,131,"Private industry, Nebraska"
ISUTTU44411050131,2018,A01,Annual,TRUE,4.1,TTU,"Trade, transportation, and utilities",444110,Home centers,5,Number of injury cases (thousands) (Size class 0),0,RSE of Total recordable cases,131,"Private industry, Nebraska"
ISUTTU44411050131,2015,A01,Annual,NA,3.3,TTU,"Trade, transportation, and utilities",444110,Home centers,5,Number of injury cases (thousands) (Size class 0),0,RSE of Total recordable cases,131,"Private industry, Nebraska"
ISUTTU44411050131,2014,A01,Annual,NA,7.7,TTU,"Trade, transportation, and utilities",444110,Home centers,5,Number of injury cases (thousands) (Size class 0),0,RSE of Total recordable cases,131,"Private industry, Nebraska"
ISUTTU44411051131,2018,A01,Annual,TRUE,0.3,TTU,"Trade, transportation, and utilities",444110,Home centers,5,Number of injury cases (thousands) (Size class 0),1,Total recordable cases,131,"Private industry, Nebraska"
ISUTTU44411051131,2015,A01,Annual,NA,0.3,TTU,"Trade, transportation, and utilities",444110,Home centers,5,Number of injury cases (thousands) (Size class 0),1,Total recordable cases,131,"Private industry, Nebraska"
ISUTTU44411051131,2014,A01,Annual,NA,0.3,TTU,"Trade, transportation, and utilities",444110,Home centers,5,Number of injury cases (thousands) (Size class 0),1,Total recordable cases,131,"Private industry, Nebraska"
ISUTTU44419010131,2019,A01,Annual,NA,21.1,TTU,"Trade, transportation, and utilities",444190,Other building material dealers,1,Rate of injury cases per 100 full-time workers (Size class 0),0,RSE of Total recordable cases,131,"Private industry, Nebraska"
ISUTTU44419010131,2018,A01,Annual,NA,30.8,TTU,"Trade, transportation, and utilities",444190,Other building material dealers,1,Rate of injury cases per 100 full-time workers (Size class 0),0,RSE of Total recordable cases,131,"Private industry, Nebraska"
ISUTTU44419010131,2017,A01,Annual,NA,13.6,TTU,"Trade, transportation, and utilities",444190,Other building material dealers,1,Rate of injury cases per 100 full-time workers (Size class 0),0,RSE of Total recordable cases,131,"Private industry, Nebraska"
ISUTTU44419010131,2016,A01,Annual,NA,18,TTU,"Trade, transportation, and utilities",444190,Other building material dealers,1,Rate of injury cases per 100 full-time workers (Size class 0),0,RSE of Total recordable cases,131,"Private industry, Nebraska"
ISUTTU44419010131,2015,A01,Annual,NA,26.9,TTU,"Trade, transportation, and utilities",444190,Other building material dealers,1,Rate of injury cases per 100 full-time workers (Size class 0),0,RSE of Total recordable cases,131,"Private industry, Nebraska"
ISUTTU44419010131,2014,A01,Annual,NA,33.6,TTU,"Trade, transportation, and utilities",444190,Other building material dealers,1,Rate of injury cases per 100 full-time workers (Size class 0),0,RSE of Total recordable cases,131,"Private industry, Nebraska"
ISUTTU44419011131,2019,A01,Annual,NA,6.6,TTU,"Trade, transportation, and utilities",444190,Other building material dealers,1,Rate of injury cases per 100 full-time workers (Size class 0),1,Total recordable cases,131,"Private industry, Nebraska"
ISUTTU44419011131,2018,A01,Annual,NA,11.3,TTU,"Trade, transportation, and utilities",444190,Other building material dealers,1,Rate of injury cases per 100 full-time workers (Size class 0),1,Total recordable cases,131,"Private industry, Nebraska"
ISUTTU44419011131,2017,A01,Annual,NA,6.2,TTU,"Trade, transportation, and utilities",444190,Other building material dealers,1,Rate of injury cases per 100 full-time workers (Size class 0),1,Total recordable cases,131,"Private industry, Nebraska"
ISUTTU44419011131,2016,A01,Annual,NA,5.8,TTU,"Trade, transportation, and utilities",444190,Other building material dealers,1,Rate of injury cases per 100 full-time workers (Size class 0),1,Total recordable cases,131,"Private industry, Nebraska"
ISUTTU44419011131,2015,A01,Annual,NA,5.7,TTU,"Trade, transportation, and utilities",444190,Other building material dealers,1,Rate of injury cases per 100 full-time workers (Size class 0),1,Total recordable cases,131,"Private industry, Nebraska"
ISUTTU44419011131,2014,A01,Annual,NA,6.5,TTU,"Trade, transportation, and utilities",444190,Other building material dealers,1,Rate of injury cases per 100 full-time workers (Size class 0),1,Total recordable cases,131,"Private industry, Nebraska"
ISUTTU44419050131,2019,A01,Annual,NA,24,TTU,"Trade, transportation, and utilities",444190,Other building material dealers,5,Number of injury cases (thousands) (Size class 0),0,RSE of Total recordable cases,131,"Private industry, Nebraska"
ISUTTU44419050131,2018,A01,Annual,NA,28.8,TTU,"Trade, transportation, and utilities",444190,Other building material dealers,5,Number of injury cases (thousands) (Size class 0),0,RSE of Total recordable cases,131,"Private industry, Nebraska"
ISUTTU44419050131,2017,A01,Annual,NA,13.1,TTU,"Trade, transportation, and utilities",444190,Other building material dealers,5,Number of injury cases (thousands) (Size class 0),0,RSE of Total recordable cases,131,"Private industry, Nebraska"
ISUTTU44419050131,2016,A01,Annual,NA,16.9,TTU,"Trade, transportation, and utilities",444190,Other building material dealers,5,Number of injury cases (thousands) (Size class 0),0,RSE of Total recordable cases,131,"Private industry, Nebraska"
ISUTTU44419050131,2015,A01,Annual,NA,28.3,TTU,"Trade, transportation, and utilities",444190,Other building material dealers,5,Number of injury cases (thousands) (Size class 0),0,RSE of Total recordable cases,131,"Private industry, Nebraska"
ISUTTU44419050131,2014,A01,Annual,NA,34,TTU,"Trade, transportation, and utilities",444190,Other building material dealers,5,Number of injury cases (thousands) (Size class 0),0,RSE of Total recordable cases,131,"Private industry, Nebraska"
ISUTTU44419051131,2019,A01,Annual,NA,0.1,TTU,"Trade, transportation, and utilities",444190,Other building material dealers,5,Number of injury cases (thousands) (Size class 0),1,Total recordable cases,131,"Private industry, Nebraska"
ISUTTU44419051131,2018,A01,Annual,NA,0.2,TTU,"Trade, transportation, and utilities",444190,Other building material dealers,5,Number of injury cases (thousands) (Size class 0),1,Total recordable cases,131,"Private industry, Nebraska"
ISUTTU44419051131,2017,A01,Annual,NA,0.1,TTU,"Trade, transportation, and utilities",444190,Other building material dealers,5,Number of injury cases (thousands) (Size class 0),1,Total recordable cases,131,"Private industry, Nebraska"
ISUTTU44419051131,2016,A01,Annual,NA,0.1,TTU,"Trade, transportation, and utilities",444190,Other building material dealers,5,Number of injury cases (thousands) (Size class 0),1,Total recordable cases,131,"Private industry, Nebraska"
ISUTTU44419051131,2015,A01,Annual,NA,0.1,TTU,"Trade, transportation, and utilities",444190,Other building material dealers,5,Number of injury cases (thousands) (Size class 0),1,Total recordable cases,131,"Private industry, Nebraska"
ISUTTU44419051131,2014,A01,Annual,NA,0.1,TTU,"Trade, transportation, and utilities",444190,Other building material dealers,5,Number of injury cases (thousands) (Size class 0),1,Total recordable cases,131,"Private industry, Nebraska"
ISUTTU44420010131,2020,A01,Annual,TRUE,21.7,TTU,"Trade, transportation, and utilities",444200,Lawn and garden equipment and supplies stores,1,Rate of injury cases per 100 full-time workers (Size class 0),0,RSE of Total recordable cases,131,"Private industry, Nebraska"
ISUTTU44420010131,2019,A01,Annual,NA,32,TTU,"Trade, transportation, and utilities",444200,Lawn and garden equipment and supplies stores,1,Rate of injury cases per 100 full-time workers (Size class 0),0,RSE of Total recordable cases,131,"Private industry, Nebraska"
ISUTTU44420010131,2017,A01,Annual,NA,34.5,TTU,"Trade, transportation, and utilities",444200,Lawn and garden equipment and supplies stores,1,Rate of injury cases per 100 full-time workers (Size class 0),0,RSE of Total recordable cases,131,"Private industry, Nebraska"
ISUTTU44420010131,2016,A01,Annual,NA,45.4,TTU,"Trade, transportation, and utilities",444200,Lawn and garden equipment and supplies stores,1,Rate of injury cases per 100 full-time workers (Size class 0),0,RSE of Total recordable cases,131,"Private industry, Nebraska"
ISUTTU44420010131,2015,A01,Annual,NA,55.7,TTU,"Trade, transportation, and utilities",444200,Lawn and garden equipment and supplies stores,1,Rate of injury cases per 100 full-time workers (Size class 0),0,RSE of Total recordable cases,131,"Private industry, Nebraska"
ISUTTU44420011131,2020,A01,Annual,TRUE,4.6,TTU,"Trade, transportation, and utilities",444200,Lawn and garden equipment and supplies stores,1,Rate of injury cases per 100 full-time workers (Size class 0),1,Total recordable cases,131,"Private industry, Nebraska"
ISUTTU44420011131,2019,A01,Annual,NA,7,TTU,"Trade, transportation, and utilities",444200,Lawn and garden equipment and supplies stores,1,Rate of injury cases per 100 full-time workers (Size class 0),1,Total recordable cases,131,"Private industry, Nebraska"
ISUTTU44420011131,2017,A01,Annual,NA,6.4,TTU,"Trade, transportation, and utilities",444200,Lawn and garden equipment and supplies stores,1,Rate of injury cases per 100 full-time workers (Size class 0),1,Total recordable cases,131,"Private industry, Nebraska"
ISUTTU44420011131,2016,A01,Annual,NA,7.2,TTU,"Trade, transportation, and utilities",444200,Lawn and garden equipment and supplies stores,1,Rate of injury cases per 100 full-time workers (Size class 0),1,Total recordable cases,131,"Private industry, Nebraska"
ISUTTU44420011131,2015,A01,Annual,NA,5.1,TTU,"Trade, transportation, and utilities",444200,Lawn and garden equipment and supplies stores,1,Rate of injury cases per 100 full-time workers (Size class 0),1,Total recordable cases,131,"Private industry, Nebraska"
ISUPBS56200010131,2019,A01,Annual,TRUE,17.9,PBS,Professional and business services,562000,Waste management and remediation services,1,Rate of injury cases per 100 full-time workers (Size class 0),0,RSE of Total recordable cases,131,"Private industry, Nebraska"
ISUPBS56200010131,2018,A01,Annual,NA,29.6,PBS,Professional and business services,562000,Waste management and remediation services,1,Rate of injury cases per 100 full-time workers (Size class 0),0,RSE of Total recordable cases,131,"Private industry, Nebraska"
ISUPBS56200010131,2017,A01,Annual,NA,32.4,PBS,Professional and business services,562000,Waste management and remediation services,1,Rate of injury cases per 100 full-time workers (Size class 0),0,RSE of Total recordable cases,131,"Private industry, Nebraska"
ISUPBS56200010131,2016,A01,Annual,NA,36.6,PBS,Professional and business services,562000,Waste management and remediation services,1,Rate of injury cases per 100 full-time workers (Size class 0),0,RSE of Total recordable cases,131,"Private industry, Nebraska"
ISUPBS56200010131,2015,A01,Annual,NA,26.8,PBS,Professional and business services,562000,Waste management and remediation services,1,Rate of injury cases per 100 full-time workers (Size class 0),0,RSE of Total recordable cases,131,"Private industry, Nebraska"
ISUPBS56200010131,2014,A01,Annual,NA,25.5,PBS,Professional and business services,562000,Waste management and remediation services,1,Rate of injury cases per 100 full-time workers (Size class 0),0,RSE of Total recordable cases,131,"Private industry, Nebraska"
ISUPBS56200011131,2019,A01,Annual,TRUE,3.5,PBS,Professional and business services,562000,Waste management and remediation services,1,Rate of injury cases per 100 full-time workers (Size class 0),1,Total recordable cases,131,"Private industry, Nebraska"
ISUPBS56200011131,2018,A01,Annual,NA,4.1,PBS,Professional and business services,562000,Waste management and remediation services,1,Rate of injury cases per 100 full-time workers (Size class 0),1,Total recordable cases,131,"Private industry, Nebraska"
ISUPBS56200011131,2017,A01,Annual,NA,2,PBS,Professional and business services,562000,Waste management and remediation services,1,Rate of injury cases per 100 full-time workers (Size class 0),1,Total recordable cases,131,"Private industry, Nebraska"
ISUPBS56200011131,2016,A01,Annual,NA,2.7,PBS,Professional and business services,562000,Waste management and remediation services,1,Rate of injury cases per 100 full-time workers (Size class 0),1,Total recordable cases,131,"Private industry, Nebraska"
ISUPBS56200011131,2015,A01,Annual,NA,7.8,PBS,Professional and business services,562000,Waste management and remediation services,1,Rate of injury cases per 100 full-time workers (Size class 0),1,Total recordable cases,131,"Private industry, Nebraska"
ISUPBS56200011131,2014,A01,Annual,NA,6.1,PBS,Professional and business services,562000,Waste management and remediation services,1,Rate of injury cases per 100 full-time workers (Size class 0),1,Total recordable cases,131,"Private industry, Nebraska"
ISUPBS56200050131,2019,A01,Annual,TRUE,17.4,PBS,Professional and business services,562000,Waste management and remediation services,5,Number of injury cases (thousands) (Size class 0),0,RSE of Total recordable cases,131,"Private industry, Nebraska"
ISUPBS56200050131,2018,A01,Annual,NA,30.7,PBS,Professional and business services,562000,Waste management and remediation services,5,Number of injury cases (thousands) (Size class 0),0,RSE of Total recordable cases,131,"Private industry, Nebraska"
ISUPBS56200050131,2017,A01,Annual,NA,34.1,PBS,Professional and business services,562000,Waste management and remediation services,5,Number of injury cases (thousands) (Size class 0),0,RSE of Total recordable cases,131,"Private industry, Nebraska"
ISUPBS56200050131,2016,A01,Annual,NA,36.6,PBS,Professional and business services,562000,Waste management and remediation services,5,Number of injury cases (thousands) (Size class 0),0,RSE of Total recordable cases,131,"Private industry, Nebraska"
ISUPBS56200050131,2015,A01,Annual,NA,30.3,PBS,Professional and business services,562000,Waste management and remediation services,5,Number of injury cases (thousands) (Size class 0),0,RSE of Total recordable cases,131,"Private industry, Nebraska"
ISUPBS56200050131,2014,A01,Annual,NA,25.2,PBS,Professional and business services,562000,Waste management and remediation services,5,Number of injury cases (thousands) (Size class 0),0,RSE of Total recordable cases,131,"Private industry, Nebraska"
ISUPBS56200051131,2019,A01,Annual,TRUE,0.1,PBS,Professional and business services,562000,Waste management and remediation services,5,Number of injury cases (thousands) (Size class 0),1,Total recordable cases,131,"Private industry, Nebraska"
ISUPBS56200051131,2018,A01,Annual,NA,0.1,PBS,Professional and business services,562000,Waste management and remediation services,5,Number of injury cases (thousands) (Size class 0),1,Total recordable cases,131,"Private industry, Nebraska"
ISUPBS56200051131,2017,A01,Annual,NA,0.1,PBS,Professional and business services,562000,Waste management and remediation services,5,Number of injury cases (thousands) (Size class 0),1,Total recordable cases,131,"Private industry, Nebraska"
ISUPBS56200051131,2016,A01,Annual,NA,0.1,PBS,Professional and business services,562000,Waste management and remediation services,5,Number of injury cases (thousands) (Size class 0),1,Total recordable cases,131,"Private industry, Nebraska"
ISUPBS56200051131,2015,A01,Annual,NA,0.2,PBS,Professional and business services,562000,Waste management and remediation services,5,Number of injury cases (thousands) (Size class 0),1,Total recordable cases,131,"Private industry, Nebraska"
ISUPBS56200051131,2014,A01,Annual,NA,0.2,PBS,Professional and business services,562000,Waste management and remediation services,5,Number of injury cases (thousands) (Size class 0),1,Total recordable cases,131,"Private industry, Nebraska"
ISUPBSSP1PBS10131,2020,A01,Annual,NA,12.8,PBS,Professional and business services,SP1PBS,Professional and business services,1,Rate of injury cases per 100 full-time workers (Size class 0),0,RSE of Total recordable cases,131,"Private industry, Nebraska"
ISUPBSSP1PBS10131,2019,A01,Annual,NA,14.8,PBS,Professional and business services,SP1PBS,Professional and business services,1,Rate of injury cases per 100 full-time workers (Size class 0),0,RSE of Total recordable cases,131,"Private industry, Nebraska"
ISUPBSSP1PBS10131,2018,A01,Annual,NA,19,PBS,Professional and business services,SP1PBS,Professional and business services,1,Rate of injury cases per 100 full-time workers (Size class 0),0,RSE of Total recordable cases,131,"Private industry, Nebraska"
ISUPBSSP1PBS10131,2017,A01,Annual,NA,20.9,PBS,Professional and business services,SP1PBS,Professional and business services,1,Rate of injury cases per 100 full-time workers (Size class 0),0,RSE of Total recordable cases,131,"Private industry, Nebraska"
ISUPBSSP1PBS10131,2016,A01,Annual,NA,17.7,PBS,Professional and business services,SP1PBS,Professional and business services,1,Rate of injury cases per 100 full-time workers (Size class 0),0,RSE of Total recordable cases,131,"Private industry, Nebraska"
ISUPBSSP1PBS10131,2015,A01,Annual,NA,14.8,PBS,Professional and business services,SP1PBS,Professional and business services,1,Rate of injury cases per 100 full-time workers (Size class 0),0,RSE of Total recordable cases,131,"Private industry, Nebraska"
ISUPBSSP1PBS10131,2014,A01,Annual,NA,12.5,PBS,Professional and business services,SP1PBS,Professional and business services,1,Rate of injury cases per 100 full-time workers (Size class 0),0,RSE of Total recordable cases,131,"Private industry, Nebraska"
ISUPBSSP1PBS11131,2020,A01,Annual,NA,0.7,PBS,Professional and business services,SP1PBS,Professional and business services,1,Rate of injury cases per 100 full-time workers (Size class 0),1,Total recordable cases,131,"Private industry, Nebraska"
ISUPBSSP1PBS11131,2019,A01,Annual,NA,1.3,PBS,Professional and business services,SP1PBS,Professional and business services,1,Rate of injury cases per 100 full-time workers (Size class 0),1,Total recordable cases,131,"Private industry, Nebraska"
ISUPBSSP1PBS11131,2018,A01,Annual,NA,1.6,PBS,Professional and business services,SP1PBS,Professional and business services,1,Rate of injury cases per 100 full-time workers (Size class 0),1,Total recordable cases,131,"Private industry, Nebraska"
ISUPBSSP1PBS11131,2017,A01,Annual,NA,1.5,PBS,Professional and business services,SP1PBS,Professional and business services,1,Rate of injury cases per 100 full-time workers (Size class 0),1,Total recordable cases,131,"Private industry, Nebraska"
ISUPBSSP1PBS11131,2016,A01,Annual,NA,1.8,PBS,Professional and business services,SP1PBS,Professional and business services,1,Rate of injury cases per 100 full-time workers (Size class 0),1,Total recordable cases,131,"Private industry, Nebraska"
ISUPBSSP1PBS11131,2015,A01,Annual,NA,1.3,PBS,Professional and business services,SP1PBS,Professional and business services,1,Rate of injury cases per 100 full-time workers (Size class 0),1,Total recordable cases,131,"Private industry, Nebraska"
ISUPBSSP1PBS11131,2014,A01,Annual,NA,1,PBS,Professional and business services,SP1PBS,Professional and business services,1,Rate of injury cases per 100 full-time workers (Size class 0),1,Total recordable cases,131,"Private industry, Nebraska"
ISUPBSSP1PBS50131,2020,A01,Annual,NA,12.9,PBS,Professional and business services,SP1PBS,Professional and business services,5,Number of injury cases (thousands) (Size class 0),0,RSE of Total recordable cases,131,"Private industry, Nebraska"
ISUPBSSP1PBS50131,2019,A01,Annual,NA,13.6,PBS,Professional and business services,SP1PBS,Professional and business services,5,Number of injury cases (thousands) (Size class 0),0,RSE of Total recordable cases,131,"Private industry, Nebraska"
ISUPBSSP1PBS50131,2018,A01,Annual,NA,18.7,PBS,Professional and business services,SP1PBS,Professional and business services,5,Number of injury cases (thousands) (Size class 0),0,RSE of Total recordable cases,131,"Private industry, Nebraska"
ISUPBSSP1PBS50131,2017,A01,Annual,NA,20.5,PBS,Professional and business services,SP1PBS,Professional and business services,5,Number of injury cases (thousands) (Size class 0),0,RSE of Total recordable cases,131,"Private industry, Nebraska"
ISUPBSSP1PBS50131,2016,A01,Annual,NA,17.4,PBS,Professional and business services,SP1PBS,Professional and business services,5,Number of injury cases (thousands) (Size class 0),0,RSE of Total recordable cases,131,"Private industry, Nebraska"
ISUPBSSP1PBS50131,2015,A01,Annual,NA,14.5,PBS,Professional and business services,SP1PBS,Professional and business services,5,Number of injury cases (thousands) (Size class 0),0,RSE of Total recordable cases,131,"Private industry, Nebraska"
ISUPBSSP1PBS50131,2014,A01,Annual,NA,11.3,PBS,Professional and business services,SP1PBS,Professional and business services,5,Number of injury cases (thousands) (Size class 0),0,RSE of Total recordable cases,131,"Private industry, Nebraska"
ISUPBSSP1PBS51131,2020,A01,Annual,NA,0.7,PBS,Professional and business services,SP1PBS,Professional and business services,5,Number of injury cases (thousands) (Size class 0),1,Total recordable cases,131,"Private industry, Nebraska"
ISUPBSSP1PBS51131,2019,A01,Annual,NA,1.3,PBS,Professional and business services,SP1PBS,Professional and business services,5,Number of injury cases (thousands) (Size class 0),1,Total recordable cases,131,"Private industry, Nebraska"
ISUPBSSP1PBS51131,2018,A01,Annual,NA,1.5,PBS,Professional and business services,SP1PBS,Professional and business services,5,Number of injury cases (thousands) (Size class 0),1,Total recordable cases,131,"Private industry, Nebraska"
ISUPBSSP1PBS51131,2017,A01,Annual,NA,1.4,PBS,Professional and business services,SP1PBS,Professional and business services,5,Number of injury cases (thousands) (Size class 0),1,Total recordable cases,131,"Private industry, Nebraska"
ISUPBSSP1PBS51131,2016,A01,Annual,NA,1.7,PBS,Professional and business services,SP1PBS,Professional and business services,5,Number of injury cases (thousands) (Size class 0),1,Total recordable cases,131,"Private industry, Nebraska"
ISUPBSSP1PBS51131,2015,A01,Annual,NA,1.2,PBS,Professional and business services,SP1PBS,Professional and business services,5,Number of injury cases (thousands) (Size class 0),1,Total recordable cases,131,"Private industry, Nebraska"
ISUPBSSP1PBS51131,2014,A01,Annual,NA,0.9,PBS,Professional and business services,SP1PBS,Professional and business services,5,Number of injury cases (thousands) (Size class 0),1,Total recordable cases,131,"Private industry, Nebraska"
ISUPBSSP2ADW10131,2020,A01,Annual,NA,17.5,PBS,Professional and business services,SP2ADW,Administrative and support and waste management and remediation services,1,Rate of injury cases per 100 full-time workers (Size class 0),0,RSE of Total recordable cases,131,"Private industry, Nebraska"
ISUPBSSP2ADW10131,2019,A01,Annual,NA,10.3,PBS,Professional and business services,SP2ADW,Administrative and support and waste management and remediation services,1,Rate of injury cases per 100 full-time workers (Size class 0),0,RSE of Total recordable cases,131,"Private industry, Nebraska"
ISUPBSSP2ADW10131,2018,A01,Annual,NA,13.3,PBS,Professional and business services,SP2ADW,Administrative and support and waste management and remediation services,1,Rate of injury cases per 100 full-time workers (Size class 0),0,RSE of Total recordable cases,131,"Private industry, Nebraska"
ISUPBSSP2ADW10131,2017,A01,Annual,NA,24.3,PBS,Professional and business services,SP2ADW,Administrative and support and waste management and remediation services,1,Rate of injury cases per 100 full-time workers (Size class 0),0,RSE of Total recordable cases,131,"Private industry, Nebraska"
ISUPBSSP2ADW10131,2016,A01,Annual,NA,14.1,PBS,Professional and business services,SP2ADW,Administrative and support and waste management and remediation services,1,Rate of injury cases per 100 full-time workers (Size class 0),0,RSE of Total recordable cases,131,"Private industry, Nebraska"
ISUPBSSP2ADW10131,2015,A01,Annual,NA,18.8,PBS,Professional and business services,SP2ADW,Administrative and support and waste management and remediation services,1,Rate of injury cases per 100 full-time workers (Size class 0),0,RSE of Total recordable cases,131,"Private industry, Nebraska"
ISUPBSSP2ADW10131,2014,A01,Annual,NA,16.2,PBS,Professional and business services,SP2ADW,Administrative and support and waste management and remediation services,1,Rate of injury cases per 100 full-time workers (Size class 0),0,RSE of Total recordable cases,131,"Private industry, Nebraska"
ISUPBSSP2ADW11131,2020,A01,Annual,NA,0.9,PBS,Professional and business services,SP2ADW,Administrative and support and waste management and remediation services,1,Rate of injury cases per 100 full-time workers (Size class 0),1,Total recordable cases,131,"Private industry, Nebraska"
ISUPBSSP2ADW11131,2019,A01,Annual,NA,1.7,PBS,Professional and business services,SP2ADW,Administrative and support and waste management and remediation services,1,Rate of injury cases per 100 full-time workers (Size class 0),1,Total recordable cases,131,"Private industry, Nebraska"
ISUPBSSP2ADW11131,2018,A01,Annual,NA,1.9,PBS,Professional and business services,SP2ADW,Administrative and support and waste management and remediation services,1,Rate of injury cases per 100 full-time workers (Size class 0),1,Total recordable cases,131,"Private industry, Nebraska"
ISUPBSSP2ADW11131,2017,A01,Annual,NA,2.1,PBS,Professional and business services,SP2ADW,Administrative and support and waste management and remediation services,1,Rate of injury cases per 100 full-time workers (Size class 0),1,Total recordable cases,131,"Private industry, Nebraska"
ISUPBSSP2ADW11131,2016,A01,Annual,NA,2.1,PBS,Professional and business services,SP2ADW,Administrative and support and waste management and remediation services,1,Rate of injury cases per 100 full-time workers (Size class 0),1,Total recordable cases,131,"Private industry, Nebraska"
ISUPBSSP2ADW11131,2015,A01,Annual,NA,2,PBS,Professional and business services,SP2ADW,Administrative and support and waste management and remediation services,1,Rate of injury cases per 100 full-time workers (Size class 0),1,Total recordable cases,131,"Private industry, Nebraska"
ISUPBSSP2ADW11131,2014,A01,Annual,NA,1.9,PBS,Professional and business services,SP2ADW,Administrative and support and waste management and remediation services,1,Rate of injury cases per 100 full-time workers (Size class 0),1,Total recordable cases,131,"Private industry, Nebraska"
ISUPBSSP2ADW50131,2020,A01,Annual,NA,18.4,PBS,Professional and business services,SP2ADW,Administrative and support and waste management and remediation services,5,Number of injury cases (thousands) (Size class 0),0,RSE of Total recordable cases,131,"Private industry, Nebraska"
ISUPBSSP2ADW50131,2019,A01,Annual,NA,9.4,PBS,Professional and business services,SP2ADW,Administrative and support and waste management and remediation services,5,Number of injury cases (thousands) (Size class 0),0,RSE of Total recordable cases,131,"Private industry, Nebraska"
ISUPBSSP2ADW50131,2018,A01,Annual,NA,12.4,PBS,Professional and business services,SP2ADW,Administrative and support and waste management and remediation services,5,Number of injury cases (thousands) (Size class 0),0,RSE of Total recordable cases,131,"Private industry, Nebraska"
ISUPBSSP2ADW50131,2017,A01,Annual,NA,23.4,PBS,Professional and business services,SP2ADW,Administrative and support and waste management and remediation services,5,Number of injury cases (thousands) (Size class 0),0,RSE of Total recordable cases,131,"Private industry, Nebraska"
ISUPBSSP2ADW50131,2016,A01,Annual,NA,13.6,PBS,Professional and business services,SP2ADW,Administrative and support and waste management and remediation services,5,Number of injury cases (thousands) (Size class 0),0,RSE of Total recordable cases,131,"Private industry, Nebraska"
ISUPBSSP2ADW50131,2015,A01,Annual,NA,18.7,PBS,Professional and business services,SP2ADW,Administrative and support and waste management and remediation services,5,Number of injury cases (thousands) (Size class 0),0,RSE of Total recordable cases,131,"Private industry, Nebraska"
ISUPBSSP2ADW50131,2014,A01,Annual,NA,15.1,PBS,Professional and business services,SP2ADW,Administrative and support and waste management and remediation services,5,Number of injury cases (thousands) (Size class 0),0,RSE of Total recordable cases,131,"Private industry, Nebraska"
ISUPBSSP2ADW51131,2020,A01,Annual,NA,0.3,PBS,Professional and business services,SP2ADW,Administrative and support and waste management and remediation services,5,Number of injury cases (thousands) (Size class 0),1,Total recordable cases,131,"Private industry, Nebraska"
ISUPBSSP2ADW51131,2019,A01,Annual,NA,0.6,PBS,Professional and business services,SP2ADW,Administrative and support and waste management and remediation services,5,Number of injury cases (thousands) (Size class 0),1,Total recordable cases,131,"Private industry, Nebraska"
ISUPBSSP2ADW51131,2018,A01,Annual,NA,0.6,PBS,Professional and business services,SP2ADW,Administrative and support and waste management and remediation services,5,Number of injury cases (thousands) (Size class 0),1,Total recordable cases,131,"Private industry, Nebraska"
ISUPBSSP2ADW51131,2017,A01,Annual,NA,0.6,PBS,Professional and business services,SP2ADW,Administrative and support and waste management and remediation services,5,Number of injury cases (thousands) (Size class 0),1,Total recordable cases,131,"Private industry, Nebraska"
ISUPBSSP2ADW51131,2016,A01,Annual,NA,0.7,PBS,Professional and business services,SP2ADW,Administrative and support and waste management and remediation services,5,Number of injury cases (thousands) (Size class 0),1,Total recordable cases,131,"Private industry, Nebraska"
ISUPBSSP2ADW51131,2015,A01,Annual,NA,0.6,PBS,Professional and business services,SP2ADW,Administrative and support and waste management and remediation services,5,Number of injury cases (thousands) (Size class 0),1,Total recordable cases,131,"Private industry, Nebraska"
ISUPBSSP2ADW51131,2014,A01,Annual,NA,0.6,PBS,Professional and business services,SP2ADW,Administrative and support and waste management and remediation services,5,Number of injury cases (thousands) (Size class 0),1,Total recordable cases,131,"Private industry, Nebraska"
ISUPBSSP2MCE10131,2020,A01,Annual,NA,24.8,PBS,Professional and business services,SP2MCE,Management of companies and enterprises,1,Rate of injury cases per 100 full-time workers (Size class 0),0,RSE of Total recordable cases,131,"Private industry, Nebraska"
ISUPBSSP2MCE10131,2019,A01,Annual,NA,19.1,PBS,Professional and business services,SP2MCE,Management of companies and enterprises,1,Rate of injury cases per 100 full-time workers (Size class 0),0,RSE of Total recordable cases,131,"Private industry, Nebraska"
ISUPBSSP2MCE10131,2018,A01,Annual,NA,21,PBS,Professional and business services,SP2MCE,Management of companies and enterprises,1,Rate of injury cases per 100 full-time workers (Size class 0),0,RSE of Total recordable cases,131,"Private industry, Nebraska"
ISUPBSSP2MCE10131,2017,A01,Annual,NA,8.4,PBS,Professional and business services,SP2MCE,Management of companies and enterprises,1,Rate of injury cases per 100 full-time workers (Size class 0),0,RSE of Total recordable cases,131,"Private industry, Nebraska"
ISUPBSSP2MCE10131,2016,A01,Annual,NA,11.9,PBS,Professional and business services,SP2MCE,Management of companies and enterprises,1,Rate of injury cases per 100 full-time workers (Size class 0),0,RSE of Total recordable cases,131,"Private industry, Nebraska"
ISUPBSSP2MCE10131,2015,A01,Annual,NA,23.5,PBS,Professional and business services,SP2MCE,Management of companies and enterprises,1,Rate of injury cases per 100 full-time workers (Size class 0),0,RSE of Total recordable cases,131,"Private industry, Nebraska"
ISUPBSSP2MCE10131,2014,A01,Annual,NA,18.5,PBS,Professional and business services,SP2MCE,Management of companies and enterprises,1,Rate of injury cases per 100 full-time workers (Size class 0),0,RSE of Total recordable cases,131,"Private industry, Nebraska"
ISUPBSSP2MCE11131,2020,A01,Annual,NA,0.9,PBS,Professional and business services,SP2MCE,Management of companies and enterprises,1,Rate of injury cases per 100 full-time workers (Size class 0),1,Total recordable cases,131,"Private industry, Nebraska"
ISUPBSSP2MCE11131,2019,A01,Annual,NA,1.1,PBS,Professional and business services,SP2MCE,Management of companies and enterprises,1,Rate of injury cases per 100 full-time workers (Size class 0),1,Total recordable cases,131,"Private industry, Nebraska"
ISUPBSSP2MCE11131,2018,A01,Annual,NA,1,PBS,Professional and business services,SP2MCE,Management of companies and enterprises,1,Rate of injury cases per 100 full-time workers (Size class 0),1,Total recordable cases,131,"Private industry, Nebraska"
ISUPBSSP2MCE11131,2017,A01,Annual,NA,1.1,PBS,Professional and business services,SP2MCE,Management of companies and enterprises,1,Rate of injury cases per 100 full-time workers (Size class 0),1,Total recordable cases,131,"Private industry, Nebraska"
ISUPBSSP2MCE11131,2016,A01,Annual,NA,1.1,PBS,Professional and business services,SP2MCE,Management of companies and enterprises,1,Rate of injury cases per 100 full-time workers (Size class 0),1,Total recordable cases,131,"Private industry, Nebraska"
ISUPBSSP2MCE11131,2015,A01,Annual,NA,1.4,PBS,Professional and business services,SP2MCE,Management of companies and enterprises,1,Rate of injury cases per 100 full-time workers (Size class 0),1,Total recordable cases,131,"Private industry, Nebraska"
ISUPBSSP2MCE11131,2014,A01,Annual,NA,1,PBS,Professional and business services,SP2MCE,Management of companies and enterprises,1,Rate of injury cases per 100 full-time workers (Size class 0),1,Total recordable cases,131,"Private industry, Nebraska"
ISUPBSSP2MCE50131,2020,A01,Annual,NA,25.5,PBS,Professional and business services,SP2MCE,Management of companies and enterprises,5,Number of injury cases (thousands) (Size class 0),0,RSE of Total recordable cases,131,"Private industry, Nebraska"
ISUPBSSP2MCE50131,2019,A01,Annual,NA,18.9,PBS,Professional and business services,SP2MCE,Management of companies and enterprises,5,Number of injury cases (thousands) (Size class 0),0,RSE of Total recordable cases,131,"Private industry, Nebraska"
ISUPBSSP2MCE50131,2018,A01,Annual,NA,20.2,PBS,Professional and business services,SP2MCE,Management of companies and enterprises,5,Number of injury cases (thousands) (Size class 0),0,RSE of Total recordable cases,131,"Private industry, Nebraska"
ISUPBSSP2MCE50131,2017,A01,Annual,NA,8.3,PBS,Professional and business services,SP2MCE,Management of companies and enterprises,5,Number of injury cases (thousands) (Size class 0),0,RSE of Total recordable cases,131,"Private industry, Nebraska"
ISUPBSSP2MCE50131,2016,A01,Annual,NA,12.2,PBS,Professional and business services,SP2MCE,Management of companies and enterprises,5,Number of injury cases (thousands) (Size class 0),0,RSE of Total recordable cases,131,"Private industry, Nebraska"
ISUPBSSP2MCE50131,2015,A01,Annual,NA,23.7,PBS,Professional and business services,SP2MCE,Management of companies and enterprises,5,Number of injury cases (thousands) (Size class 0),0,RSE of Total recordable cases,131,"Private industry, Nebraska"
ISUPBSSP2MCE50131,2014,A01,Annual,NA,18.5,PBS,Professional and business services,SP2MCE,Management of companies and enterprises,5,Number of injury cases (thousands) (Size class 0),0,RSE of Total recordable cases,131,"Private industry, Nebraska"
ISUPBSSP2MCE51131,2020,A01,Annual,NA,0.2,PBS,Professional and business services,SP2MCE,Management of companies and enterprises,5,Number of injury cases (thousands) (Size class 0),1,Total recordable cases,131,"Private industry, Nebraska"
ISUPBSSP2MCE51131,2019,A01,Annual,NA,0.2,PBS,Professional and business services,SP2MCE,Management of companies and enterprises,5,Number of injury cases (thousands) (Size class 0),1,Total recordable cases,131,"Private industry, Nebraska"
ISUPBSSP2MCE51131,2018,A01,Annual,NA,0.2,PBS,Professional and business services,SP2MCE,Management of companies and enterprises,5,Number of injury cases (thousands) (Size class 0),1,Total recordable cases,131,"Private industry, Nebraska"
ISUPBSSP2MCE51131,2017,A01,Annual,NA,0.2,PBS,Professional and business services,SP2MCE,Management of companies and enterprises,5,Number of injury cases (thousands) (Size class 0),1,Total recordable cases,131,"Private industry, Nebraska"
ISUPBSSP2MCE51131,2016,A01,Annual,NA,0.2,PBS,Professional and business services,SP2MCE,Management of companies and enterprises,5,Number of injury cases (thousands) (Size class 0),1,Total recordable cases,131,"Private industry, Nebraska"
ISUPBSSP2MCE51131,2015,A01,Annual,NA,0.3,PBS,Professional and business services,SP2MCE,Management of companies and enterprises,5,Number of injury cases (thousands) (Size class 0),1,Total recordable cases,131,"Private industry, Nebraska"
ISUPBSSP2MCE51131,2014,A01,Annual,NA,0.2,PBS,Professional and business services,SP2MCE,Management of companies and enterprises,5,Number of injury cases (thousands) (Size class 0),1,Total recordable cases,131,"Private industry, Nebraska"
ISUPBSSP2PST10131,2020,A01,Annual,NA,25.4,PBS,Professional and business services,SP2PST,"Professional, scientific, and technical services",1,Rate of injury cases per 100 full-time workers (Size class 0),0,RSE of Total recordable cases,131,"Private industry, Nebraska"
ISUPBSSP2PST10131,2018,A01,Annual,NA,39.4,PBS,Professional and business services,SP2PST,"Professional, scientific, and technical services",1,Rate of injury cases per 100 full-time workers (Size class 0),0,RSE of Total recordable cases,131,"Private industry, Nebraska"
ISUPBSSP2PST10131,2015,A01,Annual,NA,39.4,PBS,Professional and business services,SP2PST,"Professional, scientific, and technical services",1,Rate of injury cases per 100 full-time workers (Size class 0),0,RSE of Total recordable cases,131,"Private industry, Nebraska"
ISUPBSSP2PST10131,2014,A01,Annual,NA,30.8,PBS,Professional and business services,SP2PST,"Professional, scientific, and technical services",1,Rate of injury cases per 100 full-time workers (Size class 0),0,RSE of Total recordable cases,131,"Private industry, Nebraska"
ISUPBSSP2PST11131,2020,A01,Annual,NA,0.5,PBS,Professional and business services,SP2PST,"Professional, scientific, and technical services",1,Rate of injury cases per 100 full-time workers (Size class 0),1,Total recordable cases,131,"Private industry, Nebraska"
ISUPBSSP2PST11131,2018,A01,Annual,NA,1.7,PBS,Professional and business services,SP2PST,"Professional, scientific, and technical services",1,Rate of injury cases per 100 full-time workers (Size class 0),1,Total recordable cases,131,"Private industry, Nebraska"
ISUPBSSP2PST11131,2015,A01,Annual,NA,0.7,PBS,Professional and business services,SP2PST,"Professional, scientific, and technical services",1,Rate of injury cases per 100 full-time workers (Size class 0),1,Total recordable cases,131,"Private industry, Nebraska"
ISUPBSSP2PST11131,2014,A01,Annual,NA,0.4,PBS,Professional and business services,SP2PST,"Professional, scientific, and technical services",1,Rate of injury cases per 100 full-time workers (Size class 0),1,Total recordable cases,131,"Private industry, Nebraska"
ISUPBSSP2PST50131,2020,A01,Annual,NA,24.6,PBS,Professional and business services,SP2PST,"Professional, scientific, and technical services",5,Number of injury cases (thousands) (Size class 0),0,RSE of Total recordable cases,131,"Private industry, Nebraska"
ISUPBSSP2PST50131,2018,A01,Annual,NA,39.3,PBS,Professional and business services,SP2PST,"Professional, scientific, and technical services",5,Number of injury cases (thousands) (Size class 0),0,RSE of Total recordable cases,131,"Private industry, Nebraska"
ISUPBSSP2PST50131,2015,A01,Annual,NA,39.4,PBS,Professional and business services,SP2PST,"Professional, scientific, and technical services",5,Number of injury cases (thousands) (Size class 0),0,RSE of Total recordable cases,131,"Private industry, Nebraska"
ISUPBSSP2PST50131,2014,A01,Annual,NA,29.9,PBS,Professional and business services,SP2PST,"Professional, scientific, and technical services",5,Number of injury cases (thousands) (Size class 0),0,RSE of Total recordable cases,131,"Private industry, Nebraska"
ISUPBSSP2PST51131,2020,A01,Annual,NA,0.2,PBS,Professional and business services,SP2PST,"Professional, scientific, and technical services",5,Number of injury cases (thousands) (Size class 0),1,Total recordable cases,131,"Private industry, Nebraska"
ISUPBSSP2PST51131,2018,A01,Annual,NA,0.7,PBS,Professional and business services,SP2PST,"Professional, scientific, and technical services",5,Number of injury cases (thousands) (Size class 0),1,Total recordable cases,131,"Private industry, Nebraska"
ISUPBSSP2PST51131,2015,A01,Annual,NA,0.3,PBS,Professional and business services,SP2PST,"Professional, scientific, and technical services",5,Number of injury cases (thousands) (Size class 0),1,Total recordable cases,131,"Private industry, Nebraska"
ISUPBSSP2PST51131,2014,A01,Annual,NA,0.2,PBS,Professional and business services,SP2PST,"Professional, scientific, and technical services",5,Number of injury cases (thousands) (Size class 0),1,Total recordable cases,131,"Private industry, Nebraska"
ISUSP1SP1AAA10131,2020,A01,Annual,NA,5,SP1,Service providing,SP1AAA,Service-providing,1,Rate of injury cases per 100 full-time workers (Size class 0),0,RSE of Total recordable cases,131,"Private industry, Nebraska"
ISUSP1SP1AAA10131,2019,A01,Annual,NA,3.5,SP1,Service providing,SP1AAA,Service-providing,1,Rate of injury cases per 100 full-time workers (Size class 0),0,RSE of Total recordable cases,131,"Private industry, Nebraska"
ISUSP1SP1AAA10131,2018,A01,Annual,NA,3.7,SP1,Service providing,SP1AAA,Service-providing,1,Rate of injury cases per 100 full-time workers (Size class 0),0,RSE of Total recordable cases,131,"Private industry, Nebraska"
ISUSP1SP1AAA10131,2017,A01,Annual,NA,3.6,SP1,Service providing,SP1AAA,Service-providing,1,Rate of injury cases per 100 full-time workers (Size class 0),0,RSE of Total recordable cases,131,"Private industry, Nebraska"
ISUSP1SP1AAA10131,2016,A01,Annual,NA,3.8,SP1,Service providing,SP1AAA,Service-providing,1,Rate of injury cases per 100 full-time workers (Size class 0),0,RSE of Total recordable cases,131,"Private industry, Nebraska"
ISUSP1SP1AAA10131,2015,A01,Annual,NA,3.4,SP1,Service providing,SP1AAA,Service-providing,1,Rate of injury cases per 100 full-time workers (Size class 0),0,RSE of Total recordable cases,131,"Private industry, Nebraska"
ISUSP1SP1AAA10131,2014,A01,Annual,NA,3.3,SP1,Service providing,SP1AAA,Service-providing,1,Rate of injury cases per 100 full-time workers (Size class 0),0,RSE of Total recordable cases,131,"Private industry, Nebraska"
ISUSP1SP1AAA10831,2020,A01,Annual,TRUE,8.3,SP1,Service providing,SP1AAA,Service-providing,1,Rate of injury cases per 100 full-time workers (Size class 0),0,RSE of Total recordable cases,831,"Local government, Nebraska"
ISUSP1SP1AAA10831,2019,A01,Annual,NA,19.4,SP1,Service providing,SP1AAA,Service-providing,1,Rate of injury cases per 100 full-time workers (Size class 0),0,RSE of Total recordable cases,831,"Local government, Nebraska"
ISUSP1SP1AAA10831,2018,A01,Annual,NA,6.7,SP1,Service providing,SP1AAA,Service-providing,1,Rate of injury cases per 100 full-time workers (Size class 0),0,RSE of Total recordable cases,831,"Local government, Nebraska"
ISUSP1SP1AAA10831,2017,A01,Annual,NA,7.2,SP1,Service providing,SP1AAA,Service-providing,1,Rate of injury cases per 100 full-time workers (Size class 0),0,RSE of Total recordable cases,831,"Local government, Nebraska"
ISUSP1SP1AAA10831,2016,A01,Annual,NA,8.2,SP1,Service providing,SP1AAA,Service-providing,1,Rate of injury cases per 100 full-time workers (Size class 0),0,RSE of Total recordable cases,831,"Local government, Nebraska"
ISUSP1SP1AAA10831,2015,A01,Annual,NA,9.3,SP1,Service providing,SP1AAA,Service-providing,1,Rate of injury cases per 100 full-time workers (Size class 0),0,RSE of Total recordable cases,831,"Local government, Nebraska"
ISUSP1SP1AAA10831,2014,A01,Annual,NA,5.5,SP1,Service providing,SP1AAA,Service-providing,1,Rate of injury cases per 100 full-time workers (Size class 0),0,RSE of Total recordable cases,831,"Local government, Nebraska"
ISUSP1SP1AAA11131,2020,A01,Annual,NA,2,SP1,Service providing,SP1AAA,Service-providing,1,Rate of injury cases per 100 full-time workers (Size class 0),1,Total recordable cases,131,"Private industry, Nebraska"
ISUSP1SP1AAA11131,2019,A01,Annual,NA,2.6,SP1,Service providing,SP1AAA,Service-providing,1,Rate of injury cases per 100 full-time workers (Size class 0),1,Total recordable cases,131,"Private industry, Nebraska"
ISUSP1SP1AAA11131,2018,A01,Annual,NA,2.7,SP1,Service providing,SP1AAA,Service-providing,1,Rate of injury cases per 100 full-time workers (Size class 0),1,Total recordable cases,131,"Private industry, Nebraska"
ISUSP1SP1AAA11131,2017,A01,Annual,NA,2.6,SP1,Service providing,SP1AAA,Service-providing,1,Rate of injury cases per 100 full-time workers (Size class 0),1,Total recordable cases,131,"Private industry, Nebraska"
ISUSP1SP1AAA11131,2016,A01,Annual,NA,2.7,SP1,Service providing,SP1AAA,Service-providing,1,Rate of injury cases per 100 full-time workers (Size class 0),1,Total recordable cases,131,"Private industry, Nebraska"
ISUSP1SP1AAA11131,2015,A01,Annual,NA,2.8,SP1,Service providing,SP1AAA,Service-providing,1,Rate of injury cases per 100 full-time workers (Size class 0),1,Total recordable cases,131,"Private industry, Nebraska"
ISUSP1SP1AAA11131,2014,A01,Annual,NA,2.8,SP1,Service providing,SP1AAA,Service-providing,1,Rate of injury cases per 100 full-time workers (Size class 0),1,Total recordable cases,131,"Private industry, Nebraska"
ISUSP1SP1AAA11831,2020,A01,Annual,TRUE,2.2,SP1,Service providing,SP1AAA,Service-providing,1,Rate of injury cases per 100 full-time workers (Size class 0),1,Total recordable cases,831,"Local government, Nebraska"
ISUSP1SP1AAA11831,2019,A01,Annual,NA,3.6,SP1,Service providing,SP1AAA,Service-providing,1,Rate of injury cases per 100 full-time workers (Size class 0),1,Total recordable cases,831,"Local government, Nebraska"
ISUSP1SP1AAA11831,2018,A01,Annual,NA,2.6,SP1,Service providing,SP1AAA,Service-providing,1,Rate of injury cases per 100 full-time workers (Size class 0),1,Total recordable cases,831,"Local government, Nebraska"
ISUSP1SP1AAA11831,2017,A01,Annual,NA,2.7,SP1,Service providing,SP1AAA,Service-providing,1,Rate of injury cases per 100 full-time workers (Size class 0),1,Total recordable cases,831,"Local government, Nebraska"
ISUSP1SP1AAA11831,2016,A01,Annual,NA,3.6,SP1,Service providing,SP1AAA,Service-providing,1,Rate of injury cases per 100 full-time workers (Size class 0),1,Total recordable cases,831,"Local government, Nebraska"
ISUSP1SP1AAA11831,2015,A01,Annual,NA,3.6,SP1,Service providing,SP1AAA,Service-providing,1,Rate of injury cases per 100 full-time workers (Size class 0),1,Total recordable cases,831,"Local government, Nebraska"
ISUSP1SP1AAA11831,2014,A01,Annual,NA,3.8,SP1,Service providing,SP1AAA,Service-providing,1,Rate of injury cases per 100 full-time workers (Size class 0),1,Total recordable cases,831,"Local government, Nebraska"
ISUSP1SP1AAA50131,2020,A01,Annual,NA,5.2,SP1,Service providing,SP1AAA,Service-providing,5,Number of injury cases (thousands) (Size class 0),0,RSE of Total recordable cases,131,"Private industry, Nebraska"
ISUSP1SP1AAA50131,2019,A01,Annual,NA,3.3,SP1,Service providing,SP1AAA,Service-providing,5,Number of injury cases (thousands) (Size class 0),0,RSE of Total recordable cases,131,"Private industry, Nebraska"
ISUSP1SP1AAA50131,2018,A01,Annual,NA,3.5,SP1,Service providing,SP1AAA,Service-providing,5,Number of injury cases (thousands) (Size class 0),0,RSE of Total recordable cases,131,"Private industry, Nebraska"
ISUSP1SP1AAA50131,2017,A01,Annual,NA,3.5,SP1,Service providing,SP1AAA,Service-providing,5,Number of injury cases (thousands) (Size class 0),0,RSE of Total recordable cases,131,"Private industry, Nebraska"
ISUSP1SP1AAA50131,2016,A01,Annual,NA,3.6,SP1,Service providing,SP1AAA,Service-providing,5,Number of injury cases (thousands) (Size class 0),0,RSE of Total recordable cases,131,"Private industry, Nebraska"
ISUSP1SP1AAA50131,2015,A01,Annual,NA,3.2,SP1,Service providing,SP1AAA,Service-providing,5,Number of injury cases (thousands) (Size class 0),0,RSE of Total recordable cases,131,"Private industry, Nebraska"
ISUSP1SP1AAA50131,2014,A01,Annual,NA,3,SP1,Service providing,SP1AAA,Service-providing,5,Number of injury cases (thousands) (Size class 0),0,RSE of Total recordable cases,131,"Private industry, Nebraska"
ISUSP1SP1AAA50831,2020,A01,Annual,TRUE,9.2,SP1,Service providing,SP1AAA,Service-providing,5,Number of injury cases (thousands) (Size class 0),0,RSE of Total recordable cases,831,"Local government, Nebraska"
ISUSP1SP1AAA50831,2019,A01,Annual,NA,15.4,SP1,Service providing,SP1AAA,Service-providing,5,Number of injury cases (thousands) (Size class 0),0,RSE of Total recordable cases,831,"Local government, Nebraska"
ISUSP1SP1AAA50831,2018,A01,Annual,NA,7.3,SP1,Service providing,SP1AAA,Service-providing,5,Number of injury cases (thousands) (Size class 0),0,RSE of Total recordable cases,831,"Local government, Nebraska"
ISUSP1SP1AAA50831,2017,A01,Annual,NA,6.9,SP1,Service providing,SP1AAA,Service-providing,5,Number of injury cases (thousands) (Size class 0),0,RSE of Total recordable cases,831,"Local government, Nebraska"
ISUSP1SP1AAA50831,2016,A01,Annual,NA,7.7,SP1,Service providing,SP1AAA,Service-providing,5,Number of injury cases (thousands) (Size class 0),0,RSE of Total recordable cases,831,"Local government, Nebraska"
ISUSP1SP1AAA50831,2015,A01,Annual,NA,8.6,SP1,Service providing,SP1AAA,Service-providing,5,Number of injury cases (thousands) (Size class 0),0,RSE of Total recordable cases,831,"Local government, Nebraska"
ISUSP1SP1AAA50831,2014,A01,Annual,NA,5.5,SP1,Service providing,SP1AAA,Service-providing,5,Number of injury cases (thousands) (Size class 0),0,RSE of Total recordable cases,831,"Local government, Nebraska"
ISUSP1SP1AAA51131,2020,A01,Annual,NA,10.1,SP1,Service providing,SP1AAA,Service-providing,5,Number of injury cases (thousands) (Size class 0),1,Total recordable cases,131,"Private industry, Nebraska"
ISUSP1SP1AAA51131,2019,A01,Annual,NA,13.3,SP1,Service providing,SP1AAA,Service-providing,5,Number of injury cases (thousands) (Size class 0),1,Total recordable cases,131,"Private industry, Nebraska"
ISUSP1SP1AAA51131,2018,A01,Annual,NA,14.1,SP1,Service providing,SP1AAA,Service-providing,5,Number of injury cases (thousands) (Size class 0),1,Total recordable cases,131,"Private industry, Nebraska"
ISUSP1SP1AAA51131,2017,A01,Annual,NA,13.1,SP1,Service providing,SP1AAA,Service-providing,5,Number of injury cases (thousands) (Size class 0),1,Total recordable cases,131,"Private industry, Nebraska"
ISUSP1SP1AAA51131,2016,A01,Annual,NA,13.8,SP1,Service providing,SP1AAA,Service-providing,5,Number of injury cases (thousands) (Size class 0),1,Total recordable cases,131,"Private industry, Nebraska"
ISUSP1SP1AAA51131,2015,A01,Annual,NA,13.7,SP1,Service providing,SP1AAA,Service-providing,5,Number of injury cases (thousands) (Size class 0),1,Total recordable cases,131,"Private industry, Nebraska"
ISUSP1SP1AAA51131,2014,A01,Annual,NA,14,SP1,Service providing,SP1AAA,Service-providing,5,Number of injury cases (thousands) (Size class 0),1,Total recordable cases,131,"Private industry, Nebraska"
ISUSP1SP1AAA51831,2020,A01,Annual,TRUE,1.8,SP1,Service providing,SP1AAA,Service-providing,5,Number of injury cases (thousands) (Size class 0),1,Total recordable cases,831,"Local government, Nebraska"
ISUSP1SP1AAA51831,2019,A01,Annual,NA,3,SP1,Service providing,SP1AAA,Service-providing,5,Number of injury cases (thousands) (Size class 0),1,Total recordable cases,831,"Local government, Nebraska"
ISUSP1SP1AAA51831,2018,A01,Annual,NA,2.1,SP1,Service providing,SP1AAA,Service-providing,5,Number of injury cases (thousands) (Size class 0),1,Total recordable cases,831,"Local government, Nebraska"
ISUSP1SP1AAA51831,2017,A01,Annual,NA,2.2,SP1,Service providing,SP1AAA,Service-providing,5,Number of injury cases (thousands) (Size class 0),1,Total recordable cases,831,"Local government, Nebraska"
ISUSP1SP1AAA51831,2016,A01,Annual,NA,3,SP1,Service providing,SP1AAA,Service-providing,5,Number of injury cases (thousands) (Size class 0),1,Total recordable cases,831,"Local government, Nebraska"
ISUSP1SP1AAA51831,2015,A01,Annual,NA,3,SP1,Service providing,SP1AAA,Service-providing,5,Number of injury cases (thousands) (Size class 0),1,Total recordable cases,831,"Local government, Nebraska"
ISUSP1SP1AAA51831,2014,A01,Annual,NA,3.1,SP1,Service providing,SP1AAA,Service-providing,5,Number of injury cases (thousands) (Size class 0),1,Total recordable cases,831,"Local government, Nebraska"
ISUTTU22100010831,2017,A01,Annual,TRUE,20.8,TTU,"Trade, transportation, and utilities",221000,Utilities,1,Rate of injury cases per 100 full-time workers (Size class 0),0,RSE of Total recordable cases,831,"Local government, Nebraska"
ISUTTU22100010831,2016,A01,Annual,NA,8.3,TTU,"Trade, transportation, and utilities",221000,Utilities,1,Rate of injury cases per 100 full-time workers (Size class 0),0,RSE of Total recordable cases,831,"Local government, Nebraska"
ISUTTU22100010831,2015,A01,Annual,NA,19.6,TTU,"Trade, transportation, and utilities",221000,Utilities,1,Rate of injury cases per 100 full-time workers (Size class 0),0,RSE of Total recordable cases,831,"Local government, Nebraska"
ISUTTU22100010831,2014,A01,Annual,NA,11,TTU,"Trade, transportation, and utilities",221000,Utilities,1,Rate of injury cases per 100 full-time workers (Size class 0),0,RSE of Total recordable cases,831,"Local government, Nebraska"
ISUTTU22100011831,2017,A01,Annual,TRUE,2.2,TTU,"Trade, transportation, and utilities",221000,Utilities,1,Rate of injury cases per 100 full-time workers (Size class 0),1,Total recordable cases,831,"Local government, Nebraska"
ISUTTU22100011831,2016,A01,Annual,NA,1.9,TTU,"Trade, transportation, and utilities",221000,Utilities,1,Rate of injury cases per 100 full-time workers (Size class 0),1,Total recordable cases,831,"Local government, Nebraska"
ISUTTU22100011831,2015,A01,Annual,NA,3.8,TTU,"Trade, transportation, and utilities",221000,Utilities,1,Rate of injury cases per 100 full-time workers (Size class 0),1,Total recordable cases,831,"Local government, Nebraska"
ISUTTU22100011831,2014,A01,Annual,NA,2.8,TTU,"Trade, transportation, and utilities",221000,Utilities,1,Rate of injury cases per 100 full-time workers (Size class 0),1,Total recordable cases,831,"Local government, Nebraska"
ISUTTU22100050831,2017,A01,Annual,TRUE,16,TTU,"Trade, transportation, and utilities",221000,Utilities,5,Number of injury cases (thousands) (Size class 0),0,RSE of Total recordable cases,831,"Local government, Nebraska"
ISUTTU22100050831,2016,A01,Annual,NA,8.3,TTU,"Trade, transportation, and utilities",221000,Utilities,5,Number of injury cases (thousands) (Size class 0),0,RSE of Total recordable cases,831,"Local government, Nebraska"
ISUTTU22100050831,2015,A01,Annual,NA,20.2,TTU,"Trade, transportation, and utilities",221000,Utilities,5,Number of injury cases (thousands) (Size class 0),0,RSE of Total recordable cases,831,"Local government, Nebraska"
ISUTTU22100050831,2014,A01,Annual,NA,13.2,TTU,"Trade, transportation, and utilities",221000,Utilities,5,Number of injury cases (thousands) (Size class 0),0,RSE of Total recordable cases,831,"Local government, Nebraska"
ISUTTU22100051831,2017,A01,Annual,TRUE,0.1,TTU,"Trade, transportation, and utilities",221000,Utilities,5,Number of injury cases (thousands) (Size class 0),1,Total recordable cases,831,"Local government, Nebraska"
ISUTTU22100051831,2016,A01,Annual,NA,0.1,TTU,"Trade, transportation, and utilities",221000,Utilities,5,Number of injury cases (thousands) (Size class 0),1,Total recordable cases,831,"Local government, Nebraska"
ISUTTU22100051831,2015,A01,Annual,NA,0.3,TTU,"Trade, transportation, and utilities",221000,Utilities,5,Number of injury cases (thousands) (Size class 0),1,Total recordable cases,831,"Local government, Nebraska"
ISUTTU22100051831,2014,A01,Annual,NA,0.2,TTU,"Trade, transportation, and utilities",221000,Utilities,5,Number of injury cases (thousands) (Size class 0),1,Total recordable cases,831,"Local government, Nebraska"
ISUTTU22130010831,2019,A01,Annual,TRUE,1.9,TTU,"Trade, transportation, and utilities",221300,"Water, sewage and other systems",1,Rate of injury cases per 100 full-time workers (Size class 0),0,RSE of Total recordable cases,831,"Local government, Nebraska"
ISUTTU22130010831,2016,A01,Annual,NA,8.8,TTU,"Trade, transportation, and utilities",221300,"Water, sewage and other systems",1,Rate of injury cases per 100 full-time workers (Size class 0),0,RSE of Total recordable cases,831,"Local government, Nebraska"
ISUTTU22130010831,2015,A01,Annual,NA,14.5,TTU,"Trade, transportation, and utilities",221300,"Water, sewage and other systems",1,Rate of injury cases per 100 full-time workers (Size class 0),0,RSE of Total recordable cases,831,"Local government, Nebraska"
ISUTTU22130011831,2019,A01,Annual,TRUE,4,TTU,"Trade, transportation, and utilities",221300,"Water, sewage and other systems",1,Rate of injury cases per 100 full-time workers (Size class 0),1,Total recordable cases,831,"Local government, Nebraska"
ISUTTU22130011831,2016,A01,Annual,NA,5.4,TTU,"Trade, transportation, and utilities",221300,"Water, sewage and other systems",1,Rate of injury cases per 100 full-time workers (Size class 0),1,Total recordable cases,831,"Local government, Nebraska"
ISUTTU22130011831,2015,A01,Annual,NA,6.2,TTU,"Trade, transportation, and utilities",221300,"Water, sewage and other systems",1,Rate of injury cases per 100 full-time workers (Size class 0),1,Total recordable cases,831,"Local government, Nebraska"
ISUTTU22130050831,2019,A01,Annual,TRUE,2,TTU,"Trade, transportation, and utilities",221300,"Water, sewage and other systems",5,Number of injury cases (thousands) (Size class 0),0,RSE of Total recordable cases,831,"Local government, Nebraska"
ISUTTU22130050831,2016,A01,Annual,NA,8.7,TTU,"Trade, transportation, and utilities",221300,"Water, sewage and other systems",5,Number of injury cases (thousands) (Size class 0),0,RSE of Total recordable cases,831,"Local government, Nebraska"
ISUTTU22130050831,2015,A01,Annual,NA,13.3,TTU,"Trade, transportation, and utilities",221300,"Water, sewage and other systems",5,Number of injury cases (thousands) (Size class 0),0,RSE of Total recordable cases,831,"Local government, Nebraska"
ISUTTU22130051831,2019,A01,Annual,TRUE,0,TTU,"Trade, transportation, and utilities",221300,"Water, sewage and other systems",5,Number of injury cases (thousands) (Size class 0),1,Total recordable cases,831,"Local government, Nebraska"
ISUTTU22130051831,2016,A01,Annual,NA,0.1,TTU,"Trade, transportation, and utilities",221300,"Water, sewage and other systems",5,Number of injury cases (thousands) (Size class 0),1,Total recordable cases,831,"Local government, Nebraska"
ISUTTU22130051831,2015,A01,Annual,NA,0.1,TTU,"Trade, transportation, and utilities",221300,"Water, sewage and other systems",5,Number of injury cases (thousands) (Size class 0),1,Total recordable cases,831,"Local government, Nebraska"
ISUTTU42300010131,2020,A01,Annual,NA,29.5,TTU,"Trade, transportation, and utilities",423000,"Merchant wholesalers, durable goods",1,Rate of injury cases per 100 full-time workers (Size class 0),0,RSE of Total recordable cases,131,"Private industry, Nebraska"
ISUTTU42300010131,2019,A01,Annual,NA,19.1,TTU,"Trade, transportation, and utilities",423000,"Merchant wholesalers, durable goods",1,Rate of injury cases per 100 full-time workers (Size class 0),0,RSE of Total recordable cases,131,"Private industry, Nebraska"
ISUTTU42300010131,2018,A01,Annual,NA,15.6,TTU,"Trade, transportation, and utilities",423000,"Merchant wholesalers, durable goods",1,Rate of injury cases per 100 full-time workers (Size class 0),0,RSE of Total recordable cases,131,"Private industry, Nebraska"
ISUTTU42300010131,2017,A01,Annual,NA,15,TTU,"Trade, transportation, and utilities",423000,"Merchant wholesalers, durable goods",1,Rate of injury cases per 100 full-time workers (Size class 0),0,RSE of Total recordable cases,131,"Private industry, Nebraska"
ISUTTU42300010131,2016,A01,Annual,NA,24.2,TTU,"Trade, transportation, and utilities",423000,"Merchant wholesalers, durable goods",1,Rate of injury cases per 100 full-time workers (Size class 0),0,RSE of Total recordable cases,131,"Private industry, Nebraska"
ISUTTU42300010131,2015,A01,Annual,NA,13.3,TTU,"Trade, transportation, and utilities",423000,"Merchant wholesalers, durable goods",1,Rate of injury cases per 100 full-time workers (Size class 0),0,RSE of Total recordable cases,131,"Private industry, Nebraska"
ISUTTU42300010131,2014,A01,Annual,NA,15.3,TTU,"Trade, transportation, and utilities",423000,"Merchant wholesalers, durable goods",1,Rate of injury cases per 100 full-time workers (Size class 0),0,RSE of Total recordable cases,131,"Private industry, Nebraska"
ISUTTU42300011131,2020,A01,Annual,NA,3,TTU,"Trade, transportation, and utilities",423000,"Merchant wholesalers, durable goods",1,Rate of injury cases per 100 full-time workers (Size class 0),1,Total recordable cases,131,"Private industry, Nebraska"
ISUTTU42300011131,2019,A01,Annual,NA,4,TTU,"Trade, transportation, and utilities",423000,"Merchant wholesalers, durable goods",1,Rate of injury cases per 100 full-time workers (Size class 0),1,Total recordable cases,131,"Private industry, Nebraska"
ISUTTU42300011131,2018,A01,Annual,NA,3,TTU,"Trade, transportation, and utilities",423000,"Merchant wholesalers, durable goods",1,Rate of injury cases per 100 full-time workers (Size class 0),1,Total recordable cases,131,"Private industry, Nebraska"
ISUTTU42300011131,2017,A01,Annual,NA,3.6,TTU,"Trade, transportation, and utilities",423000,"Merchant wholesalers, durable goods",1,Rate of injury cases per 100 full-time workers (Size class 0),1,Total recordable cases,131,"Private industry, Nebraska"
ISUTTU42300011131,2016,A01,Annual,NA,3.7,TTU,"Trade, transportation, and utilities",423000,"Merchant wholesalers, durable goods",1,Rate of injury cases per 100 full-time workers (Size class 0),1,Total recordable cases,131,"Private industry, Nebraska"
ISUTTU42300011131,2015,A01,Annual,NA,3.1,TTU,"Trade, transportation, and utilities",423000,"Merchant wholesalers, durable goods",1,Rate of injury cases per 100 full-time workers (Size class 0),1,Total recordable cases,131,"Private industry, Nebraska"
ISUTTU42300011131,2014,A01,Annual,NA,3.8,TTU,"Trade, transportation, and utilities",423000,"Merchant wholesalers, durable goods",1,Rate of injury cases per 100 full-time workers (Size class 0),1,Total recordable cases,131,"Private industry, Nebraska"
ISUTTU42300050131,2020,A01,Annual,NA,31.4,TTU,"Trade, transportation, and utilities",423000,"Merchant wholesalers, durable goods",5,Number of injury cases (thousands) (Size class 0),0,RSE of Total recordable cases,131,"Private industry, Nebraska"
ISUTTU42300050131,2019,A01,Annual,NA,19.3,TTU,"Trade, transportation, and utilities",423000,"Merchant wholesalers, durable goods",5,Number of injury cases (thousands) (Size class 0),0,RSE of Total recordable cases,131,"Private industry, Nebraska"
ISUTTU42300050131,2018,A01,Annual,NA,16,TTU,"Trade, transportation, and utilities",423000,"Merchant wholesalers, durable goods",5,Number of injury cases (thousands) (Size class 0),0,RSE of Total recordable cases,131,"Private industry, Nebraska"
ISUTTU42300050131,2017,A01,Annual,NA,16.3,TTU,"Trade, transportation, and utilities",423000,"Merchant wholesalers, durable goods",5,Number of injury cases (thousands) (Size class 0),0,RSE of Total recordable cases,131,"Private industry, Nebraska"
ISUTTU42300050131,2016,A01,Annual,NA,25.3,TTU,"Trade, transportation, and utilities",423000,"Merchant wholesalers, durable goods",5,Number of injury cases (thousands) (Size class 0),0,RSE of Total recordable cases,131,"Private industry, Nebraska"
ISUTTU42300050131,2015,A01,Annual,NA,12.9,TTU,"Trade, transportation, and utilities",423000,"Merchant wholesalers, durable goods",5,Number of injury cases (thousands) (Size class 0),0,RSE of Total recordable cases,131,"Private industry, Nebraska"
ISUTTU42300050131,2014,A01,Annual,NA,14.8,TTU,"Trade, transportation, and utilities",423000,"Merchant wholesalers, durable goods",5,Number of injury cases (thousands) (Size class 0),0,RSE of Total recordable cases,131,"Private industry, Nebraska"
ISUTTU42300051131,2020,A01,Annual,NA,0.6,TTU,"Trade, transportation, and utilities",423000,"Merchant wholesalers, durable goods",5,Number of injury cases (thousands) (Size class 0),1,Total recordable cases,131,"Private industry, Nebraska"
ISUTTU42300051131,2019,A01,Annual,NA,0.8,TTU,"Trade, transportation, and utilities",423000,"Merchant wholesalers, durable goods",5,Number of injury cases (thousands) (Size class 0),1,Total recordable cases,131,"Private industry, Nebraska"
ISUTTU42300051131,2018,A01,Annual,NA,0.6,TTU,"Trade, transportation, and utilities",423000,"Merchant wholesalers, durable goods",5,Number of injury cases (thousands) (Size class 0),1,Total recordable cases,131,"Private industry, Nebraska"
ISUTTU42300051131,2017,A01,Annual,NA,0.7,TTU,"Trade, transportation, and utilities",423000,"Merchant wholesalers, durable goods",5,Number of injury cases (thousands) (Size class 0),1,Total recordable cases,131,"Private industry, Nebraska"
ISUTTU42300051131,2016,A01,Annual,NA,0.7,TTU,"Trade, transportation, and utilities",423000,"Merchant wholesalers, durable goods",5,Number of injury cases (thousands) (Size class 0),1,Total recordable cases,131,"Private industry, Nebraska"
ISUTTU42300051131,2015,A01,Annual,NA,0.6,TTU,"Trade, transportation, and utilities",423000,"Merchant wholesalers, durable goods",5,Number of injury cases (thousands) (Size class 0),1,Total recordable cases,131,"Private industry, Nebraska"
ISUTTU42300051131,2014,A01,Annual,NA,0.8,TTU,"Trade, transportation, and utilities",423000,"Merchant wholesalers, durable goods",5,Number of injury cases (thousands) (Size class 0),1,Total recordable cases,131,"Private industry, Nebraska"
ISUTTU42380010131,2019,A01,Annual,NA,20,TTU,"Trade, transportation, and utilities",423800,"Machinery, equipment, and supplies merchant wholesalers",1,Rate of injury cases per 100 full-time workers (Size class 0),0,RSE of Total recordable cases,131,"Private industry, Nebraska"
ISUTTU42380010131,2018,A01,Annual,NA,18.8,TTU,"Trade, transportation, and utilities",423800,"Machinery, equipment, and supplies merchant wholesalers",1,Rate of injury cases per 100 full-time workers (Size class 0),0,RSE of Total recordable cases,131,"Private industry, Nebraska"
ISUTTU42380010131,2017,A01,Annual,NA,21.4,TTU,"Trade, transportation, and utilities",423800,"Machinery, equipment, and supplies merchant wholesalers",1,Rate of injury cases per 100 full-time workers (Size class 0),0,RSE of Total recordable cases,131,"Private industry, Nebraska"
ISUTTU42380010131,2016,A01,Annual,NA,23.7,TTU,"Trade, transportation, and utilities",423800,"Machinery, equipment, and supplies merchant wholesalers",1,Rate of injury cases per 100 full-time workers (Size class 0),0,RSE of Total recordable cases,131,"Private industry, Nebraska"
ISUTTU42380010131,2015,A01,Annual,NA,19.3,TTU,"Trade, transportation, and utilities",423800,"Machinery, equipment, and supplies merchant wholesalers",1,Rate of injury cases per 100 full-time workers (Size class 0),0,RSE of Total recordable cases,131,"Private industry, Nebraska"
ISUTTU42380010131,2014,A01,Annual,NA,21.7,TTU,"Trade, transportation, and utilities",423800,"Machinery, equipment, and supplies merchant wholesalers",1,Rate of injury cases per 100 full-time workers (Size class 0),0,RSE of Total recordable cases,131,"Private industry, Nebraska"
ISUTTU42380011131,2019,A01,Annual,NA,2.3,TTU,"Trade, transportation, and utilities",423800,"Machinery, equipment, and supplies merchant wholesalers",1,Rate of injury cases per 100 full-time workers (Size class 0),1,Total recordable cases,131,"Private industry, Nebraska"
ISUTTU42380011131,2018,A01,Annual,NA,3,TTU,"Trade, transportation, and utilities",423800,"Machinery, equipment, and supplies merchant wholesalers",1,Rate of injury cases per 100 full-time workers (Size class 0),1,Total recordable cases,131,"Private industry, Nebraska"
ISUTTU42380011131,2017,A01,Annual,NA,4.5,TTU,"Trade, transportation, and utilities",423800,"Machinery, equipment, and supplies merchant wholesalers",1,Rate of injury cases per 100 full-time workers (Size class 0),1,Total recordable cases,131,"Private industry, Nebraska"
ISUTTU42380011131,2016,A01,Annual,NA,3.2,TTU,"Trade, transportation, and utilities",423800,"Machinery, equipment, and supplies merchant wholesalers",1,Rate of injury cases per 100 full-time workers (Size class 0),1,Total recordable cases,131,"Private industry, Nebraska"
ISUTTU42380011131,2015,A01,Annual,NA,3.9,TTU,"Trade, transportation, and utilities",423800,"Machinery, equipment, and supplies merchant wholesalers",1,Rate of injury cases per 100 full-time workers (Size class 0),1,Total recordable cases,131,"Private industry, Nebraska"
ISUTTU42380011131,2014,A01,Annual,NA,3.4,TTU,"Trade, transportation, and utilities",423800,"Machinery, equipment, and supplies merchant wholesalers",1,Rate of injury cases per 100 full-time workers (Size class 0),1,Total recordable cases,131,"Private industry, Nebraska"
ISUTTU42380050131,2019,A01,Annual,NA,19.7,TTU,"Trade, transportation, and utilities",423800,"Machinery, equipment, and supplies merchant wholesalers",5,Number of injury cases (thousands) (Size class 0),0,RSE of Total recordable cases,131,"Private industry, Nebraska"
ISUTTU42380050131,2018,A01,Annual,NA,19.1,TTU,"Trade, transportation, and utilities",423800,"Machinery, equipment, and supplies merchant wholesalers",5,Number of injury cases (thousands) (Size class 0),0,RSE of Total recordable cases,131,"Private industry, Nebraska"
ISUTTU42380050131,2017,A01,Annual,NA,21.2,TTU,"Trade, transportation, and utilities",423800,"Machinery, equipment, and supplies merchant wholesalers",5,Number of injury cases (thousands) (Size class 0),0,RSE of Total recordable cases,131,"Private industry, Nebraska"
ISUTTU42380050131,2016,A01,Annual,NA,26.5,TTU,"Trade, transportation, and utilities",423800,"Machinery, equipment, and supplies merchant wholesalers",5,Number of injury cases (thousands) (Size class 0),0,RSE of Total recordable cases,131,"Private industry, Nebraska"
ISUTTU42380050131,2015,A01,Annual,NA,19,TTU,"Trade, transportation, and utilities",423800,"Machinery, equipment, and supplies merchant wholesalers",5,Number of injury cases (thousands) (Size class 0),0,RSE of Total recordable cases,131,"Private industry, Nebraska"
ISUTTU42380050131,2014,A01,Annual,NA,20.9,TTU,"Trade, transportation, and utilities",423800,"Machinery, equipment, and supplies merchant wholesalers",5,Number of injury cases (thousands) (Size class 0),0,RSE of Total recordable cases,131,"Private industry, Nebraska"
ISUTTU42380051131,2019,A01,Annual,NA,0.2,TTU,"Trade, transportation, and utilities",423800,"Machinery, equipment, and supplies merchant wholesalers",5,Number of injury cases (thousands) (Size class 0),1,Total recordable cases,131,"Private industry, Nebraska"
ISUTTU42380051131,2018,A01,Annual,NA,0.2,TTU,"Trade, transportation, and utilities",423800,"Machinery, equipment, and supplies merchant wholesalers",5,Number of injury cases (thousands) (Size class 0),1,Total recordable cases,131,"Private industry, Nebraska"
ISUTTU42380051131,2017,A01,Annual,NA,0.3,TTU,"Trade, transportation, and utilities",423800,"Machinery, equipment, and supplies merchant wholesalers",5,Number of injury cases (thousands) (Size class 0),1,Total recordable cases,131,"Private industry, Nebraska"
ISUTTU42380051131,2016,A01,Annual,NA,0.2,TTU,"Trade, transportation, and utilities",423800,"Machinery, equipment, and supplies merchant wholesalers",5,Number of injury cases (thousands) (Size class 0),1,Total recordable cases,131,"Private industry, Nebraska"
ISUTTU42380051131,2015,A01,Annual,NA,0.3,TTU,"Trade, transportation, and utilities",423800,"Machinery, equipment, and supplies merchant wholesalers",5,Number of injury cases (thousands) (Size class 0),1,Total recordable cases,131,"Private industry, Nebraska"
ISUTTU42380051131,2014,A01,Annual,NA,0.3,TTU,"Trade, transportation, and utilities",423800,"Machinery, equipment, and supplies merchant wholesalers",5,Number of injury cases (thousands) (Size class 0),1,Total recordable cases,131,"Private industry, Nebraska"
ISUTTU42400010131,2019,A01,Annual,NA,23.6,TTU,"Trade, transportation, and utilities",424000,"Merchant wholesalers, nondurable goods",1,Rate of injury cases per 100 full-time workers (Size class 0),0,RSE of Total recordable cases,131,"Private industry, Nebraska"
ISUTTU42400010131,2018,A01,Annual,NA,13.8,TTU,"Trade, transportation, and utilities",424000,"Merchant wholesalers, nondurable goods",1,Rate of injury cases per 100 full-time workers (Size class 0),0,RSE of Total recordable cases,131,"Private industry, Nebraska"
ISUTTU42400010131,2017,A01,Annual,NA,14,TTU,"Trade, transportation, and utilities",424000,"Merchant wholesalers, nondurable goods",1,Rate of injury cases per 100 full-time workers (Size class 0),0,RSE of Total recordable cases,131,"Private industry, Nebraska"
ISUTTU42400010131,2016,A01,Annual,NA,20.6,TTU,"Trade, transportation, and utilities",424000,"Merchant wholesalers, nondurable goods",1,Rate of injury cases per 100 full-time workers (Size class 0),0,RSE of Total recordable cases,131,"Private industry, Nebraska"
ISUTTU42400010131,2015,A01,Annual,NA,15.2,TTU,"Trade, transportation, and utilities",424000,"Merchant wholesalers, nondurable goods",1,Rate of injury cases per 100 full-time workers (Size class 0),0,RSE of Total recordable cases,131,"Private industry, Nebraska"
ISUTTU42400010131,2014,A01,Annual,NA,17.9,TTU,"Trade, transportation, and utilities",424000,"Merchant wholesalers, nondurable goods",1,Rate of injury cases per 100 full-time workers (Size class 0),0,RSE of Total recordable cases,131,"Private industry, Nebraska"
ISUTTU42400011131,2019,A01,Annual,NA,2.6,TTU,"Trade, transportation, and utilities",424000,"Merchant wholesalers, nondurable goods",1,Rate of injury cases per 100 full-time workers (Size class 0),1,Total recordable cases,131,"Private industry, Nebraska"
ISUTTU42400011131,2018,A01,Annual,NA,3.2,TTU,"Trade, transportation, and utilities",424000,"Merchant wholesalers, nondurable goods",1,Rate of injury cases per 100 full-time workers (Size class 0),1,Total recordable cases,131,"Private industry, Nebraska"
ISUTTU42400011131,2017,A01,Annual,NA,4.8,TTU,"Trade, transportation, and utilities",424000,"Merchant wholesalers, nondurable goods",1,Rate of injury cases per 100 full-time workers (Size class 0),1,Total recordable cases,131,"Private industry, Nebraska"
ISUTTU42400011131,2016,A01,Annual,NA,4.5,TTU,"Trade, transportation, and utilities",424000,"Merchant wholesalers, nondurable goods",1,Rate of injury cases per 100 full-time workers (Size class 0),1,Total recordable cases,131,"Private industry, Nebraska"
ISUTTU42400011131,2015,A01,Annual,NA,3.9,TTU,"Trade, transportation, and utilities",424000,"Merchant wholesalers, nondurable goods",1,Rate of injury cases per 100 full-time workers (Size class 0),1,Total recordable cases,131,"Private industry, Nebraska"
ISUTTU42400011131,2014,A01,Annual,NA,3.2,TTU,"Trade, transportation, and utilities",424000,"Merchant wholesalers, nondurable goods",1,Rate of injury cases per 100 full-time workers (Size class 0),1,Total recordable cases,131,"Private industry, Nebraska"
ISUTTU42400050131,2019,A01,Annual,NA,24.3,TTU,"Trade, transportation, and utilities",424000,"Merchant wholesalers, nondurable goods",5,Number of injury cases (thousands) (Size class 0),0,RSE of Total recordable cases,131,"Private industry, Nebraska"
ISUTTU42400050131,2018,A01,Annual,NA,13.1,TTU,"Trade, transportation, and utilities",424000,"Merchant wholesalers, nondurable goods",5,Number of injury cases (thousands) (Size class 0),0,RSE of Total recordable cases,131,"Private industry, Nebraska"
ISUTTU42400050131,2017,A01,Annual,NA,12.9,TTU,"Trade, transportation, and utilities",424000,"Merchant wholesalers, nondurable goods",5,Number of injury cases (thousands) (Size class 0),0,RSE of Total recordable cases,131,"Private industry, Nebraska"
ISUTTU42400050131,2016,A01,Annual,NA,19.6,TTU,"Trade, transportation, and utilities",424000,"Merchant wholesalers, nondurable goods",5,Number of injury cases (thousands) (Size class 0),0,RSE of Total recordable cases,131,"Private industry, Nebraska"
ISUTTU42400050131,2015,A01,Annual,NA,14.7,TTU,"Trade, transportation, and utilities",424000,"Merchant wholesalers, nondurable goods",5,Number of injury cases (thousands) (Size class 0),0,RSE of Total recordable cases,131,"Private industry, Nebraska"
ISUTTU42400050131,2014,A01,Annual,NA,18.1,TTU,"Trade, transportation, and utilities",424000,"Merchant wholesalers, nondurable goods",5,Number of injury cases (thousands) (Size class 0),0,RSE of Total recordable cases,131,"Private industry, Nebraska"
ISUOTSSP1OTS11131,2020,A01,Annual,NA,1.4,OTS,Other services,SP1OTS,Other services (except public administration),1,Rate of injury cases per 100 full-time workers (Size class 0),1,Total recordable cases,131,"Private industry, Nebraska"
ISUOTSSP1OTS11131,2019,A01,Annual,NA,3.4,OTS,Other services,SP1OTS,Other services (except public administration),1,Rate of injury cases per 100 full-time workers (Size class 0),1,Total recordable cases,131,"Private industry, Nebraska"
ISUOTSSP1OTS11131,2018,A01,Annual,NA,2.2,OTS,Other services,SP1OTS,Other services (except public administration),1,Rate of injury cases per 100 full-time workers (Size class 0),1,Total recordable cases,131,"Private industry, Nebraska"
ISUOTSSP1OTS11131,2017,A01,Annual,NA,1.7,OTS,Other services,SP1OTS,Other services (except public administration),1,Rate of injury cases per 100 full-time workers (Size class 0),1,Total recordable cases,131,"Private industry, Nebraska"
ISUOTSSP1OTS11131,2016,A01,Annual,NA,2.2,OTS,Other services,SP1OTS,Other services (except public administration),1,Rate of injury cases per 100 full-time workers (Size class 0),1,Total recordable cases,131,"Private industry, Nebraska"
ISUOTSSP1OTS11131,2015,A01,Annual,NA,2.7,OTS,Other services,SP1OTS,Other services (except public administration),1,Rate of injury cases per 100 full-time workers (Size class 0),1,Total recordable cases,131,"Private industry, Nebraska"
ISUOTSSP1OTS11131,2014,A01,Annual,NA,2.2,OTS,Other services,SP1OTS,Other services (except public administration),1,Rate of injury cases per 100 full-time workers (Size class 0),1,Total recordable cases,131,"Private industry, Nebraska"
ISUOTSSP1OTS50131,2020,A01,Annual,NA,22.8,OTS,Other services,SP1OTS,Other services (except public administration),5,Number of injury cases (thousands) (Size class 0),0,RSE of Total recordable cases,131,"Private industry, Nebraska"
ISUOTSSP1OTS50131,2019,A01,Annual,NA,29.8,OTS,Other services,SP1OTS,Other services (except public administration),5,Number of injury cases (thousands) (Size class 0),0,RSE of Total recordable cases,131,"Private industry, Nebraska"
ISUOTSSP1OTS50131,2018,A01,Annual,NA,31.6,OTS,Other services,SP1OTS,Other services (except public administration),5,Number of injury cases (thousands) (Size class 0),0,RSE of Total recordable cases,131,"Private industry, Nebraska"
ISUOTSSP1OTS50131,2017,A01,Annual,NA,22.5,OTS,Other services,SP1OTS,Other services (except public administration),5,Number of injury cases (thousands) (Size class 0),0,RSE of Total recordable cases,131,"Private industry, Nebraska"
ISUOTSSP1OTS50131,2016,A01,Annual,NA,24.4,OTS,Other services,SP1OTS,Other services (except public administration),5,Number of injury cases (thousands) (Size class 0),0,RSE of Total recordable cases,131,"Private industry, Nebraska"
ISUOTSSP1OTS50131,2015,A01,Annual,NA,25.2,OTS,Other services,SP1OTS,Other services (except public administration),5,Number of injury cases (thousands) (Size class 0),0,RSE of Total recordable cases,131,"Private industry, Nebraska"
ISUOTSSP1OTS50131,2014,A01,Annual,NA,20.9,OTS,Other services,SP1OTS,Other services (except public administration),5,Number of injury cases (thousands) (Size class 0),0,RSE of Total recordable cases,131,"Private industry, Nebraska"
ISUOTSSP1OTS51131,2020,A01,Annual,NA,0.2,OTS,Other services,SP1OTS,Other services (except public administration),5,Number of injury cases (thousands) (Size class 0),1,Total recordable cases,131,"Private industry, Nebraska"
ISUOTSSP1OTS51131,2019,A01,Annual,NA,0.6,OTS,Other services,SP1OTS,Other services (except public administration),5,Number of injury cases (thousands) (Size class 0),1,Total recordable cases,131,"Private industry, Nebraska"
ISUOTSSP1OTS51131,2018,A01,Annual,NA,0.4,OTS,Other services,SP1OTS,Other services (except public administration),5,Number of injury cases (thousands) (Size class 0),1,Total recordable cases,131,"Private industry, Nebraska"
ISUOTSSP1OTS51131,2017,A01,Annual,NA,0.3,OTS,Other services,SP1OTS,Other services (except public administration),5,Number of injury cases (thousands) (Size class 0),1,Total recordable cases,131,"Private industry, Nebraska"
ISUOTSSP1OTS51131,2016,A01,Annual,NA,0.4,OTS,Other services,SP1OTS,Other services (except public administration),5,Number of injury cases (thousands) (Size class 0),1,Total recordable cases,131,"Private industry, Nebraska"
ISUOTSSP1OTS51131,2015,A01,Annual,NA,0.5,OTS,Other services,SP1OTS,Other services (except public administration),5,Number of injury cases (thousands) (Size class 0),1,Total recordable cases,131,"Private industry, Nebraska"
ISUOTSSP1OTS51131,2014,A01,Annual,NA,0.4,OTS,Other services,SP1OTS,Other services (except public administration),5,Number of injury cases (thousands) (Size class 0),1,Total recordable cases,131,"Private industry, Nebraska"
ISUOTSSP2OTS10131,2020,A01,Annual,NA,24,OTS,Other services,SP2OTS,Other services (except public administration),1,Rate of injury cases per 100 full-time workers (Size class 0),0,RSE of Total recordable cases,131,"Private industry, Nebraska"
ISUOTSSP2OTS10131,2019,A01,Annual,NA,31,OTS,Other services,SP2OTS,Other services (except public administration),1,Rate of injury cases per 100 full-time workers (Size class 0),0,RSE of Total recordable cases,131,"Private industry, Nebraska"
ISUOTSSP2OTS10131,2018,A01,Annual,NA,32.5,OTS,Other services,SP2OTS,Other services (except public administration),1,Rate of injury cases per 100 full-time workers (Size class 0),0,RSE of Total recordable cases,131,"Private industry, Nebraska"
ISUOTSSP2OTS10131,2017,A01,Annual,NA,23.4,OTS,Other services,SP2OTS,Other services (except public administration),1,Rate of injury cases per 100 full-time workers (Size class 0),0,RSE of Total recordable cases,131,"Private industry, Nebraska"
ISUOTSSP2OTS10131,2016,A01,Annual,NA,24.4,OTS,Other services,SP2OTS,Other services (except public administration),1,Rate of injury cases per 100 full-time workers (Size class 0),0,RSE of Total recordable cases,131,"Private industry, Nebraska"
ISUOTSSP2OTS10131,2015,A01,Annual,NA,26.5,OTS,Other services,SP2OTS,Other services (except public administration),1,Rate of injury cases per 100 full-time workers (Size class 0),0,RSE of Total recordable cases,131,"Private industry, Nebraska"
ISUOTSSP2OTS10131,2014,A01,Annual,NA,21.7,OTS,Other services,SP2OTS,Other services (except public administration),1,Rate of injury cases per 100 full-time workers (Size class 0),0,RSE of Total recordable cases,131,"Private industry, Nebraska"
ISUOTSSP2OTS11131,2020,A01,Annual,NA,1.4,OTS,Other services,SP2OTS,Other services (except public administration),1,Rate of injury cases per 100 full-time workers (Size class 0),1,Total recordable cases,131,"Private industry, Nebraska"
ISUOTSSP2OTS11131,2019,A01,Annual,NA,3.4,OTS,Other services,SP2OTS,Other services (except public administration),1,Rate of injury cases per 100 full-time workers (Size class 0),1,Total recordable cases,131,"Private industry, Nebraska"
ISUOTSSP2OTS11131,2018,A01,Annual,NA,2.2,OTS,Other services,SP2OTS,Other services (except public administration),1,Rate of injury cases per 100 full-time workers (Size class 0),1,Total recordable cases,131,"Private industry, Nebraska"
ISUOTSSP2OTS11131,2017,A01,Annual,NA,1.7,OTS,Other services,SP2OTS,Other services (except public administration),1,Rate of injury cases per 100 full-time workers (Size class 0),1,Total recordable cases,131,"Private industry, Nebraska"
ISUOTSSP2OTS11131,2016,A01,Annual,NA,2.2,OTS,Other services,SP2OTS,Other services (except public administration),1,Rate of injury cases per 100 full-time workers (Size class 0),1,Total recordable cases,131,"Private industry, Nebraska"
ISUOTSSP2OTS11131,2015,A01,Annual,NA,2.7,OTS,Other services,SP2OTS,Other services (except public administration),1,Rate of injury cases per 100 full-time workers (Size class 0),1,Total recordable cases,131,"Private industry, Nebraska"
ISUOTSSP2OTS11131,2014,A01,Annual,NA,2.2,OTS,Other services,SP2OTS,Other services (except public administration),1,Rate of injury cases per 100 full-time workers (Size class 0),1,Total recordable cases,131,"Private industry, Nebraska"
ISUOTSSP2OTS50131,2020,A01,Annual,NA,22.8,OTS,Other services,SP2OTS,Other services (except public administration),5,Number of injury cases (thousands) (Size class 0),0,RSE of Total recordable cases,131,"Private industry, Nebraska"
ISUOTSSP2OTS50131,2019,A01,Annual,NA,29.8,OTS,Other services,SP2OTS,Other services (except public administration),5,Number of injury cases (thousands) (Size class 0),0,RSE of Total recordable cases,131,"Private industry, Nebraska"
ISUOTSSP2OTS50131,2018,A01,Annual,NA,31.6,OTS,Other services,SP2OTS,Other services (except public administration),5,Number of injury cases (thousands) (Size class 0),0,RSE of Total recordable cases,131,"Private industry, Nebraska"
ISUOTSSP2OTS50131,2017,A01,Annual,NA,22.5,OTS,Other services,SP2OTS,Other services (except public administration),5,Number of injury cases (thousands) (Size class 0),0,RSE of Total recordable cases,131,"Private industry, Nebraska"
ISUOTSSP2OTS50131,2016,A01,Annual,NA,24.4,OTS,Other services,SP2OTS,Other services (except public administration),5,Number of injury cases (thousands) (Size class 0),0,RSE of Total recordable cases,131,"Private industry, Nebraska"
ISUOTSSP2OTS50131,2015,A01,Annual,NA,25.2,OTS,Other services,SP2OTS,Other services (except public administration),5,Number of injury cases (thousands) (Size class 0),0,RSE of Total recordable cases,131,"Private industry, Nebraska"
ISUOTSSP2OTS50131,2014,A01,Annual,NA,20.9,OTS,Other services,SP2OTS,Other services (except public administration),5,Number of injury cases (thousands) (Size class 0),0,RSE of Total recordable cases,131,"Private industry, Nebraska"
ISUOTSSP2OTS51131,2020,A01,Annual,NA,0.2,OTS,Other services,SP2OTS,Other services (except public administration),5,Number of injury cases (thousands) (Size class 0),1,Total recordable cases,131,"Private industry, Nebraska"
ISUOTSSP2OTS51131,2019,A01,Annual,NA,0.6,OTS,Other services,SP2OTS,Other services (except public administration),5,Number of injury cases (thousands) (Size class 0),1,Total recordable cases,131,"Private industry, Nebraska"
ISUOTSSP2OTS51131,2018,A01,Annual,NA,0.4,OTS,Other services,SP2OTS,Other services (except public administration),5,Number of injury cases (thousands) (Size class 0),1,Total recordable cases,131,"Private industry, Nebraska"
ISUOTSSP2OTS51131,2017,A01,Annual,NA,0.3,OTS,Other services,SP2OTS,Other services (except public administration),5,Number of injury cases (thousands) (Size class 0),1,Total recordable cases,131,"Private industry, Nebraska"
ISUOTSSP2OTS51131,2016,A01,Annual,NA,0.4,OTS,Other services,SP2OTS,Other services (except public administration),5,Number of injury cases (thousands) (Size class 0),1,Total recordable cases,131,"Private industry, Nebraska"
ISUOTSSP2OTS51131,2015,A01,Annual,NA,0.5,OTS,Other services,SP2OTS,Other services (except public administration),5,Number of injury cases (thousands) (Size class 0),1,Total recordable cases,131,"Private industry, Nebraska"
ISUOTSSP2OTS51131,2014,A01,Annual,NA,0.4,OTS,Other services,SP2OTS,Other services (except public administration),5,Number of injury cases (thousands) (Size class 0),1,Total recordable cases,131,"Private industry, Nebraska"
ISUPAD92200010831,2015,A01,Annual,TRUE,14,PAD,Public administration,922000,"Justice, public order, and safety activities",1,Rate of injury cases per 100 full-time workers (Size class 0),0,RSE of Total recordable cases,831,"Local government, Nebraska"
ISUPAD92200010831,2014,A01,Annual,NA,2.3,PAD,Public administration,922000,"Justice, public order, and safety activities",1,Rate of injury cases per 100 full-time workers (Size class 0),0,RSE of Total recordable cases,831,"Local government, Nebraska"
ISUPAD92200011831,2015,A01,Annual,TRUE,NA,PAD,Public administration,922000,"Justice, public order, and safety activities",1,Rate of injury cases per 100 full-time workers (Size class 0),1,Total recordable cases,831,"Local government, Nebraska"
ISUPAD92200011831,2014,A01,Annual,NA,8.2,PAD,Public administration,922000,"Justice, public order, and safety activities",1,Rate of injury cases per 100 full-time workers (Size class 0),1,Total recordable cases,831,"Local government, Nebraska"
ISUPAD92200050831,2015,A01,Annual,TRUE,0,PAD,Public administration,922000,"Justice, public order, and safety activities",5,Number of injury cases (thousands) (Size class 0),0,RSE of Total recordable cases,831,"Local government, Nebraska"
ISUPAD92200050831,2014,A01,Annual,NA,0,PAD,Public administration,922000,"Justice, public order, and safety activities",5,Number of injury cases (thousands) (Size class 0),0,RSE of Total recordable cases,831,"Local government, Nebraska"
ISUPAD92200051831,2015,A01,Annual,TRUE,0,PAD,Public administration,922000,"Justice, public order, and safety activities",5,Number of injury cases (thousands) (Size class 0),1,Total recordable cases,831,"Local government, Nebraska"
ISUPAD92200051831,2014,A01,Annual,NA,0,PAD,Public administration,922000,"Justice, public order, and safety activities",5,Number of injury cases (thousands) (Size class 0),1,Total recordable cases,831,"Local government, Nebraska"
ISUPAD92210010831,2015,A01,Annual,TRUE,14,PAD,Public administration,922100,"Justice, public order, and safety activities",1,Rate of injury cases per 100 full-time workers (Size class 0),0,RSE of Total recordable cases,831,"Local government, Nebraska"
ISUPAD92210010831,2014,A01,Annual,NA,2.3,PAD,Public administration,922100,"Justice, public order, and safety activities",1,Rate of injury cases per 100 full-time workers (Size class 0),0,RSE of Total recordable cases,831,"Local government, Nebraska"
ISUPAD92210011831,2015,A01,Annual,TRUE,NA,PAD,Public administration,922100,"Justice, public order, and safety activities",1,Rate of injury cases per 100 full-time workers (Size class 0),1,Total recordable cases,831,"Local government, Nebraska"
ISUPAD92210011831,2014,A01,Annual,NA,8.2,PAD,Public administration,922100,"Justice, public order, and safety activities",1,Rate of injury cases per 100 full-time workers (Size class 0),1,Total recordable cases,831,"Local government, Nebraska"
ISUPAD92210050831,2015,A01,Annual,TRUE,0,PAD,Public administration,922100,"Justice, public order, and safety activities",5,Number of injury cases (thousands) (Size class 0),0,RSE of Total recordable cases,831,"Local government, Nebraska"
ISUPAD92210050831,2014,A01,Annual,NA,0,PAD,Public administration,922100,"Justice, public order, and safety activities",5,Number of injury cases (thousands) (Size class 0),0,RSE of Total recordable cases,831,"Local government, Nebraska"
ISUPAD92210051831,2015,A01,Annual,TRUE,0,PAD,Public administration,922100,"Justice, public order, and safety activities",5,Number of injury cases (thousands) (Size class 0),1,Total recordable cases,831,"Local government, Nebraska"
ISUPAD92210051831,2014,A01,Annual,NA,0,PAD,Public administration,922100,"Justice, public order, and safety activities",5,Number of injury cases (thousands) (Size class 0),1,Total recordable cases,831,"Local government, Nebraska"
ISUPAD92212010831,2016,A01,Annual,TRUE,0,PAD,Public administration,922120,Police protection,1,Rate of injury cases per 100 full-time workers (Size class 0),0,RSE of Total recordable cases,831,"Local government, Nebraska"
ISUPAD92212010831,2015,A01,Annual,NA,0,PAD,Public administration,922120,Police protection,1,Rate of injury cases per 100 full-time workers (Size class 0),0,RSE of Total recordable cases,831,"Local government, Nebraska"
ISUPAD92212010831,2014,A01,Annual,NA,0,PAD,Public administration,922120,Police protection,1,Rate of injury cases per 100 full-time workers (Size class 0),0,RSE of Total recordable cases,831,"Local government, Nebraska"
ISUPAD92212011831,2016,A01,Annual,TRUE,13.9,PAD,Public administration,922120,Police protection,1,Rate of injury cases per 100 full-time workers (Size class 0),1,Total recordable cases,831,"Local government, Nebraska"
ISUPAD92212011831,2015,A01,Annual,NA,NA,PAD,Public administration,922120,Police protection,1,Rate of injury cases per 100 full-time workers (Size class 0),1,Total recordable cases,831,"Local government, Nebraska"
ISUPAD92212011831,2014,A01,Annual,NA,NA,PAD,Public administration,922120,Police protection,1,Rate of injury cases per 100 full-time workers (Size class 0),1,Total recordable cases,831,"Local government, Nebraska"
ISUPAD92212050831,2016,A01,Annual,TRUE,0,PAD,Public administration,922120,Police protection,5,Number of injury cases (thousands) (Size class 0),0,RSE of Total recordable cases,831,"Local government, Nebraska"
ISUPAD92212050831,2015,A01,Annual,NA,0,PAD,Public administration,922120,Police protection,5,Number of injury cases (thousands) (Size class 0),0,RSE of Total recordable cases,831,"Local government, Nebraska"
ISUPAD92212050831,2014,A01,Annual,NA,0,PAD,Public administration,922120,Police protection,5,Number of injury cases (thousands) (Size class 0),0,RSE of Total recordable cases,831,"Local government, Nebraska"
ISUPAD92212051831,2016,A01,Annual,TRUE,0,PAD,Public administration,922120,Police protection,5,Number of injury cases (thousands) (Size class 0),1,Total recordable cases,831,"Local government, Nebraska"
ISUPAD92212051831,2015,A01,Annual,NA,0,PAD,Public administration,922120,Police protection,5,Number of injury cases (thousands) (Size class 0),1,Total recordable cases,831,"Local government, Nebraska"
ISUPAD92212051831,2014,A01,Annual,NA,0,PAD,Public administration,922120,Police protection,5,Number of injury cases (thousands) (Size class 0),1,Total recordable cases,831,"Local government, Nebraska"
ISUPADSP1PAD10831,2020,A01,Annual,NA,15.4,PAD,Public administration,SP1PAD,Public administration,1,Rate of injury cases per 100 full-time workers (Size class 0),0,RSE of Total recordable cases,831,"Local government, Nebraska"
ISUPADSP1PAD10831,2019,A01,Annual,NA,41,PAD,Public administration,SP1PAD,Public administration,1,Rate of injury cases per 100 full-time workers (Size class 0),0,RSE of Total recordable cases,831,"Local government, Nebraska"
ISUPADSP1PAD10831,2018,A01,Annual,NA,17.5,PAD,Public administration,SP1PAD,Public administration,1,Rate of injury cases per 100 full-time workers (Size class 0),0,RSE of Total recordable cases,831,"Local government, Nebraska"
ISUPADSP1PAD10831,2017,A01,Annual,NA,15.7,PAD,Public administration,SP1PAD,Public administration,1,Rate of injury cases per 100 full-time workers (Size class 0),0,RSE of Total recordable cases,831,"Local government, Nebraska"
ISUPADSP1PAD10831,2016,A01,Annual,NA,14.5,PAD,Public administration,SP1PAD,Public administration,1,Rate of injury cases per 100 full-time workers (Size class 0),0,RSE of Total recordable cases,831,"Local government, Nebraska"
ISUPADSP1PAD10831,2015,A01,Annual,NA,17.2,PAD,Public administration,SP1PAD,Public administration,1,Rate of injury cases per 100 full-time workers (Size class 0),0,RSE of Total recordable cases,831,"Local government, Nebraska"
ISUPADSP1PAD10831,2014,A01,Annual,NA,8,PAD,Public administration,SP1PAD,Public administration,1,Rate of injury cases per 100 full-time workers (Size class 0),0,RSE of Total recordable cases,831,"Local government, Nebraska"
ISUPADSP1PAD11831,2020,A01,Annual,NA,3.1,PAD,Public administration,SP1PAD,Public administration,1,Rate of injury cases per 100 full-time workers (Size class 0),1,Total recordable cases,831,"Local government, Nebraska"
ISUPADSP1PAD11831,2019,A01,Annual,NA,3.4,PAD,Public administration,SP1PAD,Public administration,1,Rate of injury cases per 100 full-time workers (Size class 0),1,Total recordable cases,831,"Local government, Nebraska"
ISUPADSP1PAD11831,2018,A01,Annual,NA,3.2,PAD,Public administration,SP1PAD,Public administration,1,Rate of injury cases per 100 full-time workers (Size class 0),1,Total recordable cases,831,"Local government, Nebraska"
ISUPADSP1PAD11831,2017,A01,Annual,NA,4.2,PAD,Public administration,SP1PAD,Public administration,1,Rate of injury cases per 100 full-time workers (Size class 0),1,Total recordable cases,831,"Local government, Nebraska"
ISUPADSP1PAD11831,2016,A01,Annual,NA,4.7,PAD,Public administration,SP1PAD,Public administration,1,Rate of injury cases per 100 full-time workers (Size class 0),1,Total recordable cases,831,"Local government, Nebraska"
ISUPADSP1PAD11831,2015,A01,Annual,NA,4.2,PAD,Public administration,SP1PAD,Public administration,1,Rate of injury cases per 100 full-time workers (Size class 0),1,Total recordable cases,831,"Local government, Nebraska"
ISUPADSP1PAD11831,2014,A01,Annual,NA,6,PAD,Public administration,SP1PAD,Public administration,1,Rate of injury cases per 100 full-time workers (Size class 0),1,Total recordable cases,831,"Local government, Nebraska"
ISUPADSP1PAD50831,2020,A01,Annual,NA,18.5,PAD,Public administration,SP1PAD,Public administration,5,Number of injury cases (thousands) (Size class 0),0,RSE of Total recordable cases,831,"Local government, Nebraska"
ISUPADSP1PAD50831,2019,A01,Annual,NA,39.5,PAD,Public administration,SP1PAD,Public administration,5,Number of injury cases (thousands) (Size class 0),0,RSE of Total recordable cases,831,"Local government, Nebraska"
ISUPADSP1PAD50831,2018,A01,Annual,NA,20.7,PAD,Public administration,SP1PAD,Public administration,5,Number of injury cases (thousands) (Size class 0),0,RSE of Total recordable cases,831,"Local government, Nebraska"
ISUPADSP1PAD50831,2017,A01,Annual,NA,15.7,PAD,Public administration,SP1PAD,Public administration,5,Number of injury cases (thousands) (Size class 0),0,RSE of Total recordable cases,831,"Local government, Nebraska"
ISUPADSP1PAD50831,2016,A01,Annual,NA,16.2,PAD,Public administration,SP1PAD,Public administration,5,Number of injury cases (thousands) (Size class 0),0,RSE of Total recordable cases,831,"Local government, Nebraska"
ISUPADSP1PAD50831,2015,A01,Annual,NA,16.7,PAD,Public administration,SP1PAD,Public administration,5,Number of injury cases (thousands) (Size class 0),0,RSE of Total recordable cases,831,"Local government, Nebraska"
ISUPADSP1PAD50831,2014,A01,Annual,NA,7.9,PAD,Public administration,SP1PAD,Public administration,5,Number of injury cases (thousands) (Size class 0),0,RSE of Total recordable cases,831,"Local government, Nebraska"
ISUPADSP1PAD51831,2020,A01,Annual,NA,0.8,PAD,Public administration,SP1PAD,Public administration,5,Number of injury cases (thousands) (Size class 0),1,Total recordable cases,831,"Local government, Nebraska"
ISUPADSP1PAD51831,2019,A01,Annual,NA,0.8,PAD,Public administration,SP1PAD,Public administration,5,Number of injury cases (thousands) (Size class 0),1,Total recordable cases,831,"Local government, Nebraska"
ISUPADSP1PAD51831,2018,A01,Annual,NA,0.7,PAD,Public administration,SP1PAD,Public administration,5,Number of injury cases (thousands) (Size class 0),1,Total recordable cases,831,"Local government, Nebraska"
ISUPADSP1PAD51831,2017,A01,Annual,NA,0.9,PAD,Public administration,SP1PAD,Public administration,5,Number of injury cases (thousands) (Size class 0),1,Total recordable cases,831,"Local government, Nebraska"
ISUPADSP1PAD51831,2016,A01,Annual,NA,1.1,PAD,Public administration,SP1PAD,Public administration,5,Number of injury cases (thousands) (Size class 0),1,Total recordable cases,831,"Local government, Nebraska"
ISUPADSP1PAD51831,2015,A01,Annual,NA,0.9,PAD,Public administration,SP1PAD,Public administration,5,Number of injury cases (thousands) (Size class 0),1,Total recordable cases,831,"Local government, Nebraska"
ISUPADSP1PAD51831,2014,A01,Annual,NA,1.3,PAD,Public administration,SP1PAD,Public administration,5,Number of injury cases (thousands) (Size class 0),1,Total recordable cases,831,"Local government, Nebraska"
ISUPADSP2PAD10831,2020,A01,Annual,NA,15.4,PAD,Public administration,SP2PAD,Public administration,1,Rate of injury cases per 100 full-time workers (Size class 0),0,RSE of Total recordable cases,831,"Local government, Nebraska"
ISUPADSP2PAD10831,2019,A01,Annual,NA,41,PAD,Public administration,SP2PAD,Public administration,1,Rate of injury cases per 100 full-time workers (Size class 0),0,RSE of Total recordable cases,831,"Local government, Nebraska"
ISUPADSP2PAD10831,2018,A01,Annual,NA,17.5,PAD,Public administration,SP2PAD,Public administration,1,Rate of injury cases per 100 full-time workers (Size class 0),0,RSE of Total recordable cases,831,"Local government, Nebraska"
ISUPADSP2PAD10831,2017,A01,Annual,NA,15.7,PAD,Public administration,SP2PAD,Public administration,1,Rate of injury cases per 100 full-time workers (Size class 0),0,RSE of Total recordable cases,831,"Local government, Nebraska"
ISUPADSP2PAD10831,2016,A01,Annual,NA,14.5,PAD,Public administration,SP2PAD,Public administration,1,Rate of injury cases per 100 full-time workers (Size class 0),0,RSE of Total recordable cases,831,"Local government, Nebraska"
ISUPADSP2PAD10831,2015,A01,Annual,NA,17.2,PAD,Public administration,SP2PAD,Public administration,1,Rate of injury cases per 100 full-time workers (Size class 0),0,RSE of Total recordable cases,831,"Local government, Nebraska"
ISUPADSP2PAD10831,2014,A01,Annual,NA,8,PAD,Public administration,SP2PAD,Public administration,1,Rate of injury cases per 100 full-time workers (Size class 0),0,RSE of Total recordable cases,831,"Local government, Nebraska"
ISUPADSP2PAD11831,2020,A01,Annual,NA,3.1,PAD,Public administration,SP2PAD,Public administration,1,Rate of injury cases per 100 full-time workers (Size class 0),1,Total recordable cases,831,"Local government, Nebraska"
ISUPADSP2PAD11831,2019,A01,Annual,NA,3.4,PAD,Public administration,SP2PAD,Public administration,1,Rate of injury cases per 100 full-time workers (Size class 0),1,Total recordable cases,831,"Local government, Nebraska"
ISUPADSP2PAD11831,2018,A01,Annual,NA,3.2,PAD,Public administration,SP2PAD,Public administration,1,Rate of injury cases per 100 full-time workers (Size class 0),1,Total recordable cases,831,"Local government, Nebraska"
ISUPADSP2PAD11831,2017,A01,Annual,NA,4.2,PAD,Public administration,SP2PAD,Public administration,1,Rate of injury cases per 100 full-time workers (Size class 0),1,Total recordable cases,831,"Local government, Nebraska"
ISUPADSP2PAD11831,2016,A01,Annual,NA,4.7,PAD,Public administration,SP2PAD,Public administration,1,Rate of injury cases per 100 full-time workers (Size class 0),1,Total recordable cases,831,"Local government, Nebraska"
ISUPADSP2PAD11831,2015,A01,Annual,NA,4.2,PAD,Public administration,SP2PAD,Public administration,1,Rate of injury cases per 100 full-time workers (Size class 0),1,Total recordable cases,831,"Local government, Nebraska"
ISUPADSP2PAD11831,2014,A01,Annual,NA,6,PAD,Public administration,SP2PAD,Public administration,1,Rate of injury cases per 100 full-time workers (Size class 0),1,Total recordable cases,831,"Local government, Nebraska"
ISUPADSP2PAD50831,2020,A01,Annual,NA,18.5,PAD,Public administration,SP2PAD,Public administration,5,Number of injury cases (thousands) (Size class 0),0,RSE of Total recordable cases,831,"Local government, Nebraska"
ISUPADSP2PAD50831,2019,A01,Annual,NA,39.5,PAD,Public administration,SP2PAD,Public administration,5,Number of injury cases (thousands) (Size class 0),0,RSE of Total recordable cases,831,"Local government, Nebraska"
ISUPADSP2PAD50831,2018,A01,Annual,NA,20.7,PAD,Public administration,SP2PAD,Public administration,5,Number of injury cases (thousands) (Size class 0),0,RSE of Total recordable cases,831,"Local government, Nebraska"
ISUPADSP2PAD50831,2017,A01,Annual,NA,15.7,PAD,Public administration,SP2PAD,Public administration,5,Number of injury cases (thousands) (Size class 0),0,RSE of Total recordable cases,831,"Local government, Nebraska"
ISUPADSP2PAD50831,2016,A01,Annual,NA,16.2,PAD,Public administration,SP2PAD,Public administration,5,Number of injury cases (thousands) (Size class 0),0,RSE of Total recordable cases,831,"Local government, Nebraska"
ISUPADSP2PAD50831,2015,A01,Annual,NA,16.7,PAD,Public administration,SP2PAD,Public administration,5,Number of injury cases (thousands) (Size class 0),0,RSE of Total recordable cases,831,"Local government, Nebraska"
ISUPADSP2PAD50831,2014,A01,Annual,NA,7.9,PAD,Public administration,SP2PAD,Public administration,5,Number of injury cases (thousands) (Size class 0),0,RSE of Total recordable cases,831,"Local government, Nebraska"
ISUPADSP2PAD51831,2020,A01,Annual,NA,0.8,PAD,Public administration,SP2PAD,Public administration,5,Number of injury cases (thousands) (Size class 0),1,Total recordable cases,831,"Local government, Nebraska"
ISUPADSP2PAD51831,2019,A01,Annual,NA,0.8,PAD,Public administration,SP2PAD,Public administration,5,Number of injury cases (thousands) (Size class 0),1,Total recordable cases,831,"Local government, Nebraska"
ISUPADSP2PAD51831,2018,A01,Annual,NA,0.7,PAD,Public administration,SP2PAD,Public administration,5,Number of injury cases (thousands) (Size class 0),1,Total recordable cases,831,"Local government, Nebraska"
ISUPADSP2PAD51831,2017,A01,Annual,NA,0.9,PAD,Public administration,SP2PAD,Public administration,5,Number of injury cases (thousands) (Size class 0),1,Total recordable cases,831,"Local government, Nebraska"
ISUPADSP2PAD51831,2016,A01,Annual,NA,1.1,PAD,Public administration,SP2PAD,Public administration,5,Number of injury cases (thousands) (Size class 0),1,Total recordable cases,831,"Local government, Nebraska"
ISUPADSP2PAD51831,2015,A01,Annual,NA,0.9,PAD,Public administration,SP2PAD,Public administration,5,Number of injury cases (thousands) (Size class 0),1,Total recordable cases,831,"Local government, Nebraska"
ISUPADSP2PAD51831,2014,A01,Annual,NA,1.3,PAD,Public administration,SP2PAD,Public administration,5,Number of injury cases (thousands) (Size class 0),1,Total recordable cases,831,"Local government, Nebraska"
ISUPBS54100010131,2020,A01,Annual,NA,25.4,PBS,Professional and business services,541000,"Professional, scientific, and technical services",1,Rate of injury cases per 100 full-time workers (Size class 0),0,RSE of Total recordable cases,131,"Private industry, Nebraska"
ISUPBS54100010131,2018,A01,Annual,NA,39.4,PBS,Professional and business services,541000,"Professional, scientific, and technical services",1,Rate of injury cases per 100 full-time workers (Size class 0),0,RSE of Total recordable cases,131,"Private industry, Nebraska"
ISUPBS54100010131,2015,A01,Annual,NA,39.4,PBS,Professional and business services,541000,"Professional, scientific, and technical services",1,Rate of injury cases per 100 full-time workers (Size class 0),0,RSE of Total recordable cases,131,"Private industry, Nebraska"
ISUPBS54100010131,2014,A01,Annual,NA,30.8,PBS,Professional and business services,541000,"Professional, scientific, and technical services",1,Rate of injury cases per 100 full-time workers (Size class 0),0,RSE of Total recordable cases,131,"Private industry, Nebraska"
ISUPBS54100011131,2020,A01,Annual,NA,0.5,PBS,Professional and business services,541000,"Professional, scientific, and technical services",1,Rate of injury cases per 100 full-time workers (Size class 0),1,Total recordable cases,131,"Private industry, Nebraska"
ISUPBS54100011131,2018,A01,Annual,NA,1.7,PBS,Professional and business services,541000,"Professional, scientific, and technical services",1,Rate of injury cases per 100 full-time workers (Size class 0),1,Total recordable cases,131,"Private industry, Nebraska"
ISUPBS54100011131,2015,A01,Annual,NA,0.7,PBS,Professional and business services,541000,"Professional, scientific, and technical services",1,Rate of injury cases per 100 full-time workers (Size class 0),1,Total recordable cases,131,"Private industry, Nebraska"
ISUPBS54100011131,2014,A01,Annual,NA,0.4,PBS,Professional and business services,541000,"Professional, scientific, and technical services",1,Rate of injury cases per 100 full-time workers (Size class 0),1,Total recordable cases,131,"Private industry, Nebraska"
ISUPBS54100050131,2020,A01,Annual,NA,24.6,PBS,Professional and business services,541000,"Professional, scientific, and technical services",5,Number of injury cases (thousands) (Size class 0),0,RSE of Total recordable cases,131,"Private industry, Nebraska"
ISUPBS54100050131,2018,A01,Annual,NA,39.3,PBS,Professional and business services,541000,"Professional, scientific, and technical services",5,Number of injury cases (thousands) (Size class 0),0,RSE of Total recordable cases,131,"Private industry, Nebraska"
ISUPBS54100050131,2015,A01,Annual,NA,39.4,PBS,Professional and business services,541000,"Professional, scientific, and technical services",5,Number of injury cases (thousands) (Size class 0),0,RSE of Total recordable cases,131,"Private industry, Nebraska"
ISUPBS54100050131,2014,A01,Annual,NA,29.9,PBS,Professional and business services,541000,"Professional, scientific, and technical services",5,Number of injury cases (thousands) (Size class 0),0,RSE of Total recordable cases,131,"Private industry, Nebraska"
ISUPBS54100051131,2020,A01,Annual,NA,0.2,PBS,Professional and business services,541000,"Professional, scientific, and technical services",5,Number of injury cases (thousands) (Size class 0),1,Total recordable cases,131,"Private industry, Nebraska"
ISUPBS54100051131,2018,A01,Annual,NA,0.7,PBS,Professional and business services,541000,"Professional, scientific, and technical services",5,Number of injury cases (thousands) (Size class 0),1,Total recordable cases,131,"Private industry, Nebraska"
ISUPBS54100051131,2015,A01,Annual,NA,0.3,PBS,Professional and business services,541000,"Professional, scientific, and technical services",5,Number of injury cases (thousands) (Size class 0),1,Total recordable cases,131,"Private industry, Nebraska"
ISUPBS54100051131,2014,A01,Annual,NA,0.2,PBS,Professional and business services,541000,"Professional, scientific, and technical services",5,Number of injury cases (thousands) (Size class 0),1,Total recordable cases,131,"Private industry, Nebraska"
ISUPBS54130010131,2018,A01,Annual,NA,55.2,PBS,Professional and business services,541300,"Architectural, engineering, and related services",1,Rate of injury cases per 100 full-time workers (Size class 0),0,RSE of Total recordable cases,131,"Private industry, Nebraska"
ISUPBS54130010131,2015,A01,Annual,NA,36.4,PBS,Professional and business services,541300,"Architectural, engineering, and related services",1,Rate of injury cases per 100 full-time workers (Size class 0),0,RSE of Total recordable cases,131,"Private industry, Nebraska"
ISUPBS54130010131,2014,A01,Annual,NA,46,PBS,Professional and business services,541300,"Architectural, engineering, and related services",1,Rate of injury cases per 100 full-time workers (Size class 0),0,RSE of Total recordable cases,131,"Private industry, Nebraska"
ISUPBS54130011131,2018,A01,Annual,NA,0.5,PBS,Professional and business services,541300,"Architectural, engineering, and related services",1,Rate of injury cases per 100 full-time workers (Size class 0),1,Total recordable cases,131,"Private industry, Nebraska"
ISUPBS54130011131,2015,A01,Annual,NA,0.4,PBS,Professional and business services,541300,"Architectural, engineering, and related services",1,Rate of injury cases per 100 full-time workers (Size class 0),1,Total recordable cases,131,"Private industry, Nebraska"
ISUPBS54130011131,2014,A01,Annual,NA,0.7,PBS,Professional and business services,541300,"Architectural, engineering, and related services",1,Rate of injury cases per 100 full-time workers (Size class 0),1,Total recordable cases,131,"Private industry, Nebraska"
ISUPBS54130050131,2018,A01,Annual,NA,55.6,PBS,Professional and business services,541300,"Architectural, engineering, and related services",5,Number of injury cases (thousands) (Size class 0),0,RSE of Total recordable cases,131,"Private industry, Nebraska"
ISUPBS54130050131,2015,A01,Annual,NA,36.2,PBS,Professional and business services,541300,"Architectural, engineering, and related services",5,Number of injury cases (thousands) (Size class 0),0,RSE of Total recordable cases,131,"Private industry, Nebraska"
ISUPBS54130050131,2014,A01,Annual,NA,46,PBS,Professional and business services,541300,"Architectural, engineering, and related services",5,Number of injury cases (thousands) (Size class 0),0,RSE of Total recordable cases,131,"Private industry, Nebraska"
ISUPBS54130051131,2018,A01,Annual,NA,0,PBS,Professional and business services,541300,"Architectural, engineering, and related services",5,Number of injury cases (thousands) (Size class 0),1,Total recordable cases,131,"Private industry, Nebraska"
ISUPBS54130051131,2015,A01,Annual,NA,0,PBS,Professional and business services,541300,"Architectural, engineering, and related services",5,Number of injury cases (thousands) (Size class 0),1,Total recordable cases,131,"Private industry, Nebraska"
ISUPBS54130051131,2014,A01,Annual,NA,0,PBS,Professional and business services,541300,"Architectural, engineering, and related services",5,Number of injury cases (thousands) (Size class 0),1,Total recordable cases,131,"Private industry, Nebraska"
ISUPBS56100010131,2020,A01,Annual,NA,18,PBS,Professional and business services,561000,Administrative and support services,1,Rate of injury cases per 100 full-time workers (Size class 0),0,RSE of Total recordable cases,131,"Private industry, Nebraska"
ISUPBS56100010131,2019,A01,Annual,NA,11.3,PBS,Professional and business services,561000,Administrative and support services,1,Rate of injury cases per 100 full-time workers (Size class 0),0,RSE of Total recordable cases,131,"Private industry, Nebraska"
ISUPBS56100010131,2018,A01,Annual,NA,14.8,PBS,Professional and business services,561000,Administrative and support services,1,Rate of injury cases per 100 full-time workers (Size class 0),0,RSE of Total recordable cases,131,"Private industry, Nebraska"
ISUPBS56100010131,2017,A01,Annual,NA,26.5,PBS,Professional and business services,561000,Administrative and support services,1,Rate of injury cases per 100 full-time workers (Size class 0),0,RSE of Total recordable cases,131,"Private industry, Nebraska"
ISUPBS56100010131,2016,A01,Annual,NA,15.2,PBS,Professional and business services,561000,Administrative and support services,1,Rate of injury cases per 100 full-time workers (Size class 0),0,RSE of Total recordable cases,131,"Private industry, Nebraska"
ISUPBS56100010131,2015,A01,Annual,NA,24.3,PBS,Professional and business services,561000,Administrative and support services,1,Rate of injury cases per 100 full-time workers (Size class 0),0,RSE of Total recordable cases,131,"Private industry, Nebraska"
ISUPBS56100010131,2014,A01,Annual,NA,18.8,PBS,Professional and business services,561000,Administrative and support services,1,Rate of injury cases per 100 full-time workers (Size class 0),0,RSE of Total recordable cases,131,"Private industry, Nebraska"
ISUPBS56100011131,2020,A01,Annual,NA,0.9,PBS,Professional and business services,561000,Administrative and support services,1,Rate of injury cases per 100 full-time workers (Size class 0),1,Total recordable cases,131,"Private industry, Nebraska"
ISUPBS56100011131,2019,A01,Annual,NA,1.5,PBS,Professional and business services,561000,Administrative and support services,1,Rate of injury cases per 100 full-time workers (Size class 0),1,Total recordable cases,131,"Private industry, Nebraska"
ISUPBS56100011131,2018,A01,Annual,NA,1.7,PBS,Professional and business services,561000,Administrative and support services,1,Rate of injury cases per 100 full-time workers (Size class 0),1,Total recordable cases,131,"Private industry, Nebraska"
ISUPBS56100011131,2017,A01,Annual,NA,2.1,PBS,Professional and business services,561000,Administrative and support services,1,Rate of injury cases per 100 full-time workers (Size class 0),1,Total recordable cases,131,"Private industry, Nebraska"
ISUPBS56100011131,2016,A01,Annual,NA,2,PBS,Professional and business services,561000,Administrative and support services,1,Rate of injury cases per 100 full-time workers (Size class 0),1,Total recordable cases,131,"Private industry, Nebraska"
ISUPBS56100011131,2015,A01,Annual,NA,1.5,PBS,Professional and business services,561000,Administrative and support services,1,Rate of injury cases per 100 full-time workers (Size class 0),1,Total recordable cases,131,"Private industry, Nebraska"
ISUPBS56100011131,2014,A01,Annual,NA,1.5,PBS,Professional and business services,561000,Administrative and support services,1,Rate of injury cases per 100 full-time workers (Size class 0),1,Total recordable cases,131,"Private industry, Nebraska"
ISUPBS56100050131,2020,A01,Annual,NA,18.9,PBS,Professional and business services,561000,Administrative and support services,5,Number of injury cases (thousands) (Size class 0),0,RSE of Total recordable cases,131,"Private industry, Nebraska"
ISUPBS56100050131,2019,A01,Annual,NA,10.9,PBS,Professional and business services,561000,Administrative and support services,5,Number of injury cases (thousands) (Size class 0),0,RSE of Total recordable cases,131,"Private industry, Nebraska"
ISUPBS56100050131,2018,A01,Annual,NA,13.6,PBS,Professional and business services,561000,Administrative and support services,5,Number of injury cases (thousands) (Size class 0),0,RSE of Total recordable cases,131,"Private industry, Nebraska"
ISUPBS56100050131,2017,A01,Annual,NA,25.4,PBS,Professional and business services,561000,Administrative and support services,5,Number of injury cases (thousands) (Size class 0),0,RSE of Total recordable cases,131,"Private industry, Nebraska"
ISUPBS56100050131,2016,A01,Annual,NA,14.6,PBS,Professional and business services,561000,Administrative and support services,5,Number of injury cases (thousands) (Size class 0),0,RSE of Total recordable cases,131,"Private industry, Nebraska"
ISUPBS56100050131,2015,A01,Annual,NA,23.5,PBS,Professional and business services,561000,Administrative and support services,5,Number of injury cases (thousands) (Size class 0),0,RSE of Total recordable cases,131,"Private industry, Nebraska"
ISUPBS56100050131,2014,A01,Annual,NA,18.6,PBS,Professional and business services,561000,Administrative and support services,5,Number of injury cases (thousands) (Size class 0),0,RSE of Total recordable cases,131,"Private industry, Nebraska"
ISUPBS56100051131,2020,A01,Annual,NA,0.3,PBS,Professional and business services,561000,Administrative and support services,5,Number of injury cases (thousands) (Size class 0),1,Total recordable cases,131,"Private industry, Nebraska"
ISUPBS56100051131,2019,A01,Annual,NA,0.4,PBS,Professional and business services,561000,Administrative and support services,5,Number of injury cases (thousands) (Size class 0),1,Total recordable cases,131,"Private industry, Nebraska"
ISUPBS56100051131,2018,A01,Annual,NA,0.5,PBS,Professional and business services,561000,Administrative and support services,5,Number of injury cases (thousands) (Size class 0),1,Total recordable cases,131,"Private industry, Nebraska"
ISUPBS56100051131,2017,A01,Annual,NA,0.6,PBS,Professional and business services,561000,Administrative and support services,5,Number of injury cases (thousands) (Size class 0),1,Total recordable cases,131,"Private industry, Nebraska"
ISUPBS56100051131,2016,A01,Annual,NA,0.6,PBS,Professional and business services,561000,Administrative and support services,5,Number of injury cases (thousands) (Size class 0),1,Total recordable cases,131,"Private industry, Nebraska"
ISUPBS56100051131,2015,A01,Annual,NA,0.4,PBS,Professional and business services,561000,Administrative and support services,5,Number of injury cases (thousands) (Size class 0),1,Total recordable cases,131,"Private industry, Nebraska"
ISUPBS56100051131,2014,A01,Annual,NA,0.4,PBS,Professional and business services,561000,Administrative and support services,5,Number of injury cases (thousands) (Size class 0),1,Total recordable cases,131,"Private industry, Nebraska"
ISUPBS56130010131,2018,A01,Annual,TRUE,0,PBS,Professional and business services,561300,Employment services,1,Rate of injury cases per 100 full-time workers (Size class 0),0,RSE of Total recordable cases,131,"Private industry, Nebraska"
ISUPBS56130010131,2017,A01,Annual,NA,0,PBS,Professional and business services,561300,Employment services,1,Rate of injury cases per 100 full-time workers (Size class 0),0,RSE of Total recordable cases,131,"Private industry, Nebraska"
ISUPBS56130010131,2016,A01,Annual,NA,41.3,PBS,Professional and business services,561300,Employment services,1,Rate of injury cases per 100 full-time workers (Size class 0),0,RSE of Total recordable cases,131,"Private industry, Nebraska"
ISUPBS56130010131,2014,A01,Annual,NA,45.1,PBS,Professional and business services,561300,Employment services,1,Rate of injury cases per 100 full-time workers (Size class 0),0,RSE of Total recordable cases,131,"Private industry, Nebraska"
ISUPBS56130011131,2018,A01,Annual,TRUE,NA,PBS,Professional and business services,561300,Employment services,1,Rate of injury cases per 100 full-time workers (Size class 0),1,Total recordable cases,131,"Private industry, Nebraska"
ISUPBS56130011131,2017,A01,Annual,NA,NA,PBS,Professional and business services,561300,Employment services,1,Rate of injury cases per 100 full-time workers (Size class 0),1,Total recordable cases,131,"Private industry, Nebraska"
ISUPBS56130011131,2016,A01,Annual,NA,NA,PBS,Professional and business services,561300,Employment services,1,Rate of injury cases per 100 full-time workers (Size class 0),1,Total recordable cases,131,"Private industry, Nebraska"
ISUPBS56130011131,2014,A01,Annual,NA,NA,PBS,Professional and business services,561300,Employment services,1,Rate of injury cases per 100 full-time workers (Size class 0),1,Total recordable cases,131,"Private industry, Nebraska"
ISUPBS56130050131,2018,A01,Annual,TRUE,0,PBS,Professional and business services,561300,Employment services,5,Number of injury cases (thousands) (Size class 0),0,RSE of Total recordable cases,131,"Private industry, Nebraska"
ISUPBS56130050131,2017,A01,Annual,NA,0,PBS,Professional and business services,561300,Employment services,5,Number of injury cases (thousands) (Size class 0),0,RSE of Total recordable cases,131,"Private industry, Nebraska"
ISUPBS56130050131,2016,A01,Annual,NA,0,PBS,Professional and business services,561300,Employment services,5,Number of injury cases (thousands) (Size class 0),0,RSE of Total recordable cases,131,"Private industry, Nebraska"
ISUPBS56130050131,2014,A01,Annual,NA,43.9,PBS,Professional and business services,561300,Employment services,5,Number of injury cases (thousands) (Size class 0),0,RSE of Total recordable cases,131,"Private industry, Nebraska"
ISUPBS56130051131,2018,A01,Annual,TRUE,0,PBS,Professional and business services,561300,Employment services,5,Number of injury cases (thousands) (Size class 0),1,Total recordable cases,131,"Private industry, Nebraska"
ISUPBS56130051131,2017,A01,Annual,NA,0,PBS,Professional and business services,561300,Employment services,5,Number of injury cases (thousands) (Size class 0),1,Total recordable cases,131,"Private industry, Nebraska"
ISUPBS56130051131,2016,A01,Annual,NA,0,PBS,Professional and business services,561300,Employment services,5,Number of injury cases (thousands) (Size class 0),1,Total recordable cases,131,"Private industry, Nebraska"
ISUPBS56130051131,2014,A01,Annual,NA,0,PBS,Professional and business services,561300,Employment services,5,Number of injury cases (thousands) (Size class 0),1,Total recordable cases,131,"Private industry, Nebraska"
ISUPBS56170010131,2020,A01,Annual,NA,24.5,PBS,Professional and business services,561700,Services to buildings and dwellings,1,Rate of injury cases per 100 full-time workers (Size class 0),0,RSE of Total recordable cases,131,"Private industry, Nebraska"
ISUPBS56170010131,2019,A01,Annual,NA,14.7,PBS,Professional and business services,561700,Services to buildings and dwellings,1,Rate of injury cases per 100 full-time workers (Size class 0),0,RSE of Total recordable cases,131,"Private industry, Nebraska"
ISUPBS56170010131,2018,A01,Annual,NA,18.8,PBS,Professional and business services,561700,Services to buildings and dwellings,1,Rate of injury cases per 100 full-time workers (Size class 0),0,RSE of Total recordable cases,131,"Private industry, Nebraska"
ISUPBS56170010131,2017,A01,Annual,NA,35.6,PBS,Professional and business services,561700,Services to buildings and dwellings,1,Rate of injury cases per 100 full-time workers (Size class 0),0,RSE of Total recordable cases,131,"Private industry, Nebraska"
ISUPBS56170010131,2016,A01,Annual,NA,20.7,PBS,Professional and business services,561700,Services to buildings and dwellings,1,Rate of injury cases per 100 full-time workers (Size class 0),0,RSE of Total recordable cases,131,"Private industry, Nebraska"
ISUPBS56170010131,2015,A01,Annual,NA,36.7,PBS,Professional and business services,561700,Services to buildings and dwellings,1,Rate of injury cases per 100 full-time workers (Size class 0),0,RSE of Total recordable cases,131,"Private industry, Nebraska"
ISUPBS56170010131,2014,A01,Annual,NA,32.7,PBS,Professional and business services,561700,Services to buildings and dwellings,1,Rate of injury cases per 100 full-time workers (Size class 0),0,RSE of Total recordable cases,131,"Private industry, Nebraska"
ISUPBS56170011131,2020,A01,Annual,NA,1.4,PBS,Professional and business services,561700,Services to buildings and dwellings,1,Rate of injury cases per 100 full-time workers (Size class 0),1,Total recordable cases,131,"Private industry, Nebraska"
ISUPBS56170011131,2019,A01,Annual,NA,2,PBS,Professional and business services,561700,Services to buildings and dwellings,1,Rate of injury cases per 100 full-time workers (Size class 0),1,Total recordable cases,131,"Private industry, Nebraska"
ISUPBS56170011131,2018,A01,Annual,NA,3.4,PBS,Professional and business services,561700,Services to buildings and dwellings,1,Rate of injury cases per 100 full-time workers (Size class 0),1,Total recordable cases,131,"Private industry, Nebraska"
ISUPBS56170011131,2017,A01,Annual,NA,4.1,PBS,Professional and business services,561700,Services to buildings and dwellings,1,Rate of injury cases per 100 full-time workers (Size class 0),1,Total recordable cases,131,"Private industry, Nebraska"
ISUPBS56170011131,2016,A01,Annual,NA,4.1,PBS,Professional and business services,561700,Services to buildings and dwellings,1,Rate of injury cases per 100 full-time workers (Size class 0),1,Total recordable cases,131,"Private industry, Nebraska"
ISUPBS56170011131,2015,A01,Annual,NA,3.2,PBS,Professional and business services,561700,Services to buildings and dwellings,1,Rate of injury cases per 100 full-time workers (Size class 0),1,Total recordable cases,131,"Private industry, Nebraska"
ISUPBS56170011131,2014,A01,Annual,NA,2.3,PBS,Professional and business services,561700,Services to buildings and dwellings,1,Rate of injury cases per 100 full-time workers (Size class 0),1,Total recordable cases,131,"Private industry, Nebraska"
ISUPBS56170050131,2020,A01,Annual,NA,24.5,PBS,Professional and business services,561700,Services to buildings and dwellings,5,Number of injury cases (thousands) (Size class 0),0,RSE of Total recordable cases,131,"Private industry, Nebraska"
ISUPBS56170050131,2019,A01,Annual,NA,16.2,PBS,Professional and business services,561700,Services to buildings and dwellings,5,Number of injury cases (thousands) (Size class 0),0,RSE of Total recordable cases,131,"Private industry, Nebraska"
ISUPBS56170050131,2018,A01,Annual,NA,19.3,PBS,Professional and business services,561700,Services to buildings and dwellings,5,Number of injury cases (thousands) (Size class 0),0,RSE of Total recordable cases,131,"Private industry, Nebraska"
ISUPBS56170050131,2017,A01,Annual,NA,36.4,PBS,Professional and business services,561700,Services to buildings and dwellings,5,Number of injury cases (thousands) (Size class 0),0,RSE of Total recordable cases,131,"Private industry, Nebraska"
ISUPBS56170050131,2016,A01,Annual,NA,21,PBS,Professional and business services,561700,Services to buildings and dwellings,5,Number of injury cases (thousands) (Size class 0),0,RSE of Total recordable cases,131,"Private industry, Nebraska"
ISUPBS56170050131,2015,A01,Annual,NA,35.7,PBS,Professional and business services,561700,Services to buildings and dwellings,5,Number of injury cases (thousands) (Size class 0),0,RSE of Total recordable cases,131,"Private industry, Nebraska"
ISUPBS56170050131,2014,A01,Annual,NA,32.5,PBS,Professional and business services,561700,Services to buildings and dwellings,5,Number of injury cases (thousands) (Size class 0),0,RSE of Total recordable cases,131,"Private industry, Nebraska"
ISUPBS56170051131,2020,A01,Annual,NA,0.2,PBS,Professional and business services,561700,Services to buildings and dwellings,5,Number of injury cases (thousands) (Size class 0),1,Total recordable cases,131,"Private industry, Nebraska"
ISUPBS56170051131,2019,A01,Annual,NA,0.2,PBS,Professional and business services,561700,Services to buildings and dwellings,5,Number of injury cases (thousands) (Size class 0),1,Total recordable cases,131,"Private industry, Nebraska"
ISUPBS56170051131,2018,A01,Annual,NA,0.3,PBS,Professional and business services,561700,Services to buildings and dwellings,5,Number of injury cases (thousands) (Size class 0),1,Total recordable cases,131,"Private industry, Nebraska"
ISUPBS56170051131,2017,A01,Annual,NA,0.4,PBS,Professional and business services,561700,Services to buildings and dwellings,5,Number of injury cases (thousands) (Size class 0),1,Total recordable cases,131,"Private industry, Nebraska"
ISUPBS56170051131,2016,A01,Annual,NA,0.4,PBS,Professional and business services,561700,Services to buildings and dwellings,5,Number of injury cases (thousands) (Size class 0),1,Total recordable cases,131,"Private industry, Nebraska"
ISUPBS56170051131,2015,A01,Annual,NA,0.3,PBS,Professional and business services,561700,Services to buildings and dwellings,5,Number of injury cases (thousands) (Size class 0),1,Total recordable cases,131,"Private industry, Nebraska"
ISUPBS56170051131,2014,A01,Annual,NA,0.2,PBS,Professional and business services,561700,Services to buildings and dwellings,5,Number of injury cases (thousands) (Size class 0),1,Total recordable cases,131,"Private industry, Nebraska"
ISUMFGGP2MFG50131,2020,A01,Annual,NA,2.9,MFG,Manufacturing,GP2MFG,Manufacturing,5,Number of injury cases (thousands) (Size class 0),0,RSE of Total recordable cases,131,"Private industry, Nebraska"
ISUMFGGP2MFG50131,2019,A01,Annual,NA,2.5,MFG,Manufacturing,GP2MFG,Manufacturing,5,Number of injury cases (thousands) (Size class 0),0,RSE of Total recordable cases,131,"Private industry, Nebraska"
ISUMFGGP2MFG50131,2018,A01,Annual,NA,2.2,MFG,Manufacturing,GP2MFG,Manufacturing,5,Number of injury cases (thousands) (Size class 0),0,RSE of Total recordable cases,131,"Private industry, Nebraska"
ISUMFGGP2MFG50131,2017,A01,Annual,NA,2.2,MFG,Manufacturing,GP2MFG,Manufacturing,5,Number of injury cases (thousands) (Size class 0),0,RSE of Total recordable cases,131,"Private industry, Nebraska"
ISUMFGGP2MFG50131,2016,A01,Annual,NA,2.3,MFG,Manufacturing,GP2MFG,Manufacturing,5,Number of injury cases (thousands) (Size class 0),0,RSE of Total recordable cases,131,"Private industry, Nebraska"
ISUMFGGP2MFG50131,2015,A01,Annual,NA,1.8,MFG,Manufacturing,GP2MFG,Manufacturing,5,Number of injury cases (thousands) (Size class 0),0,RSE of Total recordable cases,131,"Private industry, Nebraska"
ISUMFGGP2MFG50131,2014,A01,Annual,NA,3.6,MFG,Manufacturing,GP2MFG,Manufacturing,5,Number of injury cases (thousands) (Size class 0),0,RSE of Total recordable cases,131,"Private industry, Nebraska"
ISUMFGGP2MFG51131,2020,A01,Annual,NA,3.2,MFG,Manufacturing,GP2MFG,Manufacturing,5,Number of injury cases (thousands) (Size class 0),1,Total recordable cases,131,"Private industry, Nebraska"
ISUMFGGP2MFG51131,2019,A01,Annual,NA,3.3,MFG,Manufacturing,GP2MFG,Manufacturing,5,Number of injury cases (thousands) (Size class 0),1,Total recordable cases,131,"Private industry, Nebraska"
ISUMFGGP2MFG51131,2018,A01,Annual,NA,3.8,MFG,Manufacturing,GP2MFG,Manufacturing,5,Number of injury cases (thousands) (Size class 0),1,Total recordable cases,131,"Private industry, Nebraska"
ISUMFGGP2MFG51131,2017,A01,Annual,NA,3.8,MFG,Manufacturing,GP2MFG,Manufacturing,5,Number of injury cases (thousands) (Size class 0),1,Total recordable cases,131,"Private industry, Nebraska"
ISUMFGGP2MFG51131,2016,A01,Annual,NA,4.3,MFG,Manufacturing,GP2MFG,Manufacturing,5,Number of injury cases (thousands) (Size class 0),1,Total recordable cases,131,"Private industry, Nebraska"
ISUMFGGP2MFG51131,2015,A01,Annual,NA,4.1,MFG,Manufacturing,GP2MFG,Manufacturing,5,Number of injury cases (thousands) (Size class 0),1,Total recordable cases,131,"Private industry, Nebraska"
ISUMFGGP2MFG51131,2014,A01,Annual,NA,4.6,MFG,Manufacturing,GP2MFG,Manufacturing,5,Number of injury cases (thousands) (Size class 0),1,Total recordable cases,131,"Private industry, Nebraska"
ISUNRM11100010131,2019,A01,Annual,TRUE,42.2,NRM,Natural resources and mining,111000,Crop production,1,Rate of injury cases per 100 full-time workers (Size class 0),0,RSE of Total recordable cases,131,"Private industry, Nebraska"
ISUNRM11100010131,2017,A01,Annual,NA,36,NRM,Natural resources and mining,111000,Crop production,1,Rate of injury cases per 100 full-time workers (Size class 0),0,RSE of Total recordable cases,131,"Private industry, Nebraska"
ISUNRM11100010131,2016,A01,Annual,NA,41.9,NRM,Natural resources and mining,111000,Crop production,1,Rate of injury cases per 100 full-time workers (Size class 0),0,RSE of Total recordable cases,131,"Private industry, Nebraska"
ISUNRM11100010131,2015,A01,Annual,NA,21.5,NRM,Natural resources and mining,111000,Crop production,1,Rate of injury cases per 100 full-time workers (Size class 0),0,RSE of Total recordable cases,131,"Private industry, Nebraska"
ISUNRM11100010131,2014,A01,Annual,NA,18.5,NRM,Natural resources and mining,111000,Crop production,1,Rate of injury cases per 100 full-time workers (Size class 0),0,RSE of Total recordable cases,131,"Private industry, Nebraska"
ISUNRM11100011131,2019,A01,Annual,TRUE,2.9,NRM,Natural resources and mining,111000,Crop production,1,Rate of injury cases per 100 full-time workers (Size class 0),1,Total recordable cases,131,"Private industry, Nebraska"
ISUNRM11100011131,2017,A01,Annual,NA,5.4,NRM,Natural resources and mining,111000,Crop production,1,Rate of injury cases per 100 full-time workers (Size class 0),1,Total recordable cases,131,"Private industry, Nebraska"
ISUNRM11100011131,2016,A01,Annual,NA,4.9,NRM,Natural resources and mining,111000,Crop production,1,Rate of injury cases per 100 full-time workers (Size class 0),1,Total recordable cases,131,"Private industry, Nebraska"
ISUNRM11100011131,2015,A01,Annual,NA,5,NRM,Natural resources and mining,111000,Crop production,1,Rate of injury cases per 100 full-time workers (Size class 0),1,Total recordable cases,131,"Private industry, Nebraska"
ISUNRM11100011131,2014,A01,Annual,NA,9.2,NRM,Natural resources and mining,111000,Crop production,1,Rate of injury cases per 100 full-time workers (Size class 0),1,Total recordable cases,131,"Private industry, Nebraska"
ISUNRM11100050131,2019,A01,Annual,TRUE,49.4,NRM,Natural resources and mining,111000,Crop production,5,Number of injury cases (thousands) (Size class 0),0,RSE of Total recordable cases,131,"Private industry, Nebraska"
ISUNRM11100050131,2017,A01,Annual,NA,45.7,NRM,Natural resources and mining,111000,Crop production,5,Number of injury cases (thousands) (Size class 0),0,RSE of Total recordable cases,131,"Private industry, Nebraska"
ISUNRM11100050131,2016,A01,Annual,NA,38.5,NRM,Natural resources and mining,111000,Crop production,5,Number of injury cases (thousands) (Size class 0),0,RSE of Total recordable cases,131,"Private industry, Nebraska"
ISUNRM11100050131,2015,A01,Annual,NA,21.2,NRM,Natural resources and mining,111000,Crop production,5,Number of injury cases (thousands) (Size class 0),0,RSE of Total recordable cases,131,"Private industry, Nebraska"
ISUNRM11100050131,2014,A01,Annual,NA,21.3,NRM,Natural resources and mining,111000,Crop production,5,Number of injury cases (thousands) (Size class 0),0,RSE of Total recordable cases,131,"Private industry, Nebraska"
ISUNRM11100051131,2019,A01,Annual,TRUE,0,NRM,Natural resources and mining,111000,Crop production,5,Number of injury cases (thousands) (Size class 0),1,Total recordable cases,131,"Private industry, Nebraska"
ISUNRM11100051131,2017,A01,Annual,NA,0.1,NRM,Natural resources and mining,111000,Crop production,5,Number of injury cases (thousands) (Size class 0),1,Total recordable cases,131,"Private industry, Nebraska"
ISUNRM11100051131,2016,A01,Annual,NA,0.1,NRM,Natural resources and mining,111000,Crop production,5,Number of injury cases (thousands) (Size class 0),1,Total recordable cases,131,"Private industry, Nebraska"
ISUNRM11100051131,2015,A01,Annual,NA,0.1,NRM,Natural resources and mining,111000,Crop production,5,Number of injury cases (thousands) (Size class 0),1,Total recordable cases,131,"Private industry, Nebraska"
ISUNRM11100051131,2014,A01,Annual,NA,0.1,NRM,Natural resources and mining,111000,Crop production,5,Number of injury cases (thousands) (Size class 0),1,Total recordable cases,131,"Private industry, Nebraska"
ISUNRM11200010131,2020,A01,Annual,NA,16.3,NRM,Natural resources and mining,112000,Animal production and aquaculture,1,Rate of injury cases per 100 full-time workers (Size class 0),0,RSE of Total recordable cases,131,"Private industry, Nebraska"
ISUNRM11200010131,2019,A01,Annual,NA,15.4,NRM,Natural resources and mining,112000,Animal production and aquaculture,1,Rate of injury cases per 100 full-time workers (Size class 0),0,RSE of Total recordable cases,131,"Private industry, Nebraska"
ISUNRM11200010131,2018,A01,Annual,NA,16.7,NRM,Natural resources and mining,112000,Animal production and aquaculture,1,Rate of injury cases per 100 full-time workers (Size class 0),0,RSE of Total recordable cases,131,"Private industry, Nebraska"
ISUNRM11200010131,2017,A01,Annual,NA,17,NRM,Natural resources and mining,112000,Animal production and aquaculture,1,Rate of injury cases per 100 full-time workers (Size class 0),0,RSE of Total recordable cases,131,"Private industry, Nebraska"
ISUNRM11200010131,2016,A01,Annual,NA,15.2,NRM,Natural resources and mining,112000,Animal production and aquaculture,1,Rate of injury cases per 100 full-time workers (Size class 0),0,RSE of Total recordable cases,131,"Private industry, Nebraska"
ISUNRM11200010131,2015,A01,Annual,NA,16.1,NRM,Natural resources and mining,112000,Animal production and aquaculture,1,Rate of injury cases per 100 full-time workers (Size class 0),0,RSE of Total recordable cases,131,"Private industry, Nebraska"
ISUNRM11200010131,2014,A01,Annual,NA,15.3,NRM,Natural resources and mining,112000,Animal production and aquaculture,1,Rate of injury cases per 100 full-time workers (Size class 0),0,RSE of Total recordable cases,131,"Private industry, Nebraska"
ISUNRM11200011131,2020,A01,Annual,NA,5.4,NRM,Natural resources and mining,112000,Animal production and aquaculture,1,Rate of injury cases per 100 full-time workers (Size class 0),1,Total recordable cases,131,"Private industry, Nebraska"
ISUNRM11200011131,2019,A01,Annual,NA,7.2,NRM,Natural resources and mining,112000,Animal production and aquaculture,1,Rate of injury cases per 100 full-time workers (Size class 0),1,Total recordable cases,131,"Private industry, Nebraska"
ISUNRM11200011131,2018,A01,Annual,NA,7.1,NRM,Natural resources and mining,112000,Animal production and aquaculture,1,Rate of injury cases per 100 full-time workers (Size class 0),1,Total recordable cases,131,"Private industry, Nebraska"
ISUNRM11200011131,2017,A01,Annual,NA,7.9,NRM,Natural resources and mining,112000,Animal production and aquaculture,1,Rate of injury cases per 100 full-time workers (Size class 0),1,Total recordable cases,131,"Private industry, Nebraska"
ISUNRM11200011131,2016,A01,Annual,NA,8.1,NRM,Natural resources and mining,112000,Animal production and aquaculture,1,Rate of injury cases per 100 full-time workers (Size class 0),1,Total recordable cases,131,"Private industry, Nebraska"
ISUNRM11200011131,2015,A01,Annual,NA,8.5,NRM,Natural resources and mining,112000,Animal production and aquaculture,1,Rate of injury cases per 100 full-time workers (Size class 0),1,Total recordable cases,131,"Private industry, Nebraska"
ISUNRM11200011131,2014,A01,Annual,NA,7.5,NRM,Natural resources and mining,112000,Animal production and aquaculture,1,Rate of injury cases per 100 full-time workers (Size class 0),1,Total recordable cases,131,"Private industry, Nebraska"
ISUNRM11200050131,2020,A01,Annual,NA,16.1,NRM,Natural resources and mining,112000,Animal production and aquaculture,5,Number of injury cases (thousands) (Size class 0),0,RSE of Total recordable cases,131,"Private industry, Nebraska"
ISUNRM11200050131,2019,A01,Annual,NA,15.5,NRM,Natural resources and mining,112000,Animal production and aquaculture,5,Number of injury cases (thousands) (Size class 0),0,RSE of Total recordable cases,131,"Private industry, Nebraska"
ISUNRM11200050131,2018,A01,Annual,NA,17.7,NRM,Natural resources and mining,112000,Animal production and aquaculture,5,Number of injury cases (thousands) (Size class 0),0,RSE of Total recordable cases,131,"Private industry, Nebraska"
ISUNRM11200050131,2017,A01,Annual,NA,14.8,NRM,Natural resources and mining,112000,Animal production and aquaculture,5,Number of injury cases (thousands) (Size class 0),0,RSE of Total recordable cases,131,"Private industry, Nebraska"
ISUNRM11200050131,2016,A01,Annual,NA,16.1,NRM,Natural resources and mining,112000,Animal production and aquaculture,5,Number of injury cases (thousands) (Size class 0),0,RSE of Total recordable cases,131,"Private industry, Nebraska"
ISUNRM11200050131,2015,A01,Annual,NA,15.9,NRM,Natural resources and mining,112000,Animal production and aquaculture,5,Number of injury cases (thousands) (Size class 0),0,RSE of Total recordable cases,131,"Private industry, Nebraska"
ISUNRM11200050131,2014,A01,Annual,NA,15.6,NRM,Natural resources and mining,112000,Animal production and aquaculture,5,Number of injury cases (thousands) (Size class 0),0,RSE of Total recordable cases,131,"Private industry, Nebraska"
ISUNRM11200051131,2020,A01,Annual,NA,0.3,NRM,Natural resources and mining,112000,Animal production and aquaculture,5,Number of injury cases (thousands) (Size class 0),1,Total recordable cases,131,"Private industry, Nebraska"
ISUNRM11200051131,2019,A01,Annual,NA,0.4,NRM,Natural resources and mining,112000,Animal production and aquaculture,5,Number of injury cases (thousands) (Size class 0),1,Total recordable cases,131,"Private industry, Nebraska"
ISUNRM11200051131,2018,A01,Annual,NA,0.4,NRM,Natural resources and mining,112000,Animal production and aquaculture,5,Number of injury cases (thousands) (Size class 0),1,Total recordable cases,131,"Private industry, Nebraska"
ISUNRM11200051131,2017,A01,Annual,NA,0.4,NRM,Natural resources and mining,112000,Animal production and aquaculture,5,Number of injury cases (thousands) (Size class 0),1,Total recordable cases,131,"Private industry, Nebraska"
ISUNRM11200051131,2016,A01,Annual,NA,0.4,NRM,Natural resources and mining,112000,Animal production and aquaculture,5,Number of injury cases (thousands) (Size class 0),1,Total recordable cases,131,"Private industry, Nebraska"
ISUNRM11200051131,2015,A01,Annual,NA,0.4,NRM,Natural resources and mining,112000,Animal production and aquaculture,5,Number of injury cases (thousands) (Size class 0),1,Total recordable cases,131,"Private industry, Nebraska"
ISUNRM11200051131,2014,A01,Annual,NA,0.4,NRM,Natural resources and mining,112000,Animal production and aquaculture,5,Number of injury cases (thousands) (Size class 0),1,Total recordable cases,131,"Private industry, Nebraska"
ISUNRM21200010131,2020,A01,Annual,NA,NA,NRM,Natural resources and mining,212000,Mining (except oil and gas),1,Rate of injury cases per 100 full-time workers (Size class 0),0,RSE of Total recordable cases,131,"Private industry, Nebraska"
ISUNRM21200010131,2019,A01,Annual,NA,0,NRM,Natural resources and mining,212000,Mining (except oil and gas),1,Rate of injury cases per 100 full-time workers (Size class 0),0,RSE of Total recordable cases,131,"Private industry, Nebraska"
ISUNRM21200010131,2018,A01,Annual,NA,0,NRM,Natural resources and mining,212000,Mining (except oil and gas),1,Rate of injury cases per 100 full-time workers (Size class 0),0,RSE of Total recordable cases,131,"Private industry, Nebraska"
ISUNRM21200010131,2017,A01,Annual,NA,0,NRM,Natural resources and mining,212000,Mining (except oil and gas),1,Rate of injury cases per 100 full-time workers (Size class 0),0,RSE of Total recordable cases,131,"Private industry, Nebraska"
ISUNRM21200010131,2016,A01,Annual,NA,0,NRM,Natural resources and mining,212000,Mining (except oil and gas),1,Rate of injury cases per 100 full-time workers (Size class 0),0,RSE of Total recordable cases,131,"Private industry, Nebraska"
ISUNRM21200010131,2015,A01,Annual,NA,0,NRM,Natural resources and mining,212000,Mining (except oil and gas),1,Rate of injury cases per 100 full-time workers (Size class 0),0,RSE of Total recordable cases,131,"Private industry, Nebraska"
ISUNRM21200010131,2014,A01,Annual,NA,0,NRM,Natural resources and mining,212000,Mining (except oil and gas),1,Rate of injury cases per 100 full-time workers (Size class 0),0,RSE of Total recordable cases,131,"Private industry, Nebraska"
ISUNRM21200011131,2020,A01,Annual,NA,2.6,NRM,Natural resources and mining,212000,Mining (except oil and gas),1,Rate of injury cases per 100 full-time workers (Size class 0),1,Total recordable cases,131,"Private industry, Nebraska"
ISUNRM21200011131,2019,A01,Annual,NA,NA,NRM,Natural resources and mining,212000,Mining (except oil and gas),1,Rate of injury cases per 100 full-time workers (Size class 0),1,Total recordable cases,131,"Private industry, Nebraska"
ISUNRM21200011131,2018,A01,Annual,NA,NA,NRM,Natural resources and mining,212000,Mining (except oil and gas),1,Rate of injury cases per 100 full-time workers (Size class 0),1,Total recordable cases,131,"Private industry, Nebraska"
ISUNRM21200011131,2017,A01,Annual,NA,2.8,NRM,Natural resources and mining,212000,Mining (except oil and gas),1,Rate of injury cases per 100 full-time workers (Size class 0),1,Total recordable cases,131,"Private industry, Nebraska"
ISUNRM21200011131,2016,A01,Annual,NA,NA,NRM,Natural resources and mining,212000,Mining (except oil and gas),1,Rate of injury cases per 100 full-time workers (Size class 0),1,Total recordable cases,131,"Private industry, Nebraska"
ISUNRM21200011131,2015,A01,Annual,NA,1.8,NRM,Natural resources and mining,212000,Mining (except oil and gas),1,Rate of injury cases per 100 full-time workers (Size class 0),1,Total recordable cases,131,"Private industry, Nebraska"
ISUNRM21200011131,2014,A01,Annual,NA,2,NRM,Natural resources and mining,212000,Mining (except oil and gas),1,Rate of injury cases per 100 full-time workers (Size class 0),1,Total recordable cases,131,"Private industry, Nebraska"
ISUNRM21200050131,2020,A01,Annual,NA,NA,NRM,Natural resources and mining,212000,Mining (except oil and gas),5,Number of injury cases (thousands) (Size class 0),0,RSE of Total recordable cases,131,"Private industry, Nebraska"
ISUNRM21200050131,2019,A01,Annual,NA,0,NRM,Natural resources and mining,212000,Mining (except oil and gas),5,Number of injury cases (thousands) (Size class 0),0,RSE of Total recordable cases,131,"Private industry, Nebraska"
ISUNRM21200050131,2018,A01,Annual,NA,0,NRM,Natural resources and mining,212000,Mining (except oil and gas),5,Number of injury cases (thousands) (Size class 0),0,RSE of Total recordable cases,131,"Private industry, Nebraska"
ISUNRM21200050131,2017,A01,Annual,NA,0,NRM,Natural resources and mining,212000,Mining (except oil and gas),5,Number of injury cases (thousands) (Size class 0),0,RSE of Total recordable cases,131,"Private industry, Nebraska"
ISUNRM21200050131,2016,A01,Annual,NA,0,NRM,Natural resources and mining,212000,Mining (except oil and gas),5,Number of injury cases (thousands) (Size class 0),0,RSE of Total recordable cases,131,"Private industry, Nebraska"
ISUNRM21200050131,2015,A01,Annual,NA,0,NRM,Natural resources and mining,212000,Mining (except oil and gas),5,Number of injury cases (thousands) (Size class 0),0,RSE of Total recordable cases,131,"Private industry, Nebraska"
ISUNRM21200050131,2014,A01,Annual,NA,0,NRM,Natural resources and mining,212000,Mining (except oil and gas),5,Number of injury cases (thousands) (Size class 0),0,RSE of Total recordable cases,131,"Private industry, Nebraska"
ISUNRM21200051131,2020,A01,Annual,NA,0,NRM,Natural resources and mining,212000,Mining (except oil and gas),5,Number of injury cases (thousands) (Size class 0),1,Total recordable cases,131,"Private industry, Nebraska"
ISUNRM21200051131,2019,A01,Annual,NA,0,NRM,Natural resources and mining,212000,Mining (except oil and gas),5,Number of injury cases (thousands) (Size class 0),1,Total recordable cases,131,"Private industry, Nebraska"
ISUNRM21200051131,2018,A01,Annual,NA,0,NRM,Natural resources and mining,212000,Mining (except oil and gas),5,Number of injury cases (thousands) (Size class 0),1,Total recordable cases,131,"Private industry, Nebraska"
ISUNRM21200051131,2017,A01,Annual,NA,0,NRM,Natural resources and mining,212000,Mining (except oil and gas),5,Number of injury cases (thousands) (Size class 0),1,Total recordable cases,131,"Private industry, Nebraska"
ISUNRM21200051131,2016,A01,Annual,NA,0,NRM,Natural resources and mining,212000,Mining (except oil and gas),5,Number of injury cases (thousands) (Size class 0),1,Total recordable cases,131,"Private industry, Nebraska"
ISUNRM21200051131,2015,A01,Annual,NA,0,NRM,Natural resources and mining,212000,Mining (except oil and gas),5,Number of injury cases (thousands) (Size class 0),1,Total recordable cases,131,"Private industry, Nebraska"
ISUNRM21200051131,2014,A01,Annual,NA,0,NRM,Natural resources and mining,212000,Mining (except oil and gas),5,Number of injury cases (thousands) (Size class 0),1,Total recordable cases,131,"Private industry, Nebraska"
ISUNRM21230010131,2018,A01,Annual,TRUE,0,NRM,Natural resources and mining,212300,Nonmetallic mineral mining and quarrying,1,Rate of injury cases per 100 full-time workers (Size class 0),0,RSE of Total recordable cases,131,"Private industry, Nebraska"
ISUNRM21230010131,2017,A01,Annual,NA,0,NRM,Natural resources and mining,212300,Nonmetallic mineral mining and quarrying,1,Rate of injury cases per 100 full-time workers (Size class 0),0,RSE of Total recordable cases,131,"Private industry, Nebraska"
ISUNRM21230010131,2016,A01,Annual,NA,0,NRM,Natural resources and mining,212300,Nonmetallic mineral mining and quarrying,1,Rate of injury cases per 100 full-time workers (Size class 0),0,RSE of Total recordable cases,131,"Private industry, Nebraska"
ISUNRM21230010131,2015,A01,Annual,NA,0,NRM,Natural resources and mining,212300,Nonmetallic mineral mining and quarrying,1,Rate of injury cases per 100 full-time workers (Size class 0),0,RSE of Total recordable cases,131,"Private industry, Nebraska"
ISUNRM21230010131,2014,A01,Annual,NA,0,NRM,Natural resources and mining,212300,Nonmetallic mineral mining and quarrying,1,Rate of injury cases per 100 full-time workers (Size class 0),0,RSE of Total recordable cases,131,"Private industry, Nebraska"
ISUNRM21230011131,2018,A01,Annual,TRUE,NA,NRM,Natural resources and mining,212300,Nonmetallic mineral mining and quarrying,1,Rate of injury cases per 100 full-time workers (Size class 0),1,Total recordable cases,131,"Private industry, Nebraska"
ISUNRM21230011131,2017,A01,Annual,NA,2.8,NRM,Natural resources and mining,212300,Nonmetallic mineral mining and quarrying,1,Rate of injury cases per 100 full-time workers (Size class 0),1,Total recordable cases,131,"Private industry, Nebraska"
ISUNRM21230011131,2016,A01,Annual,NA,NA,NRM,Natural resources and mining,212300,Nonmetallic mineral mining and quarrying,1,Rate of injury cases per 100 full-time workers (Size class 0),1,Total recordable cases,131,"Private industry, Nebraska"
ISUNRM21230011131,2015,A01,Annual,NA,1.8,NRM,Natural resources and mining,212300,Nonmetallic mineral mining and quarrying,1,Rate of injury cases per 100 full-time workers (Size class 0),1,Total recordable cases,131,"Private industry, Nebraska"
ISUNRM21230011131,2014,A01,Annual,NA,2,NRM,Natural resources and mining,212300,Nonmetallic mineral mining and quarrying,1,Rate of injury cases per 100 full-time workers (Size class 0),1,Total recordable cases,131,"Private industry, Nebraska"
ISUNRM21230050131,2018,A01,Annual,TRUE,0,NRM,Natural resources and mining,212300,Nonmetallic mineral mining and quarrying,5,Number of injury cases (thousands) (Size class 0),0,RSE of Total recordable cases,131,"Private industry, Nebraska"
ISUNRM21230050131,2017,A01,Annual,NA,0,NRM,Natural resources and mining,212300,Nonmetallic mineral mining and quarrying,5,Number of injury cases (thousands) (Size class 0),0,RSE of Total recordable cases,131,"Private industry, Nebraska"
ISUNRM21230050131,2016,A01,Annual,NA,0,NRM,Natural resources and mining,212300,Nonmetallic mineral mining and quarrying,5,Number of injury cases (thousands) (Size class 0),0,RSE of Total recordable cases,131,"Private industry, Nebraska"
ISUNRM21230050131,2015,A01,Annual,NA,0,NRM,Natural resources and mining,212300,Nonmetallic mineral mining and quarrying,5,Number of injury cases (thousands) (Size class 0),0,RSE of Total recordable cases,131,"Private industry, Nebraska"
ISUNRM21230050131,2014,A01,Annual,NA,0,NRM,Natural resources and mining,212300,Nonmetallic mineral mining and quarrying,5,Number of injury cases (thousands) (Size class 0),0,RSE of Total recordable cases,131,"Private industry, Nebraska"
ISUNRM21230051131,2018,A01,Annual,TRUE,0,NRM,Natural resources and mining,212300,Nonmetallic mineral mining and quarrying,5,Number of injury cases (thousands) (Size class 0),1,Total recordable cases,131,"Private industry, Nebraska"
ISUNRM21230051131,2017,A01,Annual,NA,0,NRM,Natural resources and mining,212300,Nonmetallic mineral mining and quarrying,5,Number of injury cases (thousands) (Size class 0),1,Total recordable cases,131,"Private industry, Nebraska"
ISUNRM21230051131,2016,A01,Annual,NA,0,NRM,Natural resources and mining,212300,Nonmetallic mineral mining and quarrying,5,Number of injury cases (thousands) (Size class 0),1,Total recordable cases,131,"Private industry, Nebraska"
ISUNRM21230051131,2015,A01,Annual,NA,0,NRM,Natural resources and mining,212300,Nonmetallic mineral mining and quarrying,5,Number of injury cases (thousands) (Size class 0),1,Total recordable cases,131,"Private industry, Nebraska"
ISUNRM21230051131,2014,A01,Annual,NA,0,NRM,Natural resources and mining,212300,Nonmetallic mineral mining and quarrying,5,Number of injury cases (thousands) (Size class 0),1,Total recordable cases,131,"Private industry, Nebraska"
ISUNRMGP1NRM10131,2020,A01,Annual,NA,15.3,NRM,Natural resources and mining,GP1NRM,Natural resources and mining,1,Rate of injury cases per 100 full-time workers (Size class 0),0,RSE of Total recordable cases,131,"Private industry, Nebraska"
ISUNRMGP1NRM10131,2019,A01,Annual,NA,14.4,NRM,Natural resources and mining,GP1NRM,Natural resources and mining,1,Rate of injury cases per 100 full-time workers (Size class 0),0,RSE of Total recordable cases,131,"Private industry, Nebraska"
ISUNRMGP1NRM10131,2018,A01,Annual,NA,16.3,NRM,Natural resources and mining,GP1NRM,Natural resources and mining,1,Rate of injury cases per 100 full-time workers (Size class 0),0,RSE of Total recordable cases,131,"Private industry, Nebraska"
ISUNRMGP1NRM10131,2017,A01,Annual,NA,16.6,NRM,Natural resources and mining,GP1NRM,Natural resources and mining,1,Rate of injury cases per 100 full-time workers (Size class 0),0,RSE of Total recordable cases,131,"Private industry, Nebraska"
ISUNRMGP1NRM10131,2016,A01,Annual,NA,15.1,NRM,Natural resources and mining,GP1NRM,Natural resources and mining,1,Rate of injury cases per 100 full-time workers (Size class 0),0,RSE of Total recordable cases,131,"Private industry, Nebraska"
ISUNRMGP1NRM10131,2015,A01,Annual,NA,14.9,NRM,Natural resources and mining,GP1NRM,Natural resources and mining,1,Rate of injury cases per 100 full-time workers (Size class 0),0,RSE of Total recordable cases,131,"Private industry, Nebraska"
ISUNRMGP1NRM10131,2014,A01,Annual,NA,14.2,NRM,Natural resources and mining,GP1NRM,Natural resources and mining,1,Rate of injury cases per 100 full-time workers (Size class 0),0,RSE of Total recordable cases,131,"Private industry, Nebraska"
ISUNRMGP1NRM11131,2020,A01,Annual,NA,4.5,NRM,Natural resources and mining,GP1NRM,Natural resources and mining,1,Rate of injury cases per 100 full-time workers (Size class 0),1,Total recordable cases,131,"Private industry, Nebraska"
ISUNRMGP1NRM11131,2019,A01,Annual,NA,5.2,NRM,Natural resources and mining,GP1NRM,Natural resources and mining,1,Rate of injury cases per 100 full-time workers (Size class 0),1,Total recordable cases,131,"Private industry, Nebraska"
ISUNRMGP1NRM11131,2018,A01,Annual,NA,4.8,NRM,Natural resources and mining,GP1NRM,Natural resources and mining,1,Rate of injury cases per 100 full-time workers (Size class 0),1,Total recordable cases,131,"Private industry, Nebraska"
ISUNRMGP1NRM11131,2017,A01,Annual,NA,5.3,NRM,Natural resources and mining,GP1NRM,Natural resources and mining,1,Rate of injury cases per 100 full-time workers (Size class 0),1,Total recordable cases,131,"Private industry, Nebraska"
ISUNRMGP1NRM11131,2016,A01,Annual,NA,5.6,NRM,Natural resources and mining,GP1NRM,Natural resources and mining,1,Rate of injury cases per 100 full-time workers (Size class 0),1,Total recordable cases,131,"Private industry, Nebraska"
ISUNRMGP1NRM11131,2015,A01,Annual,NA,5.7,NRM,Natural resources and mining,GP1NRM,Natural resources and mining,1,Rate of injury cases per 100 full-time workers (Size class 0),1,Total recordable cases,131,"Private industry, Nebraska"
ISUNRMGP1NRM11131,2014,A01,Annual,NA,5.3,NRM,Natural resources and mining,GP1NRM,Natural resources and mining,1,Rate of injury cases per 100 full-time workers (Size class 0),1,Total recordable cases,131,"Private industry, Nebraska"
ISUNRMGP1NRM50131,2020,A01,Annual,NA,15.3,NRM,Natural resources and mining,GP1NRM,Natural resources and mining,5,Number of injury cases (thousands) (Size class 0),0,RSE of Total recordable cases,131,"Private industry, Nebraska"
ISUNRMGP1NRM50131,2019,A01,Annual,NA,14,NRM,Natural resources and mining,GP1NRM,Natural resources and mining,5,Number of injury cases (thousands) (Size class 0),0,RSE of Total recordable cases,131,"Private industry, Nebraska"
ISUNRMGP1NRM50131,2018,A01,Annual,NA,15.2,NRM,Natural resources and mining,GP1NRM,Natural resources and mining,5,Number of injury cases (thousands) (Size class 0),0,RSE of Total recordable cases,131,"Private industry, Nebraska"
ISUNRMGP1NRM50131,2017,A01,Annual,NA,13.1,NRM,Natural resources and mining,GP1NRM,Natural resources and mining,5,Number of injury cases (thousands) (Size class 0),0,RSE of Total recordable cases,131,"Private industry, Nebraska"
ISUNRMGP1NRM50131,2016,A01,Annual,NA,13.7,NRM,Natural resources and mining,GP1NRM,Natural resources and mining,5,Number of injury cases (thousands) (Size class 0),0,RSE of Total recordable cases,131,"Private industry, Nebraska"
ISUNRMGP1NRM50131,2015,A01,Annual,NA,12.8,NRM,Natural resources and mining,GP1NRM,Natural resources and mining,5,Number of injury cases (thousands) (Size class 0),0,RSE of Total recordable cases,131,"Private industry, Nebraska"
ISUNRMGP1NRM50131,2014,A01,Annual,NA,11.9,NRM,Natural resources and mining,GP1NRM,Natural resources and mining,5,Number of injury cases (thousands) (Size class 0),0,RSE of Total recordable cases,131,"Private industry, Nebraska"
ISUNRMGP1NRM51131,2020,A01,Annual,NA,0.4,NRM,Natural resources and mining,GP1NRM,Natural resources and mining,5,Number of injury cases (thousands) (Size class 0),1,Total recordable cases,131,"Private industry, Nebraska"
ISUNRMGP1NRM51131,2019,A01,Annual,NA,0.5,NRM,Natural resources and mining,GP1NRM,Natural resources and mining,5,Number of injury cases (thousands) (Size class 0),1,Total recordable cases,131,"Private industry, Nebraska"
ISUNRMGP1NRM51131,2018,A01,Annual,NA,0.5,NRM,Natural resources and mining,GP1NRM,Natural resources and mining,5,Number of injury cases (thousands) (Size class 0),1,Total recordable cases,131,"Private industry, Nebraska"
ISUNRMGP1NRM51131,2017,A01,Annual,NA,0.5,NRM,Natural resources and mining,GP1NRM,Natural resources and mining,5,Number of injury cases (thousands) (Size class 0),1,Total recordable cases,131,"Private industry, Nebraska"
ISUNRMGP1NRM51131,2016,A01,Annual,NA,0.5,NRM,Natural resources and mining,GP1NRM,Natural resources and mining,5,Number of injury cases (thousands) (Size class 0),1,Total recordable cases,131,"Private industry, Nebraska"
ISUNRMGP1NRM51131,2015,A01,Annual,NA,0.6,NRM,Natural resources and mining,GP1NRM,Natural resources and mining,5,Number of injury cases (thousands) (Size class 0),1,Total recordable cases,131,"Private industry, Nebraska"
ISUNRMGP1NRM51131,2014,A01,Annual,NA,0.5,NRM,Natural resources and mining,GP1NRM,Natural resources and mining,5,Number of injury cases (thousands) (Size class 0),1,Total recordable cases,131,"Private industry, Nebraska"
ISUNRMGP2AFH10131,2020,A01,Annual,NA,16.4,NRM,Natural resources and mining,GP2AFH,"Agriculture, forestry, fishing and hunting",1,Rate of injury cases per 100 full-time workers (Size class 0),0,RSE of Total recordable cases,131,"Private industry, Nebraska"
ISUNRMGP2AFH10131,2019,A01,Annual,NA,14.9,NRM,Natural resources and mining,GP2AFH,"Agriculture, forestry, fishing and hunting",1,Rate of injury cases per 100 full-time workers (Size class 0),0,RSE of Total recordable cases,131,"Private industry, Nebraska"
ISUNRMGP2AFH10131,2018,A01,Annual,NA,16.6,NRM,Natural resources and mining,GP2AFH,"Agriculture, forestry, fishing and hunting",1,Rate of injury cases per 100 full-time workers (Size class 0),0,RSE of Total recordable cases,131,"Private industry, Nebraska"
ISUNRMGP2AFH10131,2017,A01,Annual,NA,17.4,NRM,Natural resources and mining,GP2AFH,"Agriculture, forestry, fishing and hunting",1,Rate of injury cases per 100 full-time workers (Size class 0),0,RSE of Total recordable cases,131,"Private industry, Nebraska"
ISUNRMGP2AFH10131,2016,A01,Annual,NA,15.5,NRM,Natural resources and mining,GP2AFH,"Agriculture, forestry, fishing and hunting",1,Rate of injury cases per 100 full-time workers (Size class 0),0,RSE of Total recordable cases,131,"Private industry, Nebraska"
ISUNRMGP2AFH10131,2015,A01,Annual,NA,15.7,NRM,Natural resources and mining,GP2AFH,"Agriculture, forestry, fishing and hunting",1,Rate of injury cases per 100 full-time workers (Size class 0),0,RSE of Total recordable cases,131,"Private industry, Nebraska"
ISUNRMGP2AFH10131,2014,A01,Annual,NA,14.6,NRM,Natural resources and mining,GP2AFH,"Agriculture, forestry, fishing and hunting",1,Rate of injury cases per 100 full-time workers (Size class 0),0,RSE of Total recordable cases,131,"Private industry, Nebraska"
ISUNRMGP2AFH11131,2020,A01,Annual,NA,4.4,NRM,Natural resources and mining,GP2AFH,"Agriculture, forestry, fishing and hunting",1,Rate of injury cases per 100 full-time workers (Size class 0),1,Total recordable cases,131,"Private industry, Nebraska"
ISUNRMGP2AFH11131,2019,A01,Annual,NA,5.6,NRM,Natural resources and mining,GP2AFH,"Agriculture, forestry, fishing and hunting",1,Rate of injury cases per 100 full-time workers (Size class 0),1,Total recordable cases,131,"Private industry, Nebraska"
ISUNRMGP2AFH11131,2018,A01,Annual,NA,5.1,NRM,Natural resources and mining,GP2AFH,"Agriculture, forestry, fishing and hunting",1,Rate of injury cases per 100 full-time workers (Size class 0),1,Total recordable cases,131,"Private industry, Nebraska"
ISUNRMGP2AFH11131,2017,A01,Annual,NA,5.7,NRM,Natural resources and mining,GP2AFH,"Agriculture, forestry, fishing and hunting",1,Rate of injury cases per 100 full-time workers (Size class 0),1,Total recordable cases,131,"Private industry, Nebraska"
ISUNRMGP2AFH11131,2016,A01,Annual,NA,6,NRM,Natural resources and mining,GP2AFH,"Agriculture, forestry, fishing and hunting",1,Rate of injury cases per 100 full-time workers (Size class 0),1,Total recordable cases,131,"Private industry, Nebraska"
ISUNRMGP2AFH11131,2015,A01,Annual,NA,6.2,NRM,Natural resources and mining,GP2AFH,"Agriculture, forestry, fishing and hunting",1,Rate of injury cases per 100 full-time workers (Size class 0),1,Total recordable cases,131,"Private industry, Nebraska"
ISUNRMGP2AFH11131,2014,A01,Annual,NA,5.8,NRM,Natural resources and mining,GP2AFH,"Agriculture, forestry, fishing and hunting",1,Rate of injury cases per 100 full-time workers (Size class 0),1,Total recordable cases,131,"Private industry, Nebraska"
ISUNRMGP2AFH50131,2020,A01,Annual,NA,16.3,NRM,Natural resources and mining,GP2AFH,"Agriculture, forestry, fishing and hunting",5,Number of injury cases (thousands) (Size class 0),0,RSE of Total recordable cases,131,"Private industry, Nebraska"
ISUNRMGP2AFH50131,2019,A01,Annual,NA,14.6,NRM,Natural resources and mining,GP2AFH,"Agriculture, forestry, fishing and hunting",5,Number of injury cases (thousands) (Size class 0),0,RSE of Total recordable cases,131,"Private industry, Nebraska"
ISUNRMGP2AFH50131,2018,A01,Annual,NA,15.7,NRM,Natural resources and mining,GP2AFH,"Agriculture, forestry, fishing and hunting",5,Number of injury cases (thousands) (Size class 0),0,RSE of Total recordable cases,131,"Private industry, Nebraska"
ISUNRMGP2AFH50131,2017,A01,Annual,NA,13.8,NRM,Natural resources and mining,GP2AFH,"Agriculture, forestry, fishing and hunting",5,Number of injury cases (thousands) (Size class 0),0,RSE of Total recordable cases,131,"Private industry, Nebraska"
ISUNRMGP2AFH50131,2016,A01,Annual,NA,14.2,NRM,Natural resources and mining,GP2AFH,"Agriculture, forestry, fishing and hunting",5,Number of injury cases (thousands) (Size class 0),0,RSE of Total recordable cases,131,"Private industry, Nebraska"
ISUNRMGP2AFH50131,2015,A01,Annual,NA,13.2,NRM,Natural resources and mining,GP2AFH,"Agriculture, forestry, fishing and hunting",5,Number of injury cases (thousands) (Size class 0),0,RSE of Total recordable cases,131,"Private industry, Nebraska"
ISUNRMGP2AFH50131,2014,A01,Annual,NA,12.4,NRM,Natural resources and mining,GP2AFH,"Agriculture, forestry, fishing and hunting",5,Number of injury cases (thousands) (Size class 0),0,RSE of Total recordable cases,131,"Private industry, Nebraska"
ISUNRMGP2AFH51131,2020,A01,Annual,NA,0.4,NRM,Natural resources and mining,GP2AFH,"Agriculture, forestry, fishing and hunting",5,Number of injury cases (thousands) (Size class 0),1,Total recordable cases,131,"Private industry, Nebraska"
ISUNRMGP2AFH51131,2019,A01,Annual,NA,0.5,NRM,Natural resources and mining,GP2AFH,"Agriculture, forestry, fishing and hunting",5,Number of injury cases (thousands) (Size class 0),1,Total recordable cases,131,"Private industry, Nebraska"
ISUNRMGP2AFH51131,2018,A01,Annual,NA,0.5,NRM,Natural resources and mining,GP2AFH,"Agriculture, forestry, fishing and hunting",5,Number of injury cases (thousands) (Size class 0),1,Total recordable cases,131,"Private industry, Nebraska"
ISUNRMGP2AFH51131,2017,A01,Annual,NA,0.5,NRM,Natural resources and mining,GP2AFH,"Agriculture, forestry, fishing and hunting",5,Number of injury cases (thousands) (Size class 0),1,Total recordable cases,131,"Private industry, Nebraska"
ISUNRMGP2AFH51131,2016,A01,Annual,NA,0.5,NRM,Natural resources and mining,GP2AFH,"Agriculture, forestry, fishing and hunting",5,Number of injury cases (thousands) (Size class 0),1,Total recordable cases,131,"Private industry, Nebraska"
ISUNRMGP2AFH51131,2015,A01,Annual,NA,0.6,NRM,Natural resources and mining,GP2AFH,"Agriculture, forestry, fishing and hunting",5,Number of injury cases (thousands) (Size class 0),1,Total recordable cases,131,"Private industry, Nebraska"
ISUNRMGP2AFH51131,2014,A01,Annual,NA,0.5,NRM,Natural resources and mining,GP2AFH,"Agriculture, forestry, fishing and hunting",5,Number of injury cases (thousands) (Size class 0),1,Total recordable cases,131,"Private industry, Nebraska"
ISUNRMGP2MIN10131,2020,A01,Annual,NA,37.3,NRM,Natural resources and mining,GP2MIN,"Mining, quarrying, and oil and gas extraction",1,Rate of injury cases per 100 full-time workers (Size class 0),0,RSE of Total recordable cases,131,"Private industry, Nebraska"
ISUNRMGP2MIN10131,2019,A01,Annual,NA,20.1,NRM,Natural resources and mining,GP2MIN,"Mining, quarrying, and oil and gas extraction",1,Rate of injury cases per 100 full-time workers (Size class 0),0,RSE of Total recordable cases,131,"Private industry, Nebraska"
ISUNRMGP2MIN10131,2018,A01,Annual,NA,11.4,NRM,Natural resources and mining,GP2MIN,"Mining, quarrying, and oil and gas extraction",1,Rate of injury cases per 100 full-time workers (Size class 0),0,RSE of Total recordable cases,131,"Private industry, Nebraska"
ISUNRMGP2MIN10131,2017,A01,Annual,NA,13.9,NRM,Natural resources and mining,GP2MIN,"Mining, quarrying, and oil and gas extraction",1,Rate of injury cases per 100 full-time workers (Size class 0),0,RSE of Total recordable cases,131,"Private industry, Nebraska"
ISUNRMGP2MIN10131,2016,A01,Annual,NA,25,NRM,Natural resources and mining,GP2MIN,"Mining, quarrying, and oil and gas extraction",1,Rate of injury cases per 100 full-time workers (Size class 0),0,RSE of Total recordable cases,131,"Private industry, Nebraska"
ISUNRMGP2MIN10131,2015,A01,Annual,NA,30.1,NRM,Natural resources and mining,GP2MIN,"Mining, quarrying, and oil and gas extraction",1,Rate of injury cases per 100 full-time workers (Size class 0),0,RSE of Total recordable cases,131,"Private industry, Nebraska"
ISUNRMGP2MIN10131,2014,A01,Annual,NA,9.7,NRM,Natural resources and mining,GP2MIN,"Mining, quarrying, and oil and gas extraction",1,Rate of injury cases per 100 full-time workers (Size class 0),0,RSE of Total recordable cases,131,"Private industry, Nebraska"
ISUNRMGP2MIN11131,2020,A01,Annual,NA,5,NRM,Natural resources and mining,GP2MIN,"Mining, quarrying, and oil and gas extraction",1,Rate of injury cases per 100 full-time workers (Size class 0),1,Total recordable cases,131,"Private industry, Nebraska"
ISUNRMGP2MIN11131,2019,A01,Annual,NA,1.9,NRM,Natural resources and mining,GP2MIN,"Mining, quarrying, and oil and gas extraction",1,Rate of injury cases per 100 full-time workers (Size class 0),1,Total recordable cases,131,"Private industry, Nebraska"
ISUNRMGP2MIN11131,2018,A01,Annual,NA,NA,NRM,Natural resources and mining,GP2MIN,"Mining, quarrying, and oil and gas extraction",1,Rate of injury cases per 100 full-time workers (Size class 0),1,Total recordable cases,131,"Private industry, Nebraska"
ISUNRMGP2MIN11131,2017,A01,Annual,NA,2.3,NRM,Natural resources and mining,GP2MIN,"Mining, quarrying, and oil and gas extraction",1,Rate of injury cases per 100 full-time workers (Size class 0),1,Total recordable cases,131,"Private industry, Nebraska"
ISUNRMGP2MIN11131,2016,A01,Annual,NA,2.1,NRM,Natural resources and mining,GP2MIN,"Mining, quarrying, and oil and gas extraction",1,Rate of injury cases per 100 full-time workers (Size class 0),1,Total recordable cases,131,"Private industry, Nebraska"
ISUNRMGP2MIN11131,2015,A01,Annual,NA,1.9,NRM,Natural resources and mining,GP2MIN,"Mining, quarrying, and oil and gas extraction",1,Rate of injury cases per 100 full-time workers (Size class 0),1,Total recordable cases,131,"Private industry, Nebraska"
ISUNRMGP2MIN11131,2014,A01,Annual,NA,1.8,NRM,Natural resources and mining,GP2MIN,"Mining, quarrying, and oil and gas extraction",1,Rate of injury cases per 100 full-time workers (Size class 0),1,Total recordable cases,131,"Private industry, Nebraska"
ISUNRMGP2MIN50131,2020,A01,Annual,NA,45.7,NRM,Natural resources and mining,GP2MIN,"Mining, quarrying, and oil and gas extraction",5,Number of injury cases (thousands) (Size class 0),0,RSE of Total recordable cases,131,"Private industry, Nebraska"
ISUNRMGP2MIN50131,2019,A01,Annual,NA,27.4,NRM,Natural resources and mining,GP2MIN,"Mining, quarrying, and oil and gas extraction",5,Number of injury cases (thousands) (Size class 0),0,RSE of Total recordable cases,131,"Private industry, Nebraska"
ISUNRMGP2MIN50131,2018,A01,Annual,NA,14.8,NRM,Natural resources and mining,GP2MIN,"Mining, quarrying, and oil and gas extraction",5,Number of injury cases (thousands) (Size class 0),0,RSE of Total recordable cases,131,"Private industry, Nebraska"
ISUNRMGP2MIN50131,2017,A01,Annual,NA,0,NRM,Natural resources and mining,GP2MIN,"Mining, quarrying, and oil and gas extraction",5,Number of injury cases (thousands) (Size class 0),0,RSE of Total recordable cases,131,"Private industry, Nebraska"
ISUNRMGP2MIN50131,2016,A01,Annual,NA,36.8,NRM,Natural resources and mining,GP2MIN,"Mining, quarrying, and oil and gas extraction",5,Number of injury cases (thousands) (Size class 0),0,RSE of Total recordable cases,131,"Private industry, Nebraska"
ISUNRMGP2MIN50131,2015,A01,Annual,NA,28.1,NRM,Natural resources and mining,GP2MIN,"Mining, quarrying, and oil and gas extraction",5,Number of injury cases (thousands) (Size class 0),0,RSE of Total recordable cases,131,"Private industry, Nebraska"
ISUNRMGP2MIN50131,2014,A01,Annual,NA,6.4,NRM,Natural resources and mining,GP2MIN,"Mining, quarrying, and oil and gas extraction",5,Number of injury cases (thousands) (Size class 0),0,RSE of Total recordable cases,131,"Private industry, Nebraska"
ISUNRMGP2MIN51131,2020,A01,Annual,NA,0,NRM,Natural resources and mining,GP2MIN,"Mining, quarrying, and oil and gas extraction",5,Number of injury cases (thousands) (Size class 0),1,Total recordable cases,131,"Private industry, Nebraska"
ISUNRMGP2MIN51131,2019,A01,Annual,NA,0,NRM,Natural resources and mining,GP2MIN,"Mining, quarrying, and oil and gas extraction",5,Number of injury cases (thousands) (Size class 0),1,Total recordable cases,131,"Private industry, Nebraska"
ISUNRMGP2MIN51131,2018,A01,Annual,NA,0,NRM,Natural resources and mining,GP2MIN,"Mining, quarrying, and oil and gas extraction",5,Number of injury cases (thousands) (Size class 0),1,Total recordable cases,131,"Private industry, Nebraska"
ISUNRMGP2MIN51131,2017,A01,Annual,NA,0,NRM,Natural resources and mining,GP2MIN,"Mining, quarrying, and oil and gas extraction",5,Number of injury cases (thousands) (Size class 0),1,Total recordable cases,131,"Private industry, Nebraska"
ISUNRMGP2MIN51131,2016,A01,Annual,NA,0,NRM,Natural resources and mining,GP2MIN,"Mining, quarrying, and oil and gas extraction",5,Number of injury cases (thousands) (Size class 0),1,Total recordable cases,131,"Private industry, Nebraska"
ISUNRMGP2MIN51131,2015,A01,Annual,NA,0,NRM,Natural resources and mining,GP2MIN,"Mining, quarrying, and oil and gas extraction",5,Number of injury cases (thousands) (Size class 0),1,Total recordable cases,131,"Private industry, Nebraska"
ISUNRMGP2MIN51131,2014,A01,Annual,NA,0,NRM,Natural resources and mining,GP2MIN,"Mining, quarrying, and oil and gas extraction",5,Number of injury cases (thousands) (Size class 0),1,Total recordable cases,131,"Private industry, Nebraska"
ISUOTS81100010131,2020,A01,Annual,TRUE,34.5,OTS,Other services,811000,Repair and maintenance,1,Rate of injury cases per 100 full-time workers (Size class 0),0,RSE of Total recordable cases,131,"Private industry, Nebraska"
ISUOTS81100010131,2019,A01,Annual,NA,31.1,OTS,Other services,811000,Repair and maintenance,1,Rate of injury cases per 100 full-time workers (Size class 0),0,RSE of Total recordable cases,131,"Private industry, Nebraska"
ISUOTS81100010131,2017,A01,Annual,NA,36,OTS,Other services,811000,Repair and maintenance,1,Rate of injury cases per 100 full-time workers (Size class 0),0,RSE of Total recordable cases,131,"Private industry, Nebraska"
ISUOTS81100010131,2016,A01,Annual,NA,32.9,OTS,Other services,811000,Repair and maintenance,1,Rate of injury cases per 100 full-time workers (Size class 0),0,RSE of Total recordable cases,131,"Private industry, Nebraska"
ISUOTS81100010131,2015,A01,Annual,NA,35.6,OTS,Other services,811000,Repair and maintenance,1,Rate of injury cases per 100 full-time workers (Size class 0),0,RSE of Total recordable cases,131,"Private industry, Nebraska"
ISUOTS81100010131,2014,A01,Annual,NA,26.4,OTS,Other services,811000,Repair and maintenance,1,Rate of injury cases per 100 full-time workers (Size class 0),0,RSE of Total recordable cases,131,"Private industry, Nebraska"
ISUOTS81100011131,2020,A01,Annual,TRUE,1.2,OTS,Other services,811000,Repair and maintenance,1,Rate of injury cases per 100 full-time workers (Size class 0),1,Total recordable cases,131,"Private industry, Nebraska"
ISUOTS81100011131,2019,A01,Annual,NA,5,OTS,Other services,811000,Repair and maintenance,1,Rate of injury cases per 100 full-time workers (Size class 0),1,Total recordable cases,131,"Private industry, Nebraska"
ISUOTS81100011131,2017,A01,Annual,NA,2,OTS,Other services,811000,Repair and maintenance,1,Rate of injury cases per 100 full-time workers (Size class 0),1,Total recordable cases,131,"Private industry, Nebraska"
ISUOTS81100011131,2016,A01,Annual,NA,2.3,OTS,Other services,811000,Repair and maintenance,1,Rate of injury cases per 100 full-time workers (Size class 0),1,Total recordable cases,131,"Private industry, Nebraska"
ISUOTS81100011131,2015,A01,Annual,NA,2.6,OTS,Other services,811000,Repair and maintenance,1,Rate of injury cases per 100 full-time workers (Size class 0),1,Total recordable cases,131,"Private industry, Nebraska"
ISUOTS81100011131,2014,A01,Annual,NA,3.6,OTS,Other services,811000,Repair and maintenance,1,Rate of injury cases per 100 full-time workers (Size class 0),1,Total recordable cases,131,"Private industry, Nebraska"
ISUOTS81100050131,2020,A01,Annual,TRUE,33.8,OTS,Other services,811000,Repair and maintenance,5,Number of injury cases (thousands) (Size class 0),0,RSE of Total recordable cases,131,"Private industry, Nebraska"
ISUOTS81100050131,2019,A01,Annual,NA,29.8,OTS,Other services,811000,Repair and maintenance,5,Number of injury cases (thousands) (Size class 0),0,RSE of Total recordable cases,131,"Private industry, Nebraska"
ISUOTS81100050131,2017,A01,Annual,NA,33.5,OTS,Other services,811000,Repair and maintenance,5,Number of injury cases (thousands) (Size class 0),0,RSE of Total recordable cases,131,"Private industry, Nebraska"
ISUOTS81100050131,2016,A01,Annual,NA,32.8,OTS,Other services,811000,Repair and maintenance,5,Number of injury cases (thousands) (Size class 0),0,RSE of Total recordable cases,131,"Private industry, Nebraska"
ISUOTS81100050131,2015,A01,Annual,NA,32.6,OTS,Other services,811000,Repair and maintenance,5,Number of injury cases (thousands) (Size class 0),0,RSE of Total recordable cases,131,"Private industry, Nebraska"
ISUOTS81100050131,2014,A01,Annual,NA,26.5,OTS,Other services,811000,Repair and maintenance,5,Number of injury cases (thousands) (Size class 0),0,RSE of Total recordable cases,131,"Private industry, Nebraska"
ISUOTS81100051131,2020,A01,Annual,TRUE,0.1,OTS,Other services,811000,Repair and maintenance,5,Number of injury cases (thousands) (Size class 0),1,Total recordable cases,131,"Private industry, Nebraska"
ISUOTS81100051131,2019,A01,Annual,NA,0.5,OTS,Other services,811000,Repair and maintenance,5,Number of injury cases (thousands) (Size class 0),1,Total recordable cases,131,"Private industry, Nebraska"
ISUOTS81100051131,2017,A01,Annual,NA,0.2,OTS,Other services,811000,Repair and maintenance,5,Number of injury cases (thousands) (Size class 0),1,Total recordable cases,131,"Private industry, Nebraska"
ISUOTS81100051131,2016,A01,Annual,NA,0.2,OTS,Other services,811000,Repair and maintenance,5,Number of injury cases (thousands) (Size class 0),1,Total recordable cases,131,"Private industry, Nebraska"
ISUOTS81100051131,2015,A01,Annual,NA,0.2,OTS,Other services,811000,Repair and maintenance,5,Number of injury cases (thousands) (Size class 0),1,Total recordable cases,131,"Private industry, Nebraska"
ISUOTS81100051131,2014,A01,Annual,NA,0.3,OTS,Other services,811000,Repair and maintenance,5,Number of injury cases (thousands) (Size class 0),1,Total recordable cases,131,"Private industry, Nebraska"
ISUOTS81110010131,2020,A01,Annual,TRUE,34.8,OTS,Other services,811100,Automotive repair and maintenance,1,Rate of injury cases per 100 full-time workers (Size class 0),0,RSE of Total recordable cases,131,"Private industry, Nebraska"
ISUOTS81110010131,2019,A01,Annual,NA,32.8,OTS,Other services,811100,Automotive repair and maintenance,1,Rate of injury cases per 100 full-time workers (Size class 0),0,RSE of Total recordable cases,131,"Private industry, Nebraska"
ISUOTS81110010131,2017,A01,Annual,NA,42.8,OTS,Other services,811100,Automotive repair and maintenance,1,Rate of injury cases per 100 full-time workers (Size class 0),0,RSE of Total recordable cases,131,"Private industry, Nebraska"
ISUOTS81110010131,2016,A01,Annual,NA,34.7,OTS,Other services,811100,Automotive repair and maintenance,1,Rate of injury cases per 100 full-time workers (Size class 0),0,RSE of Total recordable cases,131,"Private industry, Nebraska"
ISUOTS81110011131,2020,A01,Annual,TRUE,1.8,OTS,Other services,811100,Automotive repair and maintenance,1,Rate of injury cases per 100 full-time workers (Size class 0),1,Total recordable cases,131,"Private industry, Nebraska"
ISUOTS81110011131,2019,A01,Annual,NA,6.4,OTS,Other services,811100,Automotive repair and maintenance,1,Rate of injury cases per 100 full-time workers (Size class 0),1,Total recordable cases,131,"Private industry, Nebraska"
ISUOTS81110011131,2017,A01,Annual,NA,1.2,OTS,Other services,811100,Automotive repair and maintenance,1,Rate of injury cases per 100 full-time workers (Size class 0),1,Total recordable cases,131,"Private industry, Nebraska"
ISUOTS81110011131,2016,A01,Annual,NA,2.9,OTS,Other services,811100,Automotive repair and maintenance,1,Rate of injury cases per 100 full-time workers (Size class 0),1,Total recordable cases,131,"Private industry, Nebraska"
ISUOTS81110050131,2020,A01,Annual,TRUE,33.8,OTS,Other services,811100,Automotive repair and maintenance,5,Number of injury cases (thousands) (Size class 0),0,RSE of Total recordable cases,131,"Private industry, Nebraska"
ISUOTS81110050131,2019,A01,Annual,NA,32.1,OTS,Other services,811100,Automotive repair and maintenance,5,Number of injury cases (thousands) (Size class 0),0,RSE of Total recordable cases,131,"Private industry, Nebraska"
ISUOTS81110050131,2017,A01,Annual,NA,43.9,OTS,Other services,811100,Automotive repair and maintenance,5,Number of injury cases (thousands) (Size class 0),0,RSE of Total recordable cases,131,"Private industry, Nebraska"
ISUOTS81110050131,2016,A01,Annual,NA,35,OTS,Other services,811100,Automotive repair and maintenance,5,Number of injury cases (thousands) (Size class 0),0,RSE of Total recordable cases,131,"Private industry, Nebraska"
ISUOTS81110051131,2020,A01,Annual,TRUE,0.1,OTS,Other services,811100,Automotive repair and maintenance,5,Number of injury cases (thousands) (Size class 0),1,Total recordable cases,131,"Private industry, Nebraska"
ISUOTS81110051131,2019,A01,Annual,NA,0.4,OTS,Other services,811100,Automotive repair and maintenance,5,Number of injury cases (thousands) (Size class 0),1,Total recordable cases,131,"Private industry, Nebraska"
ISUOTS81110051131,2017,A01,Annual,NA,0.1,OTS,Other services,811100,Automotive repair and maintenance,5,Number of injury cases (thousands) (Size class 0),1,Total recordable cases,131,"Private industry, Nebraska"
ISUOTS81110051131,2016,A01,Annual,NA,0.2,OTS,Other services,811100,Automotive repair and maintenance,5,Number of injury cases (thousands) (Size class 0),1,Total recordable cases,131,"Private industry, Nebraska"
ISUOTS81200010131,2017,A01,Annual,TRUE,37.7,OTS,Other services,812000,Personal and laundry services,1,Rate of injury cases per 100 full-time workers (Size class 0),0,RSE of Total recordable cases,131,"Private industry, Nebraska"
ISUOTS81200010131,2014,A01,Annual,NA,37,OTS,Other services,812000,Personal and laundry services,1,Rate of injury cases per 100 full-time workers (Size class 0),0,RSE of Total recordable cases,131,"Private industry, Nebraska"
ISUOTS81200011131,2017,A01,Annual,TRUE,2,OTS,Other services,812000,Personal and laundry services,1,Rate of injury cases per 100 full-time workers (Size class 0),1,Total recordable cases,131,"Private industry, Nebraska"
ISUOTS81200011131,2014,A01,Annual,NA,0.8,OTS,Other services,812000,Personal and laundry services,1,Rate of injury cases per 100 full-time workers (Size class 0),1,Total recordable cases,131,"Private industry, Nebraska"
ISUOTS81200050131,2017,A01,Annual,TRUE,40,OTS,Other services,812000,Personal and laundry services,5,Number of injury cases (thousands) (Size class 0),0,RSE of Total recordable cases,131,"Private industry, Nebraska"
ISUOTS81200050131,2014,A01,Annual,NA,35.5,OTS,Other services,812000,Personal and laundry services,5,Number of injury cases (thousands) (Size class 0),0,RSE of Total recordable cases,131,"Private industry, Nebraska"
ISUOTS81200051131,2017,A01,Annual,TRUE,0.1,OTS,Other services,812000,Personal and laundry services,5,Number of injury cases (thousands) (Size class 0),1,Total recordable cases,131,"Private industry, Nebraska"
ISUOTS81200051131,2014,A01,Annual,NA,0.1,OTS,Other services,812000,Personal and laundry services,5,Number of injury cases (thousands) (Size class 0),1,Total recordable cases,131,"Private industry, Nebraska"
ISUOTS81300010131,2020,A01,Annual,TRUE,53.2,OTS,Other services,813000,"Religious, grantmaking, civic, professional, and similar organizations",1,Rate of injury cases per 100 full-time workers (Size class 0),0,RSE of Total recordable cases,131,"Private industry, Nebraska"
ISUOTS81300010131,2019,A01,Annual,NA,31.4,OTS,Other services,813000,"Religious, grantmaking, civic, professional, and similar organizations",1,Rate of injury cases per 100 full-time workers (Size class 0),0,RSE of Total recordable cases,131,"Private industry, Nebraska"
ISUOTS81300010131,2018,A01,Annual,NA,25.2,OTS,Other services,813000,"Religious, grantmaking, civic, professional, and similar organizations",1,Rate of injury cases per 100 full-time workers (Size class 0),0,RSE of Total recordable cases,131,"Private industry, Nebraska"
ISUOTS81300010131,2017,A01,Annual,NA,31.6,OTS,Other services,813000,"Religious, grantmaking, civic, professional, and similar organizations",1,Rate of injury cases per 100 full-time workers (Size class 0),0,RSE of Total recordable cases,131,"Private industry, Nebraska"
ISUOTS81300010131,2016,A01,Annual,NA,28.1,OTS,Other services,813000,"Religious, grantmaking, civic, professional, and similar organizations",1,Rate of injury cases per 100 full-time workers (Size class 0),0,RSE of Total recordable cases,131,"Private industry, Nebraska"
ISUOTS81300010131,2015,A01,Annual,NA,33.1,OTS,Other services,813000,"Religious, grantmaking, civic, professional, and similar organizations",1,Rate of injury cases per 100 full-time workers (Size class 0),0,RSE of Total recordable cases,131,"Private industry, Nebraska"
ISUOTS81300011131,2020,A01,Annual,TRUE,1.2,OTS,Other services,813000,"Religious, grantmaking, civic, professional, and similar organizations",1,Rate of injury cases per 100 full-time workers (Size class 0),1,Total recordable cases,131,"Private industry, Nebraska"
ISUOTS81300011131,2019,A01,Annual,NA,0.5,OTS,Other services,813000,"Religious, grantmaking, civic, professional, and similar organizations",1,Rate of injury cases per 100 full-time workers (Size class 0),1,Total recordable cases,131,"Private industry, Nebraska"
ISUOTS81300011131,2018,A01,Annual,NA,0.5,OTS,Other services,813000,"Religious, grantmaking, civic, professional, and similar organizations",1,Rate of injury cases per 100 full-time workers (Size class 0),1,Total recordable cases,131,"Private industry, Nebraska"
ISUOTS81300011131,2017,A01,Annual,NA,1,OTS,Other services,813000,"Religious, grantmaking, civic, professional, and similar organizations",1,Rate of injury cases per 100 full-time workers (Size class 0),1,Total recordable cases,131,"Private industry, Nebraska"
ISUOTS81300011131,2016,A01,Annual,NA,1.8,OTS,Other services,813000,"Religious, grantmaking, civic, professional, and similar organizations",1,Rate of injury cases per 100 full-time workers (Size class 0),1,Total recordable cases,131,"Private industry, Nebraska"
ISUOTS81300011131,2015,A01,Annual,NA,1.8,OTS,Other services,813000,"Religious, grantmaking, civic, professional, and similar organizations",1,Rate of injury cases per 100 full-time workers (Size class 0),1,Total recordable cases,131,"Private industry, Nebraska"
ISUOTS81300050131,2020,A01,Annual,TRUE,51,OTS,Other services,813000,"Religious, grantmaking, civic, professional, and similar organizations",5,Number of injury cases (thousands) (Size class 0),0,RSE of Total recordable cases,131,"Private industry, Nebraska"
ISUOTS81300050131,2019,A01,Annual,NA,29.8,OTS,Other services,813000,"Religious, grantmaking, civic, professional, and similar organizations",5,Number of injury cases (thousands) (Size class 0),0,RSE of Total recordable cases,131,"Private industry, Nebraska"
ISUOTS81300050131,2018,A01,Annual,NA,22.1,OTS,Other services,813000,"Religious, grantmaking, civic, professional, and similar organizations",5,Number of injury cases (thousands) (Size class 0),0,RSE of Total recordable cases,131,"Private industry, Nebraska"
ISUOTS81300050131,2017,A01,Annual,NA,31.1,OTS,Other services,813000,"Religious, grantmaking, civic, professional, and similar organizations",5,Number of injury cases (thousands) (Size class 0),0,RSE of Total recordable cases,131,"Private industry, Nebraska"
ISUOTS81300050131,2016,A01,Annual,NA,26.2,OTS,Other services,813000,"Religious, grantmaking, civic, professional, and similar organizations",5,Number of injury cases (thousands) (Size class 0),0,RSE of Total recordable cases,131,"Private industry, Nebraska"
ISUOTS81300050131,2015,A01,Annual,NA,32.4,OTS,Other services,813000,"Religious, grantmaking, civic, professional, and similar organizations",5,Number of injury cases (thousands) (Size class 0),0,RSE of Total recordable cases,131,"Private industry, Nebraska"
ISUOTS81300051131,2020,A01,Annual,TRUE,0,OTS,Other services,813000,"Religious, grantmaking, civic, professional, and similar organizations",5,Number of injury cases (thousands) (Size class 0),1,Total recordable cases,131,"Private industry, Nebraska"
ISUOTS81300051131,2019,A01,Annual,NA,0,OTS,Other services,813000,"Religious, grantmaking, civic, professional, and similar organizations",5,Number of injury cases (thousands) (Size class 0),1,Total recordable cases,131,"Private industry, Nebraska"
ISUOTS81300051131,2018,A01,Annual,NA,0,OTS,Other services,813000,"Religious, grantmaking, civic, professional, and similar organizations",5,Number of injury cases (thousands) (Size class 0),1,Total recordable cases,131,"Private industry, Nebraska"
ISUOTS81300051131,2017,A01,Annual,NA,0,OTS,Other services,813000,"Religious, grantmaking, civic, professional, and similar organizations",5,Number of injury cases (thousands) (Size class 0),1,Total recordable cases,131,"Private industry, Nebraska"
ISUOTS81300051131,2016,A01,Annual,NA,0.1,OTS,Other services,813000,"Religious, grantmaking, civic, professional, and similar organizations",5,Number of injury cases (thousands) (Size class 0),1,Total recordable cases,131,"Private industry, Nebraska"
ISUOTS81300051131,2015,A01,Annual,NA,0.1,OTS,Other services,813000,"Religious, grantmaking, civic, professional, and similar organizations",5,Number of injury cases (thousands) (Size class 0),1,Total recordable cases,131,"Private industry, Nebraska"
ISUOTSSP1OTS10131,2020,A01,Annual,NA,24,OTS,Other services,SP1OTS,Other services (except public administration),1,Rate of injury cases per 100 full-time workers (Size class 0),0,RSE of Total recordable cases,131,"Private industry, Nebraska"
ISUOTSSP1OTS10131,2019,A01,Annual,NA,31,OTS,Other services,SP1OTS,Other services (except public administration),1,Rate of injury cases per 100 full-time workers (Size class 0),0,RSE of Total recordable cases,131,"Private industry, Nebraska"
ISUOTSSP1OTS10131,2018,A01,Annual,NA,32.5,OTS,Other services,SP1OTS,Other services (except public administration),1,Rate of injury cases per 100 full-time workers (Size class 0),0,RSE of Total recordable cases,131,"Private industry, Nebraska"
ISUOTSSP1OTS10131,2017,A01,Annual,NA,23.4,OTS,Other services,SP1OTS,Other services (except public administration),1,Rate of injury cases per 100 full-time workers (Size class 0),0,RSE of Total recordable cases,131,"Private industry, Nebraska"
ISUOTSSP1OTS10131,2016,A01,Annual,NA,24.4,OTS,Other services,SP1OTS,Other services (except public administration),1,Rate of injury cases per 100 full-time workers (Size class 0),0,RSE of Total recordable cases,131,"Private industry, Nebraska"
ISUOTSSP1OTS10131,2015,A01,Annual,NA,26.5,OTS,Other services,SP1OTS,Other services (except public administration),1,Rate of injury cases per 100 full-time workers (Size class 0),0,RSE of Total recordable cases,131,"Private industry, Nebraska"
ISUOTSSP1OTS10131,2014,A01,Annual,NA,21.7,OTS,Other services,SP1OTS,Other services (except public administration),1,Rate of injury cases per 100 full-time workers (Size class 0),0,RSE of Total recordable cases,131,"Private industry, Nebraska"
ISUMFG33230051131,2020,A01,Annual,NA,0.1,MFG,Manufacturing,332300,Architectural and structural metals manufacturing,5,Number of injury cases (thousands) (Size class 0),1,Total recordable cases,131,"Private industry, Nebraska"
ISUMFG33230051131,2019,A01,Annual,NA,0.2,MFG,Manufacturing,332300,Architectural and structural metals manufacturing,5,Number of injury cases (thousands) (Size class 0),1,Total recordable cases,131,"Private industry, Nebraska"
ISUMFG33230051131,2018,A01,Annual,NA,0.2,MFG,Manufacturing,332300,Architectural and structural metals manufacturing,5,Number of injury cases (thousands) (Size class 0),1,Total recordable cases,131,"Private industry, Nebraska"
ISUMFG33230051131,2017,A01,Annual,NA,0.1,MFG,Manufacturing,332300,Architectural and structural metals manufacturing,5,Number of injury cases (thousands) (Size class 0),1,Total recordable cases,131,"Private industry, Nebraska"
ISUMFG33230051131,2016,A01,Annual,NA,0.2,MFG,Manufacturing,332300,Architectural and structural metals manufacturing,5,Number of injury cases (thousands) (Size class 0),1,Total recordable cases,131,"Private industry, Nebraska"
ISUMFG33230051131,2015,A01,Annual,NA,0.2,MFG,Manufacturing,332300,Architectural and structural metals manufacturing,5,Number of injury cases (thousands) (Size class 0),1,Total recordable cases,131,"Private industry, Nebraska"
ISUMFG33230051131,2014,A01,Annual,NA,0.2,MFG,Manufacturing,332300,Architectural and structural metals manufacturing,5,Number of injury cases (thousands) (Size class 0),1,Total recordable cases,131,"Private industry, Nebraska"
ISUMFG33240010131,2020,A01,Annual,TRUE,28.2,MFG,Manufacturing,332400,"Boiler, tank, and shipping container manufacturing",1,Rate of injury cases per 100 full-time workers (Size class 0),0,RSE of Total recordable cases,131,"Private industry, Nebraska"
ISUMFG33240010131,2018,A01,Annual,NA,24.8,MFG,Manufacturing,332400,"Boiler, tank, and shipping container manufacturing",1,Rate of injury cases per 100 full-time workers (Size class 0),0,RSE of Total recordable cases,131,"Private industry, Nebraska"
ISUMFG33240010131,2017,A01,Annual,NA,59.3,MFG,Manufacturing,332400,"Boiler, tank, and shipping container manufacturing",1,Rate of injury cases per 100 full-time workers (Size class 0),0,RSE of Total recordable cases,131,"Private industry, Nebraska"
ISUMFG33240010131,2016,A01,Annual,NA,13,MFG,Manufacturing,332400,"Boiler, tank, and shipping container manufacturing",1,Rate of injury cases per 100 full-time workers (Size class 0),0,RSE of Total recordable cases,131,"Private industry, Nebraska"
ISUMFG33240011131,2020,A01,Annual,TRUE,14.6,MFG,Manufacturing,332400,"Boiler, tank, and shipping container manufacturing",1,Rate of injury cases per 100 full-time workers (Size class 0),1,Total recordable cases,131,"Private industry, Nebraska"
ISUMFG33240011131,2018,A01,Annual,NA,NA,MFG,Manufacturing,332400,"Boiler, tank, and shipping container manufacturing",1,Rate of injury cases per 100 full-time workers (Size class 0),1,Total recordable cases,131,"Private industry, Nebraska"
ISUMFG33240011131,2017,A01,Annual,NA,NA,MFG,Manufacturing,332400,"Boiler, tank, and shipping container manufacturing",1,Rate of injury cases per 100 full-time workers (Size class 0),1,Total recordable cases,131,"Private industry, Nebraska"
ISUMFG33240011131,2016,A01,Annual,NA,4.3,MFG,Manufacturing,332400,"Boiler, tank, and shipping container manufacturing",1,Rate of injury cases per 100 full-time workers (Size class 0),1,Total recordable cases,131,"Private industry, Nebraska"
ISUMFG33240050131,2020,A01,Annual,TRUE,34.6,MFG,Manufacturing,332400,"Boiler, tank, and shipping container manufacturing",5,Number of injury cases (thousands) (Size class 0),0,RSE of Total recordable cases,131,"Private industry, Nebraska"
ISUMFG33240050131,2018,A01,Annual,NA,27,MFG,Manufacturing,332400,"Boiler, tank, and shipping container manufacturing",5,Number of injury cases (thousands) (Size class 0),0,RSE of Total recordable cases,131,"Private industry, Nebraska"
ISUMFG33240050131,2017,A01,Annual,NA,56.6,MFG,Manufacturing,332400,"Boiler, tank, and shipping container manufacturing",5,Number of injury cases (thousands) (Size class 0),0,RSE of Total recordable cases,131,"Private industry, Nebraska"
ISUMFG33240050131,2016,A01,Annual,NA,13.4,MFG,Manufacturing,332400,"Boiler, tank, and shipping container manufacturing",5,Number of injury cases (thousands) (Size class 0),0,RSE of Total recordable cases,131,"Private industry, Nebraska"
ISUMFG33240051131,2020,A01,Annual,TRUE,0.1,MFG,Manufacturing,332400,"Boiler, tank, and shipping container manufacturing",5,Number of injury cases (thousands) (Size class 0),1,Total recordable cases,131,"Private industry, Nebraska"
ISUMFG33240051131,2018,A01,Annual,NA,0,MFG,Manufacturing,332400,"Boiler, tank, and shipping container manufacturing",5,Number of injury cases (thousands) (Size class 0),1,Total recordable cases,131,"Private industry, Nebraska"
ISUMFG33240051131,2017,A01,Annual,NA,0,MFG,Manufacturing,332400,"Boiler, tank, and shipping container manufacturing",5,Number of injury cases (thousands) (Size class 0),1,Total recordable cases,131,"Private industry, Nebraska"
ISUMFG33240051131,2016,A01,Annual,NA,0,MFG,Manufacturing,332400,"Boiler, tank, and shipping container manufacturing",5,Number of injury cases (thousands) (Size class 0),1,Total recordable cases,131,"Private industry, Nebraska"
ISUMFG33300010131,2020,A01,Annual,NA,5.9,MFG,Manufacturing,333000,Machinery manufacturing,1,Rate of injury cases per 100 full-time workers (Size class 0),0,RSE of Total recordable cases,131,"Private industry, Nebraska"
ISUMFG33300010131,2019,A01,Annual,NA,5.1,MFG,Manufacturing,333000,Machinery manufacturing,1,Rate of injury cases per 100 full-time workers (Size class 0),0,RSE of Total recordable cases,131,"Private industry, Nebraska"
ISUMFG33300010131,2018,A01,Annual,NA,5.3,MFG,Manufacturing,333000,Machinery manufacturing,1,Rate of injury cases per 100 full-time workers (Size class 0),0,RSE of Total recordable cases,131,"Private industry, Nebraska"
ISUMFG33300010131,2017,A01,Annual,NA,7.2,MFG,Manufacturing,333000,Machinery manufacturing,1,Rate of injury cases per 100 full-time workers (Size class 0),0,RSE of Total recordable cases,131,"Private industry, Nebraska"
ISUMFG33300010131,2016,A01,Annual,NA,4.1,MFG,Manufacturing,333000,Machinery manufacturing,1,Rate of injury cases per 100 full-time workers (Size class 0),0,RSE of Total recordable cases,131,"Private industry, Nebraska"
ISUMFG33300010131,2015,A01,Annual,NA,5.8,MFG,Manufacturing,333000,Machinery manufacturing,1,Rate of injury cases per 100 full-time workers (Size class 0),0,RSE of Total recordable cases,131,"Private industry, Nebraska"
ISUMFG33300010131,2014,A01,Annual,NA,6.3,MFG,Manufacturing,333000,Machinery manufacturing,1,Rate of injury cases per 100 full-time workers (Size class 0),0,RSE of Total recordable cases,131,"Private industry, Nebraska"
ISUMFG33300011131,2020,A01,Annual,NA,3.3,MFG,Manufacturing,333000,Machinery manufacturing,1,Rate of injury cases per 100 full-time workers (Size class 0),1,Total recordable cases,131,"Private industry, Nebraska"
ISUMFG33300011131,2019,A01,Annual,NA,2.9,MFG,Manufacturing,333000,Machinery manufacturing,1,Rate of injury cases per 100 full-time workers (Size class 0),1,Total recordable cases,131,"Private industry, Nebraska"
ISUMFG33300011131,2018,A01,Annual,NA,3.5,MFG,Manufacturing,333000,Machinery manufacturing,1,Rate of injury cases per 100 full-time workers (Size class 0),1,Total recordable cases,131,"Private industry, Nebraska"
ISUMFG33300011131,2017,A01,Annual,NA,3.2,MFG,Manufacturing,333000,Machinery manufacturing,1,Rate of injury cases per 100 full-time workers (Size class 0),1,Total recordable cases,131,"Private industry, Nebraska"
ISUMFG33300011131,2016,A01,Annual,NA,4.1,MFG,Manufacturing,333000,Machinery manufacturing,1,Rate of injury cases per 100 full-time workers (Size class 0),1,Total recordable cases,131,"Private industry, Nebraska"
ISUMFG33300011131,2015,A01,Annual,NA,4,MFG,Manufacturing,333000,Machinery manufacturing,1,Rate of injury cases per 100 full-time workers (Size class 0),1,Total recordable cases,131,"Private industry, Nebraska"
ISUMFG33300011131,2014,A01,Annual,NA,4.7,MFG,Manufacturing,333000,Machinery manufacturing,1,Rate of injury cases per 100 full-time workers (Size class 0),1,Total recordable cases,131,"Private industry, Nebraska"
ISUMFG33300050131,2020,A01,Annual,NA,6.8,MFG,Manufacturing,333000,Machinery manufacturing,5,Number of injury cases (thousands) (Size class 0),0,RSE of Total recordable cases,131,"Private industry, Nebraska"
ISUMFG33300050131,2019,A01,Annual,NA,5.3,MFG,Manufacturing,333000,Machinery manufacturing,5,Number of injury cases (thousands) (Size class 0),0,RSE of Total recordable cases,131,"Private industry, Nebraska"
ISUMFG33300050131,2018,A01,Annual,NA,5.4,MFG,Manufacturing,333000,Machinery manufacturing,5,Number of injury cases (thousands) (Size class 0),0,RSE of Total recordable cases,131,"Private industry, Nebraska"
ISUMFG33300050131,2017,A01,Annual,NA,6.9,MFG,Manufacturing,333000,Machinery manufacturing,5,Number of injury cases (thousands) (Size class 0),0,RSE of Total recordable cases,131,"Private industry, Nebraska"
ISUMFG33300050131,2016,A01,Annual,NA,4.1,MFG,Manufacturing,333000,Machinery manufacturing,5,Number of injury cases (thousands) (Size class 0),0,RSE of Total recordable cases,131,"Private industry, Nebraska"
ISUMFG33300050131,2015,A01,Annual,NA,5.7,MFG,Manufacturing,333000,Machinery manufacturing,5,Number of injury cases (thousands) (Size class 0),0,RSE of Total recordable cases,131,"Private industry, Nebraska"
ISUMFG33300050131,2014,A01,Annual,NA,5.7,MFG,Manufacturing,333000,Machinery manufacturing,5,Number of injury cases (thousands) (Size class 0),0,RSE of Total recordable cases,131,"Private industry, Nebraska"
ISUMFG33300051131,2020,A01,Annual,NA,0.3,MFG,Manufacturing,333000,Machinery manufacturing,5,Number of injury cases (thousands) (Size class 0),1,Total recordable cases,131,"Private industry, Nebraska"
ISUMFG33300051131,2019,A01,Annual,NA,0.3,MFG,Manufacturing,333000,Machinery manufacturing,5,Number of injury cases (thousands) (Size class 0),1,Total recordable cases,131,"Private industry, Nebraska"
ISUMFG33300051131,2018,A01,Annual,NA,0.3,MFG,Manufacturing,333000,Machinery manufacturing,5,Number of injury cases (thousands) (Size class 0),1,Total recordable cases,131,"Private industry, Nebraska"
ISUMFG33300051131,2017,A01,Annual,NA,0.3,MFG,Manufacturing,333000,Machinery manufacturing,5,Number of injury cases (thousands) (Size class 0),1,Total recordable cases,131,"Private industry, Nebraska"
ISUMFG33300051131,2016,A01,Annual,NA,0.4,MFG,Manufacturing,333000,Machinery manufacturing,5,Number of injury cases (thousands) (Size class 0),1,Total recordable cases,131,"Private industry, Nebraska"
ISUMFG33300051131,2015,A01,Annual,NA,0.4,MFG,Manufacturing,333000,Machinery manufacturing,5,Number of injury cases (thousands) (Size class 0),1,Total recordable cases,131,"Private industry, Nebraska"
ISUMFG33300051131,2014,A01,Annual,NA,0.5,MFG,Manufacturing,333000,Machinery manufacturing,5,Number of injury cases (thousands) (Size class 0),1,Total recordable cases,131,"Private industry, Nebraska"
ISUMFG33310010131,2020,A01,Annual,NA,3.7,MFG,Manufacturing,333100,"Agriculture, construction, and mining machinery manufacturing",1,Rate of injury cases per 100 full-time workers (Size class 0),0,RSE of Total recordable cases,131,"Private industry, Nebraska"
ISUMFG33310010131,2019,A01,Annual,NA,4.7,MFG,Manufacturing,333100,"Agriculture, construction, and mining machinery manufacturing",1,Rate of injury cases per 100 full-time workers (Size class 0),0,RSE of Total recordable cases,131,"Private industry, Nebraska"
ISUMFG33310010131,2018,A01,Annual,NA,6.5,MFG,Manufacturing,333100,"Agriculture, construction, and mining machinery manufacturing",1,Rate of injury cases per 100 full-time workers (Size class 0),0,RSE of Total recordable cases,131,"Private industry, Nebraska"
ISUMFG33310010131,2017,A01,Annual,NA,11.2,MFG,Manufacturing,333100,"Agriculture, construction, and mining machinery manufacturing",1,Rate of injury cases per 100 full-time workers (Size class 0),0,RSE of Total recordable cases,131,"Private industry, Nebraska"
ISUMFG33310010131,2016,A01,Annual,NA,4.2,MFG,Manufacturing,333100,"Agriculture, construction, and mining machinery manufacturing",1,Rate of injury cases per 100 full-time workers (Size class 0),0,RSE of Total recordable cases,131,"Private industry, Nebraska"
ISUMFG33310010131,2015,A01,Annual,NA,2.8,MFG,Manufacturing,333100,"Agriculture, construction, and mining machinery manufacturing",1,Rate of injury cases per 100 full-time workers (Size class 0),0,RSE of Total recordable cases,131,"Private industry, Nebraska"
ISUMFG33310010131,2014,A01,Annual,NA,6.4,MFG,Manufacturing,333100,"Agriculture, construction, and mining machinery manufacturing",1,Rate of injury cases per 100 full-time workers (Size class 0),0,RSE of Total recordable cases,131,"Private industry, Nebraska"
ISUMFG33310011131,2020,A01,Annual,NA,3.2,MFG,Manufacturing,333100,"Agriculture, construction, and mining machinery manufacturing",1,Rate of injury cases per 100 full-time workers (Size class 0),1,Total recordable cases,131,"Private industry, Nebraska"
ISUMFG33310011131,2019,A01,Annual,NA,3,MFG,Manufacturing,333100,"Agriculture, construction, and mining machinery manufacturing",1,Rate of injury cases per 100 full-time workers (Size class 0),1,Total recordable cases,131,"Private industry, Nebraska"
ISUMFG33310011131,2018,A01,Annual,NA,3.6,MFG,Manufacturing,333100,"Agriculture, construction, and mining machinery manufacturing",1,Rate of injury cases per 100 full-time workers (Size class 0),1,Total recordable cases,131,"Private industry, Nebraska"
ISUMFG33310011131,2017,A01,Annual,NA,3.2,MFG,Manufacturing,333100,"Agriculture, construction, and mining machinery manufacturing",1,Rate of injury cases per 100 full-time workers (Size class 0),1,Total recordable cases,131,"Private industry, Nebraska"
ISUMFG33310011131,2016,A01,Annual,NA,4.6,MFG,Manufacturing,333100,"Agriculture, construction, and mining machinery manufacturing",1,Rate of injury cases per 100 full-time workers (Size class 0),1,Total recordable cases,131,"Private industry, Nebraska"
ISUMFG33310011131,2015,A01,Annual,NA,3.6,MFG,Manufacturing,333100,"Agriculture, construction, and mining machinery manufacturing",1,Rate of injury cases per 100 full-time workers (Size class 0),1,Total recordable cases,131,"Private industry, Nebraska"
ISUMFG33310011131,2014,A01,Annual,NA,5,MFG,Manufacturing,333100,"Agriculture, construction, and mining machinery manufacturing",1,Rate of injury cases per 100 full-time workers (Size class 0),1,Total recordable cases,131,"Private industry, Nebraska"
ISUMFG33310050131,2020,A01,Annual,NA,3.6,MFG,Manufacturing,333100,"Agriculture, construction, and mining machinery manufacturing",5,Number of injury cases (thousands) (Size class 0),0,RSE of Total recordable cases,131,"Private industry, Nebraska"
ISUMFG33310050131,2019,A01,Annual,NA,5.1,MFG,Manufacturing,333100,"Agriculture, construction, and mining machinery manufacturing",5,Number of injury cases (thousands) (Size class 0),0,RSE of Total recordable cases,131,"Private industry, Nebraska"
ISUMFG33310050131,2018,A01,Annual,NA,6.5,MFG,Manufacturing,333100,"Agriculture, construction, and mining machinery manufacturing",5,Number of injury cases (thousands) (Size class 0),0,RSE of Total recordable cases,131,"Private industry, Nebraska"
ISUMFG33310050131,2017,A01,Annual,NA,10.7,MFG,Manufacturing,333100,"Agriculture, construction, and mining machinery manufacturing",5,Number of injury cases (thousands) (Size class 0),0,RSE of Total recordable cases,131,"Private industry, Nebraska"
ISUMFG33310050131,2016,A01,Annual,NA,4.2,MFG,Manufacturing,333100,"Agriculture, construction, and mining machinery manufacturing",5,Number of injury cases (thousands) (Size class 0),0,RSE of Total recordable cases,131,"Private industry, Nebraska"
ISUMFG33310050131,2015,A01,Annual,NA,3.1,MFG,Manufacturing,333100,"Agriculture, construction, and mining machinery manufacturing",5,Number of injury cases (thousands) (Size class 0),0,RSE of Total recordable cases,131,"Private industry, Nebraska"
ISUMFG33310050131,2014,A01,Annual,NA,6,MFG,Manufacturing,333100,"Agriculture, construction, and mining machinery manufacturing",5,Number of injury cases (thousands) (Size class 0),0,RSE of Total recordable cases,131,"Private industry, Nebraska"
ISUMFG33310051131,2020,A01,Annual,NA,0.2,MFG,Manufacturing,333100,"Agriculture, construction, and mining machinery manufacturing",5,Number of injury cases (thousands) (Size class 0),1,Total recordable cases,131,"Private industry, Nebraska"
ISUMFG33310051131,2019,A01,Annual,NA,0.2,MFG,Manufacturing,333100,"Agriculture, construction, and mining machinery manufacturing",5,Number of injury cases (thousands) (Size class 0),1,Total recordable cases,131,"Private industry, Nebraska"
ISUMFG33310051131,2018,A01,Annual,NA,0.2,MFG,Manufacturing,333100,"Agriculture, construction, and mining machinery manufacturing",5,Number of injury cases (thousands) (Size class 0),1,Total recordable cases,131,"Private industry, Nebraska"
ISUMFG33310051131,2017,A01,Annual,NA,0.2,MFG,Manufacturing,333100,"Agriculture, construction, and mining machinery manufacturing",5,Number of injury cases (thousands) (Size class 0),1,Total recordable cases,131,"Private industry, Nebraska"
ISUMFG33310051131,2016,A01,Annual,NA,0.3,MFG,Manufacturing,333100,"Agriculture, construction, and mining machinery manufacturing",5,Number of injury cases (thousands) (Size class 0),1,Total recordable cases,131,"Private industry, Nebraska"
ISUMFG33310051131,2015,A01,Annual,NA,0.2,MFG,Manufacturing,333100,"Agriculture, construction, and mining machinery manufacturing",5,Number of injury cases (thousands) (Size class 0),1,Total recordable cases,131,"Private industry, Nebraska"
ISUMFG33310051131,2014,A01,Annual,NA,0.4,MFG,Manufacturing,333100,"Agriculture, construction, and mining machinery manufacturing",5,Number of injury cases (thousands) (Size class 0),1,Total recordable cases,131,"Private industry, Nebraska"
ISUMFG33400010131,2020,A01,Annual,NA,16.2,MFG,Manufacturing,334000,Computer and electronic product manufacturing,1,Rate of injury cases per 100 full-time workers (Size class 0),0,RSE of Total recordable cases,131,"Private industry, Nebraska"
ISUMFG33400010131,2019,A01,Annual,NA,5.4,MFG,Manufacturing,334000,Computer and electronic product manufacturing,1,Rate of injury cases per 100 full-time workers (Size class 0),0,RSE of Total recordable cases,131,"Private industry, Nebraska"
ISUMFG33400010131,2018,A01,Annual,NA,1.8,MFG,Manufacturing,334000,Computer and electronic product manufacturing,1,Rate of injury cases per 100 full-time workers (Size class 0),0,RSE of Total recordable cases,131,"Private industry, Nebraska"
ISUMFG33400010131,2017,A01,Annual,NA,2.8,MFG,Manufacturing,334000,Computer and electronic product manufacturing,1,Rate of injury cases per 100 full-time workers (Size class 0),0,RSE of Total recordable cases,131,"Private industry, Nebraska"
ISUMFG33400010131,2016,A01,Annual,NA,2.4,MFG,Manufacturing,334000,Computer and electronic product manufacturing,1,Rate of injury cases per 100 full-time workers (Size class 0),0,RSE of Total recordable cases,131,"Private industry, Nebraska"
ISUMFG33400010131,2015,A01,Annual,NA,4.4,MFG,Manufacturing,334000,Computer and electronic product manufacturing,1,Rate of injury cases per 100 full-time workers (Size class 0),0,RSE of Total recordable cases,131,"Private industry, Nebraska"
ISUMFG33400010131,2014,A01,Annual,NA,12.9,MFG,Manufacturing,334000,Computer and electronic product manufacturing,1,Rate of injury cases per 100 full-time workers (Size class 0),0,RSE of Total recordable cases,131,"Private industry, Nebraska"
ISUMFG33400011131,2020,A01,Annual,NA,1.1,MFG,Manufacturing,334000,Computer and electronic product manufacturing,1,Rate of injury cases per 100 full-time workers (Size class 0),1,Total recordable cases,131,"Private industry, Nebraska"
ISUMFG33400011131,2019,A01,Annual,NA,1.8,MFG,Manufacturing,334000,Computer and electronic product manufacturing,1,Rate of injury cases per 100 full-time workers (Size class 0),1,Total recordable cases,131,"Private industry, Nebraska"
ISUMFG33400011131,2018,A01,Annual,NA,1.9,MFG,Manufacturing,334000,Computer and electronic product manufacturing,1,Rate of injury cases per 100 full-time workers (Size class 0),1,Total recordable cases,131,"Private industry, Nebraska"
ISUMFG33400011131,2017,A01,Annual,NA,1.9,MFG,Manufacturing,334000,Computer and electronic product manufacturing,1,Rate of injury cases per 100 full-time workers (Size class 0),1,Total recordable cases,131,"Private industry, Nebraska"
ISUMFG33400011131,2016,A01,Annual,NA,2.1,MFG,Manufacturing,334000,Computer and electronic product manufacturing,1,Rate of injury cases per 100 full-time workers (Size class 0),1,Total recordable cases,131,"Private industry, Nebraska"
ISUMFG33400011131,2015,A01,Annual,NA,2.8,MFG,Manufacturing,334000,Computer and electronic product manufacturing,1,Rate of injury cases per 100 full-time workers (Size class 0),1,Total recordable cases,131,"Private industry, Nebraska"
ISUMFG33400011131,2014,A01,Annual,NA,3,MFG,Manufacturing,334000,Computer and electronic product manufacturing,1,Rate of injury cases per 100 full-time workers (Size class 0),1,Total recordable cases,131,"Private industry, Nebraska"
ISUMFG33400050131,2020,A01,Annual,NA,20.8,MFG,Manufacturing,334000,Computer and electronic product manufacturing,5,Number of injury cases (thousands) (Size class 0),0,RSE of Total recordable cases,131,"Private industry, Nebraska"
ISUMFG33400050131,2019,A01,Annual,NA,5.8,MFG,Manufacturing,334000,Computer and electronic product manufacturing,5,Number of injury cases (thousands) (Size class 0),0,RSE of Total recordable cases,131,"Private industry, Nebraska"
ISUMFG33400050131,2018,A01,Annual,NA,1.9,MFG,Manufacturing,334000,Computer and electronic product manufacturing,5,Number of injury cases (thousands) (Size class 0),0,RSE of Total recordable cases,131,"Private industry, Nebraska"
ISUMFG33400050131,2017,A01,Annual,NA,0,MFG,Manufacturing,334000,Computer and electronic product manufacturing,5,Number of injury cases (thousands) (Size class 0),0,RSE of Total recordable cases,131,"Private industry, Nebraska"
ISUMFG33400050131,2016,A01,Annual,NA,3.1,MFG,Manufacturing,334000,Computer and electronic product manufacturing,5,Number of injury cases (thousands) (Size class 0),0,RSE of Total recordable cases,131,"Private industry, Nebraska"
ISUMFG33400050131,2015,A01,Annual,NA,4.3,MFG,Manufacturing,334000,Computer and electronic product manufacturing,5,Number of injury cases (thousands) (Size class 0),0,RSE of Total recordable cases,131,"Private industry, Nebraska"
ISUMFG33400050131,2014,A01,Annual,NA,13.4,MFG,Manufacturing,334000,Computer and electronic product manufacturing,5,Number of injury cases (thousands) (Size class 0),0,RSE of Total recordable cases,131,"Private industry, Nebraska"
ISUMFG33400051131,2020,A01,Annual,NA,0,MFG,Manufacturing,334000,Computer and electronic product manufacturing,5,Number of injury cases (thousands) (Size class 0),1,Total recordable cases,131,"Private industry, Nebraska"
ISUMFG33400051131,2019,A01,Annual,NA,0.1,MFG,Manufacturing,334000,Computer and electronic product manufacturing,5,Number of injury cases (thousands) (Size class 0),1,Total recordable cases,131,"Private industry, Nebraska"
ISUMFG33400051131,2018,A01,Annual,NA,0.1,MFG,Manufacturing,334000,Computer and electronic product manufacturing,5,Number of injury cases (thousands) (Size class 0),1,Total recordable cases,131,"Private industry, Nebraska"
ISUMFG33400051131,2017,A01,Annual,NA,0.1,MFG,Manufacturing,334000,Computer and electronic product manufacturing,5,Number of injury cases (thousands) (Size class 0),1,Total recordable cases,131,"Private industry, Nebraska"
ISUMFG33400051131,2016,A01,Annual,NA,0.1,MFG,Manufacturing,334000,Computer and electronic product manufacturing,5,Number of injury cases (thousands) (Size class 0),1,Total recordable cases,131,"Private industry, Nebraska"
ISUMFG33400051131,2015,A01,Annual,NA,0.1,MFG,Manufacturing,334000,Computer and electronic product manufacturing,5,Number of injury cases (thousands) (Size class 0),1,Total recordable cases,131,"Private industry, Nebraska"
ISUMFG33400051131,2014,A01,Annual,NA,0.1,MFG,Manufacturing,334000,Computer and electronic product manufacturing,5,Number of injury cases (thousands) (Size class 0),1,Total recordable cases,131,"Private industry, Nebraska"
ISUMFG33420010131,2019,A01,Annual,TRUE,0.8,MFG,Manufacturing,334200,Communications equipment manufacturing,1,Rate of injury cases per 100 full-time workers (Size class 0),0,RSE of Total recordable cases,131,"Private industry, Nebraska"
ISUMFG33420010131,2018,A01,Annual,NA,0,MFG,Manufacturing,334200,Communications equipment manufacturing,1,Rate of injury cases per 100 full-time workers (Size class 0),0,RSE of Total recordable cases,131,"Private industry, Nebraska"
ISUMFG33420010131,2016,A01,Annual,NA,0,MFG,Manufacturing,334200,Communications equipment manufacturing,1,Rate of injury cases per 100 full-time workers (Size class 0),0,RSE of Total recordable cases,131,"Private industry, Nebraska"
ISUMFG33420010131,2015,A01,Annual,NA,0,MFG,Manufacturing,334200,Communications equipment manufacturing,1,Rate of injury cases per 100 full-time workers (Size class 0),0,RSE of Total recordable cases,131,"Private industry, Nebraska"
ISUMFG33420010131,2014,A01,Annual,NA,0,MFG,Manufacturing,334200,Communications equipment manufacturing,1,Rate of injury cases per 100 full-time workers (Size class 0),0,RSE of Total recordable cases,131,"Private industry, Nebraska"
ISUMFG33420011131,2019,A01,Annual,TRUE,NA,MFG,Manufacturing,334200,Communications equipment manufacturing,1,Rate of injury cases per 100 full-time workers (Size class 0),1,Total recordable cases,131,"Private industry, Nebraska"
ISUMFG33420011131,2018,A01,Annual,NA,NA,MFG,Manufacturing,334200,Communications equipment manufacturing,1,Rate of injury cases per 100 full-time workers (Size class 0),1,Total recordable cases,131,"Private industry, Nebraska"
ISUMFG33420011131,2016,A01,Annual,NA,NA,MFG,Manufacturing,334200,Communications equipment manufacturing,1,Rate of injury cases per 100 full-time workers (Size class 0),1,Total recordable cases,131,"Private industry, Nebraska"
ISUMFG33420011131,2015,A01,Annual,NA,NA,MFG,Manufacturing,334200,Communications equipment manufacturing,1,Rate of injury cases per 100 full-time workers (Size class 0),1,Total recordable cases,131,"Private industry, Nebraska"
ISUMFG33420011131,2014,A01,Annual,NA,NA,MFG,Manufacturing,334200,Communications equipment manufacturing,1,Rate of injury cases per 100 full-time workers (Size class 0),1,Total recordable cases,131,"Private industry, Nebraska"
ISUMFG33420050131,2019,A01,Annual,TRUE,0.8,MFG,Manufacturing,334200,Communications equipment manufacturing,5,Number of injury cases (thousands) (Size class 0),0,RSE of Total recordable cases,131,"Private industry, Nebraska"
ISUMFG33420050131,2018,A01,Annual,NA,0,MFG,Manufacturing,334200,Communications equipment manufacturing,5,Number of injury cases (thousands) (Size class 0),0,RSE of Total recordable cases,131,"Private industry, Nebraska"
ISUMFG33420050131,2016,A01,Annual,NA,0,MFG,Manufacturing,334200,Communications equipment manufacturing,5,Number of injury cases (thousands) (Size class 0),0,RSE of Total recordable cases,131,"Private industry, Nebraska"
ISUMFG33420050131,2015,A01,Annual,NA,0,MFG,Manufacturing,334200,Communications equipment manufacturing,5,Number of injury cases (thousands) (Size class 0),0,RSE of Total recordable cases,131,"Private industry, Nebraska"
ISUMFG33420050131,2014,A01,Annual,NA,0,MFG,Manufacturing,334200,Communications equipment manufacturing,5,Number of injury cases (thousands) (Size class 0),0,RSE of Total recordable cases,131,"Private industry, Nebraska"
ISUMFG33420051131,2019,A01,Annual,TRUE,0,MFG,Manufacturing,334200,Communications equipment manufacturing,5,Number of injury cases (thousands) (Size class 0),1,Total recordable cases,131,"Private industry, Nebraska"
ISUMFG33420051131,2018,A01,Annual,NA,0,MFG,Manufacturing,334200,Communications equipment manufacturing,5,Number of injury cases (thousands) (Size class 0),1,Total recordable cases,131,"Private industry, Nebraska"
ISUMFG33420051131,2016,A01,Annual,NA,0,MFG,Manufacturing,334200,Communications equipment manufacturing,5,Number of injury cases (thousands) (Size class 0),1,Total recordable cases,131,"Private industry, Nebraska"
ISUMFG33420051131,2015,A01,Annual,NA,0,MFG,Manufacturing,334200,Communications equipment manufacturing,5,Number of injury cases (thousands) (Size class 0),1,Total recordable cases,131,"Private industry, Nebraska"
ISUMFG33420051131,2014,A01,Annual,NA,0,MFG,Manufacturing,334200,Communications equipment manufacturing,5,Number of injury cases (thousands) (Size class 0),1,Total recordable cases,131,"Private industry, Nebraska"
ISUMFG33600010131,2020,A01,Annual,NA,7.2,MFG,Manufacturing,336000,Transportation equipment manufacturing,1,Rate of injury cases per 100 full-time workers (Size class 0),0,RSE of Total recordable cases,131,"Private industry, Nebraska"
ISUMFG33600010131,2019,A01,Annual,NA,11.6,MFG,Manufacturing,336000,Transportation equipment manufacturing,1,Rate of injury cases per 100 full-time workers (Size class 0),0,RSE of Total recordable cases,131,"Private industry, Nebraska"
ISUMFG33600010131,2018,A01,Annual,NA,4.3,MFG,Manufacturing,336000,Transportation equipment manufacturing,1,Rate of injury cases per 100 full-time workers (Size class 0),0,RSE of Total recordable cases,131,"Private industry, Nebraska"
ISUMFG33600010131,2017,A01,Annual,NA,5,MFG,Manufacturing,336000,Transportation equipment manufacturing,1,Rate of injury cases per 100 full-time workers (Size class 0),0,RSE of Total recordable cases,131,"Private industry, Nebraska"
ISUMFG33600010131,2016,A01,Annual,NA,4.3,MFG,Manufacturing,336000,Transportation equipment manufacturing,1,Rate of injury cases per 100 full-time workers (Size class 0),0,RSE of Total recordable cases,131,"Private industry, Nebraska"
ISUMFG33600010131,2015,A01,Annual,NA,3.2,MFG,Manufacturing,336000,Transportation equipment manufacturing,1,Rate of injury cases per 100 full-time workers (Size class 0),0,RSE of Total recordable cases,131,"Private industry, Nebraska"
ISUMFG33600010131,2014,A01,Annual,NA,7.9,MFG,Manufacturing,336000,Transportation equipment manufacturing,1,Rate of injury cases per 100 full-time workers (Size class 0),0,RSE of Total recordable cases,131,"Private industry, Nebraska"
ISUMFG33600011131,2020,A01,Annual,NA,2.7,MFG,Manufacturing,336000,Transportation equipment manufacturing,1,Rate of injury cases per 100 full-time workers (Size class 0),1,Total recordable cases,131,"Private industry, Nebraska"
ISUMFG33600011131,2019,A01,Annual,NA,2.9,MFG,Manufacturing,336000,Transportation equipment manufacturing,1,Rate of injury cases per 100 full-time workers (Size class 0),1,Total recordable cases,131,"Private industry, Nebraska"
ISUMFG33600011131,2018,A01,Annual,NA,2.6,MFG,Manufacturing,336000,Transportation equipment manufacturing,1,Rate of injury cases per 100 full-time workers (Size class 0),1,Total recordable cases,131,"Private industry, Nebraska"
ISUMFG33600011131,2017,A01,Annual,NA,3.5,MFG,Manufacturing,336000,Transportation equipment manufacturing,1,Rate of injury cases per 100 full-time workers (Size class 0),1,Total recordable cases,131,"Private industry, Nebraska"
ISUMFG33600011131,2016,A01,Annual,NA,3.9,MFG,Manufacturing,336000,Transportation equipment manufacturing,1,Rate of injury cases per 100 full-time workers (Size class 0),1,Total recordable cases,131,"Private industry, Nebraska"
ISUMFG33600011131,2015,A01,Annual,NA,4.3,MFG,Manufacturing,336000,Transportation equipment manufacturing,1,Rate of injury cases per 100 full-time workers (Size class 0),1,Total recordable cases,131,"Private industry, Nebraska"
ISUMFG33600011131,2014,A01,Annual,NA,5,MFG,Manufacturing,336000,Transportation equipment manufacturing,1,Rate of injury cases per 100 full-time workers (Size class 0),1,Total recordable cases,131,"Private industry, Nebraska"
ISUMFG33600050131,2020,A01,Annual,NA,7.6,MFG,Manufacturing,336000,Transportation equipment manufacturing,5,Number of injury cases (thousands) (Size class 0),0,RSE of Total recordable cases,131,"Private industry, Nebraska"
ISUMFG33600050131,2019,A01,Annual,NA,12.3,MFG,Manufacturing,336000,Transportation equipment manufacturing,5,Number of injury cases (thousands) (Size class 0),0,RSE of Total recordable cases,131,"Private industry, Nebraska"
ISUMFG33600050131,2018,A01,Annual,NA,4.6,MFG,Manufacturing,336000,Transportation equipment manufacturing,5,Number of injury cases (thousands) (Size class 0),0,RSE of Total recordable cases,131,"Private industry, Nebraska"
ISUMFG33600050131,2017,A01,Annual,NA,4.8,MFG,Manufacturing,336000,Transportation equipment manufacturing,5,Number of injury cases (thousands) (Size class 0),0,RSE of Total recordable cases,131,"Private industry, Nebraska"
ISUMFG33600050131,2016,A01,Annual,NA,4.3,MFG,Manufacturing,336000,Transportation equipment manufacturing,5,Number of injury cases (thousands) (Size class 0),0,RSE of Total recordable cases,131,"Private industry, Nebraska"
ISUMFG33600050131,2015,A01,Annual,NA,2.9,MFG,Manufacturing,336000,Transportation equipment manufacturing,5,Number of injury cases (thousands) (Size class 0),0,RSE of Total recordable cases,131,"Private industry, Nebraska"
ISUMFG33600050131,2014,A01,Annual,NA,7.3,MFG,Manufacturing,336000,Transportation equipment manufacturing,5,Number of injury cases (thousands) (Size class 0),0,RSE of Total recordable cases,131,"Private industry, Nebraska"
ISUMFG33600051131,2020,A01,Annual,NA,0.2,MFG,Manufacturing,336000,Transportation equipment manufacturing,5,Number of injury cases (thousands) (Size class 0),1,Total recordable cases,131,"Private industry, Nebraska"
ISUMFG33600051131,2019,A01,Annual,NA,0.3,MFG,Manufacturing,336000,Transportation equipment manufacturing,5,Number of injury cases (thousands) (Size class 0),1,Total recordable cases,131,"Private industry, Nebraska"
ISUMFG33600051131,2018,A01,Annual,NA,0.2,MFG,Manufacturing,336000,Transportation equipment manufacturing,5,Number of injury cases (thousands) (Size class 0),1,Total recordable cases,131,"Private industry, Nebraska"
ISUMFG33600051131,2017,A01,Annual,NA,0.3,MFG,Manufacturing,336000,Transportation equipment manufacturing,5,Number of injury cases (thousands) (Size class 0),1,Total recordable cases,131,"Private industry, Nebraska"
ISUMFG33600051131,2016,A01,Annual,NA,0.3,MFG,Manufacturing,336000,Transportation equipment manufacturing,5,Number of injury cases (thousands) (Size class 0),1,Total recordable cases,131,"Private industry, Nebraska"
ISUMFG33600051131,2015,A01,Annual,NA,0.4,MFG,Manufacturing,336000,Transportation equipment manufacturing,5,Number of injury cases (thousands) (Size class 0),1,Total recordable cases,131,"Private industry, Nebraska"
ISUMFG33600051131,2014,A01,Annual,NA,0.4,MFG,Manufacturing,336000,Transportation equipment manufacturing,5,Number of injury cases (thousands) (Size class 0),1,Total recordable cases,131,"Private industry, Nebraska"
ISUMFG33620010131,2019,A01,Annual,NA,41.5,MFG,Manufacturing,336200,Motor vehicle body and trailer manufacturing,1,Rate of injury cases per 100 full-time workers (Size class 0),0,RSE of Total recordable cases,131,"Private industry, Nebraska"
ISUMFG33620010131,2018,A01,Annual,NA,2.2,MFG,Manufacturing,336200,Motor vehicle body and trailer manufacturing,1,Rate of injury cases per 100 full-time workers (Size class 0),0,RSE of Total recordable cases,131,"Private industry, Nebraska"
ISUMFG33620010131,2017,A01,Annual,NA,11.6,MFG,Manufacturing,336200,Motor vehicle body and trailer manufacturing,1,Rate of injury cases per 100 full-time workers (Size class 0),0,RSE of Total recordable cases,131,"Private industry, Nebraska"
ISUMFG33620010131,2016,A01,Annual,NA,8.9,MFG,Manufacturing,336200,Motor vehicle body and trailer manufacturing,1,Rate of injury cases per 100 full-time workers (Size class 0),0,RSE of Total recordable cases,131,"Private industry, Nebraska"
ISUMFG33620010131,2015,A01,Annual,NA,8.8,MFG,Manufacturing,336200,Motor vehicle body and trailer manufacturing,1,Rate of injury cases per 100 full-time workers (Size class 0),0,RSE of Total recordable cases,131,"Private industry, Nebraska"
ISUMFG33620011131,2019,A01,Annual,NA,4.4,MFG,Manufacturing,336200,Motor vehicle body and trailer manufacturing,1,Rate of injury cases per 100 full-time workers (Size class 0),1,Total recordable cases,131,"Private industry, Nebraska"
ISUMFG33620011131,2018,A01,Annual,NA,3.5,MFG,Manufacturing,336200,Motor vehicle body and trailer manufacturing,1,Rate of injury cases per 100 full-time workers (Size class 0),1,Total recordable cases,131,"Private industry, Nebraska"
ISUMFG33620011131,2017,A01,Annual,NA,6.4,MFG,Manufacturing,336200,Motor vehicle body and trailer manufacturing,1,Rate of injury cases per 100 full-time workers (Size class 0),1,Total recordable cases,131,"Private industry, Nebraska"
ISUMFG33620011131,2016,A01,Annual,NA,4.7,MFG,Manufacturing,336200,Motor vehicle body and trailer manufacturing,1,Rate of injury cases per 100 full-time workers (Size class 0),1,Total recordable cases,131,"Private industry, Nebraska"
ISUMFG33620011131,2015,A01,Annual,NA,6.3,MFG,Manufacturing,336200,Motor vehicle body and trailer manufacturing,1,Rate of injury cases per 100 full-time workers (Size class 0),1,Total recordable cases,131,"Private industry, Nebraska"
ISUMFG33620050131,2019,A01,Annual,NA,42,MFG,Manufacturing,336200,Motor vehicle body and trailer manufacturing,5,Number of injury cases (thousands) (Size class 0),0,RSE of Total recordable cases,131,"Private industry, Nebraska"
ISUMFG33620050131,2018,A01,Annual,NA,7,MFG,Manufacturing,336200,Motor vehicle body and trailer manufacturing,5,Number of injury cases (thousands) (Size class 0),0,RSE of Total recordable cases,131,"Private industry, Nebraska"
ISUMFG33620050131,2017,A01,Annual,NA,11.4,MFG,Manufacturing,336200,Motor vehicle body and trailer manufacturing,5,Number of injury cases (thousands) (Size class 0),0,RSE of Total recordable cases,131,"Private industry, Nebraska"
ISUMFG33620050131,2016,A01,Annual,NA,9.4,MFG,Manufacturing,336200,Motor vehicle body and trailer manufacturing,5,Number of injury cases (thousands) (Size class 0),0,RSE of Total recordable cases,131,"Private industry, Nebraska"
ISUMFG33620050131,2015,A01,Annual,NA,9.3,MFG,Manufacturing,336200,Motor vehicle body and trailer manufacturing,5,Number of injury cases (thousands) (Size class 0),0,RSE of Total recordable cases,131,"Private industry, Nebraska"
ISUMFG33620051131,2019,A01,Annual,NA,0.1,MFG,Manufacturing,336200,Motor vehicle body and trailer manufacturing,5,Number of injury cases (thousands) (Size class 0),1,Total recordable cases,131,"Private industry, Nebraska"
ISUMFG33620051131,2018,A01,Annual,NA,0.1,MFG,Manufacturing,336200,Motor vehicle body and trailer manufacturing,5,Number of injury cases (thousands) (Size class 0),1,Total recordable cases,131,"Private industry, Nebraska"
ISUMFG33620051131,2017,A01,Annual,NA,0.1,MFG,Manufacturing,336200,Motor vehicle body and trailer manufacturing,5,Number of injury cases (thousands) (Size class 0),1,Total recordable cases,131,"Private industry, Nebraska"
ISUMFG33620051131,2016,A01,Annual,NA,0.1,MFG,Manufacturing,336200,Motor vehicle body and trailer manufacturing,5,Number of injury cases (thousands) (Size class 0),1,Total recordable cases,131,"Private industry, Nebraska"
ISUMFG33620051131,2015,A01,Annual,NA,0.1,MFG,Manufacturing,336200,Motor vehicle body and trailer manufacturing,5,Number of injury cases (thousands) (Size class 0),1,Total recordable cases,131,"Private industry, Nebraska"
ISUMFG33630010131,2020,A01,Annual,NA,15.6,MFG,Manufacturing,336300,Motor vehicle parts manufacturing,1,Rate of injury cases per 100 full-time workers (Size class 0),0,RSE of Total recordable cases,131,"Private industry, Nebraska"
ISUMFG33630010131,2019,A01,Annual,NA,3.3,MFG,Manufacturing,336300,Motor vehicle parts manufacturing,1,Rate of injury cases per 100 full-time workers (Size class 0),0,RSE of Total recordable cases,131,"Private industry, Nebraska"
ISUMFG33630010131,2018,A01,Annual,NA,8.4,MFG,Manufacturing,336300,Motor vehicle parts manufacturing,1,Rate of injury cases per 100 full-time workers (Size class 0),0,RSE of Total recordable cases,131,"Private industry, Nebraska"
ISUMFG33630010131,2017,A01,Annual,NA,3.9,MFG,Manufacturing,336300,Motor vehicle parts manufacturing,1,Rate of injury cases per 100 full-time workers (Size class 0),0,RSE of Total recordable cases,131,"Private industry, Nebraska"
ISUMFG33630010131,2016,A01,Annual,NA,4.4,MFG,Manufacturing,336300,Motor vehicle parts manufacturing,1,Rate of injury cases per 100 full-time workers (Size class 0),0,RSE of Total recordable cases,131,"Private industry, Nebraska"
ISUMFG33630010131,2015,A01,Annual,NA,0.4,MFG,Manufacturing,336300,Motor vehicle parts manufacturing,1,Rate of injury cases per 100 full-time workers (Size class 0),0,RSE of Total recordable cases,131,"Private industry, Nebraska"
ISUMFG33630010131,2014,A01,Annual,NA,3.7,MFG,Manufacturing,336300,Motor vehicle parts manufacturing,1,Rate of injury cases per 100 full-time workers (Size class 0),0,RSE of Total recordable cases,131,"Private industry, Nebraska"
ISUMFG33630011131,2020,A01,Annual,NA,2.5,MFG,Manufacturing,336300,Motor vehicle parts manufacturing,1,Rate of injury cases per 100 full-time workers (Size class 0),1,Total recordable cases,131,"Private industry, Nebraska"
ISUMFG33630011131,2019,A01,Annual,NA,2.5,MFG,Manufacturing,336300,Motor vehicle parts manufacturing,1,Rate of injury cases per 100 full-time workers (Size class 0),1,Total recordable cases,131,"Private industry, Nebraska"
ISUMFG33630011131,2018,A01,Annual,NA,2.3,MFG,Manufacturing,336300,Motor vehicle parts manufacturing,1,Rate of injury cases per 100 full-time workers (Size class 0),1,Total recordable cases,131,"Private industry, Nebraska"
ISUMFG33630011131,2017,A01,Annual,NA,2.7,MFG,Manufacturing,336300,Motor vehicle parts manufacturing,1,Rate of injury cases per 100 full-time workers (Size class 0),1,Total recordable cases,131,"Private industry, Nebraska"
ISUMFG33630011131,2016,A01,Annual,NA,3.5,MFG,Manufacturing,336300,Motor vehicle parts manufacturing,1,Rate of injury cases per 100 full-time workers (Size class 0),1,Total recordable cases,131,"Private industry, Nebraska"
ISUMFG33630011131,2015,A01,Annual,NA,4,MFG,Manufacturing,336300,Motor vehicle parts manufacturing,1,Rate of injury cases per 100 full-time workers (Size class 0),1,Total recordable cases,131,"Private industry, Nebraska"
ISUMFG33630011131,2014,A01,Annual,NA,3.9,MFG,Manufacturing,336300,Motor vehicle parts manufacturing,1,Rate of injury cases per 100 full-time workers (Size class 0),1,Total recordable cases,131,"Private industry, Nebraska"
ISUMFG33630050131,2020,A01,Annual,NA,16.4,MFG,Manufacturing,336300,Motor vehicle parts manufacturing,5,Number of injury cases (thousands) (Size class 0),0,RSE of Total recordable cases,131,"Private industry, Nebraska"
ISUMFG33630050131,2019,A01,Annual,NA,3.5,MFG,Manufacturing,336300,Motor vehicle parts manufacturing,5,Number of injury cases (thousands) (Size class 0),0,RSE of Total recordable cases,131,"Private industry, Nebraska"
ISUMFG33630050131,2018,A01,Annual,NA,8.5,MFG,Manufacturing,336300,Motor vehicle parts manufacturing,5,Number of injury cases (thousands) (Size class 0),0,RSE of Total recordable cases,131,"Private industry, Nebraska"
ISUMFG33630050131,2017,A01,Annual,NA,3.6,MFG,Manufacturing,336300,Motor vehicle parts manufacturing,5,Number of injury cases (thousands) (Size class 0),0,RSE of Total recordable cases,131,"Private industry, Nebraska"
ISUMFG33630050131,2016,A01,Annual,NA,5.3,MFG,Manufacturing,336300,Motor vehicle parts manufacturing,5,Number of injury cases (thousands) (Size class 0),0,RSE of Total recordable cases,131,"Private industry, Nebraska"
ISUMFG33630050131,2015,A01,Annual,NA,0.4,MFG,Manufacturing,336300,Motor vehicle parts manufacturing,5,Number of injury cases (thousands) (Size class 0),0,RSE of Total recordable cases,131,"Private industry, Nebraska"
ISUMFG33630050131,2014,A01,Annual,NA,1.9,MFG,Manufacturing,336300,Motor vehicle parts manufacturing,5,Number of injury cases (thousands) (Size class 0),0,RSE of Total recordable cases,131,"Private industry, Nebraska"
ISUMFG33630051131,2020,A01,Annual,NA,0.1,MFG,Manufacturing,336300,Motor vehicle parts manufacturing,5,Number of injury cases (thousands) (Size class 0),1,Total recordable cases,131,"Private industry, Nebraska"
ISUMFG33630051131,2019,A01,Annual,NA,0.1,MFG,Manufacturing,336300,Motor vehicle parts manufacturing,5,Number of injury cases (thousands) (Size class 0),1,Total recordable cases,131,"Private industry, Nebraska"
ISUMFG33630051131,2018,A01,Annual,NA,0.1,MFG,Manufacturing,336300,Motor vehicle parts manufacturing,5,Number of injury cases (thousands) (Size class 0),1,Total recordable cases,131,"Private industry, Nebraska"
ISUMFG33630051131,2017,A01,Annual,NA,0.1,MFG,Manufacturing,336300,Motor vehicle parts manufacturing,5,Number of injury cases (thousands) (Size class 0),1,Total recordable cases,131,"Private industry, Nebraska"
ISUMFG33630051131,2016,A01,Annual,NA,0.2,MFG,Manufacturing,336300,Motor vehicle parts manufacturing,5,Number of injury cases (thousands) (Size class 0),1,Total recordable cases,131,"Private industry, Nebraska"
ISUMFG33630051131,2015,A01,Annual,NA,0.2,MFG,Manufacturing,336300,Motor vehicle parts manufacturing,5,Number of injury cases (thousands) (Size class 0),1,Total recordable cases,131,"Private industry, Nebraska"
ISUMFG33630051131,2014,A01,Annual,NA,0.2,MFG,Manufacturing,336300,Motor vehicle parts manufacturing,5,Number of injury cases (thousands) (Size class 0),1,Total recordable cases,131,"Private industry, Nebraska"
ISUMFG33700010131,2019,A01,Annual,TRUE,31.8,MFG,Manufacturing,337000,Furniture and related product manufacturing,1,Rate of injury cases per 100 full-time workers (Size class 0),0,RSE of Total recordable cases,131,"Private industry, Nebraska"
ISUMFG33700010131,2017,A01,Annual,NA,12.2,MFG,Manufacturing,337000,Furniture and related product manufacturing,1,Rate of injury cases per 100 full-time workers (Size class 0),0,RSE of Total recordable cases,131,"Private industry, Nebraska"
ISUMFG33700010131,2016,A01,Annual,NA,26.6,MFG,Manufacturing,337000,Furniture and related product manufacturing,1,Rate of injury cases per 100 full-time workers (Size class 0),0,RSE of Total recordable cases,131,"Private industry, Nebraska"
ISUMFG33700010131,2014,A01,Annual,NA,41.9,MFG,Manufacturing,337000,Furniture and related product manufacturing,1,Rate of injury cases per 100 full-time workers (Size class 0),0,RSE of Total recordable cases,131,"Private industry, Nebraska"
ISUMFG33700011131,2019,A01,Annual,TRUE,4.1,MFG,Manufacturing,337000,Furniture and related product manufacturing,1,Rate of injury cases per 100 full-time workers (Size class 0),1,Total recordable cases,131,"Private industry, Nebraska"
ISUMFG33700011131,2017,A01,Annual,NA,6.3,MFG,Manufacturing,337000,Furniture and related product manufacturing,1,Rate of injury cases per 100 full-time workers (Size class 0),1,Total recordable cases,131,"Private industry, Nebraska"
ISUMFG33700011131,2016,A01,Annual,NA,13.3,MFG,Manufacturing,337000,Furniture and related product manufacturing,1,Rate of injury cases per 100 full-time workers (Size class 0),1,Total recordable cases,131,"Private industry, Nebraska"
ISUMFG33700011131,2014,A01,Annual,NA,14.6,MFG,Manufacturing,337000,Furniture and related product manufacturing,1,Rate of injury cases per 100 full-time workers (Size class 0),1,Total recordable cases,131,"Private industry, Nebraska"
ISUMFG33700050131,2019,A01,Annual,TRUE,30,MFG,Manufacturing,337000,Furniture and related product manufacturing,5,Number of injury cases (thousands) (Size class 0),0,RSE of Total recordable cases,131,"Private industry, Nebraska"
ISUMFG33700050131,2017,A01,Annual,NA,11.9,MFG,Manufacturing,337000,Furniture and related product manufacturing,5,Number of injury cases (thousands) (Size class 0),0,RSE of Total recordable cases,131,"Private industry, Nebraska"
ISUMFG33700050131,2016,A01,Annual,NA,27.3,MFG,Manufacturing,337000,Furniture and related product manufacturing,5,Number of injury cases (thousands) (Size class 0),0,RSE of Total recordable cases,131,"Private industry, Nebraska"
ISUMFG33700050131,2014,A01,Annual,NA,43.6,MFG,Manufacturing,337000,Furniture and related product manufacturing,5,Number of injury cases (thousands) (Size class 0),0,RSE of Total recordable cases,131,"Private industry, Nebraska"
ISUMFG33700051131,2019,A01,Annual,TRUE,0.1,MFG,Manufacturing,337000,Furniture and related product manufacturing,5,Number of injury cases (thousands) (Size class 0),1,Total recordable cases,131,"Private industry, Nebraska"
ISUMFG33700051131,2017,A01,Annual,NA,0.1,MFG,Manufacturing,337000,Furniture and related product manufacturing,5,Number of injury cases (thousands) (Size class 0),1,Total recordable cases,131,"Private industry, Nebraska"
ISUMFG33700051131,2016,A01,Annual,NA,0.2,MFG,Manufacturing,337000,Furniture and related product manufacturing,5,Number of injury cases (thousands) (Size class 0),1,Total recordable cases,131,"Private industry, Nebraska"
ISUMFG33700051131,2014,A01,Annual,NA,0.2,MFG,Manufacturing,337000,Furniture and related product manufacturing,5,Number of injury cases (thousands) (Size class 0),1,Total recordable cases,131,"Private industry, Nebraska"
ISUMFG33900010131,2020,A01,Annual,TRUE,8.7,MFG,Manufacturing,339000,Miscellaneous manufacturing,1,Rate of injury cases per 100 full-time workers (Size class 0),0,RSE of Total recordable cases,131,"Private industry, Nebraska"
ISUMFG33900010131,2019,A01,Annual,NA,30.7,MFG,Manufacturing,339000,Miscellaneous manufacturing,1,Rate of injury cases per 100 full-time workers (Size class 0),0,RSE of Total recordable cases,131,"Private industry, Nebraska"
ISUMFG33900010131,2018,A01,Annual,NA,12.2,MFG,Manufacturing,339000,Miscellaneous manufacturing,1,Rate of injury cases per 100 full-time workers (Size class 0),0,RSE of Total recordable cases,131,"Private industry, Nebraska"
ISUMFG33900010131,2017,A01,Annual,NA,17.6,MFG,Manufacturing,339000,Miscellaneous manufacturing,1,Rate of injury cases per 100 full-time workers (Size class 0),0,RSE of Total recordable cases,131,"Private industry, Nebraska"
ISUMFG33900010131,2016,A01,Annual,NA,8.9,MFG,Manufacturing,339000,Miscellaneous manufacturing,1,Rate of injury cases per 100 full-time workers (Size class 0),0,RSE of Total recordable cases,131,"Private industry, Nebraska"
ISUMFG33900010131,2015,A01,Annual,NA,14.1,MFG,Manufacturing,339000,Miscellaneous manufacturing,1,Rate of injury cases per 100 full-time workers (Size class 0),0,RSE of Total recordable cases,131,"Private industry, Nebraska"
ISUMFG33900010131,2014,A01,Annual,NA,10.2,MFG,Manufacturing,339000,Miscellaneous manufacturing,1,Rate of injury cases per 100 full-time workers (Size class 0),0,RSE of Total recordable cases,131,"Private industry, Nebraska"
ISUMFG33900011131,2020,A01,Annual,TRUE,1.6,MFG,Manufacturing,339000,Miscellaneous manufacturing,1,Rate of injury cases per 100 full-time workers (Size class 0),1,Total recordable cases,131,"Private industry, Nebraska"
ISUMFG33900011131,2019,A01,Annual,NA,1.8,MFG,Manufacturing,339000,Miscellaneous manufacturing,1,Rate of injury cases per 100 full-time workers (Size class 0),1,Total recordable cases,131,"Private industry, Nebraska"
ISUMFG33900011131,2018,A01,Annual,NA,1.6,MFG,Manufacturing,339000,Miscellaneous manufacturing,1,Rate of injury cases per 100 full-time workers (Size class 0),1,Total recordable cases,131,"Private industry, Nebraska"
ISUMFG33900011131,2017,A01,Annual,NA,1.5,MFG,Manufacturing,339000,Miscellaneous manufacturing,1,Rate of injury cases per 100 full-time workers (Size class 0),1,Total recordable cases,131,"Private industry, Nebraska"
ISUMFG33900011131,2016,A01,Annual,NA,1.5,MFG,Manufacturing,339000,Miscellaneous manufacturing,1,Rate of injury cases per 100 full-time workers (Size class 0),1,Total recordable cases,131,"Private industry, Nebraska"
ISUMFG33900011131,2015,A01,Annual,NA,1.6,MFG,Manufacturing,339000,Miscellaneous manufacturing,1,Rate of injury cases per 100 full-time workers (Size class 0),1,Total recordable cases,131,"Private industry, Nebraska"
ISUMFG33900011131,2014,A01,Annual,NA,1.5,MFG,Manufacturing,339000,Miscellaneous manufacturing,1,Rate of injury cases per 100 full-time workers (Size class 0),1,Total recordable cases,131,"Private industry, Nebraska"
ISUMFG33900050131,2020,A01,Annual,TRUE,11.5,MFG,Manufacturing,339000,Miscellaneous manufacturing,5,Number of injury cases (thousands) (Size class 0),0,RSE of Total recordable cases,131,"Private industry, Nebraska"
ISUMFG33900050131,2019,A01,Annual,NA,28.6,MFG,Manufacturing,339000,Miscellaneous manufacturing,5,Number of injury cases (thousands) (Size class 0),0,RSE of Total recordable cases,131,"Private industry, Nebraska"
ISUMFG33900050131,2018,A01,Annual,NA,11.1,MFG,Manufacturing,339000,Miscellaneous manufacturing,5,Number of injury cases (thousands) (Size class 0),0,RSE of Total recordable cases,131,"Private industry, Nebraska"
ISUMFG33900050131,2017,A01,Annual,NA,18.2,MFG,Manufacturing,339000,Miscellaneous manufacturing,5,Number of injury cases (thousands) (Size class 0),0,RSE of Total recordable cases,131,"Private industry, Nebraska"
ISUMFG33900050131,2016,A01,Annual,NA,10.5,MFG,Manufacturing,339000,Miscellaneous manufacturing,5,Number of injury cases (thousands) (Size class 0),0,RSE of Total recordable cases,131,"Private industry, Nebraska"
ISUMFG33900050131,2015,A01,Annual,NA,19.2,MFG,Manufacturing,339000,Miscellaneous manufacturing,5,Number of injury cases (thousands) (Size class 0),0,RSE of Total recordable cases,131,"Private industry, Nebraska"
ISUMFG33900050131,2014,A01,Annual,NA,9.8,MFG,Manufacturing,339000,Miscellaneous manufacturing,5,Number of injury cases (thousands) (Size class 0),0,RSE of Total recordable cases,131,"Private industry, Nebraska"
ISUMFG33900051131,2020,A01,Annual,TRUE,0.1,MFG,Manufacturing,339000,Miscellaneous manufacturing,5,Number of injury cases (thousands) (Size class 0),1,Total recordable cases,131,"Private industry, Nebraska"
ISUMFG33900051131,2019,A01,Annual,NA,0.1,MFG,Manufacturing,339000,Miscellaneous manufacturing,5,Number of injury cases (thousands) (Size class 0),1,Total recordable cases,131,"Private industry, Nebraska"
ISUMFG33900051131,2018,A01,Annual,NA,0.1,MFG,Manufacturing,339000,Miscellaneous manufacturing,5,Number of injury cases (thousands) (Size class 0),1,Total recordable cases,131,"Private industry, Nebraska"
ISUMFG33900051131,2017,A01,Annual,NA,0.1,MFG,Manufacturing,339000,Miscellaneous manufacturing,5,Number of injury cases (thousands) (Size class 0),1,Total recordable cases,131,"Private industry, Nebraska"
ISUMFG33900051131,2016,A01,Annual,NA,0.1,MFG,Manufacturing,339000,Miscellaneous manufacturing,5,Number of injury cases (thousands) (Size class 0),1,Total recordable cases,131,"Private industry, Nebraska"
ISUMFG33900051131,2015,A01,Annual,NA,0.1,MFG,Manufacturing,339000,Miscellaneous manufacturing,5,Number of injury cases (thousands) (Size class 0),1,Total recordable cases,131,"Private industry, Nebraska"
ISUMFG33900051131,2014,A01,Annual,NA,0.1,MFG,Manufacturing,339000,Miscellaneous manufacturing,5,Number of injury cases (thousands) (Size class 0),1,Total recordable cases,131,"Private industry, Nebraska"
ISUMFGGP1MFG10131,2020,A01,Annual,NA,2.8,MFG,Manufacturing,GP1MFG,Manufacturing,1,Rate of injury cases per 100 full-time workers (Size class 0),0,RSE of Total recordable cases,131,"Private industry, Nebraska"
ISUMFGGP1MFG10131,2019,A01,Annual,NA,2.4,MFG,Manufacturing,GP1MFG,Manufacturing,1,Rate of injury cases per 100 full-time workers (Size class 0),0,RSE of Total recordable cases,131,"Private industry, Nebraska"
ISUMFGGP1MFG10131,2018,A01,Annual,NA,2.2,MFG,Manufacturing,GP1MFG,Manufacturing,1,Rate of injury cases per 100 full-time workers (Size class 0),0,RSE of Total recordable cases,131,"Private industry, Nebraska"
ISUMFGGP1MFG10131,2017,A01,Annual,NA,2.3,MFG,Manufacturing,GP1MFG,Manufacturing,1,Rate of injury cases per 100 full-time workers (Size class 0),0,RSE of Total recordable cases,131,"Private industry, Nebraska"
ISUMFGGP1MFG10131,2016,A01,Annual,NA,2.9,MFG,Manufacturing,GP1MFG,Manufacturing,1,Rate of injury cases per 100 full-time workers (Size class 0),0,RSE of Total recordable cases,131,"Private industry, Nebraska"
ISUMFGGP1MFG10131,2015,A01,Annual,NA,1.8,MFG,Manufacturing,GP1MFG,Manufacturing,1,Rate of injury cases per 100 full-time workers (Size class 0),0,RSE of Total recordable cases,131,"Private industry, Nebraska"
ISUMFGGP1MFG10131,2014,A01,Annual,NA,4.2,MFG,Manufacturing,GP1MFG,Manufacturing,1,Rate of injury cases per 100 full-time workers (Size class 0),0,RSE of Total recordable cases,131,"Private industry, Nebraska"
ISUMFGGP1MFG11131,2020,A01,Annual,NA,3.2,MFG,Manufacturing,GP1MFG,Manufacturing,1,Rate of injury cases per 100 full-time workers (Size class 0),1,Total recordable cases,131,"Private industry, Nebraska"
ISUMFGGP1MFG11131,2019,A01,Annual,NA,3.2,MFG,Manufacturing,GP1MFG,Manufacturing,1,Rate of injury cases per 100 full-time workers (Size class 0),1,Total recordable cases,131,"Private industry, Nebraska"
ISUMFGGP1MFG11131,2018,A01,Annual,NA,3.7,MFG,Manufacturing,GP1MFG,Manufacturing,1,Rate of injury cases per 100 full-time workers (Size class 0),1,Total recordable cases,131,"Private industry, Nebraska"
ISUMFGGP1MFG11131,2017,A01,Annual,NA,3.7,MFG,Manufacturing,GP1MFG,Manufacturing,1,Rate of injury cases per 100 full-time workers (Size class 0),1,Total recordable cases,131,"Private industry, Nebraska"
ISUMFGGP1MFG11131,2016,A01,Annual,NA,4.3,MFG,Manufacturing,GP1MFG,Manufacturing,1,Rate of injury cases per 100 full-time workers (Size class 0),1,Total recordable cases,131,"Private industry, Nebraska"
ISUMFGGP1MFG11131,2015,A01,Annual,NA,4.1,MFG,Manufacturing,GP1MFG,Manufacturing,1,Rate of injury cases per 100 full-time workers (Size class 0),1,Total recordable cases,131,"Private industry, Nebraska"
ISUMFGGP1MFG11131,2014,A01,Annual,NA,4.6,MFG,Manufacturing,GP1MFG,Manufacturing,1,Rate of injury cases per 100 full-time workers (Size class 0),1,Total recordable cases,131,"Private industry, Nebraska"
ISUMFGGP1MFG50131,2020,A01,Annual,NA,2.9,MFG,Manufacturing,GP1MFG,Manufacturing,5,Number of injury cases (thousands) (Size class 0),0,RSE of Total recordable cases,131,"Private industry, Nebraska"
ISUMFGGP1MFG50131,2019,A01,Annual,NA,2.5,MFG,Manufacturing,GP1MFG,Manufacturing,5,Number of injury cases (thousands) (Size class 0),0,RSE of Total recordable cases,131,"Private industry, Nebraska"
ISUMFGGP1MFG50131,2018,A01,Annual,NA,2.2,MFG,Manufacturing,GP1MFG,Manufacturing,5,Number of injury cases (thousands) (Size class 0),0,RSE of Total recordable cases,131,"Private industry, Nebraska"
ISUMFGGP1MFG50131,2017,A01,Annual,NA,2.2,MFG,Manufacturing,GP1MFG,Manufacturing,5,Number of injury cases (thousands) (Size class 0),0,RSE of Total recordable cases,131,"Private industry, Nebraska"
ISUMFGGP1MFG50131,2016,A01,Annual,NA,2.3,MFG,Manufacturing,GP1MFG,Manufacturing,5,Number of injury cases (thousands) (Size class 0),0,RSE of Total recordable cases,131,"Private industry, Nebraska"
ISUMFGGP1MFG50131,2015,A01,Annual,NA,1.8,MFG,Manufacturing,GP1MFG,Manufacturing,5,Number of injury cases (thousands) (Size class 0),0,RSE of Total recordable cases,131,"Private industry, Nebraska"
ISUMFGGP1MFG50131,2014,A01,Annual,NA,3.6,MFG,Manufacturing,GP1MFG,Manufacturing,5,Number of injury cases (thousands) (Size class 0),0,RSE of Total recordable cases,131,"Private industry, Nebraska"
ISUMFGGP1MFG51131,2020,A01,Annual,NA,3.2,MFG,Manufacturing,GP1MFG,Manufacturing,5,Number of injury cases (thousands) (Size class 0),1,Total recordable cases,131,"Private industry, Nebraska"
ISUMFGGP1MFG51131,2019,A01,Annual,NA,3.3,MFG,Manufacturing,GP1MFG,Manufacturing,5,Number of injury cases (thousands) (Size class 0),1,Total recordable cases,131,"Private industry, Nebraska"
ISUMFGGP1MFG51131,2018,A01,Annual,NA,3.8,MFG,Manufacturing,GP1MFG,Manufacturing,5,Number of injury cases (thousands) (Size class 0),1,Total recordable cases,131,"Private industry, Nebraska"
ISUMFGGP1MFG51131,2017,A01,Annual,NA,3.8,MFG,Manufacturing,GP1MFG,Manufacturing,5,Number of injury cases (thousands) (Size class 0),1,Total recordable cases,131,"Private industry, Nebraska"
ISUMFGGP1MFG51131,2016,A01,Annual,NA,4.3,MFG,Manufacturing,GP1MFG,Manufacturing,5,Number of injury cases (thousands) (Size class 0),1,Total recordable cases,131,"Private industry, Nebraska"
ISUMFGGP1MFG51131,2015,A01,Annual,NA,4.1,MFG,Manufacturing,GP1MFG,Manufacturing,5,Number of injury cases (thousands) (Size class 0),1,Total recordable cases,131,"Private industry, Nebraska"
ISUMFGGP1MFG51131,2014,A01,Annual,NA,4.6,MFG,Manufacturing,GP1MFG,Manufacturing,5,Number of injury cases (thousands) (Size class 0),1,Total recordable cases,131,"Private industry, Nebraska"
ISUMFGGP2MFG10131,2020,A01,Annual,NA,2.8,MFG,Manufacturing,GP2MFG,Manufacturing,1,Rate of injury cases per 100 full-time workers (Size class 0),0,RSE of Total recordable cases,131,"Private industry, Nebraska"
ISUMFGGP2MFG10131,2019,A01,Annual,NA,2.4,MFG,Manufacturing,GP2MFG,Manufacturing,1,Rate of injury cases per 100 full-time workers (Size class 0),0,RSE of Total recordable cases,131,"Private industry, Nebraska"
ISUMFGGP2MFG10131,2018,A01,Annual,NA,2.2,MFG,Manufacturing,GP2MFG,Manufacturing,1,Rate of injury cases per 100 full-time workers (Size class 0),0,RSE of Total recordable cases,131,"Private industry, Nebraska"
ISUMFGGP2MFG10131,2017,A01,Annual,NA,2.3,MFG,Manufacturing,GP2MFG,Manufacturing,1,Rate of injury cases per 100 full-time workers (Size class 0),0,RSE of Total recordable cases,131,"Private industry, Nebraska"
ISUMFGGP2MFG10131,2016,A01,Annual,NA,2.9,MFG,Manufacturing,GP2MFG,Manufacturing,1,Rate of injury cases per 100 full-time workers (Size class 0),0,RSE of Total recordable cases,131,"Private industry, Nebraska"
ISUMFGGP2MFG10131,2015,A01,Annual,NA,1.8,MFG,Manufacturing,GP2MFG,Manufacturing,1,Rate of injury cases per 100 full-time workers (Size class 0),0,RSE of Total recordable cases,131,"Private industry, Nebraska"
ISUMFGGP2MFG10131,2014,A01,Annual,NA,4.2,MFG,Manufacturing,GP2MFG,Manufacturing,1,Rate of injury cases per 100 full-time workers (Size class 0),0,RSE of Total recordable cases,131,"Private industry, Nebraska"
ISUMFGGP2MFG11131,2020,A01,Annual,NA,3.2,MFG,Manufacturing,GP2MFG,Manufacturing,1,Rate of injury cases per 100 full-time workers (Size class 0),1,Total recordable cases,131,"Private industry, Nebraska"
ISUMFGGP2MFG11131,2019,A01,Annual,NA,3.2,MFG,Manufacturing,GP2MFG,Manufacturing,1,Rate of injury cases per 100 full-time workers (Size class 0),1,Total recordable cases,131,"Private industry, Nebraska"
ISUMFGGP2MFG11131,2018,A01,Annual,NA,3.7,MFG,Manufacturing,GP2MFG,Manufacturing,1,Rate of injury cases per 100 full-time workers (Size class 0),1,Total recordable cases,131,"Private industry, Nebraska"
ISUMFGGP2MFG11131,2017,A01,Annual,NA,3.7,MFG,Manufacturing,GP2MFG,Manufacturing,1,Rate of injury cases per 100 full-time workers (Size class 0),1,Total recordable cases,131,"Private industry, Nebraska"
ISUMFGGP2MFG11131,2016,A01,Annual,NA,4.3,MFG,Manufacturing,GP2MFG,Manufacturing,1,Rate of injury cases per 100 full-time workers (Size class 0),1,Total recordable cases,131,"Private industry, Nebraska"
ISUMFGGP2MFG11131,2015,A01,Annual,NA,4.1,MFG,Manufacturing,GP2MFG,Manufacturing,1,Rate of injury cases per 100 full-time workers (Size class 0),1,Total recordable cases,131,"Private industry, Nebraska"
ISUMFGGP2MFG11131,2014,A01,Annual,NA,4.6,MFG,Manufacturing,GP2MFG,Manufacturing,1,Rate of injury cases per 100 full-time workers (Size class 0),1,Total recordable cases,131,"Private industry, Nebraska"
ISUMFG31161110131,2020,A01,Annual,NA,0.4,MFG,Manufacturing,311611,Animal (except poultry) slaughtering,1,Rate of injury cases per 100 full-time workers (Size class 0),0,RSE of Total recordable cases,131,"Private industry, Nebraska"
ISUMFG31161110131,2019,A01,Annual,NA,0.2,MFG,Manufacturing,311611,Animal (except poultry) slaughtering,1,Rate of injury cases per 100 full-time workers (Size class 0),0,RSE of Total recordable cases,131,"Private industry, Nebraska"
ISUMFG31161110131,2018,A01,Annual,NA,0.6,MFG,Manufacturing,311611,Animal (except poultry) slaughtering,1,Rate of injury cases per 100 full-time workers (Size class 0),0,RSE of Total recordable cases,131,"Private industry, Nebraska"
ISUMFG31161110131,2017,A01,Annual,NA,0.4,MFG,Manufacturing,311611,Animal (except poultry) slaughtering,1,Rate of injury cases per 100 full-time workers (Size class 0),0,RSE of Total recordable cases,131,"Private industry, Nebraska"
ISUMFG31161110131,2016,A01,Annual,NA,0.3,MFG,Manufacturing,311611,Animal (except poultry) slaughtering,1,Rate of injury cases per 100 full-time workers (Size class 0),0,RSE of Total recordable cases,131,"Private industry, Nebraska"
ISUMFG31161110131,2015,A01,Annual,NA,0.2,MFG,Manufacturing,311611,Animal (except poultry) slaughtering,1,Rate of injury cases per 100 full-time workers (Size class 0),0,RSE of Total recordable cases,131,"Private industry, Nebraska"
ISUMFG31161110131,2014,A01,Annual,NA,0.1,MFG,Manufacturing,311611,Animal (except poultry) slaughtering,1,Rate of injury cases per 100 full-time workers (Size class 0),0,RSE of Total recordable cases,131,"Private industry, Nebraska"
ISUMFG31161111131,2020,A01,Annual,NA,3.7,MFG,Manufacturing,311611,Animal (except poultry) slaughtering,1,Rate of injury cases per 100 full-time workers (Size class 0),1,Total recordable cases,131,"Private industry, Nebraska"
ISUMFG31161111131,2019,A01,Annual,NA,3.7,MFG,Manufacturing,311611,Animal (except poultry) slaughtering,1,Rate of injury cases per 100 full-time workers (Size class 0),1,Total recordable cases,131,"Private industry, Nebraska"
ISUMFG31161111131,2018,A01,Annual,NA,4.2,MFG,Manufacturing,311611,Animal (except poultry) slaughtering,1,Rate of injury cases per 100 full-time workers (Size class 0),1,Total recordable cases,131,"Private industry, Nebraska"
ISUMFG31161111131,2017,A01,Annual,NA,4,MFG,Manufacturing,311611,Animal (except poultry) slaughtering,1,Rate of injury cases per 100 full-time workers (Size class 0),1,Total recordable cases,131,"Private industry, Nebraska"
ISUMFG31161111131,2016,A01,Annual,NA,5.4,MFG,Manufacturing,311611,Animal (except poultry) slaughtering,1,Rate of injury cases per 100 full-time workers (Size class 0),1,Total recordable cases,131,"Private industry, Nebraska"
ISUMFG31161111131,2015,A01,Annual,NA,4.9,MFG,Manufacturing,311611,Animal (except poultry) slaughtering,1,Rate of injury cases per 100 full-time workers (Size class 0),1,Total recordable cases,131,"Private industry, Nebraska"
ISUMFG31161111131,2014,A01,Annual,NA,4.9,MFG,Manufacturing,311611,Animal (except poultry) slaughtering,1,Rate of injury cases per 100 full-time workers (Size class 0),1,Total recordable cases,131,"Private industry, Nebraska"
ISUMFG31161150131,2020,A01,Annual,NA,0,MFG,Manufacturing,311611,Animal (except poultry) slaughtering,5,Number of injury cases (thousands) (Size class 0),0,RSE of Total recordable cases,131,"Private industry, Nebraska"
ISUMFG31161150131,2019,A01,Annual,NA,0.4,MFG,Manufacturing,311611,Animal (except poultry) slaughtering,5,Number of injury cases (thousands) (Size class 0),0,RSE of Total recordable cases,131,"Private industry, Nebraska"
ISUMFG31161150131,2018,A01,Annual,NA,0.7,MFG,Manufacturing,311611,Animal (except poultry) slaughtering,5,Number of injury cases (thousands) (Size class 0),0,RSE of Total recordable cases,131,"Private industry, Nebraska"
ISUMFG31161150131,2017,A01,Annual,NA,0.9,MFG,Manufacturing,311611,Animal (except poultry) slaughtering,5,Number of injury cases (thousands) (Size class 0),0,RSE of Total recordable cases,131,"Private industry, Nebraska"
ISUMFG31161150131,2016,A01,Annual,NA,0.2,MFG,Manufacturing,311611,Animal (except poultry) slaughtering,5,Number of injury cases (thousands) (Size class 0),0,RSE of Total recordable cases,131,"Private industry, Nebraska"
ISUMFG31161150131,2015,A01,Annual,NA,0.2,MFG,Manufacturing,311611,Animal (except poultry) slaughtering,5,Number of injury cases (thousands) (Size class 0),0,RSE of Total recordable cases,131,"Private industry, Nebraska"
ISUMFG31161150131,2014,A01,Annual,NA,0.2,MFG,Manufacturing,311611,Animal (except poultry) slaughtering,5,Number of injury cases (thousands) (Size class 0),0,RSE of Total recordable cases,131,"Private industry, Nebraska"
ISUMFG31161151131,2020,A01,Annual,NA,0.8,MFG,Manufacturing,311611,Animal (except poultry) slaughtering,5,Number of injury cases (thousands) (Size class 0),1,Total recordable cases,131,"Private industry, Nebraska"
ISUMFG31161151131,2019,A01,Annual,NA,0.9,MFG,Manufacturing,311611,Animal (except poultry) slaughtering,5,Number of injury cases (thousands) (Size class 0),1,Total recordable cases,131,"Private industry, Nebraska"
ISUMFG31161151131,2018,A01,Annual,NA,1,MFG,Manufacturing,311611,Animal (except poultry) slaughtering,5,Number of injury cases (thousands) (Size class 0),1,Total recordable cases,131,"Private industry, Nebraska"
ISUMFG31161151131,2017,A01,Annual,NA,0.9,MFG,Manufacturing,311611,Animal (except poultry) slaughtering,5,Number of injury cases (thousands) (Size class 0),1,Total recordable cases,131,"Private industry, Nebraska"
ISUMFG31161151131,2016,A01,Annual,NA,1.2,MFG,Manufacturing,311611,Animal (except poultry) slaughtering,5,Number of injury cases (thousands) (Size class 0),1,Total recordable cases,131,"Private industry, Nebraska"
ISUMFG31161151131,2015,A01,Annual,NA,1,MFG,Manufacturing,311611,Animal (except poultry) slaughtering,5,Number of injury cases (thousands) (Size class 0),1,Total recordable cases,131,"Private industry, Nebraska"
ISUMFG31161151131,2014,A01,Annual,NA,0.9,MFG,Manufacturing,311611,Animal (except poultry) slaughtering,5,Number of injury cases (thousands) (Size class 0),1,Total recordable cases,131,"Private industry, Nebraska"
ISUMFG31500010131,2019,A01,Annual,NA,31.8,MFG,Manufacturing,315000,Apparel manufacturing,1,Rate of injury cases per 100 full-time workers (Size class 0),0,RSE of Total recordable cases,131,"Private industry, Nebraska"
ISUMFG31500010131,2018,A01,Annual,NA,0,MFG,Manufacturing,315000,Apparel manufacturing,1,Rate of injury cases per 100 full-time workers (Size class 0),0,RSE of Total recordable cases,131,"Private industry, Nebraska"
ISUMFG31500010131,2016,A01,Annual,NA,5.8,MFG,Manufacturing,315000,Apparel manufacturing,1,Rate of injury cases per 100 full-time workers (Size class 0),0,RSE of Total recordable cases,131,"Private industry, Nebraska"
ISUMFG31500010131,2015,A01,Annual,NA,10.5,MFG,Manufacturing,315000,Apparel manufacturing,1,Rate of injury cases per 100 full-time workers (Size class 0),0,RSE of Total recordable cases,131,"Private industry, Nebraska"
ISUMFG31500010131,2014,A01,Annual,NA,10.6,MFG,Manufacturing,315000,Apparel manufacturing,1,Rate of injury cases per 100 full-time workers (Size class 0),0,RSE of Total recordable cases,131,"Private industry, Nebraska"
ISUMFG31500011131,2019,A01,Annual,NA,NA,MFG,Manufacturing,315000,Apparel manufacturing,1,Rate of injury cases per 100 full-time workers (Size class 0),1,Total recordable cases,131,"Private industry, Nebraska"
ISUMFG31500011131,2018,A01,Annual,NA,NA,MFG,Manufacturing,315000,Apparel manufacturing,1,Rate of injury cases per 100 full-time workers (Size class 0),1,Total recordable cases,131,"Private industry, Nebraska"
ISUMFG31500011131,2016,A01,Annual,NA,NA,MFG,Manufacturing,315000,Apparel manufacturing,1,Rate of injury cases per 100 full-time workers (Size class 0),1,Total recordable cases,131,"Private industry, Nebraska"
ISUMFG31500011131,2015,A01,Annual,NA,NA,MFG,Manufacturing,315000,Apparel manufacturing,1,Rate of injury cases per 100 full-time workers (Size class 0),1,Total recordable cases,131,"Private industry, Nebraska"
ISUMFG31500011131,2014,A01,Annual,NA,NA,MFG,Manufacturing,315000,Apparel manufacturing,1,Rate of injury cases per 100 full-time workers (Size class 0),1,Total recordable cases,131,"Private industry, Nebraska"
ISUMFG31500050131,2019,A01,Annual,NA,40,MFG,Manufacturing,315000,Apparel manufacturing,5,Number of injury cases (thousands) (Size class 0),0,RSE of Total recordable cases,131,"Private industry, Nebraska"
ISUMFG31500050131,2018,A01,Annual,NA,0,MFG,Manufacturing,315000,Apparel manufacturing,5,Number of injury cases (thousands) (Size class 0),0,RSE of Total recordable cases,131,"Private industry, Nebraska"
ISUMFG31500050131,2016,A01,Annual,NA,11.9,MFG,Manufacturing,315000,Apparel manufacturing,5,Number of injury cases (thousands) (Size class 0),0,RSE of Total recordable cases,131,"Private industry, Nebraska"
ISUMFG31500050131,2015,A01,Annual,NA,21,MFG,Manufacturing,315000,Apparel manufacturing,5,Number of injury cases (thousands) (Size class 0),0,RSE of Total recordable cases,131,"Private industry, Nebraska"
ISUMFG31500050131,2014,A01,Annual,NA,16.5,MFG,Manufacturing,315000,Apparel manufacturing,5,Number of injury cases (thousands) (Size class 0),0,RSE of Total recordable cases,131,"Private industry, Nebraska"
ISUMFG31500051131,2019,A01,Annual,NA,0,MFG,Manufacturing,315000,Apparel manufacturing,5,Number of injury cases (thousands) (Size class 0),1,Total recordable cases,131,"Private industry, Nebraska"
ISUMFG31500051131,2018,A01,Annual,NA,0,MFG,Manufacturing,315000,Apparel manufacturing,5,Number of injury cases (thousands) (Size class 0),1,Total recordable cases,131,"Private industry, Nebraska"
ISUMFG31500051131,2016,A01,Annual,NA,0,MFG,Manufacturing,315000,Apparel manufacturing,5,Number of injury cases (thousands) (Size class 0),1,Total recordable cases,131,"Private industry, Nebraska"
ISUMFG31500051131,2015,A01,Annual,NA,0,MFG,Manufacturing,315000,Apparel manufacturing,5,Number of injury cases (thousands) (Size class 0),1,Total recordable cases,131,"Private industry, Nebraska"
ISUMFG31500051131,2014,A01,Annual,NA,0,MFG,Manufacturing,315000,Apparel manufacturing,5,Number of injury cases (thousands) (Size class 0),1,Total recordable cases,131,"Private industry, Nebraska"
ISUMFG32100010131,2020,A01,Annual,NA,8,MFG,Manufacturing,321000,Wood product manufacturing,1,Rate of injury cases per 100 full-time workers (Size class 0),0,RSE of Total recordable cases,131,"Private industry, Nebraska"
ISUMFG32100010131,2019,A01,Annual,NA,7.7,MFG,Manufacturing,321000,Wood product manufacturing,1,Rate of injury cases per 100 full-time workers (Size class 0),0,RSE of Total recordable cases,131,"Private industry, Nebraska"
ISUMFG32100010131,2018,A01,Annual,NA,10,MFG,Manufacturing,321000,Wood product manufacturing,1,Rate of injury cases per 100 full-time workers (Size class 0),0,RSE of Total recordable cases,131,"Private industry, Nebraska"
ISUMFG32100010131,2017,A01,Annual,NA,11.4,MFG,Manufacturing,321000,Wood product manufacturing,1,Rate of injury cases per 100 full-time workers (Size class 0),0,RSE of Total recordable cases,131,"Private industry, Nebraska"
ISUMFG32100010131,2016,A01,Annual,NA,8.5,MFG,Manufacturing,321000,Wood product manufacturing,1,Rate of injury cases per 100 full-time workers (Size class 0),0,RSE of Total recordable cases,131,"Private industry, Nebraska"
ISUMFG32100010131,2015,A01,Annual,NA,14,MFG,Manufacturing,321000,Wood product manufacturing,1,Rate of injury cases per 100 full-time workers (Size class 0),0,RSE of Total recordable cases,131,"Private industry, Nebraska"
ISUMFG32100011131,2020,A01,Annual,NA,6.9,MFG,Manufacturing,321000,Wood product manufacturing,1,Rate of injury cases per 100 full-time workers (Size class 0),1,Total recordable cases,131,"Private industry, Nebraska"
ISUMFG32100011131,2019,A01,Annual,NA,6.9,MFG,Manufacturing,321000,Wood product manufacturing,1,Rate of injury cases per 100 full-time workers (Size class 0),1,Total recordable cases,131,"Private industry, Nebraska"
ISUMFG32100011131,2018,A01,Annual,NA,6.2,MFG,Manufacturing,321000,Wood product manufacturing,1,Rate of injury cases per 100 full-time workers (Size class 0),1,Total recordable cases,131,"Private industry, Nebraska"
ISUMFG32100011131,2017,A01,Annual,NA,6.2,MFG,Manufacturing,321000,Wood product manufacturing,1,Rate of injury cases per 100 full-time workers (Size class 0),1,Total recordable cases,131,"Private industry, Nebraska"
ISUMFG32100011131,2016,A01,Annual,NA,6.7,MFG,Manufacturing,321000,Wood product manufacturing,1,Rate of injury cases per 100 full-time workers (Size class 0),1,Total recordable cases,131,"Private industry, Nebraska"
ISUMFG32100011131,2015,A01,Annual,NA,5.6,MFG,Manufacturing,321000,Wood product manufacturing,1,Rate of injury cases per 100 full-time workers (Size class 0),1,Total recordable cases,131,"Private industry, Nebraska"
ISUMFG32100050131,2020,A01,Annual,NA,3,MFG,Manufacturing,321000,Wood product manufacturing,5,Number of injury cases (thousands) (Size class 0),0,RSE of Total recordable cases,131,"Private industry, Nebraska"
ISUMFG32100050131,2019,A01,Annual,NA,8,MFG,Manufacturing,321000,Wood product manufacturing,5,Number of injury cases (thousands) (Size class 0),0,RSE of Total recordable cases,131,"Private industry, Nebraska"
ISUMFG32100050131,2018,A01,Annual,NA,10.4,MFG,Manufacturing,321000,Wood product manufacturing,5,Number of injury cases (thousands) (Size class 0),0,RSE of Total recordable cases,131,"Private industry, Nebraska"
ISUMFG32100050131,2017,A01,Annual,NA,12.5,MFG,Manufacturing,321000,Wood product manufacturing,5,Number of injury cases (thousands) (Size class 0),0,RSE of Total recordable cases,131,"Private industry, Nebraska"
ISUMFG32100050131,2016,A01,Annual,NA,8.7,MFG,Manufacturing,321000,Wood product manufacturing,5,Number of injury cases (thousands) (Size class 0),0,RSE of Total recordable cases,131,"Private industry, Nebraska"
ISUMFG32100050131,2015,A01,Annual,NA,13.9,MFG,Manufacturing,321000,Wood product manufacturing,5,Number of injury cases (thousands) (Size class 0),0,RSE of Total recordable cases,131,"Private industry, Nebraska"
ISUMFG32100051131,2020,A01,Annual,NA,0.1,MFG,Manufacturing,321000,Wood product manufacturing,5,Number of injury cases (thousands) (Size class 0),1,Total recordable cases,131,"Private industry, Nebraska"
ISUMFG32100051131,2019,A01,Annual,NA,0.1,MFG,Manufacturing,321000,Wood product manufacturing,5,Number of injury cases (thousands) (Size class 0),1,Total recordable cases,131,"Private industry, Nebraska"
ISUMFG32100051131,2018,A01,Annual,NA,0.1,MFG,Manufacturing,321000,Wood product manufacturing,5,Number of injury cases (thousands) (Size class 0),1,Total recordable cases,131,"Private industry, Nebraska"
ISUMFG32100051131,2017,A01,Annual,NA,0.1,MFG,Manufacturing,321000,Wood product manufacturing,5,Number of injury cases (thousands) (Size class 0),1,Total recordable cases,131,"Private industry, Nebraska"
ISUMFG32100051131,2016,A01,Annual,NA,0.1,MFG,Manufacturing,321000,Wood product manufacturing,5,Number of injury cases (thousands) (Size class 0),1,Total recordable cases,131,"Private industry, Nebraska"
ISUMFG32100051131,2015,A01,Annual,NA,0.1,MFG,Manufacturing,321000,Wood product manufacturing,5,Number of injury cases (thousands) (Size class 0),1,Total recordable cases,131,"Private industry, Nebraska"
ISUMFG32200010131,2020,A01,Annual,NA,6.3,MFG,Manufacturing,322000,Paper manufacturing,1,Rate of injury cases per 100 full-time workers (Size class 0),0,RSE of Total recordable cases,131,"Private industry, Nebraska"
ISUMFG32200010131,2019,A01,Annual,NA,4.8,MFG,Manufacturing,322000,Paper manufacturing,1,Rate of injury cases per 100 full-time workers (Size class 0),0,RSE of Total recordable cases,131,"Private industry, Nebraska"
ISUMFG32200010131,2018,A01,Annual,NA,13.3,MFG,Manufacturing,322000,Paper manufacturing,1,Rate of injury cases per 100 full-time workers (Size class 0),0,RSE of Total recordable cases,131,"Private industry, Nebraska"
ISUMFG32200010131,2017,A01,Annual,NA,8.7,MFG,Manufacturing,322000,Paper manufacturing,1,Rate of injury cases per 100 full-time workers (Size class 0),0,RSE of Total recordable cases,131,"Private industry, Nebraska"
ISUMFG32200010131,2016,A01,Annual,NA,6.9,MFG,Manufacturing,322000,Paper manufacturing,1,Rate of injury cases per 100 full-time workers (Size class 0),0,RSE of Total recordable cases,131,"Private industry, Nebraska"
ISUMFG32200010131,2015,A01,Annual,NA,5.3,MFG,Manufacturing,322000,Paper manufacturing,1,Rate of injury cases per 100 full-time workers (Size class 0),0,RSE of Total recordable cases,131,"Private industry, Nebraska"
ISUMFG32200010131,2014,A01,Annual,NA,7.7,MFG,Manufacturing,322000,Paper manufacturing,1,Rate of injury cases per 100 full-time workers (Size class 0),0,RSE of Total recordable cases,131,"Private industry, Nebraska"
ISUMFG32200011131,2020,A01,Annual,NA,2.9,MFG,Manufacturing,322000,Paper manufacturing,1,Rate of injury cases per 100 full-time workers (Size class 0),1,Total recordable cases,131,"Private industry, Nebraska"
ISUMFG32200011131,2019,A01,Annual,NA,3.1,MFG,Manufacturing,322000,Paper manufacturing,1,Rate of injury cases per 100 full-time workers (Size class 0),1,Total recordable cases,131,"Private industry, Nebraska"
ISUMFG32200011131,2018,A01,Annual,NA,3.1,MFG,Manufacturing,322000,Paper manufacturing,1,Rate of injury cases per 100 full-time workers (Size class 0),1,Total recordable cases,131,"Private industry, Nebraska"
ISUMFG32200011131,2017,A01,Annual,NA,4.3,MFG,Manufacturing,322000,Paper manufacturing,1,Rate of injury cases per 100 full-time workers (Size class 0),1,Total recordable cases,131,"Private industry, Nebraska"
ISUMFG32200011131,2016,A01,Annual,NA,5.4,MFG,Manufacturing,322000,Paper manufacturing,1,Rate of injury cases per 100 full-time workers (Size class 0),1,Total recordable cases,131,"Private industry, Nebraska"
ISUMFG32200011131,2015,A01,Annual,NA,4.2,MFG,Manufacturing,322000,Paper manufacturing,1,Rate of injury cases per 100 full-time workers (Size class 0),1,Total recordable cases,131,"Private industry, Nebraska"
ISUMFG32200011131,2014,A01,Annual,NA,3.7,MFG,Manufacturing,322000,Paper manufacturing,1,Rate of injury cases per 100 full-time workers (Size class 0),1,Total recordable cases,131,"Private industry, Nebraska"
ISUMFG32200050131,2020,A01,Annual,NA,7.3,MFG,Manufacturing,322000,Paper manufacturing,5,Number of injury cases (thousands) (Size class 0),0,RSE of Total recordable cases,131,"Private industry, Nebraska"
ISUMFG32200050131,2019,A01,Annual,NA,5.3,MFG,Manufacturing,322000,Paper manufacturing,5,Number of injury cases (thousands) (Size class 0),0,RSE of Total recordable cases,131,"Private industry, Nebraska"
ISUMFG32200050131,2018,A01,Annual,NA,14,MFG,Manufacturing,322000,Paper manufacturing,5,Number of injury cases (thousands) (Size class 0),0,RSE of Total recordable cases,131,"Private industry, Nebraska"
ISUMFG32200050131,2017,A01,Annual,NA,9.4,MFG,Manufacturing,322000,Paper manufacturing,5,Number of injury cases (thousands) (Size class 0),0,RSE of Total recordable cases,131,"Private industry, Nebraska"
ISUMFG32200050131,2016,A01,Annual,NA,6.7,MFG,Manufacturing,322000,Paper manufacturing,5,Number of injury cases (thousands) (Size class 0),0,RSE of Total recordable cases,131,"Private industry, Nebraska"
ISUMFG32200050131,2015,A01,Annual,NA,4.8,MFG,Manufacturing,322000,Paper manufacturing,5,Number of injury cases (thousands) (Size class 0),0,RSE of Total recordable cases,131,"Private industry, Nebraska"
ISUMFG32200050131,2014,A01,Annual,NA,8.6,MFG,Manufacturing,322000,Paper manufacturing,5,Number of injury cases (thousands) (Size class 0),0,RSE of Total recordable cases,131,"Private industry, Nebraska"
ISUMFG32200051131,2020,A01,Annual,NA,0,MFG,Manufacturing,322000,Paper manufacturing,5,Number of injury cases (thousands) (Size class 0),1,Total recordable cases,131,"Private industry, Nebraska"
ISUMFG32200051131,2019,A01,Annual,NA,0,MFG,Manufacturing,322000,Paper manufacturing,5,Number of injury cases (thousands) (Size class 0),1,Total recordable cases,131,"Private industry, Nebraska"
ISUMFG32200051131,2018,A01,Annual,NA,0,MFG,Manufacturing,322000,Paper manufacturing,5,Number of injury cases (thousands) (Size class 0),1,Total recordable cases,131,"Private industry, Nebraska"
ISUMFG32200051131,2017,A01,Annual,NA,0.1,MFG,Manufacturing,322000,Paper manufacturing,5,Number of injury cases (thousands) (Size class 0),1,Total recordable cases,131,"Private industry, Nebraska"
ISUMFG32200051131,2016,A01,Annual,NA,0.1,MFG,Manufacturing,322000,Paper manufacturing,5,Number of injury cases (thousands) (Size class 0),1,Total recordable cases,131,"Private industry, Nebraska"
ISUMFG32200051131,2015,A01,Annual,NA,0.1,MFG,Manufacturing,322000,Paper manufacturing,5,Number of injury cases (thousands) (Size class 0),1,Total recordable cases,131,"Private industry, Nebraska"
ISUMFG32200051131,2014,A01,Annual,NA,0.1,MFG,Manufacturing,322000,Paper manufacturing,5,Number of injury cases (thousands) (Size class 0),1,Total recordable cases,131,"Private industry, Nebraska"
ISUMFG32500010131,2020,A01,Annual,NA,16.8,MFG,Manufacturing,325000,Chemical manufacturing,1,Rate of injury cases per 100 full-time workers (Size class 0),0,RSE of Total recordable cases,131,"Private industry, Nebraska"
ISUMFG32500010131,2019,A01,Annual,NA,23.9,MFG,Manufacturing,325000,Chemical manufacturing,1,Rate of injury cases per 100 full-time workers (Size class 0),0,RSE of Total recordable cases,131,"Private industry, Nebraska"
ISUMFG32500010131,2018,A01,Annual,NA,17.3,MFG,Manufacturing,325000,Chemical manufacturing,1,Rate of injury cases per 100 full-time workers (Size class 0),0,RSE of Total recordable cases,131,"Private industry, Nebraska"
ISUMFG32500010131,2017,A01,Annual,NA,12.9,MFG,Manufacturing,325000,Chemical manufacturing,1,Rate of injury cases per 100 full-time workers (Size class 0),0,RSE of Total recordable cases,131,"Private industry, Nebraska"
ISUMFG32500010131,2016,A01,Annual,NA,15.7,MFG,Manufacturing,325000,Chemical manufacturing,1,Rate of injury cases per 100 full-time workers (Size class 0),0,RSE of Total recordable cases,131,"Private industry, Nebraska"
ISUMFG32500010131,2015,A01,Annual,NA,22.2,MFG,Manufacturing,325000,Chemical manufacturing,1,Rate of injury cases per 100 full-time workers (Size class 0),0,RSE of Total recordable cases,131,"Private industry, Nebraska"
ISUMFG32500010131,2014,A01,Annual,NA,8.6,MFG,Manufacturing,325000,Chemical manufacturing,1,Rate of injury cases per 100 full-time workers (Size class 0),0,RSE of Total recordable cases,131,"Private industry, Nebraska"
ISUMFG32500011131,2020,A01,Annual,NA,2.9,MFG,Manufacturing,325000,Chemical manufacturing,1,Rate of injury cases per 100 full-time workers (Size class 0),1,Total recordable cases,131,"Private industry, Nebraska"
ISUMFG32500011131,2019,A01,Annual,NA,2,MFG,Manufacturing,325000,Chemical manufacturing,1,Rate of injury cases per 100 full-time workers (Size class 0),1,Total recordable cases,131,"Private industry, Nebraska"
ISUMFG32500011131,2018,A01,Annual,NA,2.6,MFG,Manufacturing,325000,Chemical manufacturing,1,Rate of injury cases per 100 full-time workers (Size class 0),1,Total recordable cases,131,"Private industry, Nebraska"
ISUMFG32500011131,2017,A01,Annual,NA,1.7,MFG,Manufacturing,325000,Chemical manufacturing,1,Rate of injury cases per 100 full-time workers (Size class 0),1,Total recordable cases,131,"Private industry, Nebraska"
ISUMFG32500011131,2016,A01,Annual,NA,2.3,MFG,Manufacturing,325000,Chemical manufacturing,1,Rate of injury cases per 100 full-time workers (Size class 0),1,Total recordable cases,131,"Private industry, Nebraska"
ISUMFG32500011131,2015,A01,Annual,NA,1.8,MFG,Manufacturing,325000,Chemical manufacturing,1,Rate of injury cases per 100 full-time workers (Size class 0),1,Total recordable cases,131,"Private industry, Nebraska"
ISUMFG32500011131,2014,A01,Annual,NA,1.6,MFG,Manufacturing,325000,Chemical manufacturing,1,Rate of injury cases per 100 full-time workers (Size class 0),1,Total recordable cases,131,"Private industry, Nebraska"
ISUMFG32500050131,2020,A01,Annual,NA,17.8,MFG,Manufacturing,325000,Chemical manufacturing,5,Number of injury cases (thousands) (Size class 0),0,RSE of Total recordable cases,131,"Private industry, Nebraska"
ISUMFG32500050131,2019,A01,Annual,NA,24.6,MFG,Manufacturing,325000,Chemical manufacturing,5,Number of injury cases (thousands) (Size class 0),0,RSE of Total recordable cases,131,"Private industry, Nebraska"
ISUMFG32500050131,2018,A01,Annual,NA,17.6,MFG,Manufacturing,325000,Chemical manufacturing,5,Number of injury cases (thousands) (Size class 0),0,RSE of Total recordable cases,131,"Private industry, Nebraska"
ISUMFG32500050131,2017,A01,Annual,NA,12.7,MFG,Manufacturing,325000,Chemical manufacturing,5,Number of injury cases (thousands) (Size class 0),0,RSE of Total recordable cases,131,"Private industry, Nebraska"
ISUMFG32500050131,2016,A01,Annual,NA,15.9,MFG,Manufacturing,325000,Chemical manufacturing,5,Number of injury cases (thousands) (Size class 0),0,RSE of Total recordable cases,131,"Private industry, Nebraska"
ISUMFG32500050131,2015,A01,Annual,NA,22,MFG,Manufacturing,325000,Chemical manufacturing,5,Number of injury cases (thousands) (Size class 0),0,RSE of Total recordable cases,131,"Private industry, Nebraska"
ISUMFG32500050131,2014,A01,Annual,NA,8.3,MFG,Manufacturing,325000,Chemical manufacturing,5,Number of injury cases (thousands) (Size class 0),0,RSE of Total recordable cases,131,"Private industry, Nebraska"
ISUMFG32500051131,2020,A01,Annual,NA,0.2,MFG,Manufacturing,325000,Chemical manufacturing,5,Number of injury cases (thousands) (Size class 0),1,Total recordable cases,131,"Private industry, Nebraska"
ISUMFG32500051131,2019,A01,Annual,NA,0.1,MFG,Manufacturing,325000,Chemical manufacturing,5,Number of injury cases (thousands) (Size class 0),1,Total recordable cases,131,"Private industry, Nebraska"
ISUMFG32500051131,2018,A01,Annual,NA,0.1,MFG,Manufacturing,325000,Chemical manufacturing,5,Number of injury cases (thousands) (Size class 0),1,Total recordable cases,131,"Private industry, Nebraska"
ISUMFG32500051131,2017,A01,Annual,NA,0.1,MFG,Manufacturing,325000,Chemical manufacturing,5,Number of injury cases (thousands) (Size class 0),1,Total recordable cases,131,"Private industry, Nebraska"
ISUMFG32500051131,2016,A01,Annual,NA,0.1,MFG,Manufacturing,325000,Chemical manufacturing,5,Number of injury cases (thousands) (Size class 0),1,Total recordable cases,131,"Private industry, Nebraska"
ISUMFG32500051131,2015,A01,Annual,NA,0.1,MFG,Manufacturing,325000,Chemical manufacturing,5,Number of injury cases (thousands) (Size class 0),1,Total recordable cases,131,"Private industry, Nebraska"
ISUMFG32500051131,2014,A01,Annual,NA,0.1,MFG,Manufacturing,325000,Chemical manufacturing,5,Number of injury cases (thousands) (Size class 0),1,Total recordable cases,131,"Private industry, Nebraska"
ISUMFG32600010131,2020,A01,Annual,NA,6.2,MFG,Manufacturing,326000,Plastics and rubber products manufacturing,1,Rate of injury cases per 100 full-time workers (Size class 0),0,RSE of Total recordable cases,131,"Private industry, Nebraska"
ISUMFG32600010131,2019,A01,Annual,NA,5.2,MFG,Manufacturing,326000,Plastics and rubber products manufacturing,1,Rate of injury cases per 100 full-time workers (Size class 0),0,RSE of Total recordable cases,131,"Private industry, Nebraska"
ISUMFG32600010131,2018,A01,Annual,NA,6.3,MFG,Manufacturing,326000,Plastics and rubber products manufacturing,1,Rate of injury cases per 100 full-time workers (Size class 0),0,RSE of Total recordable cases,131,"Private industry, Nebraska"
ISUMFG32600010131,2017,A01,Annual,NA,10.8,MFG,Manufacturing,326000,Plastics and rubber products manufacturing,1,Rate of injury cases per 100 full-time workers (Size class 0),0,RSE of Total recordable cases,131,"Private industry, Nebraska"
ISUMFG32600010131,2016,A01,Annual,NA,8.4,MFG,Manufacturing,326000,Plastics and rubber products manufacturing,1,Rate of injury cases per 100 full-time workers (Size class 0),0,RSE of Total recordable cases,131,"Private industry, Nebraska"
ISUMFG32600010131,2015,A01,Annual,NA,6.9,MFG,Manufacturing,326000,Plastics and rubber products manufacturing,1,Rate of injury cases per 100 full-time workers (Size class 0),0,RSE of Total recordable cases,131,"Private industry, Nebraska"
ISUMFG32600010131,2014,A01,Annual,NA,11,MFG,Manufacturing,326000,Plastics and rubber products manufacturing,1,Rate of injury cases per 100 full-time workers (Size class 0),0,RSE of Total recordable cases,131,"Private industry, Nebraska"
ISUMFG32600011131,2020,A01,Annual,NA,2.8,MFG,Manufacturing,326000,Plastics and rubber products manufacturing,1,Rate of injury cases per 100 full-time workers (Size class 0),1,Total recordable cases,131,"Private industry, Nebraska"
ISUMFG32600011131,2019,A01,Annual,NA,4.8,MFG,Manufacturing,326000,Plastics and rubber products manufacturing,1,Rate of injury cases per 100 full-time workers (Size class 0),1,Total recordable cases,131,"Private industry, Nebraska"
ISUMFG32600011131,2018,A01,Annual,NA,4.7,MFG,Manufacturing,326000,Plastics and rubber products manufacturing,1,Rate of injury cases per 100 full-time workers (Size class 0),1,Total recordable cases,131,"Private industry, Nebraska"
ISUMFG32600011131,2017,A01,Annual,NA,4.9,MFG,Manufacturing,326000,Plastics and rubber products manufacturing,1,Rate of injury cases per 100 full-time workers (Size class 0),1,Total recordable cases,131,"Private industry, Nebraska"
ISUMFG32600011131,2016,A01,Annual,NA,4.6,MFG,Manufacturing,326000,Plastics and rubber products manufacturing,1,Rate of injury cases per 100 full-time workers (Size class 0),1,Total recordable cases,131,"Private industry, Nebraska"
ISUMFG32600011131,2015,A01,Annual,NA,4.7,MFG,Manufacturing,326000,Plastics and rubber products manufacturing,1,Rate of injury cases per 100 full-time workers (Size class 0),1,Total recordable cases,131,"Private industry, Nebraska"
ISUMFG32600011131,2014,A01,Annual,NA,5.6,MFG,Manufacturing,326000,Plastics and rubber products manufacturing,1,Rate of injury cases per 100 full-time workers (Size class 0),1,Total recordable cases,131,"Private industry, Nebraska"
ISUMFG32600050131,2020,A01,Annual,NA,6.9,MFG,Manufacturing,326000,Plastics and rubber products manufacturing,5,Number of injury cases (thousands) (Size class 0),0,RSE of Total recordable cases,131,"Private industry, Nebraska"
ISUMFG32600050131,2019,A01,Annual,NA,5.2,MFG,Manufacturing,326000,Plastics and rubber products manufacturing,5,Number of injury cases (thousands) (Size class 0),0,RSE of Total recordable cases,131,"Private industry, Nebraska"
ISUMFG32600050131,2018,A01,Annual,NA,6.1,MFG,Manufacturing,326000,Plastics and rubber products manufacturing,5,Number of injury cases (thousands) (Size class 0),0,RSE of Total recordable cases,131,"Private industry, Nebraska"
ISUMFG32600050131,2017,A01,Annual,NA,10.3,MFG,Manufacturing,326000,Plastics and rubber products manufacturing,5,Number of injury cases (thousands) (Size class 0),0,RSE of Total recordable cases,131,"Private industry, Nebraska"
ISUMFG32600050131,2016,A01,Annual,NA,8.5,MFG,Manufacturing,326000,Plastics and rubber products manufacturing,5,Number of injury cases (thousands) (Size class 0),0,RSE of Total recordable cases,131,"Private industry, Nebraska"
ISUMFG32600050131,2015,A01,Annual,NA,7,MFG,Manufacturing,326000,Plastics and rubber products manufacturing,5,Number of injury cases (thousands) (Size class 0),0,RSE of Total recordable cases,131,"Private industry, Nebraska"
ISUMFG32600050131,2014,A01,Annual,NA,11.3,MFG,Manufacturing,326000,Plastics and rubber products manufacturing,5,Number of injury cases (thousands) (Size class 0),0,RSE of Total recordable cases,131,"Private industry, Nebraska"
ISUMFG32600051131,2020,A01,Annual,NA,0.1,MFG,Manufacturing,326000,Plastics and rubber products manufacturing,5,Number of injury cases (thousands) (Size class 0),1,Total recordable cases,131,"Private industry, Nebraska"
ISUMFG32600051131,2019,A01,Annual,NA,0.3,MFG,Manufacturing,326000,Plastics and rubber products manufacturing,5,Number of injury cases (thousands) (Size class 0),1,Total recordable cases,131,"Private industry, Nebraska"
ISUMFG32600051131,2018,A01,Annual,NA,0.3,MFG,Manufacturing,326000,Plastics and rubber products manufacturing,5,Number of injury cases (thousands) (Size class 0),1,Total recordable cases,131,"Private industry, Nebraska"
ISUMFG32600051131,2017,A01,Annual,NA,0.3,MFG,Manufacturing,326000,Plastics and rubber products manufacturing,5,Number of injury cases (thousands) (Size class 0),1,Total recordable cases,131,"Private industry, Nebraska"
ISUMFG32600051131,2016,A01,Annual,NA,0.2,MFG,Manufacturing,326000,Plastics and rubber products manufacturing,5,Number of injury cases (thousands) (Size class 0),1,Total recordable cases,131,"Private industry, Nebraska"
ISUMFG32600051131,2015,A01,Annual,NA,0.2,MFG,Manufacturing,326000,Plastics and rubber products manufacturing,5,Number of injury cases (thousands) (Size class 0),1,Total recordable cases,131,"Private industry, Nebraska"
ISUMFG32600051131,2014,A01,Annual,NA,0.3,MFG,Manufacturing,326000,Plastics and rubber products manufacturing,5,Number of injury cases (thousands) (Size class 0),1,Total recordable cases,131,"Private industry, Nebraska"
ISUMFG32610010131,2020,A01,Annual,NA,9.6,MFG,Manufacturing,326100,Plastics product manufacturing,1,Rate of injury cases per 100 full-time workers (Size class 0),0,RSE of Total recordable cases,131,"Private industry, Nebraska"
ISUMFG32610010131,2017,A01,Annual,NA,13.1,MFG,Manufacturing,326100,Plastics product manufacturing,1,Rate of injury cases per 100 full-time workers (Size class 0),0,RSE of Total recordable cases,131,"Private industry, Nebraska"
ISUMFG32610010131,2016,A01,Annual,NA,11.4,MFG,Manufacturing,326100,Plastics product manufacturing,1,Rate of injury cases per 100 full-time workers (Size class 0),0,RSE of Total recordable cases,131,"Private industry, Nebraska"
ISUMFG32610010131,2015,A01,Annual,NA,10.8,MFG,Manufacturing,326100,Plastics product manufacturing,1,Rate of injury cases per 100 full-time workers (Size class 0),0,RSE of Total recordable cases,131,"Private industry, Nebraska"
ISUMFG32610010131,2014,A01,Annual,NA,15.3,MFG,Manufacturing,326100,Plastics product manufacturing,1,Rate of injury cases per 100 full-time workers (Size class 0),0,RSE of Total recordable cases,131,"Private industry, Nebraska"
ISUMFG32610011131,2020,A01,Annual,NA,2.6,MFG,Manufacturing,326100,Plastics product manufacturing,1,Rate of injury cases per 100 full-time workers (Size class 0),1,Total recordable cases,131,"Private industry, Nebraska"
ISUMFG32610011131,2017,A01,Annual,NA,5.5,MFG,Manufacturing,326100,Plastics product manufacturing,1,Rate of injury cases per 100 full-time workers (Size class 0),1,Total recordable cases,131,"Private industry, Nebraska"
ISUMFG32610011131,2016,A01,Annual,NA,5,MFG,Manufacturing,326100,Plastics product manufacturing,1,Rate of injury cases per 100 full-time workers (Size class 0),1,Total recordable cases,131,"Private industry, Nebraska"
ISUMFG32610011131,2015,A01,Annual,NA,4.7,MFG,Manufacturing,326100,Plastics product manufacturing,1,Rate of injury cases per 100 full-time workers (Size class 0),1,Total recordable cases,131,"Private industry, Nebraska"
ISUMFG32610011131,2014,A01,Annual,NA,6.6,MFG,Manufacturing,326100,Plastics product manufacturing,1,Rate of injury cases per 100 full-time workers (Size class 0),1,Total recordable cases,131,"Private industry, Nebraska"
ISUMFG32610050131,2020,A01,Annual,NA,10.7,MFG,Manufacturing,326100,Plastics product manufacturing,5,Number of injury cases (thousands) (Size class 0),0,RSE of Total recordable cases,131,"Private industry, Nebraska"
ISUMFG32610050131,2017,A01,Annual,NA,13.2,MFG,Manufacturing,326100,Plastics product manufacturing,5,Number of injury cases (thousands) (Size class 0),0,RSE of Total recordable cases,131,"Private industry, Nebraska"
ISUMFG32610050131,2016,A01,Annual,NA,11.4,MFG,Manufacturing,326100,Plastics product manufacturing,5,Number of injury cases (thousands) (Size class 0),0,RSE of Total recordable cases,131,"Private industry, Nebraska"
ISUMFG32610050131,2015,A01,Annual,NA,11,MFG,Manufacturing,326100,Plastics product manufacturing,5,Number of injury cases (thousands) (Size class 0),0,RSE of Total recordable cases,131,"Private industry, Nebraska"
ISUMFG32610050131,2014,A01,Annual,NA,15.3,MFG,Manufacturing,326100,Plastics product manufacturing,5,Number of injury cases (thousands) (Size class 0),0,RSE of Total recordable cases,131,"Private industry, Nebraska"
ISUMFG32610051131,2020,A01,Annual,NA,0.1,MFG,Manufacturing,326100,Plastics product manufacturing,5,Number of injury cases (thousands) (Size class 0),1,Total recordable cases,131,"Private industry, Nebraska"
ISUMFG32610051131,2017,A01,Annual,NA,0.2,MFG,Manufacturing,326100,Plastics product manufacturing,5,Number of injury cases (thousands) (Size class 0),1,Total recordable cases,131,"Private industry, Nebraska"
ISUMFG32610051131,2016,A01,Annual,NA,0.2,MFG,Manufacturing,326100,Plastics product manufacturing,5,Number of injury cases (thousands) (Size class 0),1,Total recordable cases,131,"Private industry, Nebraska"
ISUMFG32610051131,2015,A01,Annual,NA,0.2,MFG,Manufacturing,326100,Plastics product manufacturing,5,Number of injury cases (thousands) (Size class 0),1,Total recordable cases,131,"Private industry, Nebraska"
ISUMFG32610051131,2014,A01,Annual,NA,0.2,MFG,Manufacturing,326100,Plastics product manufacturing,5,Number of injury cases (thousands) (Size class 0),1,Total recordable cases,131,"Private industry, Nebraska"
ISUMFG32620010131,2020,A01,Annual,NA,0,MFG,Manufacturing,326200,Rubber product manufacturing,1,Rate of injury cases per 100 full-time workers (Size class 0),0,RSE of Total recordable cases,131,"Private industry, Nebraska"
ISUMFG32620010131,2017,A01,Annual,NA,3.3,MFG,Manufacturing,326200,Rubber product manufacturing,1,Rate of injury cases per 100 full-time workers (Size class 0),0,RSE of Total recordable cases,131,"Private industry, Nebraska"
ISUMFG32620010131,2016,A01,Annual,NA,9.9,MFG,Manufacturing,326200,Rubber product manufacturing,1,Rate of injury cases per 100 full-time workers (Size class 0),0,RSE of Total recordable cases,131,"Private industry, Nebraska"
ISUMFG32620010131,2015,A01,Annual,NA,0.7,MFG,Manufacturing,326200,Rubber product manufacturing,1,Rate of injury cases per 100 full-time workers (Size class 0),0,RSE of Total recordable cases,131,"Private industry, Nebraska"
ISUMFG32620010131,2014,A01,Annual,NA,0.4,MFG,Manufacturing,326200,Rubber product manufacturing,1,Rate of injury cases per 100 full-time workers (Size class 0),0,RSE of Total recordable cases,131,"Private industry, Nebraska"
ISUMFG32620011131,2020,A01,Annual,NA,3,MFG,Manufacturing,326200,Rubber product manufacturing,1,Rate of injury cases per 100 full-time workers (Size class 0),1,Total recordable cases,131,"Private industry, Nebraska"
ISUMFG32620011131,2017,A01,Annual,NA,3.5,MFG,Manufacturing,326200,Rubber product manufacturing,1,Rate of injury cases per 100 full-time workers (Size class 0),1,Total recordable cases,131,"Private industry, Nebraska"
ISUMFG32620011131,2016,A01,Annual,NA,3.9,MFG,Manufacturing,326200,Rubber product manufacturing,1,Rate of injury cases per 100 full-time workers (Size class 0),1,Total recordable cases,131,"Private industry, Nebraska"
ISUMFG32620011131,2015,A01,Annual,NA,4.7,MFG,Manufacturing,326200,Rubber product manufacturing,1,Rate of injury cases per 100 full-time workers (Size class 0),1,Total recordable cases,131,"Private industry, Nebraska"
ISUMFG32620011131,2014,A01,Annual,NA,3.9,MFG,Manufacturing,326200,Rubber product manufacturing,1,Rate of injury cases per 100 full-time workers (Size class 0),1,Total recordable cases,131,"Private industry, Nebraska"
ISUMFG32620050131,2020,A01,Annual,NA,0,MFG,Manufacturing,326200,Rubber product manufacturing,5,Number of injury cases (thousands) (Size class 0),0,RSE of Total recordable cases,131,"Private industry, Nebraska"
ISUMFG32620050131,2017,A01,Annual,NA,2.8,MFG,Manufacturing,326200,Rubber product manufacturing,5,Number of injury cases (thousands) (Size class 0),0,RSE of Total recordable cases,131,"Private industry, Nebraska"
ISUMFG32620050131,2016,A01,Annual,NA,9.7,MFG,Manufacturing,326200,Rubber product manufacturing,5,Number of injury cases (thousands) (Size class 0),0,RSE of Total recordable cases,131,"Private industry, Nebraska"
ISUMFG32620050131,2015,A01,Annual,NA,0.4,MFG,Manufacturing,326200,Rubber product manufacturing,5,Number of injury cases (thousands) (Size class 0),0,RSE of Total recordable cases,131,"Private industry, Nebraska"
ISUMFG32620050131,2014,A01,Annual,NA,0.2,MFG,Manufacturing,326200,Rubber product manufacturing,5,Number of injury cases (thousands) (Size class 0),0,RSE of Total recordable cases,131,"Private industry, Nebraska"
ISUMFG32620051131,2020,A01,Annual,NA,0,MFG,Manufacturing,326200,Rubber product manufacturing,5,Number of injury cases (thousands) (Size class 0),1,Total recordable cases,131,"Private industry, Nebraska"
ISUMFG32620051131,2017,A01,Annual,NA,0.1,MFG,Manufacturing,326200,Rubber product manufacturing,5,Number of injury cases (thousands) (Size class 0),1,Total recordable cases,131,"Private industry, Nebraska"
ISUMFG32620051131,2016,A01,Annual,NA,0.1,MFG,Manufacturing,326200,Rubber product manufacturing,5,Number of injury cases (thousands) (Size class 0),1,Total recordable cases,131,"Private industry, Nebraska"
ISUMFG32620051131,2015,A01,Annual,NA,0.1,MFG,Manufacturing,326200,Rubber product manufacturing,5,Number of injury cases (thousands) (Size class 0),1,Total recordable cases,131,"Private industry, Nebraska"
ISUMFG32620051131,2014,A01,Annual,NA,0.1,MFG,Manufacturing,326200,Rubber product manufacturing,5,Number of injury cases (thousands) (Size class 0),1,Total recordable cases,131,"Private industry, Nebraska"
ISUMFG32629010131,2019,A01,Annual,TRUE,0,MFG,Manufacturing,326290,Other rubber product manufacturing,1,Rate of injury cases per 100 full-time workers (Size class 0),0,RSE of Total recordable cases,131,"Private industry, Nebraska"
ISUMFG32629010131,2016,A01,Annual,NA,17,MFG,Manufacturing,326290,Other rubber product manufacturing,1,Rate of injury cases per 100 full-time workers (Size class 0),0,RSE of Total recordable cases,131,"Private industry, Nebraska"
ISUMFG32629011131,2019,A01,Annual,TRUE,5.7,MFG,Manufacturing,326290,Other rubber product manufacturing,1,Rate of injury cases per 100 full-time workers (Size class 0),1,Total recordable cases,131,"Private industry, Nebraska"
ISUMFG32629011131,2016,A01,Annual,NA,4.5,MFG,Manufacturing,326290,Other rubber product manufacturing,1,Rate of injury cases per 100 full-time workers (Size class 0),1,Total recordable cases,131,"Private industry, Nebraska"
ISUMFG32629050131,2019,A01,Annual,TRUE,0,MFG,Manufacturing,326290,Other rubber product manufacturing,5,Number of injury cases (thousands) (Size class 0),0,RSE of Total recordable cases,131,"Private industry, Nebraska"
ISUMFG32629050131,2016,A01,Annual,NA,16.4,MFG,Manufacturing,326290,Other rubber product manufacturing,5,Number of injury cases (thousands) (Size class 0),0,RSE of Total recordable cases,131,"Private industry, Nebraska"
ISUMFG32629051131,2019,A01,Annual,TRUE,0,MFG,Manufacturing,326290,Other rubber product manufacturing,5,Number of injury cases (thousands) (Size class 0),1,Total recordable cases,131,"Private industry, Nebraska"
ISUMFG32629051131,2016,A01,Annual,NA,0,MFG,Manufacturing,326290,Other rubber product manufacturing,5,Number of injury cases (thousands) (Size class 0),1,Total recordable cases,131,"Private industry, Nebraska"
ISUMFG32700010131,2020,A01,Annual,NA,22.3,MFG,Manufacturing,327000,Nonmetallic mineral product manufacturing,1,Rate of injury cases per 100 full-time workers (Size class 0),0,RSE of Total recordable cases,131,"Private industry, Nebraska"
ISUMFG32700010131,2019,A01,Annual,NA,22.1,MFG,Manufacturing,327000,Nonmetallic mineral product manufacturing,1,Rate of injury cases per 100 full-time workers (Size class 0),0,RSE of Total recordable cases,131,"Private industry, Nebraska"
ISUMFG32700010131,2018,A01,Annual,NA,15,MFG,Manufacturing,327000,Nonmetallic mineral product manufacturing,1,Rate of injury cases per 100 full-time workers (Size class 0),0,RSE of Total recordable cases,131,"Private industry, Nebraska"
ISUMFG32700010131,2017,A01,Annual,NA,22,MFG,Manufacturing,327000,Nonmetallic mineral product manufacturing,1,Rate of injury cases per 100 full-time workers (Size class 0),0,RSE of Total recordable cases,131,"Private industry, Nebraska"
ISUMFG32700010131,2016,A01,Annual,NA,10.9,MFG,Manufacturing,327000,Nonmetallic mineral product manufacturing,1,Rate of injury cases per 100 full-time workers (Size class 0),0,RSE of Total recordable cases,131,"Private industry, Nebraska"
ISUMFG32700010131,2015,A01,Annual,NA,11.4,MFG,Manufacturing,327000,Nonmetallic mineral product manufacturing,1,Rate of injury cases per 100 full-time workers (Size class 0),0,RSE of Total recordable cases,131,"Private industry, Nebraska"
ISUMFG32700010131,2014,A01,Annual,NA,13.4,MFG,Manufacturing,327000,Nonmetallic mineral product manufacturing,1,Rate of injury cases per 100 full-time workers (Size class 0),0,RSE of Total recordable cases,131,"Private industry, Nebraska"
ISUMFG32700011131,2020,A01,Annual,NA,3,MFG,Manufacturing,327000,Nonmetallic mineral product manufacturing,1,Rate of injury cases per 100 full-time workers (Size class 0),1,Total recordable cases,131,"Private industry, Nebraska"
ISUMFG32700011131,2019,A01,Annual,NA,4.4,MFG,Manufacturing,327000,Nonmetallic mineral product manufacturing,1,Rate of injury cases per 100 full-time workers (Size class 0),1,Total recordable cases,131,"Private industry, Nebraska"
ISUMFG32700011131,2018,A01,Annual,NA,5.8,MFG,Manufacturing,327000,Nonmetallic mineral product manufacturing,1,Rate of injury cases per 100 full-time workers (Size class 0),1,Total recordable cases,131,"Private industry, Nebraska"
ISUMFG32700011131,2017,A01,Annual,NA,6.7,MFG,Manufacturing,327000,Nonmetallic mineral product manufacturing,1,Rate of injury cases per 100 full-time workers (Size class 0),1,Total recordable cases,131,"Private industry, Nebraska"
ISUMFG32700011131,2016,A01,Annual,NA,4.3,MFG,Manufacturing,327000,Nonmetallic mineral product manufacturing,1,Rate of injury cases per 100 full-time workers (Size class 0),1,Total recordable cases,131,"Private industry, Nebraska"
ISUMFG32700011131,2015,A01,Annual,NA,5.3,MFG,Manufacturing,327000,Nonmetallic mineral product manufacturing,1,Rate of injury cases per 100 full-time workers (Size class 0),1,Total recordable cases,131,"Private industry, Nebraska"
ISUMFG32700011131,2014,A01,Annual,NA,5.1,MFG,Manufacturing,327000,Nonmetallic mineral product manufacturing,1,Rate of injury cases per 100 full-time workers (Size class 0),1,Total recordable cases,131,"Private industry, Nebraska"
ISUMFG32700050131,2020,A01,Annual,NA,28,MFG,Manufacturing,327000,Nonmetallic mineral product manufacturing,5,Number of injury cases (thousands) (Size class 0),0,RSE of Total recordable cases,131,"Private industry, Nebraska"
ISUMFG32700050131,2019,A01,Annual,NA,22.3,MFG,Manufacturing,327000,Nonmetallic mineral product manufacturing,5,Number of injury cases (thousands) (Size class 0),0,RSE of Total recordable cases,131,"Private industry, Nebraska"
ISUMFG32700050131,2018,A01,Annual,NA,14.8,MFG,Manufacturing,327000,Nonmetallic mineral product manufacturing,5,Number of injury cases (thousands) (Size class 0),0,RSE of Total recordable cases,131,"Private industry, Nebraska"
ISUMFG32700050131,2017,A01,Annual,NA,20.1,MFG,Manufacturing,327000,Nonmetallic mineral product manufacturing,5,Number of injury cases (thousands) (Size class 0),0,RSE of Total recordable cases,131,"Private industry, Nebraska"
ISUMFG32700050131,2016,A01,Annual,NA,11.2,MFG,Manufacturing,327000,Nonmetallic mineral product manufacturing,5,Number of injury cases (thousands) (Size class 0),0,RSE of Total recordable cases,131,"Private industry, Nebraska"
ISUMFG32700050131,2015,A01,Annual,NA,11.9,MFG,Manufacturing,327000,Nonmetallic mineral product manufacturing,5,Number of injury cases (thousands) (Size class 0),0,RSE of Total recordable cases,131,"Private industry, Nebraska"
ISUMFG32700050131,2014,A01,Annual,NA,13.4,MFG,Manufacturing,327000,Nonmetallic mineral product manufacturing,5,Number of injury cases (thousands) (Size class 0),0,RSE of Total recordable cases,131,"Private industry, Nebraska"
ISUMFG32700051131,2020,A01,Annual,NA,0.1,MFG,Manufacturing,327000,Nonmetallic mineral product manufacturing,5,Number of injury cases (thousands) (Size class 0),1,Total recordable cases,131,"Private industry, Nebraska"
ISUMFG32700051131,2019,A01,Annual,NA,0.1,MFG,Manufacturing,327000,Nonmetallic mineral product manufacturing,5,Number of injury cases (thousands) (Size class 0),1,Total recordable cases,131,"Private industry, Nebraska"
ISUMFG32700051131,2018,A01,Annual,NA,0.2,MFG,Manufacturing,327000,Nonmetallic mineral product manufacturing,5,Number of injury cases (thousands) (Size class 0),1,Total recordable cases,131,"Private industry, Nebraska"
ISUMFG32700051131,2017,A01,Annual,NA,0.2,MFG,Manufacturing,327000,Nonmetallic mineral product manufacturing,5,Number of injury cases (thousands) (Size class 0),1,Total recordable cases,131,"Private industry, Nebraska"
ISUMFG32700051131,2016,A01,Annual,NA,0.1,MFG,Manufacturing,327000,Nonmetallic mineral product manufacturing,5,Number of injury cases (thousands) (Size class 0),1,Total recordable cases,131,"Private industry, Nebraska"
ISUMFG32700051131,2015,A01,Annual,NA,0.2,MFG,Manufacturing,327000,Nonmetallic mineral product manufacturing,5,Number of injury cases (thousands) (Size class 0),1,Total recordable cases,131,"Private industry, Nebraska"
ISUMFG32700051131,2014,A01,Annual,NA,0.2,MFG,Manufacturing,327000,Nonmetallic mineral product manufacturing,5,Number of injury cases (thousands) (Size class 0),1,Total recordable cases,131,"Private industry, Nebraska"
ISUMFG33200010131,2020,A01,Annual,NA,13.8,MFG,Manufacturing,332000,Fabricated metal product manufacturing,1,Rate of injury cases per 100 full-time workers (Size class 0),0,RSE of Total recordable cases,131,"Private industry, Nebraska"
ISUMFG33200010131,2019,A01,Annual,NA,9.1,MFG,Manufacturing,332000,Fabricated metal product manufacturing,1,Rate of injury cases per 100 full-time workers (Size class 0),0,RSE of Total recordable cases,131,"Private industry, Nebraska"
ISUMFG33200010131,2018,A01,Annual,NA,9.7,MFG,Manufacturing,332000,Fabricated metal product manufacturing,1,Rate of injury cases per 100 full-time workers (Size class 0),0,RSE of Total recordable cases,131,"Private industry, Nebraska"
ISUMFG33200010131,2017,A01,Annual,NA,6.5,MFG,Manufacturing,332000,Fabricated metal product manufacturing,1,Rate of injury cases per 100 full-time workers (Size class 0),0,RSE of Total recordable cases,131,"Private industry, Nebraska"
ISUMFG33200010131,2016,A01,Annual,NA,9.5,MFG,Manufacturing,332000,Fabricated metal product manufacturing,1,Rate of injury cases per 100 full-time workers (Size class 0),0,RSE of Total recordable cases,131,"Private industry, Nebraska"
ISUMFG33200010131,2015,A01,Annual,NA,9.3,MFG,Manufacturing,332000,Fabricated metal product manufacturing,1,Rate of injury cases per 100 full-time workers (Size class 0),0,RSE of Total recordable cases,131,"Private industry, Nebraska"
ISUMFG33200010131,2014,A01,Annual,NA,12.9,MFG,Manufacturing,332000,Fabricated metal product manufacturing,1,Rate of injury cases per 100 full-time workers (Size class 0),0,RSE of Total recordable cases,131,"Private industry, Nebraska"
ISUMFG33200011131,2020,A01,Annual,NA,3.9,MFG,Manufacturing,332000,Fabricated metal product manufacturing,1,Rate of injury cases per 100 full-time workers (Size class 0),1,Total recordable cases,131,"Private industry, Nebraska"
ISUMFG33200011131,2019,A01,Annual,NA,3.9,MFG,Manufacturing,332000,Fabricated metal product manufacturing,1,Rate of injury cases per 100 full-time workers (Size class 0),1,Total recordable cases,131,"Private industry, Nebraska"
ISUMFG33200011131,2018,A01,Annual,NA,5,MFG,Manufacturing,332000,Fabricated metal product manufacturing,1,Rate of injury cases per 100 full-time workers (Size class 0),1,Total recordable cases,131,"Private industry, Nebraska"
ISUMFG33200011131,2017,A01,Annual,NA,3.7,MFG,Manufacturing,332000,Fabricated metal product manufacturing,1,Rate of injury cases per 100 full-time workers (Size class 0),1,Total recordable cases,131,"Private industry, Nebraska"
ISUMFG33200011131,2016,A01,Annual,NA,4.7,MFG,Manufacturing,332000,Fabricated metal product manufacturing,1,Rate of injury cases per 100 full-time workers (Size class 0),1,Total recordable cases,131,"Private industry, Nebraska"
ISUMFG33200011131,2015,A01,Annual,NA,4.4,MFG,Manufacturing,332000,Fabricated metal product manufacturing,1,Rate of injury cases per 100 full-time workers (Size class 0),1,Total recordable cases,131,"Private industry, Nebraska"
ISUMFG33200011131,2014,A01,Annual,NA,5.6,MFG,Manufacturing,332000,Fabricated metal product manufacturing,1,Rate of injury cases per 100 full-time workers (Size class 0),1,Total recordable cases,131,"Private industry, Nebraska"
ISUMFG33200050131,2020,A01,Annual,NA,11.2,MFG,Manufacturing,332000,Fabricated metal product manufacturing,5,Number of injury cases (thousands) (Size class 0),0,RSE of Total recordable cases,131,"Private industry, Nebraska"
ISUMFG33200050131,2019,A01,Annual,NA,9.2,MFG,Manufacturing,332000,Fabricated metal product manufacturing,5,Number of injury cases (thousands) (Size class 0),0,RSE of Total recordable cases,131,"Private industry, Nebraska"
ISUMFG33200050131,2018,A01,Annual,NA,9.3,MFG,Manufacturing,332000,Fabricated metal product manufacturing,5,Number of injury cases (thousands) (Size class 0),0,RSE of Total recordable cases,131,"Private industry, Nebraska"
ISUMFG33200050131,2017,A01,Annual,NA,6.4,MFG,Manufacturing,332000,Fabricated metal product manufacturing,5,Number of injury cases (thousands) (Size class 0),0,RSE of Total recordable cases,131,"Private industry, Nebraska"
ISUMFG33200050131,2016,A01,Annual,NA,10.2,MFG,Manufacturing,332000,Fabricated metal product manufacturing,5,Number of injury cases (thousands) (Size class 0),0,RSE of Total recordable cases,131,"Private industry, Nebraska"
ISUMFG33200050131,2015,A01,Annual,NA,9.1,MFG,Manufacturing,332000,Fabricated metal product manufacturing,5,Number of injury cases (thousands) (Size class 0),0,RSE of Total recordable cases,131,"Private industry, Nebraska"
ISUMFG33200050131,2014,A01,Annual,NA,12,MFG,Manufacturing,332000,Fabricated metal product manufacturing,5,Number of injury cases (thousands) (Size class 0),0,RSE of Total recordable cases,131,"Private industry, Nebraska"
ISUMFG33200051131,2020,A01,Annual,NA,0.3,MFG,Manufacturing,332000,Fabricated metal product manufacturing,5,Number of injury cases (thousands) (Size class 0),1,Total recordable cases,131,"Private industry, Nebraska"
ISUMFG33200051131,2019,A01,Annual,NA,0.3,MFG,Manufacturing,332000,Fabricated metal product manufacturing,5,Number of injury cases (thousands) (Size class 0),1,Total recordable cases,131,"Private industry, Nebraska"
ISUMFG33200051131,2018,A01,Annual,NA,0.4,MFG,Manufacturing,332000,Fabricated metal product manufacturing,5,Number of injury cases (thousands) (Size class 0),1,Total recordable cases,131,"Private industry, Nebraska"
ISUMFG33200051131,2017,A01,Annual,NA,0.3,MFG,Manufacturing,332000,Fabricated metal product manufacturing,5,Number of injury cases (thousands) (Size class 0),1,Total recordable cases,131,"Private industry, Nebraska"
ISUMFG33200051131,2016,A01,Annual,NA,0.4,MFG,Manufacturing,332000,Fabricated metal product manufacturing,5,Number of injury cases (thousands) (Size class 0),1,Total recordable cases,131,"Private industry, Nebraska"
ISUMFG33200051131,2015,A01,Annual,NA,0.4,MFG,Manufacturing,332000,Fabricated metal product manufacturing,5,Number of injury cases (thousands) (Size class 0),1,Total recordable cases,131,"Private industry, Nebraska"
ISUMFG33200051131,2014,A01,Annual,NA,0.5,MFG,Manufacturing,332000,Fabricated metal product manufacturing,5,Number of injury cases (thousands) (Size class 0),1,Total recordable cases,131,"Private industry, Nebraska"
ISUMFG33230010131,2020,A01,Annual,NA,11.4,MFG,Manufacturing,332300,Architectural and structural metals manufacturing,1,Rate of injury cases per 100 full-time workers (Size class 0),0,RSE of Total recordable cases,131,"Private industry, Nebraska"
ISUMFG33230010131,2019,A01,Annual,NA,10.1,MFG,Manufacturing,332300,Architectural and structural metals manufacturing,1,Rate of injury cases per 100 full-time workers (Size class 0),0,RSE of Total recordable cases,131,"Private industry, Nebraska"
ISUMFG33230010131,2018,A01,Annual,NA,12.2,MFG,Manufacturing,332300,Architectural and structural metals manufacturing,1,Rate of injury cases per 100 full-time workers (Size class 0),0,RSE of Total recordable cases,131,"Private industry, Nebraska"
ISUMFG33230010131,2017,A01,Annual,NA,5.4,MFG,Manufacturing,332300,Architectural and structural metals manufacturing,1,Rate of injury cases per 100 full-time workers (Size class 0),0,RSE of Total recordable cases,131,"Private industry, Nebraska"
ISUMFG33230010131,2016,A01,Annual,NA,7.4,MFG,Manufacturing,332300,Architectural and structural metals manufacturing,1,Rate of injury cases per 100 full-time workers (Size class 0),0,RSE of Total recordable cases,131,"Private industry, Nebraska"
ISUMFG33230010131,2015,A01,Annual,NA,13.9,MFG,Manufacturing,332300,Architectural and structural metals manufacturing,1,Rate of injury cases per 100 full-time workers (Size class 0),0,RSE of Total recordable cases,131,"Private industry, Nebraska"
ISUMFG33230010131,2014,A01,Annual,NA,17.8,MFG,Manufacturing,332300,Architectural and structural metals manufacturing,1,Rate of injury cases per 100 full-time workers (Size class 0),0,RSE of Total recordable cases,131,"Private industry, Nebraska"
ISUMFG33230011131,2020,A01,Annual,NA,3.5,MFG,Manufacturing,332300,Architectural and structural metals manufacturing,1,Rate of injury cases per 100 full-time workers (Size class 0),1,Total recordable cases,131,"Private industry, Nebraska"
ISUMFG33230011131,2019,A01,Annual,NA,5,MFG,Manufacturing,332300,Architectural and structural metals manufacturing,1,Rate of injury cases per 100 full-time workers (Size class 0),1,Total recordable cases,131,"Private industry, Nebraska"
ISUMFG33230011131,2018,A01,Annual,NA,4.9,MFG,Manufacturing,332300,Architectural and structural metals manufacturing,1,Rate of injury cases per 100 full-time workers (Size class 0),1,Total recordable cases,131,"Private industry, Nebraska"
ISUMFG33230011131,2017,A01,Annual,NA,3.7,MFG,Manufacturing,332300,Architectural and structural metals manufacturing,1,Rate of injury cases per 100 full-time workers (Size class 0),1,Total recordable cases,131,"Private industry, Nebraska"
ISUMFG33230011131,2016,A01,Annual,NA,4.6,MFG,Manufacturing,332300,Architectural and structural metals manufacturing,1,Rate of injury cases per 100 full-time workers (Size class 0),1,Total recordable cases,131,"Private industry, Nebraska"
ISUMFG33230011131,2015,A01,Annual,NA,4.9,MFG,Manufacturing,332300,Architectural and structural metals manufacturing,1,Rate of injury cases per 100 full-time workers (Size class 0),1,Total recordable cases,131,"Private industry, Nebraska"
ISUMFG33230011131,2014,A01,Annual,NA,6.1,MFG,Manufacturing,332300,Architectural and structural metals manufacturing,1,Rate of injury cases per 100 full-time workers (Size class 0),1,Total recordable cases,131,"Private industry, Nebraska"
ISUMFG33230050131,2020,A01,Annual,NA,15.9,MFG,Manufacturing,332300,Architectural and structural metals manufacturing,5,Number of injury cases (thousands) (Size class 0),0,RSE of Total recordable cases,131,"Private industry, Nebraska"
ISUMFG33230050131,2019,A01,Annual,NA,10.4,MFG,Manufacturing,332300,Architectural and structural metals manufacturing,5,Number of injury cases (thousands) (Size class 0),0,RSE of Total recordable cases,131,"Private industry, Nebraska"
ISUMFG33230050131,2018,A01,Annual,NA,12.4,MFG,Manufacturing,332300,Architectural and structural metals manufacturing,5,Number of injury cases (thousands) (Size class 0),0,RSE of Total recordable cases,131,"Private industry, Nebraska"
ISUMFG33230050131,2017,A01,Annual,NA,6,MFG,Manufacturing,332300,Architectural and structural metals manufacturing,5,Number of injury cases (thousands) (Size class 0),0,RSE of Total recordable cases,131,"Private industry, Nebraska"
ISUMFG33230050131,2016,A01,Annual,NA,9.5,MFG,Manufacturing,332300,Architectural and structural metals manufacturing,5,Number of injury cases (thousands) (Size class 0),0,RSE of Total recordable cases,131,"Private industry, Nebraska"
ISUMFG33230050131,2015,A01,Annual,NA,13.6,MFG,Manufacturing,332300,Architectural and structural metals manufacturing,5,Number of injury cases (thousands) (Size class 0),0,RSE of Total recordable cases,131,"Private industry, Nebraska"
ISUMFG33230050131,2014,A01,Annual,NA,18.1,MFG,Manufacturing,332300,Architectural and structural metals manufacturing,5,Number of injury cases (thousands) (Size class 0),0,RSE of Total recordable cases,131,"Private industry, Nebraska"
ISULEH71200010131,2020,A01,Annual,NA,13.3,LEH,Leisure and hospitality,712000,"Museums, historical sites, and similar institutions",1,Rate of injury cases per 100 full-time workers (Size class 0),0,RSE of Total recordable cases,131,"Private industry, Nebraska"
ISULEH71200010131,2019,A01,Annual,NA,8.8,LEH,Leisure and hospitality,712000,"Museums, historical sites, and similar institutions",1,Rate of injury cases per 100 full-time workers (Size class 0),0,RSE of Total recordable cases,131,"Private industry, Nebraska"
ISULEH71200010131,2018,A01,Annual,NA,6.5,LEH,Leisure and hospitality,712000,"Museums, historical sites, and similar institutions",1,Rate of injury cases per 100 full-time workers (Size class 0),0,RSE of Total recordable cases,131,"Private industry, Nebraska"
ISULEH71200010131,2016,A01,Annual,NA,31.2,LEH,Leisure and hospitality,712000,"Museums, historical sites, and similar institutions",1,Rate of injury cases per 100 full-time workers (Size class 0),0,RSE of Total recordable cases,131,"Private industry, Nebraska"
ISULEH71200010131,2015,A01,Annual,NA,35.4,LEH,Leisure and hospitality,712000,"Museums, historical sites, and similar institutions",1,Rate of injury cases per 100 full-time workers (Size class 0),0,RSE of Total recordable cases,131,"Private industry, Nebraska"
ISULEH71200010131,2014,A01,Annual,NA,58.5,LEH,Leisure and hospitality,712000,"Museums, historical sites, and similar institutions",1,Rate of injury cases per 100 full-time workers (Size class 0),0,RSE of Total recordable cases,131,"Private industry, Nebraska"
ISULEH71200011131,2020,A01,Annual,NA,6.2,LEH,Leisure and hospitality,712000,"Museums, historical sites, and similar institutions",1,Rate of injury cases per 100 full-time workers (Size class 0),1,Total recordable cases,131,"Private industry, Nebraska"
ISULEH71200011131,2019,A01,Annual,NA,5.2,LEH,Leisure and hospitality,712000,"Museums, historical sites, and similar institutions",1,Rate of injury cases per 100 full-time workers (Size class 0),1,Total recordable cases,131,"Private industry, Nebraska"
ISULEH71200011131,2018,A01,Annual,NA,5.8,LEH,Leisure and hospitality,712000,"Museums, historical sites, and similar institutions",1,Rate of injury cases per 100 full-time workers (Size class 0),1,Total recordable cases,131,"Private industry, Nebraska"
ISULEH71200011131,2016,A01,Annual,NA,3.2,LEH,Leisure and hospitality,712000,"Museums, historical sites, and similar institutions",1,Rate of injury cases per 100 full-time workers (Size class 0),1,Total recordable cases,131,"Private industry, Nebraska"
ISULEH71200011131,2015,A01,Annual,NA,2.3,LEH,Leisure and hospitality,712000,"Museums, historical sites, and similar institutions",1,Rate of injury cases per 100 full-time workers (Size class 0),1,Total recordable cases,131,"Private industry, Nebraska"
ISULEH71200011131,2014,A01,Annual,NA,3.8,LEH,Leisure and hospitality,712000,"Museums, historical sites, and similar institutions",1,Rate of injury cases per 100 full-time workers (Size class 0),1,Total recordable cases,131,"Private industry, Nebraska"
ISULEH71200050131,2020,A01,Annual,NA,23.6,LEH,Leisure and hospitality,712000,"Museums, historical sites, and similar institutions",5,Number of injury cases (thousands) (Size class 0),0,RSE of Total recordable cases,131,"Private industry, Nebraska"
ISULEH71200050131,2019,A01,Annual,NA,9.2,LEH,Leisure and hospitality,712000,"Museums, historical sites, and similar institutions",5,Number of injury cases (thousands) (Size class 0),0,RSE of Total recordable cases,131,"Private industry, Nebraska"
ISULEH71200050131,2018,A01,Annual,NA,6.8,LEH,Leisure and hospitality,712000,"Museums, historical sites, and similar institutions",5,Number of injury cases (thousands) (Size class 0),0,RSE of Total recordable cases,131,"Private industry, Nebraska"
ISULEH71200050131,2016,A01,Annual,NA,29.4,LEH,Leisure and hospitality,712000,"Museums, historical sites, and similar institutions",5,Number of injury cases (thousands) (Size class 0),0,RSE of Total recordable cases,131,"Private industry, Nebraska"
ISULEH71200050131,2015,A01,Annual,NA,38.3,LEH,Leisure and hospitality,712000,"Museums, historical sites, and similar institutions",5,Number of injury cases (thousands) (Size class 0),0,RSE of Total recordable cases,131,"Private industry, Nebraska"
ISULEH71200050131,2014,A01,Annual,NA,48.5,LEH,Leisure and hospitality,712000,"Museums, historical sites, and similar institutions",5,Number of injury cases (thousands) (Size class 0),0,RSE of Total recordable cases,131,"Private industry, Nebraska"
ISULEH71200051131,2020,A01,Annual,NA,0.1,LEH,Leisure and hospitality,712000,"Museums, historical sites, and similar institutions",5,Number of injury cases (thousands) (Size class 0),1,Total recordable cases,131,"Private industry, Nebraska"
ISULEH71200051131,2019,A01,Annual,NA,0,LEH,Leisure and hospitality,712000,"Museums, historical sites, and similar institutions",5,Number of injury cases (thousands) (Size class 0),1,Total recordable cases,131,"Private industry, Nebraska"
ISULEH71200051131,2018,A01,Annual,NA,0.1,LEH,Leisure and hospitality,712000,"Museums, historical sites, and similar institutions",5,Number of injury cases (thousands) (Size class 0),1,Total recordable cases,131,"Private industry, Nebraska"
ISULEH71200051131,2016,A01,Annual,NA,0,LEH,Leisure and hospitality,712000,"Museums, historical sites, and similar institutions",5,Number of injury cases (thousands) (Size class 0),1,Total recordable cases,131,"Private industry, Nebraska"
ISULEH71200051131,2015,A01,Annual,NA,0,LEH,Leisure and hospitality,712000,"Museums, historical sites, and similar institutions",5,Number of injury cases (thousands) (Size class 0),1,Total recordable cases,131,"Private industry, Nebraska"
ISULEH71200051131,2014,A01,Annual,NA,0,LEH,Leisure and hospitality,712000,"Museums, historical sites, and similar institutions",5,Number of injury cases (thousands) (Size class 0),1,Total recordable cases,131,"Private industry, Nebraska"
ISULEH71300010131,2020,A01,Annual,TRUE,20.3,LEH,Leisure and hospitality,713000,"Amusement, gambling, and recreation industries",1,Rate of injury cases per 100 full-time workers (Size class 0),0,RSE of Total recordable cases,131,"Private industry, Nebraska"
ISULEH71300010131,2019,A01,Annual,NA,42.3,LEH,Leisure and hospitality,713000,"Amusement, gambling, and recreation industries",1,Rate of injury cases per 100 full-time workers (Size class 0),0,RSE of Total recordable cases,131,"Private industry, Nebraska"
ISULEH71300010131,2018,A01,Annual,NA,27.8,LEH,Leisure and hospitality,713000,"Amusement, gambling, and recreation industries",1,Rate of injury cases per 100 full-time workers (Size class 0),0,RSE of Total recordable cases,131,"Private industry, Nebraska"
ISULEH71300010131,2017,A01,Annual,NA,29.2,LEH,Leisure and hospitality,713000,"Amusement, gambling, and recreation industries",1,Rate of injury cases per 100 full-time workers (Size class 0),0,RSE of Total recordable cases,131,"Private industry, Nebraska"
ISULEH71300010131,2016,A01,Annual,NA,28,LEH,Leisure and hospitality,713000,"Amusement, gambling, and recreation industries",1,Rate of injury cases per 100 full-time workers (Size class 0),0,RSE of Total recordable cases,131,"Private industry, Nebraska"
ISULEH71300010131,2015,A01,Annual,NA,22.8,LEH,Leisure and hospitality,713000,"Amusement, gambling, and recreation industries",1,Rate of injury cases per 100 full-time workers (Size class 0),0,RSE of Total recordable cases,131,"Private industry, Nebraska"
ISULEH71300010131,2014,A01,Annual,NA,20.6,LEH,Leisure and hospitality,713000,"Amusement, gambling, and recreation industries",1,Rate of injury cases per 100 full-time workers (Size class 0),0,RSE of Total recordable cases,131,"Private industry, Nebraska"
ISULEH71300011131,2020,A01,Annual,TRUE,1.3,LEH,Leisure and hospitality,713000,"Amusement, gambling, and recreation industries",1,Rate of injury cases per 100 full-time workers (Size class 0),1,Total recordable cases,131,"Private industry, Nebraska"
ISULEH71300011131,2019,A01,Annual,NA,1.6,LEH,Leisure and hospitality,713000,"Amusement, gambling, and recreation industries",1,Rate of injury cases per 100 full-time workers (Size class 0),1,Total recordable cases,131,"Private industry, Nebraska"
ISULEH71300011131,2018,A01,Annual,NA,1.3,LEH,Leisure and hospitality,713000,"Amusement, gambling, and recreation industries",1,Rate of injury cases per 100 full-time workers (Size class 0),1,Total recordable cases,131,"Private industry, Nebraska"
ISULEH71300011131,2017,A01,Annual,NA,1,LEH,Leisure and hospitality,713000,"Amusement, gambling, and recreation industries",1,Rate of injury cases per 100 full-time workers (Size class 0),1,Total recordable cases,131,"Private industry, Nebraska"
ISULEH71300011131,2016,A01,Annual,NA,1.9,LEH,Leisure and hospitality,713000,"Amusement, gambling, and recreation industries",1,Rate of injury cases per 100 full-time workers (Size class 0),1,Total recordable cases,131,"Private industry, Nebraska"
ISULEH71300011131,2015,A01,Annual,NA,1.2,LEH,Leisure and hospitality,713000,"Amusement, gambling, and recreation industries",1,Rate of injury cases per 100 full-time workers (Size class 0),1,Total recordable cases,131,"Private industry, Nebraska"
ISULEH71300011131,2014,A01,Annual,NA,1.5,LEH,Leisure and hospitality,713000,"Amusement, gambling, and recreation industries",1,Rate of injury cases per 100 full-time workers (Size class 0),1,Total recordable cases,131,"Private industry, Nebraska"
ISULEH71300050131,2020,A01,Annual,TRUE,20.7,LEH,Leisure and hospitality,713000,"Amusement, gambling, and recreation industries",5,Number of injury cases (thousands) (Size class 0),0,RSE of Total recordable cases,131,"Private industry, Nebraska"
ISULEH71300050131,2019,A01,Annual,NA,43.4,LEH,Leisure and hospitality,713000,"Amusement, gambling, and recreation industries",5,Number of injury cases (thousands) (Size class 0),0,RSE of Total recordable cases,131,"Private industry, Nebraska"
ISULEH71300050131,2018,A01,Annual,NA,30.2,LEH,Leisure and hospitality,713000,"Amusement, gambling, and recreation industries",5,Number of injury cases (thousands) (Size class 0),0,RSE of Total recordable cases,131,"Private industry, Nebraska"
ISULEH71300050131,2017,A01,Annual,NA,28.4,LEH,Leisure and hospitality,713000,"Amusement, gambling, and recreation industries",5,Number of injury cases (thousands) (Size class 0),0,RSE of Total recordable cases,131,"Private industry, Nebraska"
ISULEH71300050131,2016,A01,Annual,NA,29.6,LEH,Leisure and hospitality,713000,"Amusement, gambling, and recreation industries",5,Number of injury cases (thousands) (Size class 0),0,RSE of Total recordable cases,131,"Private industry, Nebraska"
ISULEH71300050131,2015,A01,Annual,NA,22.6,LEH,Leisure and hospitality,713000,"Amusement, gambling, and recreation industries",5,Number of injury cases (thousands) (Size class 0),0,RSE of Total recordable cases,131,"Private industry, Nebraska"
ISULEH71300050131,2014,A01,Annual,NA,19.4,LEH,Leisure and hospitality,713000,"Amusement, gambling, and recreation industries",5,Number of injury cases (thousands) (Size class 0),0,RSE of Total recordable cases,131,"Private industry, Nebraska"
ISULEH71300051131,2020,A01,Annual,TRUE,0,LEH,Leisure and hospitality,713000,"Amusement, gambling, and recreation industries",5,Number of injury cases (thousands) (Size class 0),1,Total recordable cases,131,"Private industry, Nebraska"
ISULEH71300051131,2019,A01,Annual,NA,0.1,LEH,Leisure and hospitality,713000,"Amusement, gambling, and recreation industries",5,Number of injury cases (thousands) (Size class 0),1,Total recordable cases,131,"Private industry, Nebraska"
ISULEH71300051131,2018,A01,Annual,NA,0.1,LEH,Leisure and hospitality,713000,"Amusement, gambling, and recreation industries",5,Number of injury cases (thousands) (Size class 0),1,Total recordable cases,131,"Private industry, Nebraska"
ISULEH71300051131,2017,A01,Annual,NA,0.1,LEH,Leisure and hospitality,713000,"Amusement, gambling, and recreation industries",5,Number of injury cases (thousands) (Size class 0),1,Total recordable cases,131,"Private industry, Nebraska"
ISULEH71300051131,2016,A01,Annual,NA,0.1,LEH,Leisure and hospitality,713000,"Amusement, gambling, and recreation industries",5,Number of injury cases (thousands) (Size class 0),1,Total recordable cases,131,"Private industry, Nebraska"
ISULEH71300051131,2015,A01,Annual,NA,0.1,LEH,Leisure and hospitality,713000,"Amusement, gambling, and recreation industries",5,Number of injury cases (thousands) (Size class 0),1,Total recordable cases,131,"Private industry, Nebraska"
ISULEH71300051131,2014,A01,Annual,NA,0.1,LEH,Leisure and hospitality,713000,"Amusement, gambling, and recreation industries",5,Number of injury cases (thousands) (Size class 0),1,Total recordable cases,131,"Private industry, Nebraska"
ISULEH72100010131,2019,A01,Annual,NA,21.1,LEH,Leisure and hospitality,721000,Accommodation,1,Rate of injury cases per 100 full-time workers (Size class 0),0,RSE of Total recordable cases,131,"Private industry, Nebraska"
ISULEH72100010131,2018,A01,Annual,NA,20.9,LEH,Leisure and hospitality,721000,Accommodation,1,Rate of injury cases per 100 full-time workers (Size class 0),0,RSE of Total recordable cases,131,"Private industry, Nebraska"
ISULEH72100010131,2017,A01,Annual,NA,24.5,LEH,Leisure and hospitality,721000,Accommodation,1,Rate of injury cases per 100 full-time workers (Size class 0),0,RSE of Total recordable cases,131,"Private industry, Nebraska"
ISULEH72100010131,2016,A01,Annual,NA,33.5,LEH,Leisure and hospitality,721000,Accommodation,1,Rate of injury cases per 100 full-time workers (Size class 0),0,RSE of Total recordable cases,131,"Private industry, Nebraska"
ISULEH72100010131,2015,A01,Annual,NA,23.5,LEH,Leisure and hospitality,721000,Accommodation,1,Rate of injury cases per 100 full-time workers (Size class 0),0,RSE of Total recordable cases,131,"Private industry, Nebraska"
ISULEH72100010131,2014,A01,Annual,NA,20,LEH,Leisure and hospitality,721000,Accommodation,1,Rate of injury cases per 100 full-time workers (Size class 0),0,RSE of Total recordable cases,131,"Private industry, Nebraska"
ISULEH72100011131,2019,A01,Annual,NA,1.5,LEH,Leisure and hospitality,721000,Accommodation,1,Rate of injury cases per 100 full-time workers (Size class 0),1,Total recordable cases,131,"Private industry, Nebraska"
ISULEH72100011131,2018,A01,Annual,NA,2.1,LEH,Leisure and hospitality,721000,Accommodation,1,Rate of injury cases per 100 full-time workers (Size class 0),1,Total recordable cases,131,"Private industry, Nebraska"
ISULEH72100011131,2017,A01,Annual,NA,3.9,LEH,Leisure and hospitality,721000,Accommodation,1,Rate of injury cases per 100 full-time workers (Size class 0),1,Total recordable cases,131,"Private industry, Nebraska"
ISULEH72100011131,2016,A01,Annual,NA,3.9,LEH,Leisure and hospitality,721000,Accommodation,1,Rate of injury cases per 100 full-time workers (Size class 0),1,Total recordable cases,131,"Private industry, Nebraska"
ISULEH72100011131,2015,A01,Annual,NA,2.9,LEH,Leisure and hospitality,721000,Accommodation,1,Rate of injury cases per 100 full-time workers (Size class 0),1,Total recordable cases,131,"Private industry, Nebraska"
ISULEH72100011131,2014,A01,Annual,NA,4.1,LEH,Leisure and hospitality,721000,Accommodation,1,Rate of injury cases per 100 full-time workers (Size class 0),1,Total recordable cases,131,"Private industry, Nebraska"
ISULEH72100050131,2019,A01,Annual,NA,21.8,LEH,Leisure and hospitality,721000,Accommodation,5,Number of injury cases (thousands) (Size class 0),0,RSE of Total recordable cases,131,"Private industry, Nebraska"
ISULEH72100050131,2018,A01,Annual,NA,23.5,LEH,Leisure and hospitality,721000,Accommodation,5,Number of injury cases (thousands) (Size class 0),0,RSE of Total recordable cases,131,"Private industry, Nebraska"
ISULEH72100050131,2017,A01,Annual,NA,25.3,LEH,Leisure and hospitality,721000,Accommodation,5,Number of injury cases (thousands) (Size class 0),0,RSE of Total recordable cases,131,"Private industry, Nebraska"
ISULEH72100050131,2016,A01,Annual,NA,34.9,LEH,Leisure and hospitality,721000,Accommodation,5,Number of injury cases (thousands) (Size class 0),0,RSE of Total recordable cases,131,"Private industry, Nebraska"
ISULEH72100050131,2015,A01,Annual,NA,24.8,LEH,Leisure and hospitality,721000,Accommodation,5,Number of injury cases (thousands) (Size class 0),0,RSE of Total recordable cases,131,"Private industry, Nebraska"
ISULEH72100050131,2014,A01,Annual,NA,18.4,LEH,Leisure and hospitality,721000,Accommodation,5,Number of injury cases (thousands) (Size class 0),0,RSE of Total recordable cases,131,"Private industry, Nebraska"
ISULEH72100051131,2019,A01,Annual,NA,0.1,LEH,Leisure and hospitality,721000,Accommodation,5,Number of injury cases (thousands) (Size class 0),1,Total recordable cases,131,"Private industry, Nebraska"
ISULEH72100051131,2018,A01,Annual,NA,0.1,LEH,Leisure and hospitality,721000,Accommodation,5,Number of injury cases (thousands) (Size class 0),1,Total recordable cases,131,"Private industry, Nebraska"
ISULEH72100051131,2017,A01,Annual,NA,0.2,LEH,Leisure and hospitality,721000,Accommodation,5,Number of injury cases (thousands) (Size class 0),1,Total recordable cases,131,"Private industry, Nebraska"
ISULEH72100051131,2016,A01,Annual,NA,0.2,LEH,Leisure and hospitality,721000,Accommodation,5,Number of injury cases (thousands) (Size class 0),1,Total recordable cases,131,"Private industry, Nebraska"
ISULEH72100051131,2015,A01,Annual,NA,0.1,LEH,Leisure and hospitality,721000,Accommodation,5,Number of injury cases (thousands) (Size class 0),1,Total recordable cases,131,"Private industry, Nebraska"
ISULEH72100051131,2014,A01,Annual,NA,0.2,LEH,Leisure and hospitality,721000,Accommodation,5,Number of injury cases (thousands) (Size class 0),1,Total recordable cases,131,"Private industry, Nebraska"
ISULEH72200010131,2020,A01,Annual,NA,14.2,LEH,Leisure and hospitality,722000,Food services and drinking places,1,Rate of injury cases per 100 full-time workers (Size class 0),0,RSE of Total recordable cases,131,"Private industry, Nebraska"
ISULEH72200010131,2019,A01,Annual,NA,11,LEH,Leisure and hospitality,722000,Food services and drinking places,1,Rate of injury cases per 100 full-time workers (Size class 0),0,RSE of Total recordable cases,131,"Private industry, Nebraska"
ISULEH72200010131,2018,A01,Annual,NA,12.4,LEH,Leisure and hospitality,722000,Food services and drinking places,1,Rate of injury cases per 100 full-time workers (Size class 0),0,RSE of Total recordable cases,131,"Private industry, Nebraska"
ISULEH72200010131,2017,A01,Annual,NA,11.3,LEH,Leisure and hospitality,722000,Food services and drinking places,1,Rate of injury cases per 100 full-time workers (Size class 0),0,RSE of Total recordable cases,131,"Private industry, Nebraska"
ISULEH72200010131,2016,A01,Annual,NA,13.7,LEH,Leisure and hospitality,722000,Food services and drinking places,1,Rate of injury cases per 100 full-time workers (Size class 0),0,RSE of Total recordable cases,131,"Private industry, Nebraska"
ISULEH72200010131,2015,A01,Annual,NA,9.1,LEH,Leisure and hospitality,722000,Food services and drinking places,1,Rate of injury cases per 100 full-time workers (Size class 0),0,RSE of Total recordable cases,131,"Private industry, Nebraska"
ISULEH72200010131,2014,A01,Annual,NA,9,LEH,Leisure and hospitality,722000,Food services and drinking places,1,Rate of injury cases per 100 full-time workers (Size class 0),0,RSE of Total recordable cases,131,"Private industry, Nebraska"
ISULEH72200011131,2020,A01,Annual,NA,2.7,LEH,Leisure and hospitality,722000,Food services and drinking places,1,Rate of injury cases per 100 full-time workers (Size class 0),1,Total recordable cases,131,"Private industry, Nebraska"
ISULEH72200011131,2019,A01,Annual,NA,3.3,LEH,Leisure and hospitality,722000,Food services and drinking places,1,Rate of injury cases per 100 full-time workers (Size class 0),1,Total recordable cases,131,"Private industry, Nebraska"
ISULEH72200011131,2018,A01,Annual,NA,3.7,LEH,Leisure and hospitality,722000,Food services and drinking places,1,Rate of injury cases per 100 full-time workers (Size class 0),1,Total recordable cases,131,"Private industry, Nebraska"
ISULEH72200011131,2017,A01,Annual,NA,2.9,LEH,Leisure and hospitality,722000,Food services and drinking places,1,Rate of injury cases per 100 full-time workers (Size class 0),1,Total recordable cases,131,"Private industry, Nebraska"
ISULEH72200011131,2016,A01,Annual,NA,3.1,LEH,Leisure and hospitality,722000,Food services and drinking places,1,Rate of injury cases per 100 full-time workers (Size class 0),1,Total recordable cases,131,"Private industry, Nebraska"
ISULEH72200011131,2015,A01,Annual,NA,2.5,LEH,Leisure and hospitality,722000,Food services and drinking places,1,Rate of injury cases per 100 full-time workers (Size class 0),1,Total recordable cases,131,"Private industry, Nebraska"
ISULEH72200011131,2014,A01,Annual,NA,3.4,LEH,Leisure and hospitality,722000,Food services and drinking places,1,Rate of injury cases per 100 full-time workers (Size class 0),1,Total recordable cases,131,"Private industry, Nebraska"
ISULEH72200050131,2020,A01,Annual,NA,14.9,LEH,Leisure and hospitality,722000,Food services and drinking places,5,Number of injury cases (thousands) (Size class 0),0,RSE of Total recordable cases,131,"Private industry, Nebraska"
ISULEH72200050131,2019,A01,Annual,NA,10.9,LEH,Leisure and hospitality,722000,Food services and drinking places,5,Number of injury cases (thousands) (Size class 0),0,RSE of Total recordable cases,131,"Private industry, Nebraska"
ISULEH72200050131,2018,A01,Annual,NA,12.6,LEH,Leisure and hospitality,722000,Food services and drinking places,5,Number of injury cases (thousands) (Size class 0),0,RSE of Total recordable cases,131,"Private industry, Nebraska"
ISULEH72200050131,2017,A01,Annual,NA,11.5,LEH,Leisure and hospitality,722000,Food services and drinking places,5,Number of injury cases (thousands) (Size class 0),0,RSE of Total recordable cases,131,"Private industry, Nebraska"
ISULEH72200050131,2016,A01,Annual,NA,13.8,LEH,Leisure and hospitality,722000,Food services and drinking places,5,Number of injury cases (thousands) (Size class 0),0,RSE of Total recordable cases,131,"Private industry, Nebraska"
ISULEH72200050131,2015,A01,Annual,NA,9.3,LEH,Leisure and hospitality,722000,Food services and drinking places,5,Number of injury cases (thousands) (Size class 0),0,RSE of Total recordable cases,131,"Private industry, Nebraska"
ISULEH72200050131,2014,A01,Annual,NA,9,LEH,Leisure and hospitality,722000,Food services and drinking places,5,Number of injury cases (thousands) (Size class 0),0,RSE of Total recordable cases,131,"Private industry, Nebraska"
ISULEH72200051131,2020,A01,Annual,NA,0.9,LEH,Leisure and hospitality,722000,Food services and drinking places,5,Number of injury cases (thousands) (Size class 0),1,Total recordable cases,131,"Private industry, Nebraska"
ISULEH72200051131,2019,A01,Annual,NA,1.3,LEH,Leisure and hospitality,722000,Food services and drinking places,5,Number of injury cases (thousands) (Size class 0),1,Total recordable cases,131,"Private industry, Nebraska"
ISULEH72200051131,2018,A01,Annual,NA,1.4,LEH,Leisure and hospitality,722000,Food services and drinking places,5,Number of injury cases (thousands) (Size class 0),1,Total recordable cases,131,"Private industry, Nebraska"
ISULEH72200051131,2017,A01,Annual,NA,1.1,LEH,Leisure and hospitality,722000,Food services and drinking places,5,Number of injury cases (thousands) (Size class 0),1,Total recordable cases,131,"Private industry, Nebraska"
ISULEH72200051131,2016,A01,Annual,NA,1.1,LEH,Leisure and hospitality,722000,Food services and drinking places,5,Number of injury cases (thousands) (Size class 0),1,Total recordable cases,131,"Private industry, Nebraska"
ISULEH72200051131,2015,A01,Annual,NA,1,LEH,Leisure and hospitality,722000,Food services and drinking places,5,Number of injury cases (thousands) (Size class 0),1,Total recordable cases,131,"Private industry, Nebraska"
ISULEH72200051131,2014,A01,Annual,NA,1.3,LEH,Leisure and hospitality,722000,Food services and drinking places,5,Number of injury cases (thousands) (Size class 0),1,Total recordable cases,131,"Private industry, Nebraska"
ISULEHSP1LEH10131,2020,A01,Annual,NA,12.2,LEH,Leisure and hospitality,SP1LEH,"Leisure, entertainment, and hospitality",1,Rate of injury cases per 100 full-time workers (Size class 0),0,RSE of Total recordable cases,131,"Private industry, Nebraska"
ISULEHSP1LEH10131,2019,A01,Annual,NA,9.6,LEH,Leisure and hospitality,SP1LEH,"Leisure, entertainment, and hospitality",1,Rate of injury cases per 100 full-time workers (Size class 0),0,RSE of Total recordable cases,131,"Private industry, Nebraska"
ISULEHSP1LEH10131,2018,A01,Annual,NA,10.6,LEH,Leisure and hospitality,SP1LEH,"Leisure, entertainment, and hospitality",1,Rate of injury cases per 100 full-time workers (Size class 0),0,RSE of Total recordable cases,131,"Private industry, Nebraska"
ISULEHSP1LEH10131,2017,A01,Annual,NA,9.7,LEH,Leisure and hospitality,SP1LEH,"Leisure, entertainment, and hospitality",1,Rate of injury cases per 100 full-time workers (Size class 0),0,RSE of Total recordable cases,131,"Private industry, Nebraska"
ISULEHSP1LEH10131,2016,A01,Annual,NA,11.4,LEH,Leisure and hospitality,SP1LEH,"Leisure, entertainment, and hospitality",1,Rate of injury cases per 100 full-time workers (Size class 0),0,RSE of Total recordable cases,131,"Private industry, Nebraska"
ISULEHSP1LEH10131,2015,A01,Annual,NA,10.1,LEH,Leisure and hospitality,SP1LEH,"Leisure, entertainment, and hospitality",1,Rate of injury cases per 100 full-time workers (Size class 0),0,RSE of Total recordable cases,131,"Private industry, Nebraska"
ISULEHSP1LEH10131,2014,A01,Annual,NA,7.7,LEH,Leisure and hospitality,SP1LEH,"Leisure, entertainment, and hospitality",1,Rate of injury cases per 100 full-time workers (Size class 0),0,RSE of Total recordable cases,131,"Private industry, Nebraska"
ISULEHSP1LEH11131,2020,A01,Annual,NA,2.5,LEH,Leisure and hospitality,SP1LEH,"Leisure, entertainment, and hospitality",1,Rate of injury cases per 100 full-time workers (Size class 0),1,Total recordable cases,131,"Private industry, Nebraska"
ISULEHSP1LEH11131,2019,A01,Annual,NA,3,LEH,Leisure and hospitality,SP1LEH,"Leisure, entertainment, and hospitality",1,Rate of injury cases per 100 full-time workers (Size class 0),1,Total recordable cases,131,"Private industry, Nebraska"
ISULEHSP1LEH11131,2018,A01,Annual,NA,3.4,LEH,Leisure and hospitality,SP1LEH,"Leisure, entertainment, and hospitality",1,Rate of injury cases per 100 full-time workers (Size class 0),1,Total recordable cases,131,"Private industry, Nebraska"
ISULEHSP1LEH11131,2017,A01,Annual,NA,2.8,LEH,Leisure and hospitality,SP1LEH,"Leisure, entertainment, and hospitality",1,Rate of injury cases per 100 full-time workers (Size class 0),1,Total recordable cases,131,"Private industry, Nebraska"
ISULEHSP1LEH11131,2016,A01,Annual,NA,3.2,LEH,Leisure and hospitality,SP1LEH,"Leisure, entertainment, and hospitality",1,Rate of injury cases per 100 full-time workers (Size class 0),1,Total recordable cases,131,"Private industry, Nebraska"
ISULEHSP1LEH11131,2015,A01,Annual,NA,2.7,LEH,Leisure and hospitality,SP1LEH,"Leisure, entertainment, and hospitality",1,Rate of injury cases per 100 full-time workers (Size class 0),1,Total recordable cases,131,"Private industry, Nebraska"
ISULEHSP1LEH11131,2014,A01,Annual,NA,3.3,LEH,Leisure and hospitality,SP1LEH,"Leisure, entertainment, and hospitality",1,Rate of injury cases per 100 full-time workers (Size class 0),1,Total recordable cases,131,"Private industry, Nebraska"
ISULEHSP1LEH50131,2020,A01,Annual,NA,12.7,LEH,Leisure and hospitality,SP1LEH,"Leisure, entertainment, and hospitality",5,Number of injury cases (thousands) (Size class 0),0,RSE of Total recordable cases,131,"Private industry, Nebraska"
ISULEHSP1LEH50131,2019,A01,Annual,NA,9.5,LEH,Leisure and hospitality,SP1LEH,"Leisure, entertainment, and hospitality",5,Number of injury cases (thousands) (Size class 0),0,RSE of Total recordable cases,131,"Private industry, Nebraska"
ISULEHSP1LEH50131,2018,A01,Annual,NA,10.7,LEH,Leisure and hospitality,SP1LEH,"Leisure, entertainment, and hospitality",5,Number of injury cases (thousands) (Size class 0),0,RSE of Total recordable cases,131,"Private industry, Nebraska"
ISULEHSP1LEH50131,2017,A01,Annual,NA,9.7,LEH,Leisure and hospitality,SP1LEH,"Leisure, entertainment, and hospitality",5,Number of injury cases (thousands) (Size class 0),0,RSE of Total recordable cases,131,"Private industry, Nebraska"
ISULEHSP1LEH50131,2016,A01,Annual,NA,11.5,LEH,Leisure and hospitality,SP1LEH,"Leisure, entertainment, and hospitality",5,Number of injury cases (thousands) (Size class 0),0,RSE of Total recordable cases,131,"Private industry, Nebraska"
ISULEHSP1LEH50131,2015,A01,Annual,NA,9.7,LEH,Leisure and hospitality,SP1LEH,"Leisure, entertainment, and hospitality",5,Number of injury cases (thousands) (Size class 0),0,RSE of Total recordable cases,131,"Private industry, Nebraska"
ISULEHSP1LEH50131,2014,A01,Annual,NA,7.6,LEH,Leisure and hospitality,SP1LEH,"Leisure, entertainment, and hospitality",5,Number of injury cases (thousands) (Size class 0),0,RSE of Total recordable cases,131,"Private industry, Nebraska"
ISULEHSP1LEH51131,2020,A01,Annual,NA,1.1,LEH,Leisure and hospitality,SP1LEH,"Leisure, entertainment, and hospitality",5,Number of injury cases (thousands) (Size class 0),1,Total recordable cases,131,"Private industry, Nebraska"
ISULEHSP1LEH51131,2019,A01,Annual,NA,1.5,LEH,Leisure and hospitality,SP1LEH,"Leisure, entertainment, and hospitality",5,Number of injury cases (thousands) (Size class 0),1,Total recordable cases,131,"Private industry, Nebraska"
ISULEHSP1LEH51131,2018,A01,Annual,NA,1.7,LEH,Leisure and hospitality,SP1LEH,"Leisure, entertainment, and hospitality",5,Number of injury cases (thousands) (Size class 0),1,Total recordable cases,131,"Private industry, Nebraska"
ISULEHSP1LEH51131,2017,A01,Annual,NA,1.5,LEH,Leisure and hospitality,SP1LEH,"Leisure, entertainment, and hospitality",5,Number of injury cases (thousands) (Size class 0),1,Total recordable cases,131,"Private industry, Nebraska"
ISULEHSP1LEH51131,2016,A01,Annual,NA,1.5,LEH,Leisure and hospitality,SP1LEH,"Leisure, entertainment, and hospitality",5,Number of injury cases (thousands) (Size class 0),1,Total recordable cases,131,"Private industry, Nebraska"
ISULEHSP1LEH51131,2015,A01,Annual,NA,1.3,LEH,Leisure and hospitality,SP1LEH,"Leisure, entertainment, and hospitality",5,Number of injury cases (thousands) (Size class 0),1,Total recordable cases,131,"Private industry, Nebraska"
ISULEHSP1LEH51131,2014,A01,Annual,NA,1.7,LEH,Leisure and hospitality,SP1LEH,"Leisure, entertainment, and hospitality",5,Number of injury cases (thousands) (Size class 0),1,Total recordable cases,131,"Private industry, Nebraska"
ISULEHSP2AER10131,2020,A01,Annual,NA,15,LEH,Leisure and hospitality,SP2AER,"Arts, entertainment, and recreation",1,Rate of injury cases per 100 full-time workers (Size class 0),0,RSE of Total recordable cases,131,"Private industry, Nebraska"
ISULEHSP2AER10131,2019,A01,Annual,NA,20.9,LEH,Leisure and hospitality,SP2AER,"Arts, entertainment, and recreation",1,Rate of injury cases per 100 full-time workers (Size class 0),0,RSE of Total recordable cases,131,"Private industry, Nebraska"
ISULEHSP2AER10131,2018,A01,Annual,NA,12.7,LEH,Leisure and hospitality,SP2AER,"Arts, entertainment, and recreation",1,Rate of injury cases per 100 full-time workers (Size class 0),0,RSE of Total recordable cases,131,"Private industry, Nebraska"
ISULEHSP2AER10131,2017,A01,Annual,NA,16.3,LEH,Leisure and hospitality,SP2AER,"Arts, entertainment, and recreation",1,Rate of injury cases per 100 full-time workers (Size class 0),0,RSE of Total recordable cases,131,"Private industry, Nebraska"
ISULEHSP2AER10131,2016,A01,Annual,NA,16.9,LEH,Leisure and hospitality,SP2AER,"Arts, entertainment, and recreation",1,Rate of injury cases per 100 full-time workers (Size class 0),0,RSE of Total recordable cases,131,"Private industry, Nebraska"
ISULEHSP2AER10131,2014,A01,Annual,NA,18.6,LEH,Leisure and hospitality,SP2AER,"Arts, entertainment, and recreation",1,Rate of injury cases per 100 full-time workers (Size class 0),0,RSE of Total recordable cases,131,"Private industry, Nebraska"
ISULEHSP2AER11131,2020,A01,Annual,NA,2.2,LEH,Leisure and hospitality,SP2AER,"Arts, entertainment, and recreation",1,Rate of injury cases per 100 full-time workers (Size class 0),1,Total recordable cases,131,"Private industry, Nebraska"
ISULEHSP2AER11131,2019,A01,Annual,NA,2.5,LEH,Leisure and hospitality,SP2AER,"Arts, entertainment, and recreation",1,Rate of injury cases per 100 full-time workers (Size class 0),1,Total recordable cases,131,"Private industry, Nebraska"
ISULEHSP2AER11131,2018,A01,Annual,NA,2.3,LEH,Leisure and hospitality,SP2AER,"Arts, entertainment, and recreation",1,Rate of injury cases per 100 full-time workers (Size class 0),1,Total recordable cases,131,"Private industry, Nebraska"
ISULEHSP2AER11131,2017,A01,Annual,NA,1.6,LEH,Leisure and hospitality,SP2AER,"Arts, entertainment, and recreation",1,Rate of injury cases per 100 full-time workers (Size class 0),1,Total recordable cases,131,"Private industry, Nebraska"
ISULEHSP2AER11131,2016,A01,Annual,NA,2.8,LEH,Leisure and hospitality,SP2AER,"Arts, entertainment, and recreation",1,Rate of injury cases per 100 full-time workers (Size class 0),1,Total recordable cases,131,"Private industry, Nebraska"
ISULEHSP2AER11131,2014,A01,Annual,NA,2.2,LEH,Leisure and hospitality,SP2AER,"Arts, entertainment, and recreation",1,Rate of injury cases per 100 full-time workers (Size class 0),1,Total recordable cases,131,"Private industry, Nebraska"
ISULEHSP2AER50131,2020,A01,Annual,NA,16.5,LEH,Leisure and hospitality,SP2AER,"Arts, entertainment, and recreation",5,Number of injury cases (thousands) (Size class 0),0,RSE of Total recordable cases,131,"Private industry, Nebraska"
ISULEHSP2AER50131,2019,A01,Annual,NA,20.5,LEH,Leisure and hospitality,SP2AER,"Arts, entertainment, and recreation",5,Number of injury cases (thousands) (Size class 0),0,RSE of Total recordable cases,131,"Private industry, Nebraska"
ISULEHSP2AER50131,2018,A01,Annual,NA,12.9,LEH,Leisure and hospitality,SP2AER,"Arts, entertainment, and recreation",5,Number of injury cases (thousands) (Size class 0),0,RSE of Total recordable cases,131,"Private industry, Nebraska"
ISULEHSP2AER50131,2017,A01,Annual,NA,15.7,LEH,Leisure and hospitality,SP2AER,"Arts, entertainment, and recreation",5,Number of injury cases (thousands) (Size class 0),0,RSE of Total recordable cases,131,"Private industry, Nebraska"
ISULEHSP2AER50131,2016,A01,Annual,NA,18.1,LEH,Leisure and hospitality,SP2AER,"Arts, entertainment, and recreation",5,Number of injury cases (thousands) (Size class 0),0,RSE of Total recordable cases,131,"Private industry, Nebraska"
ISULEHSP2AER50131,2014,A01,Annual,NA,16.1,LEH,Leisure and hospitality,SP2AER,"Arts, entertainment, and recreation",5,Number of injury cases (thousands) (Size class 0),0,RSE of Total recordable cases,131,"Private industry, Nebraska"
ISULEHSP2AER51131,2020,A01,Annual,NA,0.1,LEH,Leisure and hospitality,SP2AER,"Arts, entertainment, and recreation",5,Number of injury cases (thousands) (Size class 0),1,Total recordable cases,131,"Private industry, Nebraska"
ISULEHSP2AER51131,2019,A01,Annual,NA,0.2,LEH,Leisure and hospitality,SP2AER,"Arts, entertainment, and recreation",5,Number of injury cases (thousands) (Size class 0),1,Total recordable cases,131,"Private industry, Nebraska"
ISULEHSP2AER51131,2018,A01,Annual,NA,0.2,LEH,Leisure and hospitality,SP2AER,"Arts, entertainment, and recreation",5,Number of injury cases (thousands) (Size class 0),1,Total recordable cases,131,"Private industry, Nebraska"
ISULEHSP2AER51131,2017,A01,Annual,NA,0.1,LEH,Leisure and hospitality,SP2AER,"Arts, entertainment, and recreation",5,Number of injury cases (thousands) (Size class 0),1,Total recordable cases,131,"Private industry, Nebraska"
ISULEHSP2AER51131,2016,A01,Annual,NA,0.2,LEH,Leisure and hospitality,SP2AER,"Arts, entertainment, and recreation",5,Number of injury cases (thousands) (Size class 0),1,Total recordable cases,131,"Private industry, Nebraska"
ISULEHSP2AER51131,2014,A01,Annual,NA,0.1,LEH,Leisure and hospitality,SP2AER,"Arts, entertainment, and recreation",5,Number of injury cases (thousands) (Size class 0),1,Total recordable cases,131,"Private industry, Nebraska"
ISULEHSP2AFS10131,2020,A01,Annual,NA,13.7,LEH,Leisure and hospitality,SP2AFS,Accommodation and food services,1,Rate of injury cases per 100 full-time workers (Size class 0),0,RSE of Total recordable cases,131,"Private industry, Nebraska"
ISULEHSP2AFS10131,2019,A01,Annual,NA,10.4,LEH,Leisure and hospitality,SP2AFS,Accommodation and food services,1,Rate of injury cases per 100 full-time workers (Size class 0),0,RSE of Total recordable cases,131,"Private industry, Nebraska"
ISULEHSP2AFS10131,2018,A01,Annual,NA,11.6,LEH,Leisure and hospitality,SP2AFS,Accommodation and food services,1,Rate of injury cases per 100 full-time workers (Size class 0),0,RSE of Total recordable cases,131,"Private industry, Nebraska"
ISULEHSP2AFS10131,2017,A01,Annual,NA,10.3,LEH,Leisure and hospitality,SP2AFS,Accommodation and food services,1,Rate of injury cases per 100 full-time workers (Size class 0),0,RSE of Total recordable cases,131,"Private industry, Nebraska"
ISULEHSP2AFS10131,2016,A01,Annual,NA,12.7,LEH,Leisure and hospitality,SP2AFS,Accommodation and food services,1,Rate of injury cases per 100 full-time workers (Size class 0),0,RSE of Total recordable cases,131,"Private industry, Nebraska"
ISULEHSP2AFS10131,2015,A01,Annual,NA,8.5,LEH,Leisure and hospitality,SP2AFS,Accommodation and food services,1,Rate of injury cases per 100 full-time workers (Size class 0),0,RSE of Total recordable cases,131,"Private industry, Nebraska"
ISULEHSP2AFS10131,2014,A01,Annual,NA,8.3,LEH,Leisure and hospitality,SP2AFS,Accommodation and food services,1,Rate of injury cases per 100 full-time workers (Size class 0),0,RSE of Total recordable cases,131,"Private industry, Nebraska"
ISULEHSP2AFS11131,2020,A01,Annual,NA,2.5,LEH,Leisure and hospitality,SP2AFS,Accommodation and food services,1,Rate of injury cases per 100 full-time workers (Size class 0),1,Total recordable cases,131,"Private industry, Nebraska"
ISULEHSP2AFS11131,2019,A01,Annual,NA,3.1,LEH,Leisure and hospitality,SP2AFS,Accommodation and food services,1,Rate of injury cases per 100 full-time workers (Size class 0),1,Total recordable cases,131,"Private industry, Nebraska"
ISULEHSP2AFS11131,2018,A01,Annual,NA,3.5,LEH,Leisure and hospitality,SP2AFS,Accommodation and food services,1,Rate of injury cases per 100 full-time workers (Size class 0),1,Total recordable cases,131,"Private industry, Nebraska"
ISULEHSP2AFS11131,2017,A01,Annual,NA,3,LEH,Leisure and hospitality,SP2AFS,Accommodation and food services,1,Rate of injury cases per 100 full-time workers (Size class 0),1,Total recordable cases,131,"Private industry, Nebraska"
ISULEHSP2AFS11131,2016,A01,Annual,NA,3.2,LEH,Leisure and hospitality,SP2AFS,Accommodation and food services,1,Rate of injury cases per 100 full-time workers (Size class 0),1,Total recordable cases,131,"Private industry, Nebraska"
ISULEHSP2AFS11131,2015,A01,Annual,NA,2.6,LEH,Leisure and hospitality,SP2AFS,Accommodation and food services,1,Rate of injury cases per 100 full-time workers (Size class 0),1,Total recordable cases,131,"Private industry, Nebraska"
ISULEHSP2AFS11131,2014,A01,Annual,NA,3.5,LEH,Leisure and hospitality,SP2AFS,Accommodation and food services,1,Rate of injury cases per 100 full-time workers (Size class 0),1,Total recordable cases,131,"Private industry, Nebraska"
ISULEHSP2AFS50131,2020,A01,Annual,NA,14.3,LEH,Leisure and hospitality,SP2AFS,Accommodation and food services,5,Number of injury cases (thousands) (Size class 0),0,RSE of Total recordable cases,131,"Private industry, Nebraska"
ISULEHSP2AFS50131,2019,A01,Annual,NA,10.4,LEH,Leisure and hospitality,SP2AFS,Accommodation and food services,5,Number of injury cases (thousands) (Size class 0),0,RSE of Total recordable cases,131,"Private industry, Nebraska"
ISULEHSP2AFS50131,2018,A01,Annual,NA,11.8,LEH,Leisure and hospitality,SP2AFS,Accommodation and food services,5,Number of injury cases (thousands) (Size class 0),0,RSE of Total recordable cases,131,"Private industry, Nebraska"
ISULEHSP2AFS50131,2017,A01,Annual,NA,10.5,LEH,Leisure and hospitality,SP2AFS,Accommodation and food services,5,Number of injury cases (thousands) (Size class 0),0,RSE of Total recordable cases,131,"Private industry, Nebraska"
ISULEHSP2AFS50131,2016,A01,Annual,NA,12.8,LEH,Leisure and hospitality,SP2AFS,Accommodation and food services,5,Number of injury cases (thousands) (Size class 0),0,RSE of Total recordable cases,131,"Private industry, Nebraska"
ISULEHSP2AFS50131,2015,A01,Annual,NA,8.7,LEH,Leisure and hospitality,SP2AFS,Accommodation and food services,5,Number of injury cases (thousands) (Size class 0),0,RSE of Total recordable cases,131,"Private industry, Nebraska"
ISULEHSP2AFS50131,2014,A01,Annual,NA,8.2,LEH,Leisure and hospitality,SP2AFS,Accommodation and food services,5,Number of injury cases (thousands) (Size class 0),0,RSE of Total recordable cases,131,"Private industry, Nebraska"
ISULEHSP2AFS51131,2020,A01,Annual,NA,1,LEH,Leisure and hospitality,SP2AFS,Accommodation and food services,5,Number of injury cases (thousands) (Size class 0),1,Total recordable cases,131,"Private industry, Nebraska"
ISULEHSP2AFS51131,2019,A01,Annual,NA,1.4,LEH,Leisure and hospitality,SP2AFS,Accommodation and food services,5,Number of injury cases (thousands) (Size class 0),1,Total recordable cases,131,"Private industry, Nebraska"
ISULEHSP2AFS51131,2018,A01,Annual,NA,1.5,LEH,Leisure and hospitality,SP2AFS,Accommodation and food services,5,Number of injury cases (thousands) (Size class 0),1,Total recordable cases,131,"Private industry, Nebraska"
ISULEHSP2AFS51131,2017,A01,Annual,NA,1.3,LEH,Leisure and hospitality,SP2AFS,Accommodation and food services,5,Number of injury cases (thousands) (Size class 0),1,Total recordable cases,131,"Private industry, Nebraska"
ISULEHSP2AFS51131,2016,A01,Annual,NA,1.3,LEH,Leisure and hospitality,SP2AFS,Accommodation and food services,5,Number of injury cases (thousands) (Size class 0),1,Total recordable cases,131,"Private industry, Nebraska"
ISULEHSP2AFS51131,2015,A01,Annual,NA,1.1,LEH,Leisure and hospitality,SP2AFS,Accommodation and food services,5,Number of injury cases (thousands) (Size class 0),1,Total recordable cases,131,"Private industry, Nebraska"
ISULEHSP2AFS51131,2014,A01,Annual,NA,1.5,LEH,Leisure and hospitality,SP2AFS,Accommodation and food services,5,Number of injury cases (thousands) (Size class 0),1,Total recordable cases,131,"Private industry, Nebraska"
ISUMFG31100010131,2020,A01,Annual,NA,2.8,MFG,Manufacturing,311000,Food manufacturing,1,Rate of injury cases per 100 full-time workers (Size class 0),0,RSE of Total recordable cases,131,"Private industry, Nebraska"
ISUMFG31100010131,2019,A01,Annual,NA,2,MFG,Manufacturing,311000,Food manufacturing,1,Rate of injury cases per 100 full-time workers (Size class 0),0,RSE of Total recordable cases,131,"Private industry, Nebraska"
ISUMFG31100010131,2018,A01,Annual,NA,2.9,MFG,Manufacturing,311000,Food manufacturing,1,Rate of injury cases per 100 full-time workers (Size class 0),0,RSE of Total recordable cases,131,"Private industry, Nebraska"
ISUMFG31100010131,2017,A01,Annual,NA,2.5,MFG,Manufacturing,311000,Food manufacturing,1,Rate of injury cases per 100 full-time workers (Size class 0),0,RSE of Total recordable cases,131,"Private industry, Nebraska"
ISUMFG31100010131,2016,A01,Annual,NA,2.3,MFG,Manufacturing,311000,Food manufacturing,1,Rate of injury cases per 100 full-time workers (Size class 0),0,RSE of Total recordable cases,131,"Private industry, Nebraska"
ISUMFG31100010131,2015,A01,Annual,NA,1.4,MFG,Manufacturing,311000,Food manufacturing,1,Rate of injury cases per 100 full-time workers (Size class 0),0,RSE of Total recordable cases,131,"Private industry, Nebraska"
ISUMFG31100010131,2014,A01,Annual,NA,3,MFG,Manufacturing,311000,Food manufacturing,1,Rate of injury cases per 100 full-time workers (Size class 0),0,RSE of Total recordable cases,131,"Private industry, Nebraska"
ISUMFG31100011131,2020,A01,Annual,NA,3.6,MFG,Manufacturing,311000,Food manufacturing,1,Rate of injury cases per 100 full-time workers (Size class 0),1,Total recordable cases,131,"Private industry, Nebraska"
ISUMFG31100011131,2019,A01,Annual,NA,3.4,MFG,Manufacturing,311000,Food manufacturing,1,Rate of injury cases per 100 full-time workers (Size class 0),1,Total recordable cases,131,"Private industry, Nebraska"
ISUMFG31100011131,2018,A01,Annual,NA,4,MFG,Manufacturing,311000,Food manufacturing,1,Rate of injury cases per 100 full-time workers (Size class 0),1,Total recordable cases,131,"Private industry, Nebraska"
ISUMFG31100011131,2017,A01,Annual,NA,4,MFG,Manufacturing,311000,Food manufacturing,1,Rate of injury cases per 100 full-time workers (Size class 0),1,Total recordable cases,131,"Private industry, Nebraska"
ISUMFG31100011131,2016,A01,Annual,NA,4.8,MFG,Manufacturing,311000,Food manufacturing,1,Rate of injury cases per 100 full-time workers (Size class 0),1,Total recordable cases,131,"Private industry, Nebraska"
ISUMFG31100011131,2015,A01,Annual,NA,4.7,MFG,Manufacturing,311000,Food manufacturing,1,Rate of injury cases per 100 full-time workers (Size class 0),1,Total recordable cases,131,"Private industry, Nebraska"
ISUMFG31100011131,2014,A01,Annual,NA,4.9,MFG,Manufacturing,311000,Food manufacturing,1,Rate of injury cases per 100 full-time workers (Size class 0),1,Total recordable cases,131,"Private industry, Nebraska"
ISUMFG31100050131,2020,A01,Annual,NA,2.6,MFG,Manufacturing,311000,Food manufacturing,5,Number of injury cases (thousands) (Size class 0),0,RSE of Total recordable cases,131,"Private industry, Nebraska"
ISUMFG31100050131,2019,A01,Annual,NA,2.1,MFG,Manufacturing,311000,Food manufacturing,5,Number of injury cases (thousands) (Size class 0),0,RSE of Total recordable cases,131,"Private industry, Nebraska"
ISUMFG31100050131,2018,A01,Annual,NA,2.9,MFG,Manufacturing,311000,Food manufacturing,5,Number of injury cases (thousands) (Size class 0),0,RSE of Total recordable cases,131,"Private industry, Nebraska"
ISUMFG31100050131,2017,A01,Annual,NA,2.5,MFG,Manufacturing,311000,Food manufacturing,5,Number of injury cases (thousands) (Size class 0),0,RSE of Total recordable cases,131,"Private industry, Nebraska"
ISUMFG31100050131,2016,A01,Annual,NA,2,MFG,Manufacturing,311000,Food manufacturing,5,Number of injury cases (thousands) (Size class 0),0,RSE of Total recordable cases,131,"Private industry, Nebraska"
ISUMFG31100050131,2015,A01,Annual,NA,1.4,MFG,Manufacturing,311000,Food manufacturing,5,Number of injury cases (thousands) (Size class 0),0,RSE of Total recordable cases,131,"Private industry, Nebraska"
ISUMFG31100050131,2014,A01,Annual,NA,3.1,MFG,Manufacturing,311000,Food manufacturing,5,Number of injury cases (thousands) (Size class 0),0,RSE of Total recordable cases,131,"Private industry, Nebraska"
ISUMFG31100051131,2020,A01,Annual,NA,1.4,MFG,Manufacturing,311000,Food manufacturing,5,Number of injury cases (thousands) (Size class 0),1,Total recordable cases,131,"Private industry, Nebraska"
ISUMFG31100051131,2019,A01,Annual,NA,1.4,MFG,Manufacturing,311000,Food manufacturing,5,Number of injury cases (thousands) (Size class 0),1,Total recordable cases,131,"Private industry, Nebraska"
ISUMFG31100051131,2018,A01,Annual,NA,1.6,MFG,Manufacturing,311000,Food manufacturing,5,Number of injury cases (thousands) (Size class 0),1,Total recordable cases,131,"Private industry, Nebraska"
ISUMFG31100051131,2017,A01,Annual,NA,1.6,MFG,Manufacturing,311000,Food manufacturing,5,Number of injury cases (thousands) (Size class 0),1,Total recordable cases,131,"Private industry, Nebraska"
ISUMFG31100051131,2016,A01,Annual,NA,1.8,MFG,Manufacturing,311000,Food manufacturing,5,Number of injury cases (thousands) (Size class 0),1,Total recordable cases,131,"Private industry, Nebraska"
ISUMFG31100051131,2015,A01,Annual,NA,1.7,MFG,Manufacturing,311000,Food manufacturing,5,Number of injury cases (thousands) (Size class 0),1,Total recordable cases,131,"Private industry, Nebraska"
ISUMFG31100051131,2014,A01,Annual,NA,1.7,MFG,Manufacturing,311000,Food manufacturing,5,Number of injury cases (thousands) (Size class 0),1,Total recordable cases,131,"Private industry, Nebraska"
ISUMFG31110010131,2020,A01,Annual,NA,38,MFG,Manufacturing,311100,Animal food manufacturing,1,Rate of injury cases per 100 full-time workers (Size class 0),0,RSE of Total recordable cases,131,"Private industry, Nebraska"
ISUMFG31110010131,2019,A01,Annual,NA,29.8,MFG,Manufacturing,311100,Animal food manufacturing,1,Rate of injury cases per 100 full-time workers (Size class 0),0,RSE of Total recordable cases,131,"Private industry, Nebraska"
ISUMFG31110010131,2018,A01,Annual,NA,27.2,MFG,Manufacturing,311100,Animal food manufacturing,1,Rate of injury cases per 100 full-time workers (Size class 0),0,RSE of Total recordable cases,131,"Private industry, Nebraska"
ISUMFG31110010131,2017,A01,Annual,NA,35,MFG,Manufacturing,311100,Animal food manufacturing,1,Rate of injury cases per 100 full-time workers (Size class 0),0,RSE of Total recordable cases,131,"Private industry, Nebraska"
ISUMFG31110010131,2016,A01,Annual,NA,38.8,MFG,Manufacturing,311100,Animal food manufacturing,1,Rate of injury cases per 100 full-time workers (Size class 0),0,RSE of Total recordable cases,131,"Private industry, Nebraska"
ISUMFG31110010131,2015,A01,Annual,NA,22.3,MFG,Manufacturing,311100,Animal food manufacturing,1,Rate of injury cases per 100 full-time workers (Size class 0),0,RSE of Total recordable cases,131,"Private industry, Nebraska"
ISUMFG31110010131,2014,A01,Annual,NA,20.9,MFG,Manufacturing,311100,Animal food manufacturing,1,Rate of injury cases per 100 full-time workers (Size class 0),0,RSE of Total recordable cases,131,"Private industry, Nebraska"
ISUMFG31110011131,2020,A01,Annual,NA,2.1,MFG,Manufacturing,311100,Animal food manufacturing,1,Rate of injury cases per 100 full-time workers (Size class 0),1,Total recordable cases,131,"Private industry, Nebraska"
ISUMFG31110011131,2019,A01,Annual,NA,2.5,MFG,Manufacturing,311100,Animal food manufacturing,1,Rate of injury cases per 100 full-time workers (Size class 0),1,Total recordable cases,131,"Private industry, Nebraska"
ISUMFG31110011131,2018,A01,Annual,NA,4.1,MFG,Manufacturing,311100,Animal food manufacturing,1,Rate of injury cases per 100 full-time workers (Size class 0),1,Total recordable cases,131,"Private industry, Nebraska"
ISUMFG31110011131,2017,A01,Annual,NA,3.4,MFG,Manufacturing,311100,Animal food manufacturing,1,Rate of injury cases per 100 full-time workers (Size class 0),1,Total recordable cases,131,"Private industry, Nebraska"
ISUMFG31110011131,2016,A01,Annual,NA,2.5,MFG,Manufacturing,311100,Animal food manufacturing,1,Rate of injury cases per 100 full-time workers (Size class 0),1,Total recordable cases,131,"Private industry, Nebraska"
ISUMFG31110011131,2015,A01,Annual,NA,3.6,MFG,Manufacturing,311100,Animal food manufacturing,1,Rate of injury cases per 100 full-time workers (Size class 0),1,Total recordable cases,131,"Private industry, Nebraska"
ISUMFG31110011131,2014,A01,Annual,NA,5.2,MFG,Manufacturing,311100,Animal food manufacturing,1,Rate of injury cases per 100 full-time workers (Size class 0),1,Total recordable cases,131,"Private industry, Nebraska"
ISUMFG31110050131,2020,A01,Annual,NA,36.1,MFG,Manufacturing,311100,Animal food manufacturing,5,Number of injury cases (thousands) (Size class 0),0,RSE of Total recordable cases,131,"Private industry, Nebraska"
ISUMFG31110050131,2019,A01,Annual,NA,31.2,MFG,Manufacturing,311100,Animal food manufacturing,5,Number of injury cases (thousands) (Size class 0),0,RSE of Total recordable cases,131,"Private industry, Nebraska"
ISUMFG31110050131,2018,A01,Annual,NA,26.2,MFG,Manufacturing,311100,Animal food manufacturing,5,Number of injury cases (thousands) (Size class 0),0,RSE of Total recordable cases,131,"Private industry, Nebraska"
ISUMFG31110050131,2017,A01,Annual,NA,34.3,MFG,Manufacturing,311100,Animal food manufacturing,5,Number of injury cases (thousands) (Size class 0),0,RSE of Total recordable cases,131,"Private industry, Nebraska"
ISUMFG31110050131,2016,A01,Annual,NA,37.2,MFG,Manufacturing,311100,Animal food manufacturing,5,Number of injury cases (thousands) (Size class 0),0,RSE of Total recordable cases,131,"Private industry, Nebraska"
ISUMFG31110050131,2015,A01,Annual,NA,20.8,MFG,Manufacturing,311100,Animal food manufacturing,5,Number of injury cases (thousands) (Size class 0),0,RSE of Total recordable cases,131,"Private industry, Nebraska"
ISUMFG31110050131,2014,A01,Annual,NA,21.4,MFG,Manufacturing,311100,Animal food manufacturing,5,Number of injury cases (thousands) (Size class 0),0,RSE of Total recordable cases,131,"Private industry, Nebraska"
ISUMFG31110051131,2020,A01,Annual,NA,0.1,MFG,Manufacturing,311100,Animal food manufacturing,5,Number of injury cases (thousands) (Size class 0),1,Total recordable cases,131,"Private industry, Nebraska"
ISUMFG31110051131,2019,A01,Annual,NA,0.1,MFG,Manufacturing,311100,Animal food manufacturing,5,Number of injury cases (thousands) (Size class 0),1,Total recordable cases,131,"Private industry, Nebraska"
ISUMFG31110051131,2018,A01,Annual,NA,0.1,MFG,Manufacturing,311100,Animal food manufacturing,5,Number of injury cases (thousands) (Size class 0),1,Total recordable cases,131,"Private industry, Nebraska"
ISUMFG31110051131,2017,A01,Annual,NA,0.1,MFG,Manufacturing,311100,Animal food manufacturing,5,Number of injury cases (thousands) (Size class 0),1,Total recordable cases,131,"Private industry, Nebraska"
ISUMFG31110051131,2016,A01,Annual,NA,0.1,MFG,Manufacturing,311100,Animal food manufacturing,5,Number of injury cases (thousands) (Size class 0),1,Total recordable cases,131,"Private industry, Nebraska"
ISUMFG31110051131,2015,A01,Annual,NA,0.1,MFG,Manufacturing,311100,Animal food manufacturing,5,Number of injury cases (thousands) (Size class 0),1,Total recordable cases,131,"Private industry, Nebraska"
ISUMFG31110051131,2014,A01,Annual,NA,0.1,MFG,Manufacturing,311100,Animal food manufacturing,5,Number of injury cases (thousands) (Size class 0),1,Total recordable cases,131,"Private industry, Nebraska"
ISUMFG31120010131,2020,A01,Annual,NA,12.1,MFG,Manufacturing,311200,Grain and oilseed milling,1,Rate of injury cases per 100 full-time workers (Size class 0),0,RSE of Total recordable cases,131,"Private industry, Nebraska"
ISUMFG31120010131,2019,A01,Annual,NA,9.5,MFG,Manufacturing,311200,Grain and oilseed milling,1,Rate of injury cases per 100 full-time workers (Size class 0),0,RSE of Total recordable cases,131,"Private industry, Nebraska"
ISUMFG31120010131,2017,A01,Annual,NA,17.5,MFG,Manufacturing,311200,Grain and oilseed milling,1,Rate of injury cases per 100 full-time workers (Size class 0),0,RSE of Total recordable cases,131,"Private industry, Nebraska"
ISUMFG31120010131,2016,A01,Annual,NA,11.7,MFG,Manufacturing,311200,Grain and oilseed milling,1,Rate of injury cases per 100 full-time workers (Size class 0),0,RSE of Total recordable cases,131,"Private industry, Nebraska"
ISUMFG31120010131,2015,A01,Annual,NA,17.7,MFG,Manufacturing,311200,Grain and oilseed milling,1,Rate of injury cases per 100 full-time workers (Size class 0),0,RSE of Total recordable cases,131,"Private industry, Nebraska"
ISUMFG31120010131,2014,A01,Annual,NA,15.9,MFG,Manufacturing,311200,Grain and oilseed milling,1,Rate of injury cases per 100 full-time workers (Size class 0),0,RSE of Total recordable cases,131,"Private industry, Nebraska"
ISUMFG31120011131,2020,A01,Annual,NA,2,MFG,Manufacturing,311200,Grain and oilseed milling,1,Rate of injury cases per 100 full-time workers (Size class 0),1,Total recordable cases,131,"Private industry, Nebraska"
ISUMFG31120011131,2019,A01,Annual,NA,1.4,MFG,Manufacturing,311200,Grain and oilseed milling,1,Rate of injury cases per 100 full-time workers (Size class 0),1,Total recordable cases,131,"Private industry, Nebraska"
ISUMFG31120011131,2017,A01,Annual,NA,2.7,MFG,Manufacturing,311200,Grain and oilseed milling,1,Rate of injury cases per 100 full-time workers (Size class 0),1,Total recordable cases,131,"Private industry, Nebraska"
ISUMFG31120011131,2016,A01,Annual,NA,1.1,MFG,Manufacturing,311200,Grain and oilseed milling,1,Rate of injury cases per 100 full-time workers (Size class 0),1,Total recordable cases,131,"Private industry, Nebraska"
ISUMFG31120011131,2015,A01,Annual,NA,2,MFG,Manufacturing,311200,Grain and oilseed milling,1,Rate of injury cases per 100 full-time workers (Size class 0),1,Total recordable cases,131,"Private industry, Nebraska"
ISUMFG31120011131,2014,A01,Annual,NA,2.6,MFG,Manufacturing,311200,Grain and oilseed milling,1,Rate of injury cases per 100 full-time workers (Size class 0),1,Total recordable cases,131,"Private industry, Nebraska"
ISUMFG31120050131,2020,A01,Annual,NA,13.1,MFG,Manufacturing,311200,Grain and oilseed milling,5,Number of injury cases (thousands) (Size class 0),0,RSE of Total recordable cases,131,"Private industry, Nebraska"
ISUMFG31120050131,2019,A01,Annual,NA,11.5,MFG,Manufacturing,311200,Grain and oilseed milling,5,Number of injury cases (thousands) (Size class 0),0,RSE of Total recordable cases,131,"Private industry, Nebraska"
ISUMFG31120050131,2017,A01,Annual,NA,17.3,MFG,Manufacturing,311200,Grain and oilseed milling,5,Number of injury cases (thousands) (Size class 0),0,RSE of Total recordable cases,131,"Private industry, Nebraska"
ISUMFG31120050131,2016,A01,Annual,NA,11.8,MFG,Manufacturing,311200,Grain and oilseed milling,5,Number of injury cases (thousands) (Size class 0),0,RSE of Total recordable cases,131,"Private industry, Nebraska"
ISUMFG31120050131,2015,A01,Annual,NA,17.4,MFG,Manufacturing,311200,Grain and oilseed milling,5,Number of injury cases (thousands) (Size class 0),0,RSE of Total recordable cases,131,"Private industry, Nebraska"
ISUMFG31120050131,2014,A01,Annual,NA,17,MFG,Manufacturing,311200,Grain and oilseed milling,5,Number of injury cases (thousands) (Size class 0),0,RSE of Total recordable cases,131,"Private industry, Nebraska"
ISUMFG31120051131,2020,A01,Annual,NA,0,MFG,Manufacturing,311200,Grain and oilseed milling,5,Number of injury cases (thousands) (Size class 0),1,Total recordable cases,131,"Private industry, Nebraska"
ISUMFG31120051131,2019,A01,Annual,NA,0,MFG,Manufacturing,311200,Grain and oilseed milling,5,Number of injury cases (thousands) (Size class 0),1,Total recordable cases,131,"Private industry, Nebraska"
ISUMFG31120051131,2017,A01,Annual,NA,0.1,MFG,Manufacturing,311200,Grain and oilseed milling,5,Number of injury cases (thousands) (Size class 0),1,Total recordable cases,131,"Private industry, Nebraska"
ISUMFG31120051131,2016,A01,Annual,NA,0,MFG,Manufacturing,311200,Grain and oilseed milling,5,Number of injury cases (thousands) (Size class 0),1,Total recordable cases,131,"Private industry, Nebraska"
ISUMFG31120051131,2015,A01,Annual,NA,0,MFG,Manufacturing,311200,Grain and oilseed milling,5,Number of injury cases (thousands) (Size class 0),1,Total recordable cases,131,"Private industry, Nebraska"
ISUMFG31120051131,2014,A01,Annual,NA,0,MFG,Manufacturing,311200,Grain and oilseed milling,5,Number of injury cases (thousands) (Size class 0),1,Total recordable cases,131,"Private industry, Nebraska"
ISUMFG31160010131,2020,A01,Annual,NA,2.5,MFG,Manufacturing,311600,Animal slaughtering and processing,1,Rate of injury cases per 100 full-time workers (Size class 0),0,RSE of Total recordable cases,131,"Private industry, Nebraska"
ISUMFG31160010131,2019,A01,Annual,NA,0.5,MFG,Manufacturing,311600,Animal slaughtering and processing,1,Rate of injury cases per 100 full-time workers (Size class 0),0,RSE of Total recordable cases,131,"Private industry, Nebraska"
ISUMFG31160010131,2018,A01,Annual,NA,1.6,MFG,Manufacturing,311600,Animal slaughtering and processing,1,Rate of injury cases per 100 full-time workers (Size class 0),0,RSE of Total recordable cases,131,"Private industry, Nebraska"
ISUMFG31160010131,2017,A01,Annual,NA,1.1,MFG,Manufacturing,311600,Animal slaughtering and processing,1,Rate of injury cases per 100 full-time workers (Size class 0),0,RSE of Total recordable cases,131,"Private industry, Nebraska"
ISUMFG31160010131,2016,A01,Annual,NA,1.3,MFG,Manufacturing,311600,Animal slaughtering and processing,1,Rate of injury cases per 100 full-time workers (Size class 0),0,RSE of Total recordable cases,131,"Private industry, Nebraska"
ISUMFG31160010131,2015,A01,Annual,NA,1.1,MFG,Manufacturing,311600,Animal slaughtering and processing,1,Rate of injury cases per 100 full-time workers (Size class 0),0,RSE of Total recordable cases,131,"Private industry, Nebraska"
ISUMFG31160010131,2014,A01,Annual,NA,3.5,MFG,Manufacturing,311600,Animal slaughtering and processing,1,Rate of injury cases per 100 full-time workers (Size class 0),0,RSE of Total recordable cases,131,"Private industry, Nebraska"
ISUMFG31160011131,2020,A01,Annual,NA,3.9,MFG,Manufacturing,311600,Animal slaughtering and processing,1,Rate of injury cases per 100 full-time workers (Size class 0),1,Total recordable cases,131,"Private industry, Nebraska"
ISUMFG31160011131,2019,A01,Annual,NA,3.5,MFG,Manufacturing,311600,Animal slaughtering and processing,1,Rate of injury cases per 100 full-time workers (Size class 0),1,Total recordable cases,131,"Private industry, Nebraska"
ISUMFG31160011131,2018,A01,Annual,NA,4,MFG,Manufacturing,311600,Animal slaughtering and processing,1,Rate of injury cases per 100 full-time workers (Size class 0),1,Total recordable cases,131,"Private industry, Nebraska"
ISUMFG31160011131,2017,A01,Annual,NA,4,MFG,Manufacturing,311600,Animal slaughtering and processing,1,Rate of injury cases per 100 full-time workers (Size class 0),1,Total recordable cases,131,"Private industry, Nebraska"
ISUMFG31160011131,2016,A01,Annual,NA,5.1,MFG,Manufacturing,311600,Animal slaughtering and processing,1,Rate of injury cases per 100 full-time workers (Size class 0),1,Total recordable cases,131,"Private industry, Nebraska"
ISUMFG31160011131,2015,A01,Annual,NA,4.8,MFG,Manufacturing,311600,Animal slaughtering and processing,1,Rate of injury cases per 100 full-time workers (Size class 0),1,Total recordable cases,131,"Private industry, Nebraska"
ISUMFG31160011131,2014,A01,Annual,NA,4.8,MFG,Manufacturing,311600,Animal slaughtering and processing,1,Rate of injury cases per 100 full-time workers (Size class 0),1,Total recordable cases,131,"Private industry, Nebraska"
ISUMFG31160050131,2020,A01,Annual,NA,2.2,MFG,Manufacturing,311600,Animal slaughtering and processing,5,Number of injury cases (thousands) (Size class 0),0,RSE of Total recordable cases,131,"Private industry, Nebraska"
ISUMFG31160050131,2019,A01,Annual,NA,0.6,MFG,Manufacturing,311600,Animal slaughtering and processing,5,Number of injury cases (thousands) (Size class 0),0,RSE of Total recordable cases,131,"Private industry, Nebraska"
ISUMFG31160050131,2018,A01,Annual,NA,1.5,MFG,Manufacturing,311600,Animal slaughtering and processing,5,Number of injury cases (thousands) (Size class 0),0,RSE of Total recordable cases,131,"Private industry, Nebraska"
ISUMFG31160050131,2017,A01,Annual,NA,1.3,MFG,Manufacturing,311600,Animal slaughtering and processing,5,Number of injury cases (thousands) (Size class 0),0,RSE of Total recordable cases,131,"Private industry, Nebraska"
ISUMFG31160050131,2016,A01,Annual,NA,1.5,MFG,Manufacturing,311600,Animal slaughtering and processing,5,Number of injury cases (thousands) (Size class 0),0,RSE of Total recordable cases,131,"Private industry, Nebraska"
ISUMFG31160050131,2015,A01,Annual,NA,1.1,MFG,Manufacturing,311600,Animal slaughtering and processing,5,Number of injury cases (thousands) (Size class 0),0,RSE of Total recordable cases,131,"Private industry, Nebraska"
ISUMFG31160050131,2014,A01,Annual,NA,3.6,MFG,Manufacturing,311600,Animal slaughtering and processing,5,Number of injury cases (thousands) (Size class 0),0,RSE of Total recordable cases,131,"Private industry, Nebraska"
ISUMFG31160051131,2020,A01,Annual,NA,1.2,MFG,Manufacturing,311600,Animal slaughtering and processing,5,Number of injury cases (thousands) (Size class 0),1,Total recordable cases,131,"Private industry, Nebraska"
ISUMFG31160051131,2019,A01,Annual,NA,1.1,MFG,Manufacturing,311600,Animal slaughtering and processing,5,Number of injury cases (thousands) (Size class 0),1,Total recordable cases,131,"Private industry, Nebraska"
ISUMFG31160051131,2018,A01,Annual,NA,1.2,MFG,Manufacturing,311600,Animal slaughtering and processing,5,Number of injury cases (thousands) (Size class 0),1,Total recordable cases,131,"Private industry, Nebraska"
ISUMFG31160051131,2017,A01,Annual,NA,1.2,MFG,Manufacturing,311600,Animal slaughtering and processing,5,Number of injury cases (thousands) (Size class 0),1,Total recordable cases,131,"Private industry, Nebraska"
ISUMFG31160051131,2016,A01,Annual,NA,1.4,MFG,Manufacturing,311600,Animal slaughtering and processing,5,Number of injury cases (thousands) (Size class 0),1,Total recordable cases,131,"Private industry, Nebraska"
ISUMFG31160051131,2015,A01,Annual,NA,1.3,MFG,Manufacturing,311600,Animal slaughtering and processing,5,Number of injury cases (thousands) (Size class 0),1,Total recordable cases,131,"Private industry, Nebraska"
ISUMFG31160051131,2014,A01,Annual,NA,1.2,MFG,Manufacturing,311600,Animal slaughtering and processing,5,Number of injury cases (thousands) (Size class 0),1,Total recordable cases,131,"Private industry, Nebraska"
ISUMFG31161010131,2020,A01,Annual,NA,2.5,MFG,Manufacturing,311610,Animal slaughtering and processing,1,Rate of injury cases per 100 full-time workers (Size class 0),0,RSE of Total recordable cases,131,"Private industry, Nebraska"
ISUMFG31161010131,2019,A01,Annual,NA,0.5,MFG,Manufacturing,311610,Animal slaughtering and processing,1,Rate of injury cases per 100 full-time workers (Size class 0),0,RSE of Total recordable cases,131,"Private industry, Nebraska"
ISUMFG31161010131,2018,A01,Annual,NA,1.6,MFG,Manufacturing,311610,Animal slaughtering and processing,1,Rate of injury cases per 100 full-time workers (Size class 0),0,RSE of Total recordable cases,131,"Private industry, Nebraska"
ISUMFG31161010131,2017,A01,Annual,NA,1.1,MFG,Manufacturing,311610,Animal slaughtering and processing,1,Rate of injury cases per 100 full-time workers (Size class 0),0,RSE of Total recordable cases,131,"Private industry, Nebraska"
ISUMFG31161010131,2016,A01,Annual,NA,1.3,MFG,Manufacturing,311610,Animal slaughtering and processing,1,Rate of injury cases per 100 full-time workers (Size class 0),0,RSE of Total recordable cases,131,"Private industry, Nebraska"
ISUMFG31161010131,2015,A01,Annual,NA,1.1,MFG,Manufacturing,311610,Animal slaughtering and processing,1,Rate of injury cases per 100 full-time workers (Size class 0),0,RSE of Total recordable cases,131,"Private industry, Nebraska"
ISUMFG31161010131,2014,A01,Annual,NA,3.5,MFG,Manufacturing,311610,Animal slaughtering and processing,1,Rate of injury cases per 100 full-time workers (Size class 0),0,RSE of Total recordable cases,131,"Private industry, Nebraska"
ISUMFG31161011131,2020,A01,Annual,NA,3.9,MFG,Manufacturing,311610,Animal slaughtering and processing,1,Rate of injury cases per 100 full-time workers (Size class 0),1,Total recordable cases,131,"Private industry, Nebraska"
ISUMFG31161011131,2019,A01,Annual,NA,3.5,MFG,Manufacturing,311610,Animal slaughtering and processing,1,Rate of injury cases per 100 full-time workers (Size class 0),1,Total recordable cases,131,"Private industry, Nebraska"
ISUMFG31161011131,2018,A01,Annual,NA,4,MFG,Manufacturing,311610,Animal slaughtering and processing,1,Rate of injury cases per 100 full-time workers (Size class 0),1,Total recordable cases,131,"Private industry, Nebraska"
ISUMFG31161011131,2017,A01,Annual,NA,4,MFG,Manufacturing,311610,Animal slaughtering and processing,1,Rate of injury cases per 100 full-time workers (Size class 0),1,Total recordable cases,131,"Private industry, Nebraska"
ISUMFG31161011131,2016,A01,Annual,NA,5.1,MFG,Manufacturing,311610,Animal slaughtering and processing,1,Rate of injury cases per 100 full-time workers (Size class 0),1,Total recordable cases,131,"Private industry, Nebraska"
ISUMFG31161011131,2015,A01,Annual,NA,4.8,MFG,Manufacturing,311610,Animal slaughtering and processing,1,Rate of injury cases per 100 full-time workers (Size class 0),1,Total recordable cases,131,"Private industry, Nebraska"
ISUMFG31161011131,2014,A01,Annual,NA,4.8,MFG,Manufacturing,311610,Animal slaughtering and processing,1,Rate of injury cases per 100 full-time workers (Size class 0),1,Total recordable cases,131,"Private industry, Nebraska"
ISUMFG31161050131,2020,A01,Annual,NA,2.2,MFG,Manufacturing,311610,Animal slaughtering and processing,5,Number of injury cases (thousands) (Size class 0),0,RSE of Total recordable cases,131,"Private industry, Nebraska"
ISUMFG31161050131,2019,A01,Annual,NA,0.6,MFG,Manufacturing,311610,Animal slaughtering and processing,5,Number of injury cases (thousands) (Size class 0),0,RSE of Total recordable cases,131,"Private industry, Nebraska"
ISUMFG31161050131,2018,A01,Annual,NA,1.5,MFG,Manufacturing,311610,Animal slaughtering and processing,5,Number of injury cases (thousands) (Size class 0),0,RSE of Total recordable cases,131,"Private industry, Nebraska"
ISUMFG31161050131,2017,A01,Annual,NA,1.3,MFG,Manufacturing,311610,Animal slaughtering and processing,5,Number of injury cases (thousands) (Size class 0),0,RSE of Total recordable cases,131,"Private industry, Nebraska"
ISUMFG31161050131,2016,A01,Annual,NA,1.5,MFG,Manufacturing,311610,Animal slaughtering and processing,5,Number of injury cases (thousands) (Size class 0),0,RSE of Total recordable cases,131,"Private industry, Nebraska"
ISUMFG31161050131,2015,A01,Annual,NA,1.1,MFG,Manufacturing,311610,Animal slaughtering and processing,5,Number of injury cases (thousands) (Size class 0),0,RSE of Total recordable cases,131,"Private industry, Nebraska"
ISUMFG31161050131,2014,A01,Annual,NA,3.6,MFG,Manufacturing,311610,Animal slaughtering and processing,5,Number of injury cases (thousands) (Size class 0),0,RSE of Total recordable cases,131,"Private industry, Nebraska"
ISUMFG31161051131,2020,A01,Annual,NA,1.2,MFG,Manufacturing,311610,Animal slaughtering and processing,5,Number of injury cases (thousands) (Size class 0),1,Total recordable cases,131,"Private industry, Nebraska"
ISUMFG31161051131,2019,A01,Annual,NA,1.1,MFG,Manufacturing,311610,Animal slaughtering and processing,5,Number of injury cases (thousands) (Size class 0),1,Total recordable cases,131,"Private industry, Nebraska"
ISUMFG31161051131,2018,A01,Annual,NA,1.2,MFG,Manufacturing,311610,Animal slaughtering and processing,5,Number of injury cases (thousands) (Size class 0),1,Total recordable cases,131,"Private industry, Nebraska"
ISUMFG31161051131,2017,A01,Annual,NA,1.2,MFG,Manufacturing,311610,Animal slaughtering and processing,5,Number of injury cases (thousands) (Size class 0),1,Total recordable cases,131,"Private industry, Nebraska"
ISUMFG31161051131,2016,A01,Annual,NA,1.4,MFG,Manufacturing,311610,Animal slaughtering and processing,5,Number of injury cases (thousands) (Size class 0),1,Total recordable cases,131,"Private industry, Nebraska"
ISUMFG31161051131,2015,A01,Annual,NA,1.3,MFG,Manufacturing,311610,Animal slaughtering and processing,5,Number of injury cases (thousands) (Size class 0),1,Total recordable cases,131,"Private industry, Nebraska"
ISUMFG31161051131,2014,A01,Annual,NA,1.2,MFG,Manufacturing,311610,Animal slaughtering and processing,5,Number of injury cases (thousands) (Size class 0),1,Total recordable cases,131,"Private industry, Nebraska"
ISUFIASP1FIA10131,2019,A01,Annual,NA,14.6,FIA,Financial activities,SP1FIA,"Finance, insurance, and real estate",1,Rate of injury cases per 100 full-time workers (Size class 0),0,RSE of Total recordable cases,131,"Private industry, Nebraska"
ISUFIASP1FIA10131,2018,A01,Annual,NA,26.7,FIA,Financial activities,SP1FIA,"Finance, insurance, and real estate",1,Rate of injury cases per 100 full-time workers (Size class 0),0,RSE of Total recordable cases,131,"Private industry, Nebraska"
ISUFIASP1FIA10131,2017,A01,Annual,NA,16.3,FIA,Financial activities,SP1FIA,"Finance, insurance, and real estate",1,Rate of injury cases per 100 full-time workers (Size class 0),0,RSE of Total recordable cases,131,"Private industry, Nebraska"
ISUFIASP1FIA10131,2016,A01,Annual,NA,28.1,FIA,Financial activities,SP1FIA,"Finance, insurance, and real estate",1,Rate of injury cases per 100 full-time workers (Size class 0),0,RSE of Total recordable cases,131,"Private industry, Nebraska"
ISUFIASP1FIA10131,2015,A01,Annual,NA,12.1,FIA,Financial activities,SP1FIA,"Finance, insurance, and real estate",1,Rate of injury cases per 100 full-time workers (Size class 0),0,RSE of Total recordable cases,131,"Private industry, Nebraska"
ISUFIASP1FIA11131,2019,A01,Annual,NA,0.8,FIA,Financial activities,SP1FIA,"Finance, insurance, and real estate",1,Rate of injury cases per 100 full-time workers (Size class 0),1,Total recordable cases,131,"Private industry, Nebraska"
ISUFIASP1FIA11131,2018,A01,Annual,NA,1.1,FIA,Financial activities,SP1FIA,"Finance, insurance, and real estate",1,Rate of injury cases per 100 full-time workers (Size class 0),1,Total recordable cases,131,"Private industry, Nebraska"
ISUFIASP1FIA11131,2017,A01,Annual,NA,0.5,FIA,Financial activities,SP1FIA,"Finance, insurance, and real estate",1,Rate of injury cases per 100 full-time workers (Size class 0),1,Total recordable cases,131,"Private industry, Nebraska"
ISUFIASP1FIA11131,2016,A01,Annual,NA,1,FIA,Financial activities,SP1FIA,"Finance, insurance, and real estate",1,Rate of injury cases per 100 full-time workers (Size class 0),1,Total recordable cases,131,"Private industry, Nebraska"
ISUFIASP1FIA11131,2015,A01,Annual,NA,0.7,FIA,Financial activities,SP1FIA,"Finance, insurance, and real estate",1,Rate of injury cases per 100 full-time workers (Size class 0),1,Total recordable cases,131,"Private industry, Nebraska"
ISUFIASP1FIA50131,2019,A01,Annual,NA,15.3,FIA,Financial activities,SP1FIA,"Finance, insurance, and real estate",5,Number of injury cases (thousands) (Size class 0),0,RSE of Total recordable cases,131,"Private industry, Nebraska"
ISUFIASP1FIA50131,2018,A01,Annual,NA,24.3,FIA,Financial activities,SP1FIA,"Finance, insurance, and real estate",5,Number of injury cases (thousands) (Size class 0),0,RSE of Total recordable cases,131,"Private industry, Nebraska"
ISUFIASP1FIA50131,2017,A01,Annual,NA,16.4,FIA,Financial activities,SP1FIA,"Finance, insurance, and real estate",5,Number of injury cases (thousands) (Size class 0),0,RSE of Total recordable cases,131,"Private industry, Nebraska"
ISUFIASP1FIA50131,2016,A01,Annual,NA,25.4,FIA,Financial activities,SP1FIA,"Finance, insurance, and real estate",5,Number of injury cases (thousands) (Size class 0),0,RSE of Total recordable cases,131,"Private industry, Nebraska"
ISUFIASP1FIA50131,2015,A01,Annual,NA,11.2,FIA,Financial activities,SP1FIA,"Finance, insurance, and real estate",5,Number of injury cases (thousands) (Size class 0),0,RSE of Total recordable cases,131,"Private industry, Nebraska"
ISUFIASP1FIA51131,2019,A01,Annual,NA,0.5,FIA,Financial activities,SP1FIA,"Finance, insurance, and real estate",5,Number of injury cases (thousands) (Size class 0),1,Total recordable cases,131,"Private industry, Nebraska"
ISUFIASP1FIA51131,2018,A01,Annual,NA,0.7,FIA,Financial activities,SP1FIA,"Finance, insurance, and real estate",5,Number of injury cases (thousands) (Size class 0),1,Total recordable cases,131,"Private industry, Nebraska"
ISUFIASP1FIA51131,2017,A01,Annual,NA,0.3,FIA,Financial activities,SP1FIA,"Finance, insurance, and real estate",5,Number of injury cases (thousands) (Size class 0),1,Total recordable cases,131,"Private industry, Nebraska"
ISUFIASP1FIA51131,2016,A01,Annual,NA,0.6,FIA,Financial activities,SP1FIA,"Finance, insurance, and real estate",5,Number of injury cases (thousands) (Size class 0),1,Total recordable cases,131,"Private industry, Nebraska"
ISUFIASP1FIA51131,2015,A01,Annual,NA,0.4,FIA,Financial activities,SP1FIA,"Finance, insurance, and real estate",5,Number of injury cases (thousands) (Size class 0),1,Total recordable cases,131,"Private industry, Nebraska"
ISUFIASP2FIN10131,2019,A01,Annual,TRUE,19.6,FIA,Financial activities,SP2FIN,Finance and insurance,1,Rate of injury cases per 100 full-time workers (Size class 0),0,RSE of Total recordable cases,131,"Private industry, Nebraska"
ISUFIASP2FIN10131,2018,A01,Annual,NA,27.3,FIA,Financial activities,SP2FIN,Finance and insurance,1,Rate of injury cases per 100 full-time workers (Size class 0),0,RSE of Total recordable cases,131,"Private industry, Nebraska"
ISUFIASP2FIN10131,2017,A01,Annual,NA,21.5,FIA,Financial activities,SP2FIN,Finance and insurance,1,Rate of injury cases per 100 full-time workers (Size class 0),0,RSE of Total recordable cases,131,"Private industry, Nebraska"
ISUFIASP2FIN10131,2016,A01,Annual,NA,12,FIA,Financial activities,SP2FIN,Finance and insurance,1,Rate of injury cases per 100 full-time workers (Size class 0),0,RSE of Total recordable cases,131,"Private industry, Nebraska"
ISUFIASP2FIN10131,2015,A01,Annual,NA,8.9,FIA,Financial activities,SP2FIN,Finance and insurance,1,Rate of injury cases per 100 full-time workers (Size class 0),0,RSE of Total recordable cases,131,"Private industry, Nebraska"
ISUFIASP2FIN10131,2014,A01,Annual,NA,12.7,FIA,Financial activities,SP2FIN,Finance and insurance,1,Rate of injury cases per 100 full-time workers (Size class 0),0,RSE of Total recordable cases,131,"Private industry, Nebraska"
ISUFIASP2FIN11131,2019,A01,Annual,TRUE,0.5,FIA,Financial activities,SP2FIN,Finance and insurance,1,Rate of injury cases per 100 full-time workers (Size class 0),1,Total recordable cases,131,"Private industry, Nebraska"
ISUFIASP2FIN11131,2018,A01,Annual,NA,0.5,FIA,Financial activities,SP2FIN,Finance and insurance,1,Rate of injury cases per 100 full-time workers (Size class 0),1,Total recordable cases,131,"Private industry, Nebraska"
ISUFIASP2FIN11131,2017,A01,Annual,NA,0.4,FIA,Financial activities,SP2FIN,Finance and insurance,1,Rate of injury cases per 100 full-time workers (Size class 0),1,Total recordable cases,131,"Private industry, Nebraska"
ISUFIASP2FIN11131,2016,A01,Annual,NA,0.3,FIA,Financial activities,SP2FIN,Finance and insurance,1,Rate of injury cases per 100 full-time workers (Size class 0),1,Total recordable cases,131,"Private industry, Nebraska"
ISUFIASP2FIN11131,2015,A01,Annual,NA,0.4,FIA,Financial activities,SP2FIN,Finance and insurance,1,Rate of injury cases per 100 full-time workers (Size class 0),1,Total recordable cases,131,"Private industry, Nebraska"
ISUFIASP2FIN11131,2014,A01,Annual,NA,0.3,FIA,Financial activities,SP2FIN,Finance and insurance,1,Rate of injury cases per 100 full-time workers (Size class 0),1,Total recordable cases,131,"Private industry, Nebraska"
ISUFIASP2FIN50131,2019,A01,Annual,TRUE,19.5,FIA,Financial activities,SP2FIN,Finance and insurance,5,Number of injury cases (thousands) (Size class 0),0,RSE of Total recordable cases,131,"Private industry, Nebraska"
ISUFIASP2FIN50131,2018,A01,Annual,NA,27.3,FIA,Financial activities,SP2FIN,Finance and insurance,5,Number of injury cases (thousands) (Size class 0),0,RSE of Total recordable cases,131,"Private industry, Nebraska"
ISUFIASP2FIN50131,2017,A01,Annual,NA,21.3,FIA,Financial activities,SP2FIN,Finance and insurance,5,Number of injury cases (thousands) (Size class 0),0,RSE of Total recordable cases,131,"Private industry, Nebraska"
ISUFIASP2FIN50131,2016,A01,Annual,NA,12,FIA,Financial activities,SP2FIN,Finance and insurance,5,Number of injury cases (thousands) (Size class 0),0,RSE of Total recordable cases,131,"Private industry, Nebraska"
ISUFIASP2FIN50131,2015,A01,Annual,NA,9,FIA,Financial activities,SP2FIN,Finance and insurance,5,Number of injury cases (thousands) (Size class 0),0,RSE of Total recordable cases,131,"Private industry, Nebraska"
ISUFIASP2FIN50131,2014,A01,Annual,NA,12.6,FIA,Financial activities,SP2FIN,Finance and insurance,5,Number of injury cases (thousands) (Size class 0),0,RSE of Total recordable cases,131,"Private industry, Nebraska"
ISUFIASP2FIN51131,2019,A01,Annual,TRUE,0.3,FIA,Financial activities,SP2FIN,Finance and insurance,5,Number of injury cases (thousands) (Size class 0),1,Total recordable cases,131,"Private industry, Nebraska"
ISUFIASP2FIN51131,2018,A01,Annual,NA,0.3,FIA,Financial activities,SP2FIN,Finance and insurance,5,Number of injury cases (thousands) (Size class 0),1,Total recordable cases,131,"Private industry, Nebraska"
ISUFIASP2FIN51131,2017,A01,Annual,NA,0.2,FIA,Financial activities,SP2FIN,Finance and insurance,5,Number of injury cases (thousands) (Size class 0),1,Total recordable cases,131,"Private industry, Nebraska"
ISUFIASP2FIN51131,2016,A01,Annual,NA,0.2,FIA,Financial activities,SP2FIN,Finance and insurance,5,Number of injury cases (thousands) (Size class 0),1,Total recordable cases,131,"Private industry, Nebraska"
ISUFIASP2FIN51131,2015,A01,Annual,NA,0.2,FIA,Financial activities,SP2FIN,Finance and insurance,5,Number of injury cases (thousands) (Size class 0),1,Total recordable cases,131,"Private industry, Nebraska"
ISUFIASP2FIN51131,2014,A01,Annual,NA,0.2,FIA,Financial activities,SP2FIN,Finance and insurance,5,Number of injury cases (thousands) (Size class 0),1,Total recordable cases,131,"Private industry, Nebraska"
ISUFIASP2RRL10131,2019,A01,Annual,TRUE,23,FIA,Financial activities,SP2RRL,Real estate and rental and leasing,1,Rate of injury cases per 100 full-time workers (Size class 0),0,RSE of Total recordable cases,131,"Private industry, Nebraska"
ISUFIASP2RRL10131,2018,A01,Annual,NA,38.6,FIA,Financial activities,SP2RRL,Real estate and rental and leasing,1,Rate of injury cases per 100 full-time workers (Size class 0),0,RSE of Total recordable cases,131,"Private industry, Nebraska"
ISUFIASP2RRL10131,2017,A01,Annual,NA,24,FIA,Financial activities,SP2RRL,Real estate and rental and leasing,1,Rate of injury cases per 100 full-time workers (Size class 0),0,RSE of Total recordable cases,131,"Private industry, Nebraska"
ISUFIASP2RRL10131,2015,A01,Annual,NA,22.2,FIA,Financial activities,SP2RRL,Real estate and rental and leasing,1,Rate of injury cases per 100 full-time workers (Size class 0),0,RSE of Total recordable cases,131,"Private industry, Nebraska"
ISUFIASP2RRL11131,2019,A01,Annual,TRUE,3,FIA,Financial activities,SP2RRL,Real estate and rental and leasing,1,Rate of injury cases per 100 full-time workers (Size class 0),1,Total recordable cases,131,"Private industry, Nebraska"
ISUFIASP2RRL11131,2018,A01,Annual,NA,4.2,FIA,Financial activities,SP2RRL,Real estate and rental and leasing,1,Rate of injury cases per 100 full-time workers (Size class 0),1,Total recordable cases,131,"Private industry, Nebraska"
ISUFIASP2RRL11131,2017,A01,Annual,NA,1.1,FIA,Financial activities,SP2RRL,Real estate and rental and leasing,1,Rate of injury cases per 100 full-time workers (Size class 0),1,Total recordable cases,131,"Private industry, Nebraska"
ISUFIASP2RRL11131,2015,A01,Annual,NA,2.5,FIA,Financial activities,SP2RRL,Real estate and rental and leasing,1,Rate of injury cases per 100 full-time workers (Size class 0),1,Total recordable cases,131,"Private industry, Nebraska"
ISUFIASP2RRL50131,2019,A01,Annual,TRUE,23.5,FIA,Financial activities,SP2RRL,Real estate and rental and leasing,5,Number of injury cases (thousands) (Size class 0),0,RSE of Total recordable cases,131,"Private industry, Nebraska"
ISUFIASP2RRL50131,2018,A01,Annual,NA,37.1,FIA,Financial activities,SP2RRL,Real estate and rental and leasing,5,Number of injury cases (thousands) (Size class 0),0,RSE of Total recordable cases,131,"Private industry, Nebraska"
ISUFIASP2RRL50131,2017,A01,Annual,NA,23.5,FIA,Financial activities,SP2RRL,Real estate and rental and leasing,5,Number of injury cases (thousands) (Size class 0),0,RSE of Total recordable cases,131,"Private industry, Nebraska"
ISUFIASP2RRL50131,2015,A01,Annual,NA,20.4,FIA,Financial activities,SP2RRL,Real estate and rental and leasing,5,Number of injury cases (thousands) (Size class 0),0,RSE of Total recordable cases,131,"Private industry, Nebraska"
ISUFIASP2RRL51131,2019,A01,Annual,TRUE,0.3,FIA,Financial activities,SP2RRL,Real estate and rental and leasing,5,Number of injury cases (thousands) (Size class 0),1,Total recordable cases,131,"Private industry, Nebraska"
ISUFIASP2RRL51131,2018,A01,Annual,NA,0.4,FIA,Financial activities,SP2RRL,Real estate and rental and leasing,5,Number of injury cases (thousands) (Size class 0),1,Total recordable cases,131,"Private industry, Nebraska"
ISUFIASP2RRL51131,2017,A01,Annual,NA,0.1,FIA,Financial activities,SP2RRL,Real estate and rental and leasing,5,Number of injury cases (thousands) (Size class 0),1,Total recordable cases,131,"Private industry, Nebraska"
ISUFIASP2RRL51131,2015,A01,Annual,NA,0.2,FIA,Financial activities,SP2RRL,Real estate and rental and leasing,5,Number of injury cases (thousands) (Size class 0),1,Total recordable cases,131,"Private industry, Nebraska"
ISUGP1GP1AAA10131,2020,A01,Annual,NA,4.2,GP1,Goods producing,GP1AAA,Goods-producing,1,Rate of injury cases per 100 full-time workers (Size class 0),0,RSE of Total recordable cases,131,"Private industry, Nebraska"
ISUGP1GP1AAA10131,2019,A01,Annual,NA,4.4,GP1,Goods producing,GP1AAA,Goods-producing,1,Rate of injury cases per 100 full-time workers (Size class 0),0,RSE of Total recordable cases,131,"Private industry, Nebraska"
ISUGP1GP1AAA10131,2018,A01,Annual,NA,3.9,GP1,Goods producing,GP1AAA,Goods-producing,1,Rate of injury cases per 100 full-time workers (Size class 0),0,RSE of Total recordable cases,131,"Private industry, Nebraska"
ISUGP1GP1AAA10131,2017,A01,Annual,NA,4,GP1,Goods producing,GP1AAA,Goods-producing,1,Rate of injury cases per 100 full-time workers (Size class 0),0,RSE of Total recordable cases,131,"Private industry, Nebraska"
ISUGP1GP1AAA10131,2016,A01,Annual,NA,3.7,GP1,Goods producing,GP1AAA,Goods-producing,1,Rate of injury cases per 100 full-time workers (Size class 0),0,RSE of Total recordable cases,131,"Private industry, Nebraska"
ISUGP1GP1AAA10131,2015,A01,Annual,NA,3.9,GP1,Goods producing,GP1AAA,Goods-producing,1,Rate of injury cases per 100 full-time workers (Size class 0),0,RSE of Total recordable cases,131,"Private industry, Nebraska"
ISUGP1GP1AAA10131,2014,A01,Annual,NA,4.2,GP1,Goods producing,GP1AAA,Goods-producing,1,Rate of injury cases per 100 full-time workers (Size class 0),0,RSE of Total recordable cases,131,"Private industry, Nebraska"
ISUGP1GP1AAA10831,2019,A01,Annual,NA,47.9,GP1,Goods producing,GP1AAA,Goods-producing,1,Rate of injury cases per 100 full-time workers (Size class 0),0,RSE of Total recordable cases,831,"Local government, Nebraska"
ISUGP1GP1AAA10831,2018,A01,Annual,NA,0,GP1,Goods producing,GP1AAA,Goods-producing,1,Rate of injury cases per 100 full-time workers (Size class 0),0,RSE of Total recordable cases,831,"Local government, Nebraska"
ISUGP1GP1AAA10831,2017,A01,Annual,NA,41.7,GP1,Goods producing,GP1AAA,Goods-producing,1,Rate of injury cases per 100 full-time workers (Size class 0),0,RSE of Total recordable cases,831,"Local government, Nebraska"
ISUGP1GP1AAA11131,2020,A01,Annual,NA,3.1,GP1,Goods producing,GP1AAA,Goods-producing,1,Rate of injury cases per 100 full-time workers (Size class 0),1,Total recordable cases,131,"Private industry, Nebraska"
ISUGP1GP1AAA11131,2019,A01,Annual,NA,3.5,GP1,Goods producing,GP1AAA,Goods-producing,1,Rate of injury cases per 100 full-time workers (Size class 0),1,Total recordable cases,131,"Private industry, Nebraska"
ISUGP1GP1AAA11131,2018,A01,Annual,NA,3.7,GP1,Goods producing,GP1AAA,Goods-producing,1,Rate of injury cases per 100 full-time workers (Size class 0),1,Total recordable cases,131,"Private industry, Nebraska"
ISUGP1GP1AAA11131,2017,A01,Annual,NA,3.5,GP1,Goods producing,GP1AAA,Goods-producing,1,Rate of injury cases per 100 full-time workers (Size class 0),1,Total recordable cases,131,"Private industry, Nebraska"
ISUGP1GP1AAA11131,2016,A01,Annual,NA,4.1,GP1,Goods producing,GP1AAA,Goods-producing,1,Rate of injury cases per 100 full-time workers (Size class 0),1,Total recordable cases,131,"Private industry, Nebraska"
ISUGP1GP1AAA11131,2015,A01,Annual,NA,4.1,GP1,Goods producing,GP1AAA,Goods-producing,1,Rate of injury cases per 100 full-time workers (Size class 0),1,Total recordable cases,131,"Private industry, Nebraska"
ISUGP1GP1AAA11131,2014,A01,Annual,NA,4.5,GP1,Goods producing,GP1AAA,Goods-producing,1,Rate of injury cases per 100 full-time workers (Size class 0),1,Total recordable cases,131,"Private industry, Nebraska"
ISUGP1GP1AAA11831,2019,A01,Annual,NA,NA,GP1,Goods producing,GP1AAA,Goods-producing,1,Rate of injury cases per 100 full-time workers (Size class 0),1,Total recordable cases,831,"Local government, Nebraska"
ISUGP1GP1AAA11831,2018,A01,Annual,NA,NA,GP1,Goods producing,GP1AAA,Goods-producing,1,Rate of injury cases per 100 full-time workers (Size class 0),1,Total recordable cases,831,"Local government, Nebraska"
ISUGP1GP1AAA11831,2017,A01,Annual,NA,NA,GP1,Goods producing,GP1AAA,Goods-producing,1,Rate of injury cases per 100 full-time workers (Size class 0),1,Total recordable cases,831,"Local government, Nebraska"
ISUGP1GP1AAA50131,2020,A01,Annual,NA,4.4,GP1,Goods producing,GP1AAA,Goods-producing,5,Number of injury cases (thousands) (Size class 0),0,RSE of Total recordable cases,131,"Private industry, Nebraska"
ISUGP1GP1AAA50131,2019,A01,Annual,NA,4.4,GP1,Goods producing,GP1AAA,Goods-producing,5,Number of injury cases (thousands) (Size class 0),0,RSE of Total recordable cases,131,"Private industry, Nebraska"
ISUGP1GP1AAA50131,2018,A01,Annual,NA,3.7,GP1,Goods producing,GP1AAA,Goods-producing,5,Number of injury cases (thousands) (Size class 0),0,RSE of Total recordable cases,131,"Private industry, Nebraska"
ISUGP1GP1AAA50131,2017,A01,Annual,NA,3.6,GP1,Goods producing,GP1AAA,Goods-producing,5,Number of injury cases (thousands) (Size class 0),0,RSE of Total recordable cases,131,"Private industry, Nebraska"
ISUGP1GP1AAA50131,2016,A01,Annual,NA,3.4,GP1,Goods producing,GP1AAA,Goods-producing,5,Number of injury cases (thousands) (Size class 0),0,RSE of Total recordable cases,131,"Private industry, Nebraska"
ISUGP1GP1AAA50131,2015,A01,Annual,NA,3.7,GP1,Goods producing,GP1AAA,Goods-producing,5,Number of injury cases (thousands) (Size class 0),0,RSE of Total recordable cases,131,"Private industry, Nebraska"
ISUGP1GP1AAA50131,2014,A01,Annual,NA,3.8,GP1,Goods producing,GP1AAA,Goods-producing,5,Number of injury cases (thousands) (Size class 0),0,RSE of Total recordable cases,131,"Private industry, Nebraska"
ISUGP1GP1AAA50831,2019,A01,Annual,NA,46.9,GP1,Goods producing,GP1AAA,Goods-producing,5,Number of injury cases (thousands) (Size class 0),0,RSE of Total recordable cases,831,"Local government, Nebraska"
ISUGP1GP1AAA50831,2018,A01,Annual,NA,0,GP1,Goods producing,GP1AAA,Goods-producing,5,Number of injury cases (thousands) (Size class 0),0,RSE of Total recordable cases,831,"Local government, Nebraska"
ISUGP1GP1AAA50831,2017,A01,Annual,NA,43.9,GP1,Goods producing,GP1AAA,Goods-producing,5,Number of injury cases (thousands) (Size class 0),0,RSE of Total recordable cases,831,"Local government, Nebraska"
ISUGP1GP1AAA51131,2020,A01,Annual,NA,5.1,GP1,Goods producing,GP1AAA,Goods-producing,5,Number of injury cases (thousands) (Size class 0),1,Total recordable cases,131,"Private industry, Nebraska"
ISUGP1GP1AAA51131,2019,A01,Annual,NA,5.8,GP1,Goods producing,GP1AAA,Goods-producing,5,Number of injury cases (thousands) (Size class 0),1,Total recordable cases,131,"Private industry, Nebraska"
ISUGP1GP1AAA51131,2018,A01,Annual,NA,6,GP1,Goods producing,GP1AAA,Goods-producing,5,Number of injury cases (thousands) (Size class 0),1,Total recordable cases,131,"Private industry, Nebraska"
ISUGP1GP1AAA51131,2017,A01,Annual,NA,5.6,GP1,Goods producing,GP1AAA,Goods-producing,5,Number of injury cases (thousands) (Size class 0),1,Total recordable cases,131,"Private industry, Nebraska"
ISUGP1GP1AAA51131,2016,A01,Annual,NA,6.5,GP1,Goods producing,GP1AAA,Goods-producing,5,Number of injury cases (thousands) (Size class 0),1,Total recordable cases,131,"Private industry, Nebraska"
ISUGP1GP1AAA51131,2015,A01,Annual,NA,6.4,GP1,Goods producing,GP1AAA,Goods-producing,5,Number of injury cases (thousands) (Size class 0),1,Total recordable cases,131,"Private industry, Nebraska"
ISUGP1GP1AAA51131,2014,A01,Annual,NA,6.8,GP1,Goods producing,GP1AAA,Goods-producing,5,Number of injury cases (thousands) (Size class 0),1,Total recordable cases,131,"Private industry, Nebraska"
ISUGP1GP1AAA51831,2019,A01,Annual,NA,0,GP1,Goods producing,GP1AAA,Goods-producing,5,Number of injury cases (thousands) (Size class 0),1,Total recordable cases,831,"Local government, Nebraska"
ISUGP1GP1AAA51831,2018,A01,Annual,NA,0,GP1,Goods producing,GP1AAA,Goods-producing,5,Number of injury cases (thousands) (Size class 0),1,Total recordable cases,831,"Local government, Nebraska"
ISUGP1GP1AAA51831,2017,A01,Annual,NA,0,GP1,Goods producing,GP1AAA,Goods-producing,5,Number of injury cases (thousands) (Size class 0),1,Total recordable cases,831,"Local government, Nebraska"
ISUINF51100010131,2019,A01,Annual,TRUE,18,INF,Information,511000,Publishing industries (except internet),1,Rate of injury cases per 100 full-time workers (Size class 0),0,RSE of Total recordable cases,131,"Private industry, Nebraska"
ISUINF51100010131,2018,A01,Annual,NA,16.6,INF,Information,511000,Publishing industries (except internet),1,Rate of injury cases per 100 full-time workers (Size class 0),0,RSE of Total recordable cases,131,"Private industry, Nebraska"
ISUINF51100010131,2017,A01,Annual,NA,17.5,INF,Information,511000,Publishing industries (except internet),1,Rate of injury cases per 100 full-time workers (Size class 0),0,RSE of Total recordable cases,131,"Private industry, Nebraska"
ISUINF51100010131,2016,A01,Annual,NA,21,INF,Information,511000,Publishing industries (except internet),1,Rate of injury cases per 100 full-time workers (Size class 0),0,RSE of Total recordable cases,131,"Private industry, Nebraska"
ISUINF51100010131,2015,A01,Annual,NA,14.3,INF,Information,511000,Publishing industries (except internet),1,Rate of injury cases per 100 full-time workers (Size class 0),0,RSE of Total recordable cases,131,"Private industry, Nebraska"
ISUINF51100010131,2014,A01,Annual,NA,11.8,INF,Information,511000,Publishing industries (except internet),1,Rate of injury cases per 100 full-time workers (Size class 0),0,RSE of Total recordable cases,131,"Private industry, Nebraska"
ISUINF51100011131,2019,A01,Annual,TRUE,1.1,INF,Information,511000,Publishing industries (except internet),1,Rate of injury cases per 100 full-time workers (Size class 0),1,Total recordable cases,131,"Private industry, Nebraska"
ISUINF51100011131,2018,A01,Annual,NA,0.8,INF,Information,511000,Publishing industries (except internet),1,Rate of injury cases per 100 full-time workers (Size class 0),1,Total recordable cases,131,"Private industry, Nebraska"
ISUINF51100011131,2017,A01,Annual,NA,0.8,INF,Information,511000,Publishing industries (except internet),1,Rate of injury cases per 100 full-time workers (Size class 0),1,Total recordable cases,131,"Private industry, Nebraska"
ISUINF51100011131,2016,A01,Annual,NA,1.1,INF,Information,511000,Publishing industries (except internet),1,Rate of injury cases per 100 full-time workers (Size class 0),1,Total recordable cases,131,"Private industry, Nebraska"
ISUINF51100011131,2015,A01,Annual,NA,1.2,INF,Information,511000,Publishing industries (except internet),1,Rate of injury cases per 100 full-time workers (Size class 0),1,Total recordable cases,131,"Private industry, Nebraska"
ISUINF51100011131,2014,A01,Annual,NA,1,INF,Information,511000,Publishing industries (except internet),1,Rate of injury cases per 100 full-time workers (Size class 0),1,Total recordable cases,131,"Private industry, Nebraska"
ISUINF51100050131,2019,A01,Annual,TRUE,19,INF,Information,511000,Publishing industries (except internet),5,Number of injury cases (thousands) (Size class 0),0,RSE of Total recordable cases,131,"Private industry, Nebraska"
ISUINF51100050131,2018,A01,Annual,NA,14.3,INF,Information,511000,Publishing industries (except internet),5,Number of injury cases (thousands) (Size class 0),0,RSE of Total recordable cases,131,"Private industry, Nebraska"
ISUINF51100050131,2017,A01,Annual,NA,19.7,INF,Information,511000,Publishing industries (except internet),5,Number of injury cases (thousands) (Size class 0),0,RSE of Total recordable cases,131,"Private industry, Nebraska"
ISUINF51100050131,2016,A01,Annual,NA,17.3,INF,Information,511000,Publishing industries (except internet),5,Number of injury cases (thousands) (Size class 0),0,RSE of Total recordable cases,131,"Private industry, Nebraska"
ISUINF51100050131,2015,A01,Annual,NA,14.8,INF,Information,511000,Publishing industries (except internet),5,Number of injury cases (thousands) (Size class 0),0,RSE of Total recordable cases,131,"Private industry, Nebraska"
ISUINF51100050131,2014,A01,Annual,NA,17.5,INF,Information,511000,Publishing industries (except internet),5,Number of injury cases (thousands) (Size class 0),0,RSE of Total recordable cases,131,"Private industry, Nebraska"
ISUINF51100051131,2019,A01,Annual,TRUE,0.1,INF,Information,511000,Publishing industries (except internet),5,Number of injury cases (thousands) (Size class 0),1,Total recordable cases,131,"Private industry, Nebraska"
ISUINF51100051131,2018,A01,Annual,NA,0,INF,Information,511000,Publishing industries (except internet),5,Number of injury cases (thousands) (Size class 0),1,Total recordable cases,131,"Private industry, Nebraska"
ISUINF51100051131,2017,A01,Annual,NA,0,INF,Information,511000,Publishing industries (except internet),5,Number of injury cases (thousands) (Size class 0),1,Total recordable cases,131,"Private industry, Nebraska"
ISUINF51100051131,2016,A01,Annual,NA,0,INF,Information,511000,Publishing industries (except internet),5,Number of injury cases (thousands) (Size class 0),1,Total recordable cases,131,"Private industry, Nebraska"
ISUINF51100051131,2015,A01,Annual,NA,0.1,INF,Information,511000,Publishing industries (except internet),5,Number of injury cases (thousands) (Size class 0),1,Total recordable cases,131,"Private industry, Nebraska"
ISUINF51100051131,2014,A01,Annual,NA,0,INF,Information,511000,Publishing industries (except internet),5,Number of injury cases (thousands) (Size class 0),1,Total recordable cases,131,"Private industry, Nebraska"
ISUINF51110010131,2019,A01,Annual,TRUE,22.5,INF,Information,511100,"Newspaper, periodical, book, and directory publishers",1,Rate of injury cases per 100 full-time workers (Size class 0),0,RSE of Total recordable cases,131,"Private industry, Nebraska"
ISUINF51110010131,2018,A01,Annual,NA,14.2,INF,Information,511100,"Newspaper, periodical, book, and directory publishers",1,Rate of injury cases per 100 full-time workers (Size class 0),0,RSE of Total recordable cases,131,"Private industry, Nebraska"
ISUINF51110010131,2017,A01,Annual,NA,17.5,INF,Information,511100,"Newspaper, periodical, book, and directory publishers",1,Rate of injury cases per 100 full-time workers (Size class 0),0,RSE of Total recordable cases,131,"Private industry, Nebraska"
ISUINF51110010131,2016,A01,Annual,NA,22.2,INF,Information,511100,"Newspaper, periodical, book, and directory publishers",1,Rate of injury cases per 100 full-time workers (Size class 0),0,RSE of Total recordable cases,131,"Private industry, Nebraska"
ISUINF51110010131,2015,A01,Annual,NA,14.9,INF,Information,511100,"Newspaper, periodical, book, and directory publishers",1,Rate of injury cases per 100 full-time workers (Size class 0),0,RSE of Total recordable cases,131,"Private industry, Nebraska"
ISUINF51110010131,2014,A01,Annual,NA,14.2,INF,Information,511100,"Newspaper, periodical, book, and directory publishers",1,Rate of injury cases per 100 full-time workers (Size class 0),0,RSE of Total recordable cases,131,"Private industry, Nebraska"
ISUINF51110011131,2019,A01,Annual,TRUE,1.5,INF,Information,511100,"Newspaper, periodical, book, and directory publishers",1,Rate of injury cases per 100 full-time workers (Size class 0),1,Total recordable cases,131,"Private industry, Nebraska"
ISUINF51110011131,2018,A01,Annual,NA,1,INF,Information,511100,"Newspaper, periodical, book, and directory publishers",1,Rate of injury cases per 100 full-time workers (Size class 0),1,Total recordable cases,131,"Private industry, Nebraska"
ISUINF51110011131,2017,A01,Annual,NA,1.1,INF,Information,511100,"Newspaper, periodical, book, and directory publishers",1,Rate of injury cases per 100 full-time workers (Size class 0),1,Total recordable cases,131,"Private industry, Nebraska"
ISUINF51110011131,2016,A01,Annual,NA,1.3,INF,Information,511100,"Newspaper, periodical, book, and directory publishers",1,Rate of injury cases per 100 full-time workers (Size class 0),1,Total recordable cases,131,"Private industry, Nebraska"
ISUINF51110011131,2015,A01,Annual,NA,1.4,INF,Information,511100,"Newspaper, periodical, book, and directory publishers",1,Rate of injury cases per 100 full-time workers (Size class 0),1,Total recordable cases,131,"Private industry, Nebraska"
ISUINF51110011131,2014,A01,Annual,NA,1,INF,Information,511100,"Newspaper, periodical, book, and directory publishers",1,Rate of injury cases per 100 full-time workers (Size class 0),1,Total recordable cases,131,"Private industry, Nebraska"
ISUINF51110050131,2019,A01,Annual,TRUE,21.8,INF,Information,511100,"Newspaper, periodical, book, and directory publishers",5,Number of injury cases (thousands) (Size class 0),0,RSE of Total recordable cases,131,"Private industry, Nebraska"
ISUINF51110050131,2018,A01,Annual,NA,14.5,INF,Information,511100,"Newspaper, periodical, book, and directory publishers",5,Number of injury cases (thousands) (Size class 0),0,RSE of Total recordable cases,131,"Private industry, Nebraska"
ISUINF51110050131,2017,A01,Annual,NA,19.7,INF,Information,511100,"Newspaper, periodical, book, and directory publishers",5,Number of injury cases (thousands) (Size class 0),0,RSE of Total recordable cases,131,"Private industry, Nebraska"
ISUINF51110050131,2016,A01,Annual,NA,17.7,INF,Information,511100,"Newspaper, periodical, book, and directory publishers",5,Number of injury cases (thousands) (Size class 0),0,RSE of Total recordable cases,131,"Private industry, Nebraska"
ISUINF51110050131,2015,A01,Annual,NA,14.8,INF,Information,511100,"Newspaper, periodical, book, and directory publishers",5,Number of injury cases (thousands) (Size class 0),0,RSE of Total recordable cases,131,"Private industry, Nebraska"
ISUINF51110050131,2014,A01,Annual,NA,20.7,INF,Information,511100,"Newspaper, periodical, book, and directory publishers",5,Number of injury cases (thousands) (Size class 0),0,RSE of Total recordable cases,131,"Private industry, Nebraska"
ISUINF51110051131,2019,A01,Annual,TRUE,0,INF,Information,511100,"Newspaper, periodical, book, and directory publishers",5,Number of injury cases (thousands) (Size class 0),1,Total recordable cases,131,"Private industry, Nebraska"
ISUINF51110051131,2018,A01,Annual,NA,0,INF,Information,511100,"Newspaper, periodical, book, and directory publishers",5,Number of injury cases (thousands) (Size class 0),1,Total recordable cases,131,"Private industry, Nebraska"
ISUINF51110051131,2017,A01,Annual,NA,0,INF,Information,511100,"Newspaper, periodical, book, and directory publishers",5,Number of injury cases (thousands) (Size class 0),1,Total recordable cases,131,"Private industry, Nebraska"
ISUINF51110051131,2016,A01,Annual,NA,0,INF,Information,511100,"Newspaper, periodical, book, and directory publishers",5,Number of injury cases (thousands) (Size class 0),1,Total recordable cases,131,"Private industry, Nebraska"
ISUINF51110051131,2015,A01,Annual,NA,0.1,INF,Information,511100,"Newspaper, periodical, book, and directory publishers",5,Number of injury cases (thousands) (Size class 0),1,Total recordable cases,131,"Private industry, Nebraska"
ISUINF51110051131,2014,A01,Annual,NA,0,INF,Information,511100,"Newspaper, periodical, book, and directory publishers",5,Number of injury cases (thousands) (Size class 0),1,Total recordable cases,131,"Private industry, Nebraska"
ISUINF51111010131,2019,A01,Annual,TRUE,25.8,INF,Information,511110,Newspaper publishers,1,Rate of injury cases per 100 full-time workers (Size class 0),0,RSE of Total recordable cases,131,"Private industry, Nebraska"
ISUINF51111010131,2017,A01,Annual,NA,19.6,INF,Information,511110,Newspaper publishers,1,Rate of injury cases per 100 full-time workers (Size class 0),0,RSE of Total recordable cases,131,"Private industry, Nebraska"
ISUINF51111010131,2016,A01,Annual,NA,23.6,INF,Information,511110,Newspaper publishers,1,Rate of injury cases per 100 full-time workers (Size class 0),0,RSE of Total recordable cases,131,"Private industry, Nebraska"
ISUINF51111010131,2015,A01,Annual,NA,16.6,INF,Information,511110,Newspaper publishers,1,Rate of injury cases per 100 full-time workers (Size class 0),0,RSE of Total recordable cases,131,"Private industry, Nebraska"
ISUINF51111011131,2019,A01,Annual,TRUE,2.8,INF,Information,511110,Newspaper publishers,1,Rate of injury cases per 100 full-time workers (Size class 0),1,Total recordable cases,131,"Private industry, Nebraska"
ISUINF51111011131,2017,A01,Annual,NA,1.6,INF,Information,511110,Newspaper publishers,1,Rate of injury cases per 100 full-time workers (Size class 0),1,Total recordable cases,131,"Private industry, Nebraska"
ISUINF51111011131,2016,A01,Annual,NA,2.2,INF,Information,511110,Newspaper publishers,1,Rate of injury cases per 100 full-time workers (Size class 0),1,Total recordable cases,131,"Private industry, Nebraska"
ISUINF51111011131,2015,A01,Annual,NA,1.6,INF,Information,511110,Newspaper publishers,1,Rate of injury cases per 100 full-time workers (Size class 0),1,Total recordable cases,131,"Private industry, Nebraska"
ISUINF51111050131,2019,A01,Annual,TRUE,25,INF,Information,511110,Newspaper publishers,5,Number of injury cases (thousands) (Size class 0),0,RSE of Total recordable cases,131,"Private industry, Nebraska"
ISUINF51111050131,2017,A01,Annual,NA,20.9,INF,Information,511110,Newspaper publishers,5,Number of injury cases (thousands) (Size class 0),0,RSE of Total recordable cases,131,"Private industry, Nebraska"
ISUINF51111050131,2016,A01,Annual,NA,21.2,INF,Information,511110,Newspaper publishers,5,Number of injury cases (thousands) (Size class 0),0,RSE of Total recordable cases,131,"Private industry, Nebraska"
ISUINF51111050131,2015,A01,Annual,NA,16.9,INF,Information,511110,Newspaper publishers,5,Number of injury cases (thousands) (Size class 0),0,RSE of Total recordable cases,131,"Private industry, Nebraska"
ISUINF51111051131,2019,A01,Annual,TRUE,0,INF,Information,511110,Newspaper publishers,5,Number of injury cases (thousands) (Size class 0),1,Total recordable cases,131,"Private industry, Nebraska"
ISUINF51111051131,2017,A01,Annual,NA,0,INF,Information,511110,Newspaper publishers,5,Number of injury cases (thousands) (Size class 0),1,Total recordable cases,131,"Private industry, Nebraska"
ISUINF51111051131,2016,A01,Annual,NA,0,INF,Information,511110,Newspaper publishers,5,Number of injury cases (thousands) (Size class 0),1,Total recordable cases,131,"Private industry, Nebraska"
ISUINF51111051131,2015,A01,Annual,NA,0,INF,Information,511110,Newspaper publishers,5,Number of injury cases (thousands) (Size class 0),1,Total recordable cases,131,"Private industry, Nebraska"
ISUINF51119010131,2018,A01,Annual,TRUE,0,INF,Information,511190,Other publishers,1,Rate of injury cases per 100 full-time workers (Size class 0),0,RSE of Total recordable cases,131,"Private industry, Nebraska"
ISUINF51119011131,2018,A01,Annual,TRUE,NA,INF,Information,511190,Other publishers,1,Rate of injury cases per 100 full-time workers (Size class 0),1,Total recordable cases,131,"Private industry, Nebraska"
ISUINF51119050131,2018,A01,Annual,TRUE,0,INF,Information,511190,Other publishers,5,Number of injury cases (thousands) (Size class 0),0,RSE of Total recordable cases,131,"Private industry, Nebraska"
ISUINF51119051131,2018,A01,Annual,TRUE,0,INF,Information,511190,Other publishers,5,Number of injury cases (thousands) (Size class 0),1,Total recordable cases,131,"Private industry, Nebraska"
ISUINF51120010131,2017,A01,Annual,TRUE,0,INF,Information,511200,Software publishers,1,Rate of injury cases per 100 full-time workers (Size class 0),0,RSE of Total recordable cases,131,"Private industry, Nebraska"
ISUINF51120010131,2015,A01,Annual,NA,0,INF,Information,511200,Software publishers,1,Rate of injury cases per 100 full-time workers (Size class 0),0,RSE of Total recordable cases,131,"Private industry, Nebraska"
ISUINF51120011131,2017,A01,Annual,TRUE,NA,INF,Information,511200,Software publishers,1,Rate of injury cases per 100 full-time workers (Size class 0),1,Total recordable cases,131,"Private industry, Nebraska"
ISUINF51120011131,2015,A01,Annual,NA,NA,INF,Information,511200,Software publishers,1,Rate of injury cases per 100 full-time workers (Size class 0),1,Total recordable cases,131,"Private industry, Nebraska"
ISUINF51120050131,2017,A01,Annual,TRUE,0,INF,Information,511200,Software publishers,5,Number of injury cases (thousands) (Size class 0),0,RSE of Total recordable cases,131,"Private industry, Nebraska"
ISUINF51120050131,2015,A01,Annual,NA,0,INF,Information,511200,Software publishers,5,Number of injury cases (thousands) (Size class 0),0,RSE of Total recordable cases,131,"Private industry, Nebraska"
ISUINF51120051131,2017,A01,Annual,TRUE,0,INF,Information,511200,Software publishers,5,Number of injury cases (thousands) (Size class 0),1,Total recordable cases,131,"Private industry, Nebraska"
ISUINF51120051131,2015,A01,Annual,NA,0,INF,Information,511200,Software publishers,5,Number of injury cases (thousands) (Size class 0),1,Total recordable cases,131,"Private industry, Nebraska"
ISUINFSP1INF10131,2020,A01,Annual,NA,29.3,INF,Information,SP1INF,Information,1,Rate of injury cases per 100 full-time workers (Size class 0),0,RSE of Total recordable cases,131,"Private industry, Nebraska"
ISUINFSP1INF10131,2019,A01,Annual,NA,29.1,INF,Information,SP1INF,Information,1,Rate of injury cases per 100 full-time workers (Size class 0),0,RSE of Total recordable cases,131,"Private industry, Nebraska"
ISUINFSP1INF10131,2018,A01,Annual,NA,17.3,INF,Information,SP1INF,Information,1,Rate of injury cases per 100 full-time workers (Size class 0),0,RSE of Total recordable cases,131,"Private industry, Nebraska"
ISUINFSP1INF10131,2017,A01,Annual,NA,32.3,INF,Information,SP1INF,Information,1,Rate of injury cases per 100 full-time workers (Size class 0),0,RSE of Total recordable cases,131,"Private industry, Nebraska"
ISUINFSP1INF10131,2016,A01,Annual,NA,21.6,INF,Information,SP1INF,Information,1,Rate of injury cases per 100 full-time workers (Size class 0),0,RSE of Total recordable cases,131,"Private industry, Nebraska"
ISUINFSP1INF10131,2015,A01,Annual,NA,26.1,INF,Information,SP1INF,Information,1,Rate of injury cases per 100 full-time workers (Size class 0),0,RSE of Total recordable cases,131,"Private industry, Nebraska"
ISUINFSP1INF11131,2020,A01,Annual,NA,0.6,INF,Information,SP1INF,Information,1,Rate of injury cases per 100 full-time workers (Size class 0),1,Total recordable cases,131,"Private industry, Nebraska"
ISUINFSP1INF11131,2019,A01,Annual,NA,1.7,INF,Information,SP1INF,Information,1,Rate of injury cases per 100 full-time workers (Size class 0),1,Total recordable cases,131,"Private industry, Nebraska"
ISUINFSP1INF11131,2018,A01,Annual,NA,1.4,INF,Information,SP1INF,Information,1,Rate of injury cases per 100 full-time workers (Size class 0),1,Total recordable cases,131,"Private industry, Nebraska"
ISUINFSP1INF11131,2017,A01,Annual,NA,1.9,INF,Information,SP1INF,Information,1,Rate of injury cases per 100 full-time workers (Size class 0),1,Total recordable cases,131,"Private industry, Nebraska"
ISUINFSP1INF11131,2016,A01,Annual,NA,1.8,INF,Information,SP1INF,Information,1,Rate of injury cases per 100 full-time workers (Size class 0),1,Total recordable cases,131,"Private industry, Nebraska"
ISUINFSP1INF11131,2015,A01,Annual,NA,0.6,INF,Information,SP1INF,Information,1,Rate of injury cases per 100 full-time workers (Size class 0),1,Total recordable cases,131,"Private industry, Nebraska"
ISUINFSP1INF50131,2020,A01,Annual,NA,28.9,INF,Information,SP1INF,Information,5,Number of injury cases (thousands) (Size class 0),0,RSE of Total recordable cases,131,"Private industry, Nebraska"
ISUINFSP1INF50131,2019,A01,Annual,NA,28.1,INF,Information,SP1INF,Information,5,Number of injury cases (thousands) (Size class 0),0,RSE of Total recordable cases,131,"Private industry, Nebraska"
ISUINFSP1INF50131,2018,A01,Annual,NA,20.2,INF,Information,SP1INF,Information,5,Number of injury cases (thousands) (Size class 0),0,RSE of Total recordable cases,131,"Private industry, Nebraska"
ISUINFSP1INF50131,2017,A01,Annual,NA,32.5,INF,Information,SP1INF,Information,5,Number of injury cases (thousands) (Size class 0),0,RSE of Total recordable cases,131,"Private industry, Nebraska"
ISUINFSP1INF50131,2016,A01,Annual,NA,21.7,INF,Information,SP1INF,Information,5,Number of injury cases (thousands) (Size class 0),0,RSE of Total recordable cases,131,"Private industry, Nebraska"
ISUINFSP1INF50131,2015,A01,Annual,NA,25.4,INF,Information,SP1INF,Information,5,Number of injury cases (thousands) (Size class 0),0,RSE of Total recordable cases,131,"Private industry, Nebraska"
ISUINFSP1INF51131,2020,A01,Annual,NA,0.1,INF,Information,SP1INF,Information,5,Number of injury cases (thousands) (Size class 0),1,Total recordable cases,131,"Private industry, Nebraska"
ISUINFSP1INF51131,2019,A01,Annual,NA,0.3,INF,Information,SP1INF,Information,5,Number of injury cases (thousands) (Size class 0),1,Total recordable cases,131,"Private industry, Nebraska"
ISUINFSP1INF51131,2018,A01,Annual,NA,0.2,INF,Information,SP1INF,Information,5,Number of injury cases (thousands) (Size class 0),1,Total recordable cases,131,"Private industry, Nebraska"
ISUINFSP1INF51131,2017,A01,Annual,NA,0.3,INF,Information,SP1INF,Information,5,Number of injury cases (thousands) (Size class 0),1,Total recordable cases,131,"Private industry, Nebraska"
ISUINFSP1INF51131,2016,A01,Annual,NA,0.3,INF,Information,SP1INF,Information,5,Number of injury cases (thousands) (Size class 0),1,Total recordable cases,131,"Private industry, Nebraska"
ISUINFSP1INF51131,2015,A01,Annual,NA,0.1,INF,Information,SP1INF,Information,5,Number of injury cases (thousands) (Size class 0),1,Total recordable cases,131,"Private industry, Nebraska"
ISUINFSP2INF10131,2020,A01,Annual,NA,29.3,INF,Information,SP2INF,Information,1,Rate of injury cases per 100 full-time workers (Size class 0),0,RSE of Total recordable cases,131,"Private industry, Nebraska"
ISUINFSP2INF10131,2019,A01,Annual,NA,29.1,INF,Information,SP2INF,Information,1,Rate of injury cases per 100 full-time workers (Size class 0),0,RSE of Total recordable cases,131,"Private industry, Nebraska"
ISUINFSP2INF10131,2018,A01,Annual,NA,17.3,INF,Information,SP2INF,Information,1,Rate of injury cases per 100 full-time workers (Size class 0),0,RSE of Total recordable cases,131,"Private industry, Nebraska"
ISUINFSP2INF10131,2017,A01,Annual,NA,32.3,INF,Information,SP2INF,Information,1,Rate of injury cases per 100 full-time workers (Size class 0),0,RSE of Total recordable cases,131,"Private industry, Nebraska"
ISUINFSP2INF10131,2016,A01,Annual,NA,21.6,INF,Information,SP2INF,Information,1,Rate of injury cases per 100 full-time workers (Size class 0),0,RSE of Total recordable cases,131,"Private industry, Nebraska"
ISUINFSP2INF10131,2015,A01,Annual,NA,26.1,INF,Information,SP2INF,Information,1,Rate of injury cases per 100 full-time workers (Size class 0),0,RSE of Total recordable cases,131,"Private industry, Nebraska"
ISUINFSP2INF11131,2020,A01,Annual,NA,0.6,INF,Information,SP2INF,Information,1,Rate of injury cases per 100 full-time workers (Size class 0),1,Total recordable cases,131,"Private industry, Nebraska"
ISUINFSP2INF11131,2019,A01,Annual,NA,1.7,INF,Information,SP2INF,Information,1,Rate of injury cases per 100 full-time workers (Size class 0),1,Total recordable cases,131,"Private industry, Nebraska"
ISUINFSP2INF11131,2018,A01,Annual,NA,1.4,INF,Information,SP2INF,Information,1,Rate of injury cases per 100 full-time workers (Size class 0),1,Total recordable cases,131,"Private industry, Nebraska"
ISUINFSP2INF11131,2017,A01,Annual,NA,1.9,INF,Information,SP2INF,Information,1,Rate of injury cases per 100 full-time workers (Size class 0),1,Total recordable cases,131,"Private industry, Nebraska"
ISUINFSP2INF11131,2016,A01,Annual,NA,1.8,INF,Information,SP2INF,Information,1,Rate of injury cases per 100 full-time workers (Size class 0),1,Total recordable cases,131,"Private industry, Nebraska"
ISUINFSP2INF11131,2015,A01,Annual,NA,0.6,INF,Information,SP2INF,Information,1,Rate of injury cases per 100 full-time workers (Size class 0),1,Total recordable cases,131,"Private industry, Nebraska"
ISUINFSP2INF50131,2020,A01,Annual,NA,28.9,INF,Information,SP2INF,Information,5,Number of injury cases (thousands) (Size class 0),0,RSE of Total recordable cases,131,"Private industry, Nebraska"
ISUINFSP2INF50131,2019,A01,Annual,NA,28.1,INF,Information,SP2INF,Information,5,Number of injury cases (thousands) (Size class 0),0,RSE of Total recordable cases,131,"Private industry, Nebraska"
ISUINFSP2INF50131,2018,A01,Annual,NA,20.2,INF,Information,SP2INF,Information,5,Number of injury cases (thousands) (Size class 0),0,RSE of Total recordable cases,131,"Private industry, Nebraska"
ISUINFSP2INF50131,2017,A01,Annual,NA,32.5,INF,Information,SP2INF,Information,5,Number of injury cases (thousands) (Size class 0),0,RSE of Total recordable cases,131,"Private industry, Nebraska"
ISUINFSP2INF50131,2016,A01,Annual,NA,21.7,INF,Information,SP2INF,Information,5,Number of injury cases (thousands) (Size class 0),0,RSE of Total recordable cases,131,"Private industry, Nebraska"
ISUINFSP2INF50131,2015,A01,Annual,NA,25.4,INF,Information,SP2INF,Information,5,Number of injury cases (thousands) (Size class 0),0,RSE of Total recordable cases,131,"Private industry, Nebraska"
ISUINFSP2INF51131,2020,A01,Annual,NA,0.1,INF,Information,SP2INF,Information,5,Number of injury cases (thousands) (Size class 0),1,Total recordable cases,131,"Private industry, Nebraska"
ISUINFSP2INF51131,2019,A01,Annual,NA,0.3,INF,Information,SP2INF,Information,5,Number of injury cases (thousands) (Size class 0),1,Total recordable cases,131,"Private industry, Nebraska"
ISUINFSP2INF51131,2018,A01,Annual,NA,0.2,INF,Information,SP2INF,Information,5,Number of injury cases (thousands) (Size class 0),1,Total recordable cases,131,"Private industry, Nebraska"
ISUINFSP2INF51131,2017,A01,Annual,NA,0.3,INF,Information,SP2INF,Information,5,Number of injury cases (thousands) (Size class 0),1,Total recordable cases,131,"Private industry, Nebraska"
ISUINFSP2INF51131,2016,A01,Annual,NA,0.3,INF,Information,SP2INF,Information,5,Number of injury cases (thousands) (Size class 0),1,Total recordable cases,131,"Private industry, Nebraska"
ISUINFSP2INF51131,2015,A01,Annual,NA,0.1,INF,Information,SP2INF,Information,5,Number of injury cases (thousands) (Size class 0),1,Total recordable cases,131,"Private industry, Nebraska"
ISUEHS62300050131,2020,A01,Annual,NA,6,EHS,Education and health services,623000,Nursing and residential care facilities,5,Number of injury cases (thousands) (Size class 0),0,RSE of Total recordable cases,131,"Private industry, Nebraska"
ISUEHS62300050131,2019,A01,Annual,NA,7.8,EHS,Education and health services,623000,Nursing and residential care facilities,5,Number of injury cases (thousands) (Size class 0),0,RSE of Total recordable cases,131,"Private industry, Nebraska"
ISUEHS62300050131,2018,A01,Annual,NA,5.2,EHS,Education and health services,623000,Nursing and residential care facilities,5,Number of injury cases (thousands) (Size class 0),0,RSE of Total recordable cases,131,"Private industry, Nebraska"
ISUEHS62300050131,2017,A01,Annual,NA,5.5,EHS,Education and health services,623000,Nursing and residential care facilities,5,Number of injury cases (thousands) (Size class 0),0,RSE of Total recordable cases,131,"Private industry, Nebraska"
ISUEHS62300050131,2016,A01,Annual,NA,5.7,EHS,Education and health services,623000,Nursing and residential care facilities,5,Number of injury cases (thousands) (Size class 0),0,RSE of Total recordable cases,131,"Private industry, Nebraska"
ISUEHS62300050131,2015,A01,Annual,NA,4.5,EHS,Education and health services,623000,Nursing and residential care facilities,5,Number of injury cases (thousands) (Size class 0),0,RSE of Total recordable cases,131,"Private industry, Nebraska"
ISUEHS62300050131,2014,A01,Annual,NA,4.4,EHS,Education and health services,623000,Nursing and residential care facilities,5,Number of injury cases (thousands) (Size class 0),0,RSE of Total recordable cases,131,"Private industry, Nebraska"
ISUEHS62300050831,2019,A01,Annual,NA,15.8,EHS,Education and health services,623000,Nursing and residential care facilities,5,Number of injury cases (thousands) (Size class 0),0,RSE of Total recordable cases,831,"Local government, Nebraska"
ISUEHS62300050831,2017,A01,Annual,NA,11.1,EHS,Education and health services,623000,Nursing and residential care facilities,5,Number of injury cases (thousands) (Size class 0),0,RSE of Total recordable cases,831,"Local government, Nebraska"
ISUEHS62300050831,2016,A01,Annual,NA,15.7,EHS,Education and health services,623000,Nursing and residential care facilities,5,Number of injury cases (thousands) (Size class 0),0,RSE of Total recordable cases,831,"Local government, Nebraska"
ISUEHS62300050831,2014,A01,Annual,NA,10.7,EHS,Education and health services,623000,Nursing and residential care facilities,5,Number of injury cases (thousands) (Size class 0),0,RSE of Total recordable cases,831,"Local government, Nebraska"
ISUEHS62300051131,2020,A01,Annual,NA,1,EHS,Education and health services,623000,Nursing and residential care facilities,5,Number of injury cases (thousands) (Size class 0),1,Total recordable cases,131,"Private industry, Nebraska"
ISUEHS62300051131,2019,A01,Annual,NA,1.3,EHS,Education and health services,623000,Nursing and residential care facilities,5,Number of injury cases (thousands) (Size class 0),1,Total recordable cases,131,"Private industry, Nebraska"
ISUEHS62300051131,2018,A01,Annual,NA,1.2,EHS,Education and health services,623000,Nursing and residential care facilities,5,Number of injury cases (thousands) (Size class 0),1,Total recordable cases,131,"Private industry, Nebraska"
ISUEHS62300051131,2017,A01,Annual,NA,1.2,EHS,Education and health services,623000,Nursing and residential care facilities,5,Number of injury cases (thousands) (Size class 0),1,Total recordable cases,131,"Private industry, Nebraska"
ISUEHS62300051131,2016,A01,Annual,NA,1.4,EHS,Education and health services,623000,Nursing and residential care facilities,5,Number of injury cases (thousands) (Size class 0),1,Total recordable cases,131,"Private industry, Nebraska"
ISUEHS62300051131,2015,A01,Annual,NA,1.4,EHS,Education and health services,623000,Nursing and residential care facilities,5,Number of injury cases (thousands) (Size class 0),1,Total recordable cases,131,"Private industry, Nebraska"
ISUEHS62300051131,2014,A01,Annual,NA,1.5,EHS,Education and health services,623000,Nursing and residential care facilities,5,Number of injury cases (thousands) (Size class 0),1,Total recordable cases,131,"Private industry, Nebraska"
ISUEHS62300051831,2019,A01,Annual,NA,0.2,EHS,Education and health services,623000,Nursing and residential care facilities,5,Number of injury cases (thousands) (Size class 0),1,Total recordable cases,831,"Local government, Nebraska"
ISUEHS62300051831,2017,A01,Annual,NA,0.1,EHS,Education and health services,623000,Nursing and residential care facilities,5,Number of injury cases (thousands) (Size class 0),1,Total recordable cases,831,"Local government, Nebraska"
ISUEHS62300051831,2016,A01,Annual,NA,0.1,EHS,Education and health services,623000,Nursing and residential care facilities,5,Number of injury cases (thousands) (Size class 0),1,Total recordable cases,831,"Local government, Nebraska"
ISUEHS62300051831,2014,A01,Annual,NA,0.1,EHS,Education and health services,623000,Nursing and residential care facilities,5,Number of injury cases (thousands) (Size class 0),1,Total recordable cases,831,"Local government, Nebraska"
ISUEHS62400010131,2020,A01,Annual,NA,26.4,EHS,Education and health services,624000,Social assistance,1,Rate of injury cases per 100 full-time workers (Size class 0),0,RSE of Total recordable cases,131,"Private industry, Nebraska"
ISUEHS62400010131,2019,A01,Annual,NA,14.9,EHS,Education and health services,624000,Social assistance,1,Rate of injury cases per 100 full-time workers (Size class 0),0,RSE of Total recordable cases,131,"Private industry, Nebraska"
ISUEHS62400010131,2018,A01,Annual,NA,18.6,EHS,Education and health services,624000,Social assistance,1,Rate of injury cases per 100 full-time workers (Size class 0),0,RSE of Total recordable cases,131,"Private industry, Nebraska"
ISUEHS62400010131,2017,A01,Annual,NA,13,EHS,Education and health services,624000,Social assistance,1,Rate of injury cases per 100 full-time workers (Size class 0),0,RSE of Total recordable cases,131,"Private industry, Nebraska"
ISUEHS62400010131,2016,A01,Annual,NA,17.5,EHS,Education and health services,624000,Social assistance,1,Rate of injury cases per 100 full-time workers (Size class 0),0,RSE of Total recordable cases,131,"Private industry, Nebraska"
ISUEHS62400010131,2015,A01,Annual,NA,28.6,EHS,Education and health services,624000,Social assistance,1,Rate of injury cases per 100 full-time workers (Size class 0),0,RSE of Total recordable cases,131,"Private industry, Nebraska"
ISUEHS62400010131,2014,A01,Annual,NA,17,EHS,Education and health services,624000,Social assistance,1,Rate of injury cases per 100 full-time workers (Size class 0),0,RSE of Total recordable cases,131,"Private industry, Nebraska"
ISUEHS62400011131,2020,A01,Annual,NA,1.9,EHS,Education and health services,624000,Social assistance,1,Rate of injury cases per 100 full-time workers (Size class 0),1,Total recordable cases,131,"Private industry, Nebraska"
ISUEHS62400011131,2019,A01,Annual,NA,3.4,EHS,Education and health services,624000,Social assistance,1,Rate of injury cases per 100 full-time workers (Size class 0),1,Total recordable cases,131,"Private industry, Nebraska"
ISUEHS62400011131,2018,A01,Annual,NA,2.8,EHS,Education and health services,624000,Social assistance,1,Rate of injury cases per 100 full-time workers (Size class 0),1,Total recordable cases,131,"Private industry, Nebraska"
ISUEHS62400011131,2017,A01,Annual,NA,2.7,EHS,Education and health services,624000,Social assistance,1,Rate of injury cases per 100 full-time workers (Size class 0),1,Total recordable cases,131,"Private industry, Nebraska"
ISUEHS62400011131,2016,A01,Annual,NA,3.2,EHS,Education and health services,624000,Social assistance,1,Rate of injury cases per 100 full-time workers (Size class 0),1,Total recordable cases,131,"Private industry, Nebraska"
ISUEHS62400011131,2015,A01,Annual,NA,4.7,EHS,Education and health services,624000,Social assistance,1,Rate of injury cases per 100 full-time workers (Size class 0),1,Total recordable cases,131,"Private industry, Nebraska"
ISUEHS62400011131,2014,A01,Annual,NA,2.5,EHS,Education and health services,624000,Social assistance,1,Rate of injury cases per 100 full-time workers (Size class 0),1,Total recordable cases,131,"Private industry, Nebraska"
ISUEHS62400050131,2020,A01,Annual,NA,27,EHS,Education and health services,624000,Social assistance,5,Number of injury cases (thousands) (Size class 0),0,RSE of Total recordable cases,131,"Private industry, Nebraska"
ISUEHS62400050131,2019,A01,Annual,NA,15.8,EHS,Education and health services,624000,Social assistance,5,Number of injury cases (thousands) (Size class 0),0,RSE of Total recordable cases,131,"Private industry, Nebraska"
ISUEHS62400050131,2018,A01,Annual,NA,18.7,EHS,Education and health services,624000,Social assistance,5,Number of injury cases (thousands) (Size class 0),0,RSE of Total recordable cases,131,"Private industry, Nebraska"
ISUEHS62400050131,2017,A01,Annual,NA,15.8,EHS,Education and health services,624000,Social assistance,5,Number of injury cases (thousands) (Size class 0),0,RSE of Total recordable cases,131,"Private industry, Nebraska"
ISUEHS62400050131,2016,A01,Annual,NA,17.7,EHS,Education and health services,624000,Social assistance,5,Number of injury cases (thousands) (Size class 0),0,RSE of Total recordable cases,131,"Private industry, Nebraska"
ISUEHS62400050131,2015,A01,Annual,NA,27.5,EHS,Education and health services,624000,Social assistance,5,Number of injury cases (thousands) (Size class 0),0,RSE of Total recordable cases,131,"Private industry, Nebraska"
ISUEHS62400050131,2014,A01,Annual,NA,17.1,EHS,Education and health services,624000,Social assistance,5,Number of injury cases (thousands) (Size class 0),0,RSE of Total recordable cases,131,"Private industry, Nebraska"
ISUEHS62400051131,2020,A01,Annual,NA,0.3,EHS,Education and health services,624000,Social assistance,5,Number of injury cases (thousands) (Size class 0),1,Total recordable cases,131,"Private industry, Nebraska"
ISUEHS62400051131,2019,A01,Annual,NA,0.5,EHS,Education and health services,624000,Social assistance,5,Number of injury cases (thousands) (Size class 0),1,Total recordable cases,131,"Private industry, Nebraska"
ISUEHS62400051131,2018,A01,Annual,NA,0.4,EHS,Education and health services,624000,Social assistance,5,Number of injury cases (thousands) (Size class 0),1,Total recordable cases,131,"Private industry, Nebraska"
ISUEHS62400051131,2017,A01,Annual,NA,0.4,EHS,Education and health services,624000,Social assistance,5,Number of injury cases (thousands) (Size class 0),1,Total recordable cases,131,"Private industry, Nebraska"
ISUEHS62400051131,2016,A01,Annual,NA,0.5,EHS,Education and health services,624000,Social assistance,5,Number of injury cases (thousands) (Size class 0),1,Total recordable cases,131,"Private industry, Nebraska"
ISUEHS62400051131,2015,A01,Annual,NA,0.7,EHS,Education and health services,624000,Social assistance,5,Number of injury cases (thousands) (Size class 0),1,Total recordable cases,131,"Private industry, Nebraska"
ISUEHS62400051131,2014,A01,Annual,NA,0.4,EHS,Education and health services,624000,Social assistance,5,Number of injury cases (thousands) (Size class 0),1,Total recordable cases,131,"Private industry, Nebraska"
ISUEHSSP1EHS10131,2020,A01,Annual,NA,4.9,EHS,Education and health services,SP1EHS,Educational and health services,1,Rate of injury cases per 100 full-time workers (Size class 0),0,RSE of Total recordable cases,131,"Private industry, Nebraska"
ISUEHSSP1EHS10131,2019,A01,Annual,NA,5.4,EHS,Education and health services,SP1EHS,Educational and health services,1,Rate of injury cases per 100 full-time workers (Size class 0),0,RSE of Total recordable cases,131,"Private industry, Nebraska"
ISUEHSSP1EHS10131,2018,A01,Annual,NA,4.9,EHS,Education and health services,SP1EHS,Educational and health services,1,Rate of injury cases per 100 full-time workers (Size class 0),0,RSE of Total recordable cases,131,"Private industry, Nebraska"
ISUEHSSP1EHS10131,2017,A01,Annual,NA,5.1,EHS,Education and health services,SP1EHS,Educational and health services,1,Rate of injury cases per 100 full-time workers (Size class 0),0,RSE of Total recordable cases,131,"Private industry, Nebraska"
ISUEHSSP1EHS10131,2016,A01,Annual,NA,4,EHS,Education and health services,SP1EHS,Educational and health services,1,Rate of injury cases per 100 full-time workers (Size class 0),0,RSE of Total recordable cases,131,"Private industry, Nebraska"
ISUEHSSP1EHS10131,2015,A01,Annual,NA,5.9,EHS,Education and health services,SP1EHS,Educational and health services,1,Rate of injury cases per 100 full-time workers (Size class 0),0,RSE of Total recordable cases,131,"Private industry, Nebraska"
ISUEHSSP1EHS10131,2014,A01,Annual,NA,3.6,EHS,Education and health services,SP1EHS,Educational and health services,1,Rate of injury cases per 100 full-time workers (Size class 0),0,RSE of Total recordable cases,131,"Private industry, Nebraska"
ISUEHSSP1EHS10831,2020,A01,Annual,NA,9,EHS,Education and health services,SP1EHS,Educational and health services,1,Rate of injury cases per 100 full-time workers (Size class 0),0,RSE of Total recordable cases,831,"Local government, Nebraska"
ISUEHSSP1EHS10831,2019,A01,Annual,NA,8.1,EHS,Education and health services,SP1EHS,Educational and health services,1,Rate of injury cases per 100 full-time workers (Size class 0),0,RSE of Total recordable cases,831,"Local government, Nebraska"
ISUEHSSP1EHS10831,2018,A01,Annual,NA,5.9,EHS,Education and health services,SP1EHS,Educational and health services,1,Rate of injury cases per 100 full-time workers (Size class 0),0,RSE of Total recordable cases,831,"Local government, Nebraska"
ISUEHSSP1EHS10831,2017,A01,Annual,NA,6.5,EHS,Education and health services,SP1EHS,Educational and health services,1,Rate of injury cases per 100 full-time workers (Size class 0),0,RSE of Total recordable cases,831,"Local government, Nebraska"
ISUEHSSP1EHS10831,2016,A01,Annual,NA,11,EHS,Education and health services,SP1EHS,Educational and health services,1,Rate of injury cases per 100 full-time workers (Size class 0),0,RSE of Total recordable cases,831,"Local government, Nebraska"
ISUEHSSP1EHS10831,2015,A01,Annual,NA,13,EHS,Education and health services,SP1EHS,Educational and health services,1,Rate of injury cases per 100 full-time workers (Size class 0),0,RSE of Total recordable cases,831,"Local government, Nebraska"
ISUEHSSP1EHS10831,2014,A01,Annual,NA,9.3,EHS,Education and health services,SP1EHS,Educational and health services,1,Rate of injury cases per 100 full-time workers (Size class 0),0,RSE of Total recordable cases,831,"Local government, Nebraska"
ISUEHSSP1EHS11131,2020,A01,Annual,NA,2.8,EHS,Education and health services,SP1EHS,Educational and health services,1,Rate of injury cases per 100 full-time workers (Size class 0),1,Total recordable cases,131,"Private industry, Nebraska"
ISUEHSSP1EHS11131,2019,A01,Annual,NA,3.4,EHS,Education and health services,SP1EHS,Educational and health services,1,Rate of injury cases per 100 full-time workers (Size class 0),1,Total recordable cases,131,"Private industry, Nebraska"
ISUEHSSP1EHS11131,2018,A01,Annual,NA,3.6,EHS,Education and health services,SP1EHS,Educational and health services,1,Rate of injury cases per 100 full-time workers (Size class 0),1,Total recordable cases,131,"Private industry, Nebraska"
ISUEHSSP1EHS11131,2017,A01,Annual,NA,3.5,EHS,Education and health services,SP1EHS,Educational and health services,1,Rate of injury cases per 100 full-time workers (Size class 0),1,Total recordable cases,131,"Private industry, Nebraska"
ISUEHSSP1EHS11131,2016,A01,Annual,NA,3.8,EHS,Education and health services,SP1EHS,Educational and health services,1,Rate of injury cases per 100 full-time workers (Size class 0),1,Total recordable cases,131,"Private industry, Nebraska"
ISUEHSSP1EHS11131,2015,A01,Annual,NA,4.5,EHS,Education and health services,SP1EHS,Educational and health services,1,Rate of injury cases per 100 full-time workers (Size class 0),1,Total recordable cases,131,"Private industry, Nebraska"
ISUEHSSP1EHS11131,2014,A01,Annual,NA,3.9,EHS,Education and health services,SP1EHS,Educational and health services,1,Rate of injury cases per 100 full-time workers (Size class 0),1,Total recordable cases,131,"Private industry, Nebraska"
ISUEHSSP1EHS11831,2020,A01,Annual,NA,1.9,EHS,Education and health services,SP1EHS,Educational and health services,1,Rate of injury cases per 100 full-time workers (Size class 0),1,Total recordable cases,831,"Local government, Nebraska"
ISUEHSSP1EHS11831,2019,A01,Annual,NA,2.9,EHS,Education and health services,SP1EHS,Educational and health services,1,Rate of injury cases per 100 full-time workers (Size class 0),1,Total recordable cases,831,"Local government, Nebraska"
ISUEHSSP1EHS11831,2018,A01,Annual,NA,2.4,EHS,Education and health services,SP1EHS,Educational and health services,1,Rate of injury cases per 100 full-time workers (Size class 0),1,Total recordable cases,831,"Local government, Nebraska"
ISUEHSSP1EHS11831,2017,A01,Annual,NA,2.1,EHS,Education and health services,SP1EHS,Educational and health services,1,Rate of injury cases per 100 full-time workers (Size class 0),1,Total recordable cases,831,"Local government, Nebraska"
ISUEHSSP1EHS11831,2016,A01,Annual,NA,3.3,EHS,Education and health services,SP1EHS,Educational and health services,1,Rate of injury cases per 100 full-time workers (Size class 0),1,Total recordable cases,831,"Local government, Nebraska"
ISUEHSSP1EHS11831,2015,A01,Annual,NA,3.3,EHS,Education and health services,SP1EHS,Educational and health services,1,Rate of injury cases per 100 full-time workers (Size class 0),1,Total recordable cases,831,"Local government, Nebraska"
ISUEHSSP1EHS11831,2014,A01,Annual,NA,2.9,EHS,Education and health services,SP1EHS,Educational and health services,1,Rate of injury cases per 100 full-time workers (Size class 0),1,Total recordable cases,831,"Local government, Nebraska"
ISUEHSSP1EHS50131,2020,A01,Annual,NA,5.3,EHS,Education and health services,SP1EHS,Educational and health services,5,Number of injury cases (thousands) (Size class 0),0,RSE of Total recordable cases,131,"Private industry, Nebraska"
ISUEHSSP1EHS50131,2019,A01,Annual,NA,5.3,EHS,Education and health services,SP1EHS,Educational and health services,5,Number of injury cases (thousands) (Size class 0),0,RSE of Total recordable cases,131,"Private industry, Nebraska"
ISUEHSSP1EHS50131,2018,A01,Annual,NA,5,EHS,Education and health services,SP1EHS,Educational and health services,5,Number of injury cases (thousands) (Size class 0),0,RSE of Total recordable cases,131,"Private industry, Nebraska"
ISUEHSSP1EHS50131,2017,A01,Annual,NA,4.6,EHS,Education and health services,SP1EHS,Educational and health services,5,Number of injury cases (thousands) (Size class 0),0,RSE of Total recordable cases,131,"Private industry, Nebraska"
ISUEHSSP1EHS50131,2016,A01,Annual,NA,3.5,EHS,Education and health services,SP1EHS,Educational and health services,5,Number of injury cases (thousands) (Size class 0),0,RSE of Total recordable cases,131,"Private industry, Nebraska"
ISUEHSSP1EHS50131,2015,A01,Annual,NA,5.7,EHS,Education and health services,SP1EHS,Educational and health services,5,Number of injury cases (thousands) (Size class 0),0,RSE of Total recordable cases,131,"Private industry, Nebraska"
ISUEHSSP1EHS50131,2014,A01,Annual,NA,2.9,EHS,Education and health services,SP1EHS,Educational and health services,5,Number of injury cases (thousands) (Size class 0),0,RSE of Total recordable cases,131,"Private industry, Nebraska"
ISUEHSSP1EHS50831,2020,A01,Annual,NA,8.7,EHS,Education and health services,SP1EHS,Educational and health services,5,Number of injury cases (thousands) (Size class 0),0,RSE of Total recordable cases,831,"Local government, Nebraska"
ISUEHSSP1EHS50831,2019,A01,Annual,NA,7.1,EHS,Education and health services,SP1EHS,Educational and health services,5,Number of injury cases (thousands) (Size class 0),0,RSE of Total recordable cases,831,"Local government, Nebraska"
ISUEHSSP1EHS50831,2018,A01,Annual,NA,4.4,EHS,Education and health services,SP1EHS,Educational and health services,5,Number of injury cases (thousands) (Size class 0),0,RSE of Total recordable cases,831,"Local government, Nebraska"
ISUEHSSP1EHS50831,2017,A01,Annual,NA,5.6,EHS,Education and health services,SP1EHS,Educational and health services,5,Number of injury cases (thousands) (Size class 0),0,RSE of Total recordable cases,831,"Local government, Nebraska"
ISUEHSSP1EHS50831,2016,A01,Annual,NA,8.8,EHS,Education and health services,SP1EHS,Educational and health services,5,Number of injury cases (thousands) (Size class 0),0,RSE of Total recordable cases,831,"Local government, Nebraska"
ISUEHSSP1EHS50831,2015,A01,Annual,NA,11.4,EHS,Education and health services,SP1EHS,Educational and health services,5,Number of injury cases (thousands) (Size class 0),0,RSE of Total recordable cases,831,"Local government, Nebraska"
ISUEHSSP1EHS50831,2014,A01,Annual,NA,8.7,EHS,Education and health services,SP1EHS,Educational and health services,5,Number of injury cases (thousands) (Size class 0),0,RSE of Total recordable cases,831,"Local government, Nebraska"
ISUEHSSP1EHS51131,2020,A01,Annual,NA,2.8,EHS,Education and health services,SP1EHS,Educational and health services,5,Number of injury cases (thousands) (Size class 0),1,Total recordable cases,131,"Private industry, Nebraska"
ISUEHSSP1EHS51131,2019,A01,Annual,NA,3.5,EHS,Education and health services,SP1EHS,Educational and health services,5,Number of injury cases (thousands) (Size class 0),1,Total recordable cases,131,"Private industry, Nebraska"
ISUEHSSP1EHS51131,2018,A01,Annual,NA,3.7,EHS,Education and health services,SP1EHS,Educational and health services,5,Number of injury cases (thousands) (Size class 0),1,Total recordable cases,131,"Private industry, Nebraska"
ISUEHSSP1EHS51131,2017,A01,Annual,NA,3.5,EHS,Education and health services,SP1EHS,Educational and health services,5,Number of injury cases (thousands) (Size class 0),1,Total recordable cases,131,"Private industry, Nebraska"
ISUEHSSP1EHS51131,2016,A01,Annual,NA,3.8,EHS,Education and health services,SP1EHS,Educational and health services,5,Number of injury cases (thousands) (Size class 0),1,Total recordable cases,131,"Private industry, Nebraska"
ISUEHSSP1EHS51131,2015,A01,Annual,NA,4.5,EHS,Education and health services,SP1EHS,Educational and health services,5,Number of injury cases (thousands) (Size class 0),1,Total recordable cases,131,"Private industry, Nebraska"
ISUEHSSP1EHS51131,2014,A01,Annual,NA,3.9,EHS,Education and health services,SP1EHS,Educational and health services,5,Number of injury cases (thousands) (Size class 0),1,Total recordable cases,131,"Private industry, Nebraska"
ISUEHSSP1EHS51831,2020,A01,Annual,NA,1,EHS,Education and health services,SP1EHS,Educational and health services,5,Number of injury cases (thousands) (Size class 0),1,Total recordable cases,831,"Local government, Nebraska"
ISUEHSSP1EHS51831,2019,A01,Annual,NA,1.5,EHS,Education and health services,SP1EHS,Educational and health services,5,Number of injury cases (thousands) (Size class 0),1,Total recordable cases,831,"Local government, Nebraska"
ISUEHSSP1EHS51831,2018,A01,Annual,NA,1.3,EHS,Education and health services,SP1EHS,Educational and health services,5,Number of injury cases (thousands) (Size class 0),1,Total recordable cases,831,"Local government, Nebraska"
ISUEHSSP1EHS51831,2017,A01,Annual,NA,1.2,EHS,Education and health services,SP1EHS,Educational and health services,5,Number of injury cases (thousands) (Size class 0),1,Total recordable cases,831,"Local government, Nebraska"
ISUEHSSP1EHS51831,2016,A01,Annual,NA,1.7,EHS,Education and health services,SP1EHS,Educational and health services,5,Number of injury cases (thousands) (Size class 0),1,Total recordable cases,831,"Local government, Nebraska"
ISUEHSSP1EHS51831,2015,A01,Annual,NA,1.7,EHS,Education and health services,SP1EHS,Educational and health services,5,Number of injury cases (thousands) (Size class 0),1,Total recordable cases,831,"Local government, Nebraska"
ISUEHSSP1EHS51831,2014,A01,Annual,NA,1.5,EHS,Education and health services,SP1EHS,Educational and health services,5,Number of injury cases (thousands) (Size class 0),1,Total recordable cases,831,"Local government, Nebraska"
ISUEHSSP2EDS10131,2020,A01,Annual,NA,13.2,EHS,Education and health services,SP2EDS,Educational services,1,Rate of injury cases per 100 full-time workers (Size class 0),0,RSE of Total recordable cases,131,"Private industry, Nebraska"
ISUEHSSP2EDS10131,2018,A01,Annual,NA,10.7,EHS,Education and health services,SP2EDS,Educational services,1,Rate of injury cases per 100 full-time workers (Size class 0),0,RSE of Total recordable cases,131,"Private industry, Nebraska"
ISUEHSSP2EDS10131,2017,A01,Annual,NA,18.7,EHS,Education and health services,SP2EDS,Educational services,1,Rate of injury cases per 100 full-time workers (Size class 0),0,RSE of Total recordable cases,131,"Private industry, Nebraska"
ISUEHSSP2EDS10131,2016,A01,Annual,NA,13.7,EHS,Education and health services,SP2EDS,Educational services,1,Rate of injury cases per 100 full-time workers (Size class 0),0,RSE of Total recordable cases,131,"Private industry, Nebraska"
ISUEHSSP2EDS10131,2015,A01,Annual,NA,10.7,EHS,Education and health services,SP2EDS,Educational services,1,Rate of injury cases per 100 full-time workers (Size class 0),0,RSE of Total recordable cases,131,"Private industry, Nebraska"
ISUEHSSP2EDS10131,2014,A01,Annual,NA,12.6,EHS,Education and health services,SP2EDS,Educational services,1,Rate of injury cases per 100 full-time workers (Size class 0),0,RSE of Total recordable cases,131,"Private industry, Nebraska"
ISUEHSSP2EDS10731,2020,A01,Annual,NA,0.8,EHS,Education and health services,SP2EDS,Educational services,1,Rate of injury cases per 100 full-time workers (Size class 0),0,RSE of Total recordable cases,731,"State government, Nebraska"
ISUEHSSP2EDS10731,2019,A01,Annual,NA,0,EHS,Education and health services,SP2EDS,Educational services,1,Rate of injury cases per 100 full-time workers (Size class 0),0,RSE of Total recordable cases,731,"State government, Nebraska"
ISUEHSSP2EDS10731,2018,A01,Annual,NA,0,EHS,Education and health services,SP2EDS,Educational services,1,Rate of injury cases per 100 full-time workers (Size class 0),0,RSE of Total recordable cases,731,"State government, Nebraska"
ISUEHSSP2EDS10731,2014,A01,Annual,NA,0,EHS,Education and health services,SP2EDS,Educational services,1,Rate of injury cases per 100 full-time workers (Size class 0),0,RSE of Total recordable cases,731,"State government, Nebraska"
ISUEHSSP2EDS10831,2020,A01,Annual,NA,10.6,EHS,Education and health services,SP2EDS,Educational services,1,Rate of injury cases per 100 full-time workers (Size class 0),0,RSE of Total recordable cases,831,"Local government, Nebraska"
ISUEHSSP2EDS10831,2019,A01,Annual,NA,8.2,EHS,Education and health services,SP2EDS,Educational services,1,Rate of injury cases per 100 full-time workers (Size class 0),0,RSE of Total recordable cases,831,"Local government, Nebraska"
ISUEHSSP2EDS10831,2018,A01,Annual,NA,6.3,EHS,Education and health services,SP2EDS,Educational services,1,Rate of injury cases per 100 full-time workers (Size class 0),0,RSE of Total recordable cases,831,"Local government, Nebraska"
ISUEHSSP2EDS10831,2017,A01,Annual,NA,7.4,EHS,Education and health services,SP2EDS,Educational services,1,Rate of injury cases per 100 full-time workers (Size class 0),0,RSE of Total recordable cases,831,"Local government, Nebraska"
ISUEHSSP2EDS10831,2016,A01,Annual,NA,8.4,EHS,Education and health services,SP2EDS,Educational services,1,Rate of injury cases per 100 full-time workers (Size class 0),0,RSE of Total recordable cases,831,"Local government, Nebraska"
ISUEHSSP2EDS10831,2015,A01,Annual,NA,14.4,EHS,Education and health services,SP2EDS,Educational services,1,Rate of injury cases per 100 full-time workers (Size class 0),0,RSE of Total recordable cases,831,"Local government, Nebraska"
ISUEHSSP2EDS10831,2014,A01,Annual,NA,11.7,EHS,Education and health services,SP2EDS,Educational services,1,Rate of injury cases per 100 full-time workers (Size class 0),0,RSE of Total recordable cases,831,"Local government, Nebraska"
ISUEHSSP2EDS11131,2020,A01,Annual,NA,0.8,EHS,Education and health services,SP2EDS,Educational services,1,Rate of injury cases per 100 full-time workers (Size class 0),1,Total recordable cases,131,"Private industry, Nebraska"
ISUEHSSP2EDS11131,2018,A01,Annual,NA,1.5,EHS,Education and health services,SP2EDS,Educational services,1,Rate of injury cases per 100 full-time workers (Size class 0),1,Total recordable cases,131,"Private industry, Nebraska"
ISUEHSSP2EDS11131,2017,A01,Annual,NA,2,EHS,Education and health services,SP2EDS,Educational services,1,Rate of injury cases per 100 full-time workers (Size class 0),1,Total recordable cases,131,"Private industry, Nebraska"
ISUEHSSP2EDS11131,2016,A01,Annual,NA,1.2,EHS,Education and health services,SP2EDS,Educational services,1,Rate of injury cases per 100 full-time workers (Size class 0),1,Total recordable cases,131,"Private industry, Nebraska"
ISUEHSSP2EDS11131,2015,A01,Annual,NA,1.8,EHS,Education and health services,SP2EDS,Educational services,1,Rate of injury cases per 100 full-time workers (Size class 0),1,Total recordable cases,131,"Private industry, Nebraska"
ISUEHSSP2EDS11131,2014,A01,Annual,NA,1.9,EHS,Education and health services,SP2EDS,Educational services,1,Rate of injury cases per 100 full-time workers (Size class 0),1,Total recordable cases,131,"Private industry, Nebraska"
ISUEHSSP2EDS11731,2020,A01,Annual,NA,1.1,EHS,Education and health services,SP2EDS,Educational services,1,Rate of injury cases per 100 full-time workers (Size class 0),1,Total recordable cases,731,"State government, Nebraska"
ISUEHSSP2EDS11731,2019,A01,Annual,NA,3.6,EHS,Education and health services,SP2EDS,Educational services,1,Rate of injury cases per 100 full-time workers (Size class 0),1,Total recordable cases,731,"State government, Nebraska"
ISUEHSSP2EDS11731,2018,A01,Annual,NA,3.4,EHS,Education and health services,SP2EDS,Educational services,1,Rate of injury cases per 100 full-time workers (Size class 0),1,Total recordable cases,731,"State government, Nebraska"
ISUEHSSP2EDS11731,2014,A01,Annual,NA,3.3,EHS,Education and health services,SP2EDS,Educational services,1,Rate of injury cases per 100 full-time workers (Size class 0),1,Total recordable cases,731,"State government, Nebraska"
ISUEHSSP2EDS11831,2020,A01,Annual,NA,1.8,EHS,Education and health services,SP2EDS,Educational services,1,Rate of injury cases per 100 full-time workers (Size class 0),1,Total recordable cases,831,"Local government, Nebraska"
ISUEHSSP2EDS11831,2019,A01,Annual,NA,2.3,EHS,Education and health services,SP2EDS,Educational services,1,Rate of injury cases per 100 full-time workers (Size class 0),1,Total recordable cases,831,"Local government, Nebraska"
ISUEHSSP2EDS11831,2018,A01,Annual,NA,1.9,EHS,Education and health services,SP2EDS,Educational services,1,Rate of injury cases per 100 full-time workers (Size class 0),1,Total recordable cases,831,"Local government, Nebraska"
ISUEHSSP2EDS11831,2017,A01,Annual,NA,1.9,EHS,Education and health services,SP2EDS,Educational services,1,Rate of injury cases per 100 full-time workers (Size class 0),1,Total recordable cases,831,"Local government, Nebraska"
ISUEHSSP2EDS11831,2016,A01,Annual,NA,2.3,EHS,Education and health services,SP2EDS,Educational services,1,Rate of injury cases per 100 full-time workers (Size class 0),1,Total recordable cases,831,"Local government, Nebraska"
ISUEHSSP2EDS11831,2015,A01,Annual,NA,2.7,EHS,Education and health services,SP2EDS,Educational services,1,Rate of injury cases per 100 full-time workers (Size class 0),1,Total recordable cases,831,"Local government, Nebraska"
ISUEHSSP2EDS11831,2014,A01,Annual,NA,2.5,EHS,Education and health services,SP2EDS,Educational services,1,Rate of injury cases per 100 full-time workers (Size class 0),1,Total recordable cases,831,"Local government, Nebraska"
ISUEHSSP2EDS50131,2020,A01,Annual,NA,7.4,EHS,Education and health services,SP2EDS,Educational services,5,Number of injury cases (thousands) (Size class 0),0,RSE of Total recordable cases,131,"Private industry, Nebraska"
ISUEHSSP2EDS50131,2018,A01,Annual,NA,11.1,EHS,Education and health services,SP2EDS,Educational services,5,Number of injury cases (thousands) (Size class 0),0,RSE of Total recordable cases,131,"Private industry, Nebraska"
ISUEHSSP2EDS50131,2017,A01,Annual,NA,18.7,EHS,Education and health services,SP2EDS,Educational services,5,Number of injury cases (thousands) (Size class 0),0,RSE of Total recordable cases,131,"Private industry, Nebraska"
ISUEHSSP2EDS50131,2016,A01,Annual,NA,19.9,EHS,Education and health services,SP2EDS,Educational services,5,Number of injury cases (thousands) (Size class 0),0,RSE of Total recordable cases,131,"Private industry, Nebraska"
ISUEHSSP2EDS50131,2015,A01,Annual,NA,11.6,EHS,Education and health services,SP2EDS,Educational services,5,Number of injury cases (thousands) (Size class 0),0,RSE of Total recordable cases,131,"Private industry, Nebraska"
ISUEHSSP2EDS50131,2014,A01,Annual,NA,11.7,EHS,Education and health services,SP2EDS,Educational services,5,Number of injury cases (thousands) (Size class 0),0,RSE of Total recordable cases,131,"Private industry, Nebraska"
ISUEHSSP2EDS50731,2020,A01,Annual,NA,13.2,EHS,Education and health services,SP2EDS,Educational services,5,Number of injury cases (thousands) (Size class 0),0,RSE of Total recordable cases,731,"State government, Nebraska"
ISUEHSSP2EDS50731,2019,A01,Annual,NA,0,EHS,Education and health services,SP2EDS,Educational services,5,Number of injury cases (thousands) (Size class 0),0,RSE of Total recordable cases,731,"State government, Nebraska"
ISUEHSSP2EDS50731,2018,A01,Annual,NA,0,EHS,Education and health services,SP2EDS,Educational services,5,Number of injury cases (thousands) (Size class 0),0,RSE of Total recordable cases,731,"State government, Nebraska"
ISUEHSSP2EDS50731,2014,A01,Annual,NA,0,EHS,Education and health services,SP2EDS,Educational services,5,Number of injury cases (thousands) (Size class 0),0,RSE of Total recordable cases,731,"State government, Nebraska"
ISUEHSSP2EDS50831,2020,A01,Annual,NA,10.3,EHS,Education and health services,SP2EDS,Educational services,5,Number of injury cases (thousands) (Size class 0),0,RSE of Total recordable cases,831,"Local government, Nebraska"
ISUEHSSP2EDS50831,2019,A01,Annual,NA,8,EHS,Education and health services,SP2EDS,Educational services,5,Number of injury cases (thousands) (Size class 0),0,RSE of Total recordable cases,831,"Local government, Nebraska"
ISUEHSSP2EDS50831,2018,A01,Annual,NA,6.2,EHS,Education and health services,SP2EDS,Educational services,5,Number of injury cases (thousands) (Size class 0),0,RSE of Total recordable cases,831,"Local government, Nebraska"
ISUEHSSP2EDS50831,2017,A01,Annual,NA,7.2,EHS,Education and health services,SP2EDS,Educational services,5,Number of injury cases (thousands) (Size class 0),0,RSE of Total recordable cases,831,"Local government, Nebraska"
ISUEHSSP2EDS50831,2016,A01,Annual,NA,8.1,EHS,Education and health services,SP2EDS,Educational services,5,Number of injury cases (thousands) (Size class 0),0,RSE of Total recordable cases,831,"Local government, Nebraska"
ISUEHSSP2EDS50831,2015,A01,Annual,NA,14.6,EHS,Education and health services,SP2EDS,Educational services,5,Number of injury cases (thousands) (Size class 0),0,RSE of Total recordable cases,831,"Local government, Nebraska"
ISUEHSSP2EDS50831,2014,A01,Annual,NA,11.1,EHS,Education and health services,SP2EDS,Educational services,5,Number of injury cases (thousands) (Size class 0),0,RSE of Total recordable cases,831,"Local government, Nebraska"
ISUEHSSP2EDS51131,2020,A01,Annual,NA,0,EHS,Education and health services,SP2EDS,Educational services,5,Number of injury cases (thousands) (Size class 0),1,Total recordable cases,131,"Private industry, Nebraska"
ISUEHSSP2EDS51131,2018,A01,Annual,NA,0.1,EHS,Education and health services,SP2EDS,Educational services,5,Number of injury cases (thousands) (Size class 0),1,Total recordable cases,131,"Private industry, Nebraska"
ISUEHSSP2EDS51131,2017,A01,Annual,NA,0.2,EHS,Education and health services,SP2EDS,Educational services,5,Number of injury cases (thousands) (Size class 0),1,Total recordable cases,131,"Private industry, Nebraska"
ISUEHSSP2EDS51131,2016,A01,Annual,NA,0.1,EHS,Education and health services,SP2EDS,Educational services,5,Number of injury cases (thousands) (Size class 0),1,Total recordable cases,131,"Private industry, Nebraska"
ISUEHSSP2EDS51131,2015,A01,Annual,NA,0.1,EHS,Education and health services,SP2EDS,Educational services,5,Number of injury cases (thousands) (Size class 0),1,Total recordable cases,131,"Private industry, Nebraska"
ISUEHSSP2EDS51131,2014,A01,Annual,NA,0.1,EHS,Education and health services,SP2EDS,Educational services,5,Number of injury cases (thousands) (Size class 0),1,Total recordable cases,131,"Private industry, Nebraska"
ISUEHSSP2EDS51731,2020,A01,Annual,NA,0.2,EHS,Education and health services,SP2EDS,Educational services,5,Number of injury cases (thousands) (Size class 0),1,Total recordable cases,731,"State government, Nebraska"
ISUEHSSP2EDS51731,2019,A01,Annual,NA,0.5,EHS,Education and health services,SP2EDS,Educational services,5,Number of injury cases (thousands) (Size class 0),1,Total recordable cases,731,"State government, Nebraska"
ISUEHSSP2EDS51731,2018,A01,Annual,NA,0.4,EHS,Education and health services,SP2EDS,Educational services,5,Number of injury cases (thousands) (Size class 0),1,Total recordable cases,731,"State government, Nebraska"
ISUEHSSP2EDS51731,2014,A01,Annual,NA,0.4,EHS,Education and health services,SP2EDS,Educational services,5,Number of injury cases (thousands) (Size class 0),1,Total recordable cases,731,"State government, Nebraska"
ISUEHSSP2EDS51831,2020,A01,Annual,NA,0.8,EHS,Education and health services,SP2EDS,Educational services,5,Number of injury cases (thousands) (Size class 0),1,Total recordable cases,831,"Local government, Nebraska"
ISUEHSSP2EDS51831,2019,A01,Annual,NA,1.1,EHS,Education and health services,SP2EDS,Educational services,5,Number of injury cases (thousands) (Size class 0),1,Total recordable cases,831,"Local government, Nebraska"
ISUEHSSP2EDS51831,2018,A01,Annual,NA,0.9,EHS,Education and health services,SP2EDS,Educational services,5,Number of injury cases (thousands) (Size class 0),1,Total recordable cases,831,"Local government, Nebraska"
ISUEHSSP2EDS51831,2017,A01,Annual,NA,0.9,EHS,Education and health services,SP2EDS,Educational services,5,Number of injury cases (thousands) (Size class 0),1,Total recordable cases,831,"Local government, Nebraska"
ISUEHSSP2EDS51831,2016,A01,Annual,NA,1,EHS,Education and health services,SP2EDS,Educational services,5,Number of injury cases (thousands) (Size class 0),1,Total recordable cases,831,"Local government, Nebraska"
ISUEHSSP2EDS51831,2015,A01,Annual,NA,1.2,EHS,Education and health services,SP2EDS,Educational services,5,Number of injury cases (thousands) (Size class 0),1,Total recordable cases,831,"Local government, Nebraska"
ISUEHSSP2EDS51831,2014,A01,Annual,NA,1.1,EHS,Education and health services,SP2EDS,Educational services,5,Number of injury cases (thousands) (Size class 0),1,Total recordable cases,831,"Local government, Nebraska"
ISUEHSSP2HSA10131,2020,A01,Annual,NA,5,EHS,Education and health services,SP2HSA,Health care and social assistance,1,Rate of injury cases per 100 full-time workers (Size class 0),0,RSE of Total recordable cases,131,"Private industry, Nebraska"
ISUEHSSP2HSA10131,2019,A01,Annual,NA,5.5,EHS,Education and health services,SP2HSA,Health care and social assistance,1,Rate of injury cases per 100 full-time workers (Size class 0),0,RSE of Total recordable cases,131,"Private industry, Nebraska"
ISUEHSSP2HSA10131,2018,A01,Annual,NA,5,EHS,Education and health services,SP2HSA,Health care and social assistance,1,Rate of injury cases per 100 full-time workers (Size class 0),0,RSE of Total recordable cases,131,"Private industry, Nebraska"
ISUEHSSP2HSA10131,2017,A01,Annual,NA,5.3,EHS,Education and health services,SP2HSA,Health care and social assistance,1,Rate of injury cases per 100 full-time workers (Size class 0),0,RSE of Total recordable cases,131,"Private industry, Nebraska"
ISUEHSSP2HSA10131,2016,A01,Annual,NA,4.1,EHS,Education and health services,SP2HSA,Health care and social assistance,1,Rate of injury cases per 100 full-time workers (Size class 0),0,RSE of Total recordable cases,131,"Private industry, Nebraska"
ISUEHSSP2HSA10131,2015,A01,Annual,NA,6.1,EHS,Education and health services,SP2HSA,Health care and social assistance,1,Rate of injury cases per 100 full-time workers (Size class 0),0,RSE of Total recordable cases,131,"Private industry, Nebraska"
ISUEHSSP2HSA10131,2014,A01,Annual,NA,3.7,EHS,Education and health services,SP2HSA,Health care and social assistance,1,Rate of injury cases per 100 full-time workers (Size class 0),0,RSE of Total recordable cases,131,"Private industry, Nebraska"
ISUEHSSP2HSA10831,2020,A01,Annual,NA,14.6,EHS,Education and health services,SP2HSA,Health care and social assistance,1,Rate of injury cases per 100 full-time workers (Size class 0),0,RSE of Total recordable cases,831,"Local government, Nebraska"
ISUEHSSP2HSA10831,2019,A01,Annual,NA,16.1,EHS,Education and health services,SP2HSA,Health care and social assistance,1,Rate of injury cases per 100 full-time workers (Size class 0),0,RSE of Total recordable cases,831,"Local government, Nebraska"
ISUEHSSP2HSA10831,2018,A01,Annual,NA,6.1,EHS,Education and health services,SP2HSA,Health care and social assistance,1,Rate of injury cases per 100 full-time workers (Size class 0),0,RSE of Total recordable cases,831,"Local government, Nebraska"
ISUEHSSP2HSA10831,2017,A01,Annual,NA,14.5,EHS,Education and health services,SP2HSA,Health care and social assistance,1,Rate of injury cases per 100 full-time workers (Size class 0),0,RSE of Total recordable cases,831,"Local government, Nebraska"
ISUEHSSP2HSA10831,2016,A01,Annual,NA,16.7,EHS,Education and health services,SP2HSA,Health care and social assistance,1,Rate of injury cases per 100 full-time workers (Size class 0),0,RSE of Total recordable cases,831,"Local government, Nebraska"
ISUEHSSP2HSA10831,2015,A01,Annual,NA,23.1,EHS,Education and health services,SP2HSA,Health care and social assistance,1,Rate of injury cases per 100 full-time workers (Size class 0),0,RSE of Total recordable cases,831,"Local government, Nebraska"
ISUEHSSP2HSA10831,2014,A01,Annual,NA,11.3,EHS,Education and health services,SP2HSA,Health care and social assistance,1,Rate of injury cases per 100 full-time workers (Size class 0),0,RSE of Total recordable cases,831,"Local government, Nebraska"
ISUEHSSP2HSA11131,2020,A01,Annual,NA,2.9,EHS,Education and health services,SP2HSA,Health care and social assistance,1,Rate of injury cases per 100 full-time workers (Size class 0),1,Total recordable cases,131,"Private industry, Nebraska"
ISUEHSSP2HSA11131,2019,A01,Annual,NA,3.5,EHS,Education and health services,SP2HSA,Health care and social assistance,1,Rate of injury cases per 100 full-time workers (Size class 0),1,Total recordable cases,131,"Private industry, Nebraska"
ISUEHSSP2HSA11131,2018,A01,Annual,NA,3.8,EHS,Education and health services,SP2HSA,Health care and social assistance,1,Rate of injury cases per 100 full-time workers (Size class 0),1,Total recordable cases,131,"Private industry, Nebraska"
ISUEHSSP2HSA11131,2017,A01,Annual,NA,3.6,EHS,Education and health services,SP2HSA,Health care and social assistance,1,Rate of injury cases per 100 full-time workers (Size class 0),1,Total recordable cases,131,"Private industry, Nebraska"
ISUEHSSP2HSA11131,2016,A01,Annual,NA,3.9,EHS,Education and health services,SP2HSA,Health care and social assistance,1,Rate of injury cases per 100 full-time workers (Size class 0),1,Total recordable cases,131,"Private industry, Nebraska"
ISUEHSSP2HSA11131,2015,A01,Annual,NA,4.8,EHS,Education and health services,SP2HSA,Health care and social assistance,1,Rate of injury cases per 100 full-time workers (Size class 0),1,Total recordable cases,131,"Private industry, Nebraska"
ISUEHSSP2HSA11131,2014,A01,Annual,NA,4.1,EHS,Education and health services,SP2HSA,Health care and social assistance,1,Rate of injury cases per 100 full-time workers (Size class 0),1,Total recordable cases,131,"Private industry, Nebraska"
ISUEHSSP2HSA11831,2020,A01,Annual,NA,2.7,EHS,Education and health services,SP2HSA,Health care and social assistance,1,Rate of injury cases per 100 full-time workers (Size class 0),1,Total recordable cases,831,"Local government, Nebraska"
ISUEHSSP2HSA11831,2019,A01,Annual,NA,6.1,EHS,Education and health services,SP2HSA,Health care and social assistance,1,Rate of injury cases per 100 full-time workers (Size class 0),1,Total recordable cases,831,"Local government, Nebraska"
ISUEHSSP2HSA11831,2018,A01,Annual,NA,4.9,EHS,Education and health services,SP2HSA,Health care and social assistance,1,Rate of injury cases per 100 full-time workers (Size class 0),1,Total recordable cases,831,"Local government, Nebraska"
ISUEHSSP2HSA11831,2017,A01,Annual,NA,3.4,EHS,Education and health services,SP2HSA,Health care and social assistance,1,Rate of injury cases per 100 full-time workers (Size class 0),1,Total recordable cases,831,"Local government, Nebraska"
ISUEHSSP2HSA11831,2016,A01,Annual,NA,7.8,EHS,Education and health services,SP2HSA,Health care and social assistance,1,Rate of injury cases per 100 full-time workers (Size class 0),1,Total recordable cases,831,"Local government, Nebraska"
ISUEHSSP2HSA11831,2015,A01,Annual,NA,6.2,EHS,Education and health services,SP2HSA,Health care and social assistance,1,Rate of injury cases per 100 full-time workers (Size class 0),1,Total recordable cases,831,"Local government, Nebraska"
ISUEHSSP2HSA11831,2014,A01,Annual,NA,5,EHS,Education and health services,SP2HSA,Health care and social assistance,1,Rate of injury cases per 100 full-time workers (Size class 0),1,Total recordable cases,831,"Local government, Nebraska"
ISUEHSSP2HSA50131,2020,A01,Annual,NA,5.4,EHS,Education and health services,SP2HSA,Health care and social assistance,5,Number of injury cases (thousands) (Size class 0),0,RSE of Total recordable cases,131,"Private industry, Nebraska"
ISUEHSSP2HSA50131,2019,A01,Annual,NA,5.4,EHS,Education and health services,SP2HSA,Health care and social assistance,5,Number of injury cases (thousands) (Size class 0),0,RSE of Total recordable cases,131,"Private industry, Nebraska"
ISUEHSSP2HSA50131,2018,A01,Annual,NA,5.1,EHS,Education and health services,SP2HSA,Health care and social assistance,5,Number of injury cases (thousands) (Size class 0),0,RSE of Total recordable cases,131,"Private industry, Nebraska"
ISUEHSSP2HSA50131,2017,A01,Annual,NA,4.7,EHS,Education and health services,SP2HSA,Health care and social assistance,5,Number of injury cases (thousands) (Size class 0),0,RSE of Total recordable cases,131,"Private industry, Nebraska"
ISUEHSSP2HSA50131,2016,A01,Annual,NA,3.5,EHS,Education and health services,SP2HSA,Health care and social assistance,5,Number of injury cases (thousands) (Size class 0),0,RSE of Total recordable cases,131,"Private industry, Nebraska"
ISUEHSSP2HSA50131,2015,A01,Annual,NA,5.9,EHS,Education and health services,SP2HSA,Health care and social assistance,5,Number of injury cases (thousands) (Size class 0),0,RSE of Total recordable cases,131,"Private industry, Nebraska"
ISUEHSSP2HSA50131,2014,A01,Annual,NA,3,EHS,Education and health services,SP2HSA,Health care and social assistance,5,Number of injury cases (thousands) (Size class 0),0,RSE of Total recordable cases,131,"Private industry, Nebraska"
ISUEHSSP2HSA50831,2020,A01,Annual,NA,15,EHS,Education and health services,SP2HSA,Health care and social assistance,5,Number of injury cases (thousands) (Size class 0),0,RSE of Total recordable cases,831,"Local government, Nebraska"
ISUEHSSP2HSA50831,2019,A01,Annual,NA,14.8,EHS,Education and health services,SP2HSA,Health care and social assistance,5,Number of injury cases (thousands) (Size class 0),0,RSE of Total recordable cases,831,"Local government, Nebraska"
ISUEHSSP2HSA50831,2018,A01,Annual,NA,4.4,EHS,Education and health services,SP2HSA,Health care and social assistance,5,Number of injury cases (thousands) (Size class 0),0,RSE of Total recordable cases,831,"Local government, Nebraska"
ISUEHSSP2HSA50831,2017,A01,Annual,NA,6.3,EHS,Education and health services,SP2HSA,Health care and social assistance,5,Number of injury cases (thousands) (Size class 0),0,RSE of Total recordable cases,831,"Local government, Nebraska"
ISUEHSSP2HSA50831,2016,A01,Annual,NA,17.7,EHS,Education and health services,SP2HSA,Health care and social assistance,5,Number of injury cases (thousands) (Size class 0),0,RSE of Total recordable cases,831,"Local government, Nebraska"
ISUEHSSP2HSA50831,2015,A01,Annual,NA,17.2,EHS,Education and health services,SP2HSA,Health care and social assistance,5,Number of injury cases (thousands) (Size class 0),0,RSE of Total recordable cases,831,"Local government, Nebraska"
ISUEHSSP2HSA50831,2014,A01,Annual,NA,12.1,EHS,Education and health services,SP2HSA,Health care and social assistance,5,Number of injury cases (thousands) (Size class 0),0,RSE of Total recordable cases,831,"Local government, Nebraska"
ISUEHSSP2HSA51131,2020,A01,Annual,NA,2.8,EHS,Education and health services,SP2HSA,Health care and social assistance,5,Number of injury cases (thousands) (Size class 0),1,Total recordable cases,131,"Private industry, Nebraska"
ISUEHSSP2HSA51131,2019,A01,Annual,NA,3.4,EHS,Education and health services,SP2HSA,Health care and social assistance,5,Number of injury cases (thousands) (Size class 0),1,Total recordable cases,131,"Private industry, Nebraska"
ISUEHSSP2HSA51131,2018,A01,Annual,NA,3.6,EHS,Education and health services,SP2HSA,Health care and social assistance,5,Number of injury cases (thousands) (Size class 0),1,Total recordable cases,131,"Private industry, Nebraska"
ISUEHSSP2HSA51131,2017,A01,Annual,NA,3.3,EHS,Education and health services,SP2HSA,Health care and social assistance,5,Number of injury cases (thousands) (Size class 0),1,Total recordable cases,131,"Private industry, Nebraska"
ISUEHSSP2HSA51131,2016,A01,Annual,NA,3.7,EHS,Education and health services,SP2HSA,Health care and social assistance,5,Number of injury cases (thousands) (Size class 0),1,Total recordable cases,131,"Private industry, Nebraska"
ISUEHSSP2HSA51131,2015,A01,Annual,NA,4.3,EHS,Education and health services,SP2HSA,Health care and social assistance,5,Number of injury cases (thousands) (Size class 0),1,Total recordable cases,131,"Private industry, Nebraska"
ISUEHSSP2HSA51131,2014,A01,Annual,NA,3.8,EHS,Education and health services,SP2HSA,Health care and social assistance,5,Number of injury cases (thousands) (Size class 0),1,Total recordable cases,131,"Private industry, Nebraska"
ISUEHSSP2HSA51831,2020,A01,Annual,NA,0.2,EHS,Education and health services,SP2HSA,Health care and social assistance,5,Number of injury cases (thousands) (Size class 0),1,Total recordable cases,831,"Local government, Nebraska"
ISUEHSSP2HSA51831,2019,A01,Annual,NA,0.5,EHS,Education and health services,SP2HSA,Health care and social assistance,5,Number of injury cases (thousands) (Size class 0),1,Total recordable cases,831,"Local government, Nebraska"
ISUEHSSP2HSA51831,2018,A01,Annual,NA,0.4,EHS,Education and health services,SP2HSA,Health care and social assistance,5,Number of injury cases (thousands) (Size class 0),1,Total recordable cases,831,"Local government, Nebraska"
ISUEHSSP2HSA51831,2017,A01,Annual,NA,0.3,EHS,Education and health services,SP2HSA,Health care and social assistance,5,Number of injury cases (thousands) (Size class 0),1,Total recordable cases,831,"Local government, Nebraska"
ISUEHSSP2HSA51831,2016,A01,Annual,NA,0.7,EHS,Education and health services,SP2HSA,Health care and social assistance,5,Number of injury cases (thousands) (Size class 0),1,Total recordable cases,831,"Local government, Nebraska"
ISUEHSSP2HSA51831,2015,A01,Annual,NA,0.5,EHS,Education and health services,SP2HSA,Health care and social assistance,5,Number of injury cases (thousands) (Size class 0),1,Total recordable cases,831,"Local government, Nebraska"
ISUEHSSP2HSA51831,2014,A01,Annual,NA,0.4,EHS,Education and health services,SP2HSA,Health care and social assistance,5,Number of injury cases (thousands) (Size class 0),1,Total recordable cases,831,"Local government, Nebraska"
ISUFIA53100010131,2019,A01,Annual,TRUE,25.1,FIA,Financial activities,531000,Real estate,1,Rate of injury cases per 100 full-time workers (Size class 0),0,RSE of Total recordable cases,131,"Private industry, Nebraska"
ISUFIA53100010131,2018,A01,Annual,NA,40.5,FIA,Financial activities,531000,Real estate,1,Rate of injury cases per 100 full-time workers (Size class 0),0,RSE of Total recordable cases,131,"Private industry, Nebraska"
ISUFIA53100010131,2017,A01,Annual,NA,29.8,FIA,Financial activities,531000,Real estate,1,Rate of injury cases per 100 full-time workers (Size class 0),0,RSE of Total recordable cases,131,"Private industry, Nebraska"
ISUFIA53100010131,2015,A01,Annual,NA,26.1,FIA,Financial activities,531000,Real estate,1,Rate of injury cases per 100 full-time workers (Size class 0),0,RSE of Total recordable cases,131,"Private industry, Nebraska"
ISUFIA53100011131,2019,A01,Annual,TRUE,3.6,FIA,Financial activities,531000,Real estate,1,Rate of injury cases per 100 full-time workers (Size class 0),1,Total recordable cases,131,"Private industry, Nebraska"
ISUFIA53100011131,2018,A01,Annual,NA,5.1,FIA,Financial activities,531000,Real estate,1,Rate of injury cases per 100 full-time workers (Size class 0),1,Total recordable cases,131,"Private industry, Nebraska"
ISUFIA53100011131,2017,A01,Annual,NA,1.1,FIA,Financial activities,531000,Real estate,1,Rate of injury cases per 100 full-time workers (Size class 0),1,Total recordable cases,131,"Private industry, Nebraska"
ISUFIA53100011131,2015,A01,Annual,NA,2.1,FIA,Financial activities,531000,Real estate,1,Rate of injury cases per 100 full-time workers (Size class 0),1,Total recordable cases,131,"Private industry, Nebraska"
ISUFIA53100050131,2019,A01,Annual,TRUE,25.1,FIA,Financial activities,531000,Real estate,5,Number of injury cases (thousands) (Size class 0),0,RSE of Total recordable cases,131,"Private industry, Nebraska"
ISUFIA53100050131,2018,A01,Annual,NA,40.2,FIA,Financial activities,531000,Real estate,5,Number of injury cases (thousands) (Size class 0),0,RSE of Total recordable cases,131,"Private industry, Nebraska"
ISUFIA53100050131,2017,A01,Annual,NA,28.7,FIA,Financial activities,531000,Real estate,5,Number of injury cases (thousands) (Size class 0),0,RSE of Total recordable cases,131,"Private industry, Nebraska"
ISUFIA53100050131,2015,A01,Annual,NA,26,FIA,Financial activities,531000,Real estate,5,Number of injury cases (thousands) (Size class 0),0,RSE of Total recordable cases,131,"Private industry, Nebraska"
ISUFIA53100051131,2019,A01,Annual,TRUE,0.2,FIA,Financial activities,531000,Real estate,5,Number of injury cases (thousands) (Size class 0),1,Total recordable cases,131,"Private industry, Nebraska"
ISUFIA53100051131,2018,A01,Annual,NA,0.4,FIA,Financial activities,531000,Real estate,5,Number of injury cases (thousands) (Size class 0),1,Total recordable cases,131,"Private industry, Nebraska"
ISUFIA53100051131,2017,A01,Annual,NA,0.1,FIA,Financial activities,531000,Real estate,5,Number of injury cases (thousands) (Size class 0),1,Total recordable cases,131,"Private industry, Nebraska"
ISUFIA53100051131,2015,A01,Annual,NA,0.1,FIA,Financial activities,531000,Real estate,5,Number of injury cases (thousands) (Size class 0),1,Total recordable cases,131,"Private industry, Nebraska"
ISUFIA53200010131,2018,A01,Annual,TRUE,46.8,FIA,Financial activities,532000,Rental and leasing services,1,Rate of injury cases per 100 full-time workers (Size class 0),0,RSE of Total recordable cases,131,"Private industry, Nebraska"
ISUFIA53200010131,2017,A01,Annual,NA,38.6,FIA,Financial activities,532000,Rental and leasing services,1,Rate of injury cases per 100 full-time workers (Size class 0),0,RSE of Total recordable cases,131,"Private industry, Nebraska"
ISUFIA53200011131,2018,A01,Annual,TRUE,1.5,FIA,Financial activities,532000,Rental and leasing services,1,Rate of injury cases per 100 full-time workers (Size class 0),1,Total recordable cases,131,"Private industry, Nebraska"
ISUFIA53200011131,2017,A01,Annual,NA,1.3,FIA,Financial activities,532000,Rental and leasing services,1,Rate of injury cases per 100 full-time workers (Size class 0),1,Total recordable cases,131,"Private industry, Nebraska"
ISUFIA53200050131,2018,A01,Annual,TRUE,42.9,FIA,Financial activities,532000,Rental and leasing services,5,Number of injury cases (thousands) (Size class 0),0,RSE of Total recordable cases,131,"Private industry, Nebraska"
ISUFIA53200050131,2017,A01,Annual,NA,40.4,FIA,Financial activities,532000,Rental and leasing services,5,Number of injury cases (thousands) (Size class 0),0,RSE of Total recordable cases,131,"Private industry, Nebraska"
ISUFIA53200051131,2018,A01,Annual,TRUE,0,FIA,Financial activities,532000,Rental and leasing services,5,Number of injury cases (thousands) (Size class 0),1,Total recordable cases,131,"Private industry, Nebraska"
ISUFIA53200051131,2017,A01,Annual,NA,0,FIA,Financial activities,532000,Rental and leasing services,5,Number of injury cases (thousands) (Size class 0),1,Total recordable cases,131,"Private industry, Nebraska"
ISUFIA53300010131,2018,A01,Annual,TRUE,0,FIA,Financial activities,533000,Lessors of nonfinancial intangible assets (except copyrighted works),1,Rate of injury cases per 100 full-time workers (Size class 0),0,RSE of Total recordable cases,131,"Private industry, Nebraska"
ISUFIA53300010131,2017,A01,Annual,NA,0,FIA,Financial activities,533000,Lessors of nonfinancial intangible assets (except copyrighted works),1,Rate of injury cases per 100 full-time workers (Size class 0),0,RSE of Total recordable cases,131,"Private industry, Nebraska"
ISUFIA53300010131,2016,A01,Annual,NA,30.3,FIA,Financial activities,533000,Lessors of nonfinancial intangible assets (except copyrighted works),1,Rate of injury cases per 100 full-time workers (Size class 0),0,RSE of Total recordable cases,131,"Private industry, Nebraska"
ISUFIA53300010131,2015,A01,Annual,NA,0,FIA,Financial activities,533000,Lessors of nonfinancial intangible assets (except copyrighted works),1,Rate of injury cases per 100 full-time workers (Size class 0),0,RSE of Total recordable cases,131,"Private industry, Nebraska"
ISUFIA53300010131,2014,A01,Annual,NA,37.5,FIA,Financial activities,533000,Lessors of nonfinancial intangible assets (except copyrighted works),1,Rate of injury cases per 100 full-time workers (Size class 0),0,RSE of Total recordable cases,131,"Private industry, Nebraska"
ISUFIA53300011131,2018,A01,Annual,TRUE,NA,FIA,Financial activities,533000,Lessors of nonfinancial intangible assets (except copyrighted works),1,Rate of injury cases per 100 full-time workers (Size class 0),1,Total recordable cases,131,"Private industry, Nebraska"
ISUFIA53300011131,2017,A01,Annual,NA,NA,FIA,Financial activities,533000,Lessors of nonfinancial intangible assets (except copyrighted works),1,Rate of injury cases per 100 full-time workers (Size class 0),1,Total recordable cases,131,"Private industry, Nebraska"
ISUFIA53300011131,2016,A01,Annual,NA,NA,FIA,Financial activities,533000,Lessors of nonfinancial intangible assets (except copyrighted works),1,Rate of injury cases per 100 full-time workers (Size class 0),1,Total recordable cases,131,"Private industry, Nebraska"
ISUFIA53300011131,2015,A01,Annual,NA,NA,FIA,Financial activities,533000,Lessors of nonfinancial intangible assets (except copyrighted works),1,Rate of injury cases per 100 full-time workers (Size class 0),1,Total recordable cases,131,"Private industry, Nebraska"
ISUFIA53300011131,2014,A01,Annual,NA,NA,FIA,Financial activities,533000,Lessors of nonfinancial intangible assets (except copyrighted works),1,Rate of injury cases per 100 full-time workers (Size class 0),1,Total recordable cases,131,"Private industry, Nebraska"
ISUFIA53300050131,2018,A01,Annual,TRUE,0,FIA,Financial activities,533000,Lessors of nonfinancial intangible assets (except copyrighted works),5,Number of injury cases (thousands) (Size class 0),0,RSE of Total recordable cases,131,"Private industry, Nebraska"
ISUFIA53300050131,2017,A01,Annual,NA,0,FIA,Financial activities,533000,Lessors of nonfinancial intangible assets (except copyrighted works),5,Number of injury cases (thousands) (Size class 0),0,RSE of Total recordable cases,131,"Private industry, Nebraska"
ISUFIA53300050131,2016,A01,Annual,NA,32.7,FIA,Financial activities,533000,Lessors of nonfinancial intangible assets (except copyrighted works),5,Number of injury cases (thousands) (Size class 0),0,RSE of Total recordable cases,131,"Private industry, Nebraska"
ISUFIA53300050131,2015,A01,Annual,NA,0,FIA,Financial activities,533000,Lessors of nonfinancial intangible assets (except copyrighted works),5,Number of injury cases (thousands) (Size class 0),0,RSE of Total recordable cases,131,"Private industry, Nebraska"
ISUFIA53300050131,2014,A01,Annual,NA,35.7,FIA,Financial activities,533000,Lessors of nonfinancial intangible assets (except copyrighted works),5,Number of injury cases (thousands) (Size class 0),0,RSE of Total recordable cases,131,"Private industry, Nebraska"
ISUFIA53300051131,2018,A01,Annual,TRUE,0,FIA,Financial activities,533000,Lessors of nonfinancial intangible assets (except copyrighted works),5,Number of injury cases (thousands) (Size class 0),1,Total recordable cases,131,"Private industry, Nebraska"
ISUFIA53300051131,2017,A01,Annual,NA,0,FIA,Financial activities,533000,Lessors of nonfinancial intangible assets (except copyrighted works),5,Number of injury cases (thousands) (Size class 0),1,Total recordable cases,131,"Private industry, Nebraska"
ISUFIA53300051131,2016,A01,Annual,NA,0,FIA,Financial activities,533000,Lessors of nonfinancial intangible assets (except copyrighted works),5,Number of injury cases (thousands) (Size class 0),1,Total recordable cases,131,"Private industry, Nebraska"
ISUFIA53300051131,2015,A01,Annual,NA,0,FIA,Financial activities,533000,Lessors of nonfinancial intangible assets (except copyrighted works),5,Number of injury cases (thousands) (Size class 0),1,Total recordable cases,131,"Private industry, Nebraska"
ISUFIA53300051131,2014,A01,Annual,NA,0,FIA,Financial activities,533000,Lessors of nonfinancial intangible assets (except copyrighted works),5,Number of injury cases (thousands) (Size class 0),1,Total recordable cases,131,"Private industry, Nebraska"
ISUCON23822010131,2020,A01,Annual,NA,17,CON,Construction,238220,"Plumbing, heating, and air-conditioning contractors",1,Rate of injury cases per 100 full-time workers (Size class 0),0,RSE of Total recordable cases,131,"Private industry, Nebraska"
ISUCON23822010131,2019,A01,Annual,NA,19.1,CON,Construction,238220,"Plumbing, heating, and air-conditioning contractors",1,Rate of injury cases per 100 full-time workers (Size class 0),0,RSE of Total recordable cases,131,"Private industry, Nebraska"
ISUCON23822010131,2018,A01,Annual,NA,17.2,CON,Construction,238220,"Plumbing, heating, and air-conditioning contractors",1,Rate of injury cases per 100 full-time workers (Size class 0),0,RSE of Total recordable cases,131,"Private industry, Nebraska"
ISUCON23822010131,2017,A01,Annual,NA,21.7,CON,Construction,238220,"Plumbing, heating, and air-conditioning contractors",1,Rate of injury cases per 100 full-time workers (Size class 0),0,RSE of Total recordable cases,131,"Private industry, Nebraska"
ISUCON23822010131,2016,A01,Annual,NA,21.8,CON,Construction,238220,"Plumbing, heating, and air-conditioning contractors",1,Rate of injury cases per 100 full-time workers (Size class 0),0,RSE of Total recordable cases,131,"Private industry, Nebraska"
ISUCON23822010131,2015,A01,Annual,NA,18.7,CON,Construction,238220,"Plumbing, heating, and air-conditioning contractors",1,Rate of injury cases per 100 full-time workers (Size class 0),0,RSE of Total recordable cases,131,"Private industry, Nebraska"
ISUCON23822010131,2014,A01,Annual,NA,22.1,CON,Construction,238220,"Plumbing, heating, and air-conditioning contractors",1,Rate of injury cases per 100 full-time workers (Size class 0),0,RSE of Total recordable cases,131,"Private industry, Nebraska"
ISUCON23822011131,2020,A01,Annual,NA,3.4,CON,Construction,238220,"Plumbing, heating, and air-conditioning contractors",1,Rate of injury cases per 100 full-time workers (Size class 0),1,Total recordable cases,131,"Private industry, Nebraska"
ISUCON23822011131,2019,A01,Annual,NA,4.3,CON,Construction,238220,"Plumbing, heating, and air-conditioning contractors",1,Rate of injury cases per 100 full-time workers (Size class 0),1,Total recordable cases,131,"Private industry, Nebraska"
ISUCON23822011131,2018,A01,Annual,NA,4.1,CON,Construction,238220,"Plumbing, heating, and air-conditioning contractors",1,Rate of injury cases per 100 full-time workers (Size class 0),1,Total recordable cases,131,"Private industry, Nebraska"
ISUCON23822011131,2017,A01,Annual,NA,3.8,CON,Construction,238220,"Plumbing, heating, and air-conditioning contractors",1,Rate of injury cases per 100 full-time workers (Size class 0),1,Total recordable cases,131,"Private industry, Nebraska"
ISUCON23822011131,2016,A01,Annual,NA,5.4,CON,Construction,238220,"Plumbing, heating, and air-conditioning contractors",1,Rate of injury cases per 100 full-time workers (Size class 0),1,Total recordable cases,131,"Private industry, Nebraska"
ISUCON23822011131,2015,A01,Annual,NA,3,CON,Construction,238220,"Plumbing, heating, and air-conditioning contractors",1,Rate of injury cases per 100 full-time workers (Size class 0),1,Total recordable cases,131,"Private industry, Nebraska"
ISUCON23822011131,2014,A01,Annual,NA,5.6,CON,Construction,238220,"Plumbing, heating, and air-conditioning contractors",1,Rate of injury cases per 100 full-time workers (Size class 0),1,Total recordable cases,131,"Private industry, Nebraska"
ISUCON23822050131,2020,A01,Annual,NA,19.1,CON,Construction,238220,"Plumbing, heating, and air-conditioning contractors",5,Number of injury cases (thousands) (Size class 0),0,RSE of Total recordable cases,131,"Private industry, Nebraska"
ISUCON23822050131,2019,A01,Annual,NA,19.3,CON,Construction,238220,"Plumbing, heating, and air-conditioning contractors",5,Number of injury cases (thousands) (Size class 0),0,RSE of Total recordable cases,131,"Private industry, Nebraska"
ISUCON23822050131,2018,A01,Annual,NA,17,CON,Construction,238220,"Plumbing, heating, and air-conditioning contractors",5,Number of injury cases (thousands) (Size class 0),0,RSE of Total recordable cases,131,"Private industry, Nebraska"
ISUCON23822050131,2017,A01,Annual,NA,23,CON,Construction,238220,"Plumbing, heating, and air-conditioning contractors",5,Number of injury cases (thousands) (Size class 0),0,RSE of Total recordable cases,131,"Private industry, Nebraska"
ISUCON23822050131,2016,A01,Annual,NA,21.9,CON,Construction,238220,"Plumbing, heating, and air-conditioning contractors",5,Number of injury cases (thousands) (Size class 0),0,RSE of Total recordable cases,131,"Private industry, Nebraska"
ISUCON23822050131,2015,A01,Annual,NA,19.4,CON,Construction,238220,"Plumbing, heating, and air-conditioning contractors",5,Number of injury cases (thousands) (Size class 0),0,RSE of Total recordable cases,131,"Private industry, Nebraska"
ISUCON23822050131,2014,A01,Annual,NA,22.3,CON,Construction,238220,"Plumbing, heating, and air-conditioning contractors",5,Number of injury cases (thousands) (Size class 0),0,RSE of Total recordable cases,131,"Private industry, Nebraska"
ISUCON23822051131,2020,A01,Annual,NA,0.3,CON,Construction,238220,"Plumbing, heating, and air-conditioning contractors",5,Number of injury cases (thousands) (Size class 0),1,Total recordable cases,131,"Private industry, Nebraska"
ISUCON23822051131,2019,A01,Annual,NA,0.4,CON,Construction,238220,"Plumbing, heating, and air-conditioning contractors",5,Number of injury cases (thousands) (Size class 0),1,Total recordable cases,131,"Private industry, Nebraska"
ISUCON23822051131,2018,A01,Annual,NA,0.3,CON,Construction,238220,"Plumbing, heating, and air-conditioning contractors",5,Number of injury cases (thousands) (Size class 0),1,Total recordable cases,131,"Private industry, Nebraska"
ISUCON23822051131,2017,A01,Annual,NA,0.3,CON,Construction,238220,"Plumbing, heating, and air-conditioning contractors",5,Number of injury cases (thousands) (Size class 0),1,Total recordable cases,131,"Private industry, Nebraska"
ISUCON23822051131,2016,A01,Annual,NA,0.5,CON,Construction,238220,"Plumbing, heating, and air-conditioning contractors",5,Number of injury cases (thousands) (Size class 0),1,Total recordable cases,131,"Private industry, Nebraska"
ISUCON23822051131,2015,A01,Annual,NA,0.2,CON,Construction,238220,"Plumbing, heating, and air-conditioning contractors",5,Number of injury cases (thousands) (Size class 0),1,Total recordable cases,131,"Private industry, Nebraska"
ISUCON23822051131,2014,A01,Annual,NA,0.4,CON,Construction,238220,"Plumbing, heating, and air-conditioning contractors",5,Number of injury cases (thousands) (Size class 0),1,Total recordable cases,131,"Private industry, Nebraska"
ISUCON23830010131,2018,A01,Annual,NA,31.1,CON,Construction,238300,Building finishing contractors,1,Rate of injury cases per 100 full-time workers (Size class 0),0,RSE of Total recordable cases,131,"Private industry, Nebraska"
ISUCON23830010131,2016,A01,Annual,NA,30,CON,Construction,238300,Building finishing contractors,1,Rate of injury cases per 100 full-time workers (Size class 0),0,RSE of Total recordable cases,131,"Private industry, Nebraska"
ISUCON23830010131,2015,A01,Annual,NA,33.3,CON,Construction,238300,Building finishing contractors,1,Rate of injury cases per 100 full-time workers (Size class 0),0,RSE of Total recordable cases,131,"Private industry, Nebraska"
ISUCON23830010131,2014,A01,Annual,NA,37.1,CON,Construction,238300,Building finishing contractors,1,Rate of injury cases per 100 full-time workers (Size class 0),0,RSE of Total recordable cases,131,"Private industry, Nebraska"
ISUCON23830011131,2018,A01,Annual,NA,1.7,CON,Construction,238300,Building finishing contractors,1,Rate of injury cases per 100 full-time workers (Size class 0),1,Total recordable cases,131,"Private industry, Nebraska"
ISUCON23830011131,2016,A01,Annual,NA,2.8,CON,Construction,238300,Building finishing contractors,1,Rate of injury cases per 100 full-time workers (Size class 0),1,Total recordable cases,131,"Private industry, Nebraska"
ISUCON23830011131,2015,A01,Annual,NA,2.6,CON,Construction,238300,Building finishing contractors,1,Rate of injury cases per 100 full-time workers (Size class 0),1,Total recordable cases,131,"Private industry, Nebraska"
ISUCON23830011131,2014,A01,Annual,NA,1.5,CON,Construction,238300,Building finishing contractors,1,Rate of injury cases per 100 full-time workers (Size class 0),1,Total recordable cases,131,"Private industry, Nebraska"
ISUCON23830050131,2018,A01,Annual,NA,31.5,CON,Construction,238300,Building finishing contractors,5,Number of injury cases (thousands) (Size class 0),0,RSE of Total recordable cases,131,"Private industry, Nebraska"
ISUCON23830050131,2016,A01,Annual,NA,30.2,CON,Construction,238300,Building finishing contractors,5,Number of injury cases (thousands) (Size class 0),0,RSE of Total recordable cases,131,"Private industry, Nebraska"
ISUCON23830050131,2015,A01,Annual,NA,37.2,CON,Construction,238300,Building finishing contractors,5,Number of injury cases (thousands) (Size class 0),0,RSE of Total recordable cases,131,"Private industry, Nebraska"
ISUCON23830050131,2014,A01,Annual,NA,43.5,CON,Construction,238300,Building finishing contractors,5,Number of injury cases (thousands) (Size class 0),0,RSE of Total recordable cases,131,"Private industry, Nebraska"
ISUCON23830051131,2018,A01,Annual,NA,0.1,CON,Construction,238300,Building finishing contractors,5,Number of injury cases (thousands) (Size class 0),1,Total recordable cases,131,"Private industry, Nebraska"
ISUCON23830051131,2016,A01,Annual,NA,0.2,CON,Construction,238300,Building finishing contractors,5,Number of injury cases (thousands) (Size class 0),1,Total recordable cases,131,"Private industry, Nebraska"
ISUCON23830051131,2015,A01,Annual,NA,0.1,CON,Construction,238300,Building finishing contractors,5,Number of injury cases (thousands) (Size class 0),1,Total recordable cases,131,"Private industry, Nebraska"
ISUCON23830051131,2014,A01,Annual,NA,0.1,CON,Construction,238300,Building finishing contractors,5,Number of injury cases (thousands) (Size class 0),1,Total recordable cases,131,"Private industry, Nebraska"
ISUCONGP1CON10131,2020,A01,Annual,NA,12.6,CON,Construction,GP1CON,Construction,1,Rate of injury cases per 100 full-time workers (Size class 0),0,RSE of Total recordable cases,131,"Private industry, Nebraska"
ISUCONGP1CON10131,2019,A01,Annual,NA,11.9,CON,Construction,GP1CON,Construction,1,Rate of injury cases per 100 full-time workers (Size class 0),0,RSE of Total recordable cases,131,"Private industry, Nebraska"
ISUCONGP1CON10131,2018,A01,Annual,NA,11.6,CON,Construction,GP1CON,Construction,1,Rate of injury cases per 100 full-time workers (Size class 0),0,RSE of Total recordable cases,131,"Private industry, Nebraska"
ISUCONGP1CON10131,2017,A01,Annual,NA,13.1,CON,Construction,GP1CON,Construction,1,Rate of injury cases per 100 full-time workers (Size class 0),0,RSE of Total recordable cases,131,"Private industry, Nebraska"
ISUCONGP1CON10131,2016,A01,Annual,NA,11,CON,Construction,GP1CON,Construction,1,Rate of injury cases per 100 full-time workers (Size class 0),0,RSE of Total recordable cases,131,"Private industry, Nebraska"
ISUCONGP1CON10131,2015,A01,Annual,NA,12.9,CON,Construction,GP1CON,Construction,1,Rate of injury cases per 100 full-time workers (Size class 0),0,RSE of Total recordable cases,131,"Private industry, Nebraska"
ISUCONGP1CON10131,2014,A01,Annual,NA,11.3,CON,Construction,GP1CON,Construction,1,Rate of injury cases per 100 full-time workers (Size class 0),0,RSE of Total recordable cases,131,"Private industry, Nebraska"
ISUCONGP1CON11131,2020,A01,Annual,NA,2.7,CON,Construction,GP1CON,Construction,1,Rate of injury cases per 100 full-time workers (Size class 0),1,Total recordable cases,131,"Private industry, Nebraska"
ISUCONGP1CON11131,2019,A01,Annual,NA,3.7,CON,Construction,GP1CON,Construction,1,Rate of injury cases per 100 full-time workers (Size class 0),1,Total recordable cases,131,"Private industry, Nebraska"
ISUCONGP1CON11131,2018,A01,Annual,NA,3.5,CON,Construction,GP1CON,Construction,1,Rate of injury cases per 100 full-time workers (Size class 0),1,Total recordable cases,131,"Private industry, Nebraska"
ISUCONGP1CON11131,2017,A01,Annual,NA,2.8,CON,Construction,GP1CON,Construction,1,Rate of injury cases per 100 full-time workers (Size class 0),1,Total recordable cases,131,"Private industry, Nebraska"
ISUCONGP1CON11131,2016,A01,Annual,NA,3.5,CON,Construction,GP1CON,Construction,1,Rate of injury cases per 100 full-time workers (Size class 0),1,Total recordable cases,131,"Private industry, Nebraska"
ISUCONGP1CON11131,2015,A01,Annual,NA,3.9,CON,Construction,GP1CON,Construction,1,Rate of injury cases per 100 full-time workers (Size class 0),1,Total recordable cases,131,"Private industry, Nebraska"
ISUCONGP1CON11131,2014,A01,Annual,NA,4,CON,Construction,GP1CON,Construction,1,Rate of injury cases per 100 full-time workers (Size class 0),1,Total recordable cases,131,"Private industry, Nebraska"
ISUCONGP1CON50131,2020,A01,Annual,NA,13.2,CON,Construction,GP1CON,Construction,5,Number of injury cases (thousands) (Size class 0),0,RSE of Total recordable cases,131,"Private industry, Nebraska"
ISUCONGP1CON50131,2019,A01,Annual,NA,12,CON,Construction,GP1CON,Construction,5,Number of injury cases (thousands) (Size class 0),0,RSE of Total recordable cases,131,"Private industry, Nebraska"
ISUCONGP1CON50131,2018,A01,Annual,NA,11,CON,Construction,GP1CON,Construction,5,Number of injury cases (thousands) (Size class 0),0,RSE of Total recordable cases,131,"Private industry, Nebraska"
ISUCONGP1CON50131,2017,A01,Annual,NA,12.6,CON,Construction,GP1CON,Construction,5,Number of injury cases (thousands) (Size class 0),0,RSE of Total recordable cases,131,"Private industry, Nebraska"
ISUCONGP1CON50131,2016,A01,Annual,NA,10.7,CON,Construction,GP1CON,Construction,5,Number of injury cases (thousands) (Size class 0),0,RSE of Total recordable cases,131,"Private industry, Nebraska"
ISUCONGP1CON50131,2015,A01,Annual,NA,12.5,CON,Construction,GP1CON,Construction,5,Number of injury cases (thousands) (Size class 0),0,RSE of Total recordable cases,131,"Private industry, Nebraska"
ISUCONGP1CON50131,2014,A01,Annual,NA,11,CON,Construction,GP1CON,Construction,5,Number of injury cases (thousands) (Size class 0),0,RSE of Total recordable cases,131,"Private industry, Nebraska"
ISUCONGP1CON51131,2020,A01,Annual,NA,1.4,CON,Construction,GP1CON,Construction,5,Number of injury cases (thousands) (Size class 0),1,Total recordable cases,131,"Private industry, Nebraska"
ISUCONGP1CON51131,2019,A01,Annual,NA,1.9,CON,Construction,GP1CON,Construction,5,Number of injury cases (thousands) (Size class 0),1,Total recordable cases,131,"Private industry, Nebraska"
ISUCONGP1CON51131,2018,A01,Annual,NA,1.8,CON,Construction,GP1CON,Construction,5,Number of injury cases (thousands) (Size class 0),1,Total recordable cases,131,"Private industry, Nebraska"
ISUCONGP1CON51131,2017,A01,Annual,NA,1.4,CON,Construction,GP1CON,Construction,5,Number of injury cases (thousands) (Size class 0),1,Total recordable cases,131,"Private industry, Nebraska"
ISUCONGP1CON51131,2016,A01,Annual,NA,1.7,CON,Construction,GP1CON,Construction,5,Number of injury cases (thousands) (Size class 0),1,Total recordable cases,131,"Private industry, Nebraska"
ISUCONGP1CON51131,2015,A01,Annual,NA,1.7,CON,Construction,GP1CON,Construction,5,Number of injury cases (thousands) (Size class 0),1,Total recordable cases,131,"Private industry, Nebraska"
ISUCONGP1CON51131,2014,A01,Annual,NA,1.7,CON,Construction,GP1CON,Construction,5,Number of injury cases (thousands) (Size class 0),1,Total recordable cases,131,"Private industry, Nebraska"
ISUCONGP2CON10131,2020,A01,Annual,NA,12.6,CON,Construction,GP2CON,Construction,1,Rate of injury cases per 100 full-time workers (Size class 0),0,RSE of Total recordable cases,131,"Private industry, Nebraska"
ISUCONGP2CON10131,2019,A01,Annual,NA,11.9,CON,Construction,GP2CON,Construction,1,Rate of injury cases per 100 full-time workers (Size class 0),0,RSE of Total recordable cases,131,"Private industry, Nebraska"
ISUCONGP2CON10131,2018,A01,Annual,NA,11.6,CON,Construction,GP2CON,Construction,1,Rate of injury cases per 100 full-time workers (Size class 0),0,RSE of Total recordable cases,131,"Private industry, Nebraska"
ISUCONGP2CON10131,2017,A01,Annual,NA,13.1,CON,Construction,GP2CON,Construction,1,Rate of injury cases per 100 full-time workers (Size class 0),0,RSE of Total recordable cases,131,"Private industry, Nebraska"
ISUCONGP2CON10131,2016,A01,Annual,NA,11,CON,Construction,GP2CON,Construction,1,Rate of injury cases per 100 full-time workers (Size class 0),0,RSE of Total recordable cases,131,"Private industry, Nebraska"
ISUCONGP2CON10131,2015,A01,Annual,NA,12.9,CON,Construction,GP2CON,Construction,1,Rate of injury cases per 100 full-time workers (Size class 0),0,RSE of Total recordable cases,131,"Private industry, Nebraska"
ISUCONGP2CON10131,2014,A01,Annual,NA,11.3,CON,Construction,GP2CON,Construction,1,Rate of injury cases per 100 full-time workers (Size class 0),0,RSE of Total recordable cases,131,"Private industry, Nebraska"
ISUCONGP2CON11131,2020,A01,Annual,NA,2.7,CON,Construction,GP2CON,Construction,1,Rate of injury cases per 100 full-time workers (Size class 0),1,Total recordable cases,131,"Private industry, Nebraska"
ISUCONGP2CON11131,2019,A01,Annual,NA,3.7,CON,Construction,GP2CON,Construction,1,Rate of injury cases per 100 full-time workers (Size class 0),1,Total recordable cases,131,"Private industry, Nebraska"
ISUCONGP2CON11131,2018,A01,Annual,NA,3.5,CON,Construction,GP2CON,Construction,1,Rate of injury cases per 100 full-time workers (Size class 0),1,Total recordable cases,131,"Private industry, Nebraska"
ISUCONGP2CON11131,2017,A01,Annual,NA,2.8,CON,Construction,GP2CON,Construction,1,Rate of injury cases per 100 full-time workers (Size class 0),1,Total recordable cases,131,"Private industry, Nebraska"
ISUCONGP2CON11131,2016,A01,Annual,NA,3.5,CON,Construction,GP2CON,Construction,1,Rate of injury cases per 100 full-time workers (Size class 0),1,Total recordable cases,131,"Private industry, Nebraska"
ISUCONGP2CON11131,2015,A01,Annual,NA,3.9,CON,Construction,GP2CON,Construction,1,Rate of injury cases per 100 full-time workers (Size class 0),1,Total recordable cases,131,"Private industry, Nebraska"
ISUCONGP2CON11131,2014,A01,Annual,NA,4,CON,Construction,GP2CON,Construction,1,Rate of injury cases per 100 full-time workers (Size class 0),1,Total recordable cases,131,"Private industry, Nebraska"
ISUCONGP2CON50131,2020,A01,Annual,NA,13.2,CON,Construction,GP2CON,Construction,5,Number of injury cases (thousands) (Size class 0),0,RSE of Total recordable cases,131,"Private industry, Nebraska"
ISUCONGP2CON50131,2019,A01,Annual,NA,12,CON,Construction,GP2CON,Construction,5,Number of injury cases (thousands) (Size class 0),0,RSE of Total recordable cases,131,"Private industry, Nebraska"
ISUCONGP2CON50131,2018,A01,Annual,NA,11,CON,Construction,GP2CON,Construction,5,Number of injury cases (thousands) (Size class 0),0,RSE of Total recordable cases,131,"Private industry, Nebraska"
ISUCONGP2CON50131,2017,A01,Annual,NA,12.6,CON,Construction,GP2CON,Construction,5,Number of injury cases (thousands) (Size class 0),0,RSE of Total recordable cases,131,"Private industry, Nebraska"
ISUCONGP2CON50131,2016,A01,Annual,NA,10.7,CON,Construction,GP2CON,Construction,5,Number of injury cases (thousands) (Size class 0),0,RSE of Total recordable cases,131,"Private industry, Nebraska"
ISUCONGP2CON50131,2015,A01,Annual,NA,12.5,CON,Construction,GP2CON,Construction,5,Number of injury cases (thousands) (Size class 0),0,RSE of Total recordable cases,131,"Private industry, Nebraska"
ISUCONGP2CON50131,2014,A01,Annual,NA,11,CON,Construction,GP2CON,Construction,5,Number of injury cases (thousands) (Size class 0),0,RSE of Total recordable cases,131,"Private industry, Nebraska"
ISUCONGP2CON51131,2020,A01,Annual,NA,1.4,CON,Construction,GP2CON,Construction,5,Number of injury cases (thousands) (Size class 0),1,Total recordable cases,131,"Private industry, Nebraska"
ISUCONGP2CON51131,2019,A01,Annual,NA,1.9,CON,Construction,GP2CON,Construction,5,Number of injury cases (thousands) (Size class 0),1,Total recordable cases,131,"Private industry, Nebraska"
ISUCONGP2CON51131,2018,A01,Annual,NA,1.8,CON,Construction,GP2CON,Construction,5,Number of injury cases (thousands) (Size class 0),1,Total recordable cases,131,"Private industry, Nebraska"
ISUCONGP2CON51131,2017,A01,Annual,NA,1.4,CON,Construction,GP2CON,Construction,5,Number of injury cases (thousands) (Size class 0),1,Total recordable cases,131,"Private industry, Nebraska"
ISUCONGP2CON51131,2016,A01,Annual,NA,1.7,CON,Construction,GP2CON,Construction,5,Number of injury cases (thousands) (Size class 0),1,Total recordable cases,131,"Private industry, Nebraska"
ISUCONGP2CON51131,2015,A01,Annual,NA,1.7,CON,Construction,GP2CON,Construction,5,Number of injury cases (thousands) (Size class 0),1,Total recordable cases,131,"Private industry, Nebraska"
ISUCONGP2CON51131,2014,A01,Annual,NA,1.7,CON,Construction,GP2CON,Construction,5,Number of injury cases (thousands) (Size class 0),1,Total recordable cases,131,"Private industry, Nebraska"
ISUEHS61100010731,2020,A01,Annual,NA,0.8,EHS,Education and health services,611000,Educational services,1,Rate of injury cases per 100 full-time workers (Size class 0),0,RSE of Total recordable cases,731,"State government, Nebraska"
ISUEHS61100010731,2019,A01,Annual,NA,0,EHS,Education and health services,611000,Educational services,1,Rate of injury cases per 100 full-time workers (Size class 0),0,RSE of Total recordable cases,731,"State government, Nebraska"
ISUEHS61100010731,2018,A01,Annual,NA,0,EHS,Education and health services,611000,Educational services,1,Rate of injury cases per 100 full-time workers (Size class 0),0,RSE of Total recordable cases,731,"State government, Nebraska"
ISUEHS61100010731,2014,A01,Annual,NA,0,EHS,Education and health services,611000,Educational services,1,Rate of injury cases per 100 full-time workers (Size class 0),0,RSE of Total recordable cases,731,"State government, Nebraska"
ISUEHS61100010831,2020,A01,Annual,NA,10.6,EHS,Education and health services,611000,Educational services,1,Rate of injury cases per 100 full-time workers (Size class 0),0,RSE of Total recordable cases,831,"Local government, Nebraska"
ISUEHS61100010831,2019,A01,Annual,NA,8.2,EHS,Education and health services,611000,Educational services,1,Rate of injury cases per 100 full-time workers (Size class 0),0,RSE of Total recordable cases,831,"Local government, Nebraska"
ISUEHS61100010831,2018,A01,Annual,NA,6.3,EHS,Education and health services,611000,Educational services,1,Rate of injury cases per 100 full-time workers (Size class 0),0,RSE of Total recordable cases,831,"Local government, Nebraska"
ISUEHS61100010831,2017,A01,Annual,NA,7.4,EHS,Education and health services,611000,Educational services,1,Rate of injury cases per 100 full-time workers (Size class 0),0,RSE of Total recordable cases,831,"Local government, Nebraska"
ISUEHS61100010831,2016,A01,Annual,NA,8.4,EHS,Education and health services,611000,Educational services,1,Rate of injury cases per 100 full-time workers (Size class 0),0,RSE of Total recordable cases,831,"Local government, Nebraska"
ISUEHS61100010831,2015,A01,Annual,NA,14.4,EHS,Education and health services,611000,Educational services,1,Rate of injury cases per 100 full-time workers (Size class 0),0,RSE of Total recordable cases,831,"Local government, Nebraska"
ISUEHS61100010831,2014,A01,Annual,NA,11.7,EHS,Education and health services,611000,Educational services,1,Rate of injury cases per 100 full-time workers (Size class 0),0,RSE of Total recordable cases,831,"Local government, Nebraska"
ISUEHS61100011731,2020,A01,Annual,NA,1.1,EHS,Education and health services,611000,Educational services,1,Rate of injury cases per 100 full-time workers (Size class 0),1,Total recordable cases,731,"State government, Nebraska"
ISUEHS61100011731,2019,A01,Annual,NA,3.6,EHS,Education and health services,611000,Educational services,1,Rate of injury cases per 100 full-time workers (Size class 0),1,Total recordable cases,731,"State government, Nebraska"
ISUEHS61100011731,2018,A01,Annual,NA,3.4,EHS,Education and health services,611000,Educational services,1,Rate of injury cases per 100 full-time workers (Size class 0),1,Total recordable cases,731,"State government, Nebraska"
ISUEHS61100011731,2014,A01,Annual,NA,3.3,EHS,Education and health services,611000,Educational services,1,Rate of injury cases per 100 full-time workers (Size class 0),1,Total recordable cases,731,"State government, Nebraska"
ISUEHS61100011831,2020,A01,Annual,NA,1.8,EHS,Education and health services,611000,Educational services,1,Rate of injury cases per 100 full-time workers (Size class 0),1,Total recordable cases,831,"Local government, Nebraska"
ISUEHS61100011831,2019,A01,Annual,NA,2.3,EHS,Education and health services,611000,Educational services,1,Rate of injury cases per 100 full-time workers (Size class 0),1,Total recordable cases,831,"Local government, Nebraska"
ISUEHS61100011831,2018,A01,Annual,NA,1.9,EHS,Education and health services,611000,Educational services,1,Rate of injury cases per 100 full-time workers (Size class 0),1,Total recordable cases,831,"Local government, Nebraska"
ISUEHS61100011831,2017,A01,Annual,NA,1.9,EHS,Education and health services,611000,Educational services,1,Rate of injury cases per 100 full-time workers (Size class 0),1,Total recordable cases,831,"Local government, Nebraska"
ISUEHS61100011831,2016,A01,Annual,NA,2.3,EHS,Education and health services,611000,Educational services,1,Rate of injury cases per 100 full-time workers (Size class 0),1,Total recordable cases,831,"Local government, Nebraska"
ISUEHS61100011831,2015,A01,Annual,NA,2.7,EHS,Education and health services,611000,Educational services,1,Rate of injury cases per 100 full-time workers (Size class 0),1,Total recordable cases,831,"Local government, Nebraska"
ISUEHS61100011831,2014,A01,Annual,NA,2.5,EHS,Education and health services,611000,Educational services,1,Rate of injury cases per 100 full-time workers (Size class 0),1,Total recordable cases,831,"Local government, Nebraska"
ISUEHS61100050731,2020,A01,Annual,NA,13.2,EHS,Education and health services,611000,Educational services,5,Number of injury cases (thousands) (Size class 0),0,RSE of Total recordable cases,731,"State government, Nebraska"
ISUEHS61100050731,2019,A01,Annual,NA,0,EHS,Education and health services,611000,Educational services,5,Number of injury cases (thousands) (Size class 0),0,RSE of Total recordable cases,731,"State government, Nebraska"
ISUEHS61100050731,2018,A01,Annual,NA,0,EHS,Education and health services,611000,Educational services,5,Number of injury cases (thousands) (Size class 0),0,RSE of Total recordable cases,731,"State government, Nebraska"
ISUEHS61100050731,2014,A01,Annual,NA,0,EHS,Education and health services,611000,Educational services,5,Number of injury cases (thousands) (Size class 0),0,RSE of Total recordable cases,731,"State government, Nebraska"
ISUEHS61100050831,2020,A01,Annual,NA,10.3,EHS,Education and health services,611000,Educational services,5,Number of injury cases (thousands) (Size class 0),0,RSE of Total recordable cases,831,"Local government, Nebraska"
ISUEHS61100050831,2019,A01,Annual,NA,8,EHS,Education and health services,611000,Educational services,5,Number of injury cases (thousands) (Size class 0),0,RSE of Total recordable cases,831,"Local government, Nebraska"
ISUEHS61100050831,2018,A01,Annual,NA,6.2,EHS,Education and health services,611000,Educational services,5,Number of injury cases (thousands) (Size class 0),0,RSE of Total recordable cases,831,"Local government, Nebraska"
ISUEHS61100050831,2017,A01,Annual,NA,7.2,EHS,Education and health services,611000,Educational services,5,Number of injury cases (thousands) (Size class 0),0,RSE of Total recordable cases,831,"Local government, Nebraska"
ISUEHS61100050831,2016,A01,Annual,NA,8.1,EHS,Education and health services,611000,Educational services,5,Number of injury cases (thousands) (Size class 0),0,RSE of Total recordable cases,831,"Local government, Nebraska"
ISUEHS61100050831,2015,A01,Annual,NA,14.6,EHS,Education and health services,611000,Educational services,5,Number of injury cases (thousands) (Size class 0),0,RSE of Total recordable cases,831,"Local government, Nebraska"
ISUEHS61100050831,2014,A01,Annual,NA,11.1,EHS,Education and health services,611000,Educational services,5,Number of injury cases (thousands) (Size class 0),0,RSE of Total recordable cases,831,"Local government, Nebraska"
ISUEHS61100051731,2020,A01,Annual,NA,0.2,EHS,Education and health services,611000,Educational services,5,Number of injury cases (thousands) (Size class 0),1,Total recordable cases,731,"State government, Nebraska"
ISUEHS61100051731,2019,A01,Annual,NA,0.5,EHS,Education and health services,611000,Educational services,5,Number of injury cases (thousands) (Size class 0),1,Total recordable cases,731,"State government, Nebraska"
ISUEHS61100051731,2018,A01,Annual,NA,0.4,EHS,Education and health services,611000,Educational services,5,Number of injury cases (thousands) (Size class 0),1,Total recordable cases,731,"State government, Nebraska"
ISUEHS61100051731,2014,A01,Annual,NA,0.4,EHS,Education and health services,611000,Educational services,5,Number of injury cases (thousands) (Size class 0),1,Total recordable cases,731,"State government, Nebraska"
ISUEHS61100051831,2020,A01,Annual,NA,0.8,EHS,Education and health services,611000,Educational services,5,Number of injury cases (thousands) (Size class 0),1,Total recordable cases,831,"Local government, Nebraska"
ISUEHS61100051831,2019,A01,Annual,NA,1.1,EHS,Education and health services,611000,Educational services,5,Number of injury cases (thousands) (Size class 0),1,Total recordable cases,831,"Local government, Nebraska"
ISUEHS61100051831,2018,A01,Annual,NA,0.9,EHS,Education and health services,611000,Educational services,5,Number of injury cases (thousands) (Size class 0),1,Total recordable cases,831,"Local government, Nebraska"
ISUEHS61100051831,2017,A01,Annual,NA,0.9,EHS,Education and health services,611000,Educational services,5,Number of injury cases (thousands) (Size class 0),1,Total recordable cases,831,"Local government, Nebraska"
ISUEHS61100051831,2016,A01,Annual,NA,1,EHS,Education and health services,611000,Educational services,5,Number of injury cases (thousands) (Size class 0),1,Total recordable cases,831,"Local government, Nebraska"
ISUEHS61100051831,2015,A01,Annual,NA,1.2,EHS,Education and health services,611000,Educational services,5,Number of injury cases (thousands) (Size class 0),1,Total recordable cases,831,"Local government, Nebraska"
ISUEHS61100051831,2014,A01,Annual,NA,1.1,EHS,Education and health services,611000,Educational services,5,Number of injury cases (thousands) (Size class 0),1,Total recordable cases,831,"Local government, Nebraska"
ISUEHS61110010831,2020,A01,Annual,NA,9,EHS,Education and health services,611100,Elementary and secondary schools,1,Rate of injury cases per 100 full-time workers (Size class 0),0,RSE of Total recordable cases,831,"Local government, Nebraska"
ISUEHS61110010831,2019,A01,Annual,NA,9.2,EHS,Education and health services,611100,Elementary and secondary schools,1,Rate of injury cases per 100 full-time workers (Size class 0),0,RSE of Total recordable cases,831,"Local government, Nebraska"
ISUEHS61110010831,2018,A01,Annual,NA,7.2,EHS,Education and health services,611100,Elementary and secondary schools,1,Rate of injury cases per 100 full-time workers (Size class 0),0,RSE of Total recordable cases,831,"Local government, Nebraska"
ISUEHS61110010831,2017,A01,Annual,NA,8.4,EHS,Education and health services,611100,Elementary and secondary schools,1,Rate of injury cases per 100 full-time workers (Size class 0),0,RSE of Total recordable cases,831,"Local government, Nebraska"
ISUEHS61110010831,2016,A01,Annual,NA,9.8,EHS,Education and health services,611100,Elementary and secondary schools,1,Rate of injury cases per 100 full-time workers (Size class 0),0,RSE of Total recordable cases,831,"Local government, Nebraska"
ISUEHS61110010831,2015,A01,Annual,NA,15.4,EHS,Education and health services,611100,Elementary and secondary schools,1,Rate of injury cases per 100 full-time workers (Size class 0),0,RSE of Total recordable cases,831,"Local government, Nebraska"
ISUEHS61110010831,2014,A01,Annual,NA,12.8,EHS,Education and health services,611100,Elementary and secondary schools,1,Rate of injury cases per 100 full-time workers (Size class 0),0,RSE of Total recordable cases,831,"Local government, Nebraska"
ISUEHS61110011831,2020,A01,Annual,NA,1.7,EHS,Education and health services,611100,Elementary and secondary schools,1,Rate of injury cases per 100 full-time workers (Size class 0),1,Total recordable cases,831,"Local government, Nebraska"
ISUEHS61110011831,2019,A01,Annual,NA,2.2,EHS,Education and health services,611100,Elementary and secondary schools,1,Rate of injury cases per 100 full-time workers (Size class 0),1,Total recordable cases,831,"Local government, Nebraska"
ISUEHS61110011831,2018,A01,Annual,NA,1.9,EHS,Education and health services,611100,Elementary and secondary schools,1,Rate of injury cases per 100 full-time workers (Size class 0),1,Total recordable cases,831,"Local government, Nebraska"
ISUEHS61110011831,2017,A01,Annual,NA,1.8,EHS,Education and health services,611100,Elementary and secondary schools,1,Rate of injury cases per 100 full-time workers (Size class 0),1,Total recordable cases,831,"Local government, Nebraska"
ISUEHS61110011831,2016,A01,Annual,NA,2.2,EHS,Education and health services,611100,Elementary and secondary schools,1,Rate of injury cases per 100 full-time workers (Size class 0),1,Total recordable cases,831,"Local government, Nebraska"
ISUEHS61110011831,2015,A01,Annual,NA,2.7,EHS,Education and health services,611100,Elementary and secondary schools,1,Rate of injury cases per 100 full-time workers (Size class 0),1,Total recordable cases,831,"Local government, Nebraska"
ISUEHS61110011831,2014,A01,Annual,NA,2.5,EHS,Education and health services,611100,Elementary and secondary schools,1,Rate of injury cases per 100 full-time workers (Size class 0),1,Total recordable cases,831,"Local government, Nebraska"
ISUEHS61110050831,2020,A01,Annual,NA,7.7,EHS,Education and health services,611100,Elementary and secondary schools,5,Number of injury cases (thousands) (Size class 0),0,RSE of Total recordable cases,831,"Local government, Nebraska"
ISUEHS61110050831,2019,A01,Annual,NA,9.1,EHS,Education and health services,611100,Elementary and secondary schools,5,Number of injury cases (thousands) (Size class 0),0,RSE of Total recordable cases,831,"Local government, Nebraska"
ISUEHS61110050831,2018,A01,Annual,NA,7.1,EHS,Education and health services,611100,Elementary and secondary schools,5,Number of injury cases (thousands) (Size class 0),0,RSE of Total recordable cases,831,"Local government, Nebraska"
ISUEHS61110050831,2017,A01,Annual,NA,8.3,EHS,Education and health services,611100,Elementary and secondary schools,5,Number of injury cases (thousands) (Size class 0),0,RSE of Total recordable cases,831,"Local government, Nebraska"
ISUEHS61110050831,2016,A01,Annual,NA,9.5,EHS,Education and health services,611100,Elementary and secondary schools,5,Number of injury cases (thousands) (Size class 0),0,RSE of Total recordable cases,831,"Local government, Nebraska"
ISUEHS61110050831,2015,A01,Annual,NA,15.6,EHS,Education and health services,611100,Elementary and secondary schools,5,Number of injury cases (thousands) (Size class 0),0,RSE of Total recordable cases,831,"Local government, Nebraska"
ISUEHS61110050831,2014,A01,Annual,NA,12.1,EHS,Education and health services,611100,Elementary and secondary schools,5,Number of injury cases (thousands) (Size class 0),0,RSE of Total recordable cases,831,"Local government, Nebraska"
ISUEHS61110051831,2020,A01,Annual,NA,0.7,EHS,Education and health services,611100,Elementary and secondary schools,5,Number of injury cases (thousands) (Size class 0),1,Total recordable cases,831,"Local government, Nebraska"
ISUEHS61110051831,2019,A01,Annual,NA,0.9,EHS,Education and health services,611100,Elementary and secondary schools,5,Number of injury cases (thousands) (Size class 0),1,Total recordable cases,831,"Local government, Nebraska"
ISUEHS61110051831,2018,A01,Annual,NA,0.7,EHS,Education and health services,611100,Elementary and secondary schools,5,Number of injury cases (thousands) (Size class 0),1,Total recordable cases,831,"Local government, Nebraska"
ISUEHS61110051831,2017,A01,Annual,NA,0.8,EHS,Education and health services,611100,Elementary and secondary schools,5,Number of injury cases (thousands) (Size class 0),1,Total recordable cases,831,"Local government, Nebraska"
ISUEHS61110051831,2016,A01,Annual,NA,0.9,EHS,Education and health services,611100,Elementary and secondary schools,5,Number of injury cases (thousands) (Size class 0),1,Total recordable cases,831,"Local government, Nebraska"
ISUEHS61110051831,2015,A01,Annual,NA,1.1,EHS,Education and health services,611100,Elementary and secondary schools,5,Number of injury cases (thousands) (Size class 0),1,Total recordable cases,831,"Local government, Nebraska"
ISUEHS61110051831,2014,A01,Annual,NA,1,EHS,Education and health services,611100,Elementary and secondary schools,5,Number of injury cases (thousands) (Size class 0),1,Total recordable cases,831,"Local government, Nebraska"
ISUEHS61130010731,2020,A01,Annual,NA,0.8,EHS,Education and health services,611300,"Colleges, universities, and professional schools",1,Rate of injury cases per 100 full-time workers (Size class 0),0,RSE of Total recordable cases,731,"State government, Nebraska"
ISUEHS61130010731,2019,A01,Annual,NA,0,EHS,Education and health services,611300,"Colleges, universities, and professional schools",1,Rate of injury cases per 100 full-time workers (Size class 0),0,RSE of Total recordable cases,731,"State government, Nebraska"
ISUEHS61130010731,2018,A01,Annual,NA,0,EHS,Education and health services,611300,"Colleges, universities, and professional schools",1,Rate of injury cases per 100 full-time workers (Size class 0),0,RSE of Total recordable cases,731,"State government, Nebraska"
ISUEHS61130010731,2014,A01,Annual,NA,0,EHS,Education and health services,611300,"Colleges, universities, and professional schools",1,Rate of injury cases per 100 full-time workers (Size class 0),0,RSE of Total recordable cases,731,"State government, Nebraska"
ISUEHS61130011731,2020,A01,Annual,NA,1.1,EHS,Education and health services,611300,"Colleges, universities, and professional schools",1,Rate of injury cases per 100 full-time workers (Size class 0),1,Total recordable cases,731,"State government, Nebraska"
ISUEHS61130011731,2019,A01,Annual,NA,3.6,EHS,Education and health services,611300,"Colleges, universities, and professional schools",1,Rate of injury cases per 100 full-time workers (Size class 0),1,Total recordable cases,731,"State government, Nebraska"
ISUEHS61130011731,2018,A01,Annual,NA,3.4,EHS,Education and health services,611300,"Colleges, universities, and professional schools",1,Rate of injury cases per 100 full-time workers (Size class 0),1,Total recordable cases,731,"State government, Nebraska"
ISUEHS61130011731,2014,A01,Annual,NA,3.3,EHS,Education and health services,611300,"Colleges, universities, and professional schools",1,Rate of injury cases per 100 full-time workers (Size class 0),1,Total recordable cases,731,"State government, Nebraska"
ISUEHS61130050731,2020,A01,Annual,NA,13.2,EHS,Education and health services,611300,"Colleges, universities, and professional schools",5,Number of injury cases (thousands) (Size class 0),0,RSE of Total recordable cases,731,"State government, Nebraska"
ISUEHS61130050731,2019,A01,Annual,NA,0,EHS,Education and health services,611300,"Colleges, universities, and professional schools",5,Number of injury cases (thousands) (Size class 0),0,RSE of Total recordable cases,731,"State government, Nebraska"
ISUEHS61130050731,2018,A01,Annual,NA,0,EHS,Education and health services,611300,"Colleges, universities, and professional schools",5,Number of injury cases (thousands) (Size class 0),0,RSE of Total recordable cases,731,"State government, Nebraska"
ISUEHS61130050731,2014,A01,Annual,NA,0,EHS,Education and health services,611300,"Colleges, universities, and professional schools",5,Number of injury cases (thousands) (Size class 0),0,RSE of Total recordable cases,731,"State government, Nebraska"
ISUEHS61130051731,2020,A01,Annual,NA,0.2,EHS,Education and health services,611300,"Colleges, universities, and professional schools",5,Number of injury cases (thousands) (Size class 0),1,Total recordable cases,731,"State government, Nebraska"
ISUEHS61130051731,2019,A01,Annual,NA,0.5,EHS,Education and health services,611300,"Colleges, universities, and professional schools",5,Number of injury cases (thousands) (Size class 0),1,Total recordable cases,731,"State government, Nebraska"
ISUEHS61130051731,2018,A01,Annual,NA,0.4,EHS,Education and health services,611300,"Colleges, universities, and professional schools",5,Number of injury cases (thousands) (Size class 0),1,Total recordable cases,731,"State government, Nebraska"
ISUEHS61130051731,2014,A01,Annual,NA,0.4,EHS,Education and health services,611300,"Colleges, universities, and professional schools",5,Number of injury cases (thousands) (Size class 0),1,Total recordable cases,731,"State government, Nebraska"
ISUEHS62100010131,2020,A01,Annual,TRUE,16.9,EHS,Education and health services,621000,Ambulatory health care services,1,Rate of injury cases per 100 full-time workers (Size class 0),0,RSE of Total recordable cases,131,"Private industry, Nebraska"
ISUEHS62100010131,2018,A01,Annual,NA,21.5,EHS,Education and health services,621000,Ambulatory health care services,1,Rate of injury cases per 100 full-time workers (Size class 0),0,RSE of Total recordable cases,131,"Private industry, Nebraska"
ISUEHS62100010131,2017,A01,Annual,NA,29,EHS,Education and health services,621000,Ambulatory health care services,1,Rate of injury cases per 100 full-time workers (Size class 0),0,RSE of Total recordable cases,131,"Private industry, Nebraska"
ISUEHS62100010131,2016,A01,Annual,NA,13.3,EHS,Education and health services,621000,Ambulatory health care services,1,Rate of injury cases per 100 full-time workers (Size class 0),0,RSE of Total recordable cases,131,"Private industry, Nebraska"
ISUEHS62100010131,2015,A01,Annual,NA,21.6,EHS,Education and health services,621000,Ambulatory health care services,1,Rate of injury cases per 100 full-time workers (Size class 0),0,RSE of Total recordable cases,131,"Private industry, Nebraska"
ISUEHS62100010131,2014,A01,Annual,NA,12.8,EHS,Education and health services,621000,Ambulatory health care services,1,Rate of injury cases per 100 full-time workers (Size class 0),0,RSE of Total recordable cases,131,"Private industry, Nebraska"
ISUEHS62100011131,2020,A01,Annual,TRUE,1.7,EHS,Education and health services,621000,Ambulatory health care services,1,Rate of injury cases per 100 full-time workers (Size class 0),1,Total recordable cases,131,"Private industry, Nebraska"
ISUEHS62100011131,2018,A01,Annual,NA,2.1,EHS,Education and health services,621000,Ambulatory health care services,1,Rate of injury cases per 100 full-time workers (Size class 0),1,Total recordable cases,131,"Private industry, Nebraska"
ISUEHS62100011131,2017,A01,Annual,NA,1.5,EHS,Education and health services,621000,Ambulatory health care services,1,Rate of injury cases per 100 full-time workers (Size class 0),1,Total recordable cases,131,"Private industry, Nebraska"
ISUEHS62100011131,2016,A01,Annual,NA,1.5,EHS,Education and health services,621000,Ambulatory health care services,1,Rate of injury cases per 100 full-time workers (Size class 0),1,Total recordable cases,131,"Private industry, Nebraska"
ISUEHS62100011131,2015,A01,Annual,NA,2.5,EHS,Education and health services,621000,Ambulatory health care services,1,Rate of injury cases per 100 full-time workers (Size class 0),1,Total recordable cases,131,"Private industry, Nebraska"
ISUEHS62100011131,2014,A01,Annual,NA,1.8,EHS,Education and health services,621000,Ambulatory health care services,1,Rate of injury cases per 100 full-time workers (Size class 0),1,Total recordable cases,131,"Private industry, Nebraska"
ISUEHS62100050131,2020,A01,Annual,TRUE,17.1,EHS,Education and health services,621000,Ambulatory health care services,5,Number of injury cases (thousands) (Size class 0),0,RSE of Total recordable cases,131,"Private industry, Nebraska"
ISUEHS62100050131,2018,A01,Annual,NA,22.2,EHS,Education and health services,621000,Ambulatory health care services,5,Number of injury cases (thousands) (Size class 0),0,RSE of Total recordable cases,131,"Private industry, Nebraska"
ISUEHS62100050131,2017,A01,Annual,NA,28.5,EHS,Education and health services,621000,Ambulatory health care services,5,Number of injury cases (thousands) (Size class 0),0,RSE of Total recordable cases,131,"Private industry, Nebraska"
ISUEHS62100050131,2016,A01,Annual,NA,13.2,EHS,Education and health services,621000,Ambulatory health care services,5,Number of injury cases (thousands) (Size class 0),0,RSE of Total recordable cases,131,"Private industry, Nebraska"
ISUEHS62100050131,2015,A01,Annual,NA,20.9,EHS,Education and health services,621000,Ambulatory health care services,5,Number of injury cases (thousands) (Size class 0),0,RSE of Total recordable cases,131,"Private industry, Nebraska"
ISUEHS62100050131,2014,A01,Annual,NA,13.1,EHS,Education and health services,621000,Ambulatory health care services,5,Number of injury cases (thousands) (Size class 0),0,RSE of Total recordable cases,131,"Private industry, Nebraska"
ISUEHS62100051131,2020,A01,Annual,TRUE,0.6,EHS,Education and health services,621000,Ambulatory health care services,5,Number of injury cases (thousands) (Size class 0),1,Total recordable cases,131,"Private industry, Nebraska"
ISUEHS62100051131,2018,A01,Annual,NA,0.7,EHS,Education and health services,621000,Ambulatory health care services,5,Number of injury cases (thousands) (Size class 0),1,Total recordable cases,131,"Private industry, Nebraska"
ISUEHS62100051131,2017,A01,Annual,NA,0.5,EHS,Education and health services,621000,Ambulatory health care services,5,Number of injury cases (thousands) (Size class 0),1,Total recordable cases,131,"Private industry, Nebraska"
ISUEHS62100051131,2016,A01,Annual,NA,0.5,EHS,Education and health services,621000,Ambulatory health care services,5,Number of injury cases (thousands) (Size class 0),1,Total recordable cases,131,"Private industry, Nebraska"
ISUEHS62100051131,2015,A01,Annual,NA,0.7,EHS,Education and health services,621000,Ambulatory health care services,5,Number of injury cases (thousands) (Size class 0),1,Total recordable cases,131,"Private industry, Nebraska"
ISUEHS62100051131,2014,A01,Annual,NA,0.5,EHS,Education and health services,621000,Ambulatory health care services,5,Number of injury cases (thousands) (Size class 0),1,Total recordable cases,131,"Private industry, Nebraska"
ISUEHS62200010131,2020,A01,Annual,NA,4.7,EHS,Education and health services,622000,Hospitals,1,Rate of injury cases per 100 full-time workers (Size class 0),0,RSE of Total recordable cases,131,"Private industry, Nebraska"
ISUEHS62200010131,2019,A01,Annual,NA,0.4,EHS,Education and health services,622000,Hospitals,1,Rate of injury cases per 100 full-time workers (Size class 0),0,RSE of Total recordable cases,131,"Private industry, Nebraska"
ISUEHS62200010131,2018,A01,Annual,NA,0.6,EHS,Education and health services,622000,Hospitals,1,Rate of injury cases per 100 full-time workers (Size class 0),0,RSE of Total recordable cases,131,"Private industry, Nebraska"
ISUEHS62200010131,2017,A01,Annual,NA,0,EHS,Education and health services,622000,Hospitals,1,Rate of injury cases per 100 full-time workers (Size class 0),0,RSE of Total recordable cases,131,"Private industry, Nebraska"
ISUEHS62200010131,2016,A01,Annual,NA,0.3,EHS,Education and health services,622000,Hospitals,1,Rate of injury cases per 100 full-time workers (Size class 0),0,RSE of Total recordable cases,131,"Private industry, Nebraska"
ISUEHS62200010131,2015,A01,Annual,NA,1.7,EHS,Education and health services,622000,Hospitals,1,Rate of injury cases per 100 full-time workers (Size class 0),0,RSE of Total recordable cases,131,"Private industry, Nebraska"
ISUEHS62200010131,2014,A01,Annual,NA,0.3,EHS,Education and health services,622000,Hospitals,1,Rate of injury cases per 100 full-time workers (Size class 0),0,RSE of Total recordable cases,131,"Private industry, Nebraska"
ISUEHS62200010831,2020,A01,Annual,NA,13.6,EHS,Education and health services,622000,Hospitals,1,Rate of injury cases per 100 full-time workers (Size class 0),0,RSE of Total recordable cases,831,"Local government, Nebraska"
ISUEHS62200010831,2019,A01,Annual,NA,12.3,EHS,Education and health services,622000,Hospitals,1,Rate of injury cases per 100 full-time workers (Size class 0),0,RSE of Total recordable cases,831,"Local government, Nebraska"
ISUEHS62200010831,2018,A01,Annual,NA,8.5,EHS,Education and health services,622000,Hospitals,1,Rate of injury cases per 100 full-time workers (Size class 0),0,RSE of Total recordable cases,831,"Local government, Nebraska"
ISUEHS62200010831,2017,A01,Annual,NA,6.6,EHS,Education and health services,622000,Hospitals,1,Rate of injury cases per 100 full-time workers (Size class 0),0,RSE of Total recordable cases,831,"Local government, Nebraska"
ISUEHS62200010831,2016,A01,Annual,NA,13.7,EHS,Education and health services,622000,Hospitals,1,Rate of injury cases per 100 full-time workers (Size class 0),0,RSE of Total recordable cases,831,"Local government, Nebraska"
ISUEHS62200010831,2015,A01,Annual,NA,12.9,EHS,Education and health services,622000,Hospitals,1,Rate of injury cases per 100 full-time workers (Size class 0),0,RSE of Total recordable cases,831,"Local government, Nebraska"
ISUEHS62200010831,2014,A01,Annual,NA,10.1,EHS,Education and health services,622000,Hospitals,1,Rate of injury cases per 100 full-time workers (Size class 0),0,RSE of Total recordable cases,831,"Local government, Nebraska"
ISUEHS62200011131,2020,A01,Annual,NA,3.7,EHS,Education and health services,622000,Hospitals,1,Rate of injury cases per 100 full-time workers (Size class 0),1,Total recordable cases,131,"Private industry, Nebraska"
ISUEHS62200011131,2019,A01,Annual,NA,4.2,EHS,Education and health services,622000,Hospitals,1,Rate of injury cases per 100 full-time workers (Size class 0),1,Total recordable cases,131,"Private industry, Nebraska"
ISUEHS62200011131,2018,A01,Annual,NA,4.6,EHS,Education and health services,622000,Hospitals,1,Rate of injury cases per 100 full-time workers (Size class 0),1,Total recordable cases,131,"Private industry, Nebraska"
ISUEHS62200011131,2017,A01,Annual,NA,4.6,EHS,Education and health services,622000,Hospitals,1,Rate of injury cases per 100 full-time workers (Size class 0),1,Total recordable cases,131,"Private industry, Nebraska"
ISUEHS62200011131,2016,A01,Annual,NA,5.3,EHS,Education and health services,622000,Hospitals,1,Rate of injury cases per 100 full-time workers (Size class 0),1,Total recordable cases,131,"Private industry, Nebraska"
ISUEHS62200011131,2015,A01,Annual,NA,6.1,EHS,Education and health services,622000,Hospitals,1,Rate of injury cases per 100 full-time workers (Size class 0),1,Total recordable cases,131,"Private industry, Nebraska"
ISUEHS62200011131,2014,A01,Annual,NA,5.1,EHS,Education and health services,622000,Hospitals,1,Rate of injury cases per 100 full-time workers (Size class 0),1,Total recordable cases,131,"Private industry, Nebraska"
ISUEHS62200011831,2020,A01,Annual,NA,3,EHS,Education and health services,622000,Hospitals,1,Rate of injury cases per 100 full-time workers (Size class 0),1,Total recordable cases,831,"Local government, Nebraska"
ISUEHS62200011831,2019,A01,Annual,NA,3,EHS,Education and health services,622000,Hospitals,1,Rate of injury cases per 100 full-time workers (Size class 0),1,Total recordable cases,831,"Local government, Nebraska"
ISUEHS62200011831,2018,A01,Annual,NA,3.4,EHS,Education and health services,622000,Hospitals,1,Rate of injury cases per 100 full-time workers (Size class 0),1,Total recordable cases,831,"Local government, Nebraska"
ISUEHS62200011831,2017,A01,Annual,NA,3.8,EHS,Education and health services,622000,Hospitals,1,Rate of injury cases per 100 full-time workers (Size class 0),1,Total recordable cases,831,"Local government, Nebraska"
ISUEHS62200011831,2016,A01,Annual,NA,4.3,EHS,Education and health services,622000,Hospitals,1,Rate of injury cases per 100 full-time workers (Size class 0),1,Total recordable cases,831,"Local government, Nebraska"
ISUEHS62200011831,2015,A01,Annual,NA,4.9,EHS,Education and health services,622000,Hospitals,1,Rate of injury cases per 100 full-time workers (Size class 0),1,Total recordable cases,831,"Local government, Nebraska"
ISUEHS62200011831,2014,A01,Annual,NA,5.2,EHS,Education and health services,622000,Hospitals,1,Rate of injury cases per 100 full-time workers (Size class 0),1,Total recordable cases,831,"Local government, Nebraska"
ISUEHS62200050131,2020,A01,Annual,NA,7.5,EHS,Education and health services,622000,Hospitals,5,Number of injury cases (thousands) (Size class 0),0,RSE of Total recordable cases,131,"Private industry, Nebraska"
ISUEHS62200050131,2019,A01,Annual,NA,0.4,EHS,Education and health services,622000,Hospitals,5,Number of injury cases (thousands) (Size class 0),0,RSE of Total recordable cases,131,"Private industry, Nebraska"
ISUEHS62200050131,2018,A01,Annual,NA,0.7,EHS,Education and health services,622000,Hospitals,5,Number of injury cases (thousands) (Size class 0),0,RSE of Total recordable cases,131,"Private industry, Nebraska"
ISUEHS62200050131,2017,A01,Annual,NA,0,EHS,Education and health services,622000,Hospitals,5,Number of injury cases (thousands) (Size class 0),0,RSE of Total recordable cases,131,"Private industry, Nebraska"
ISUEHS62200050131,2016,A01,Annual,NA,0.4,EHS,Education and health services,622000,Hospitals,5,Number of injury cases (thousands) (Size class 0),0,RSE of Total recordable cases,131,"Private industry, Nebraska"
ISUEHS62200050131,2015,A01,Annual,NA,1.7,EHS,Education and health services,622000,Hospitals,5,Number of injury cases (thousands) (Size class 0),0,RSE of Total recordable cases,131,"Private industry, Nebraska"
ISUEHS62200050131,2014,A01,Annual,NA,0.3,EHS,Education and health services,622000,Hospitals,5,Number of injury cases (thousands) (Size class 0),0,RSE of Total recordable cases,131,"Private industry, Nebraska"
ISUEHS62200050831,2020,A01,Annual,NA,17.7,EHS,Education and health services,622000,Hospitals,5,Number of injury cases (thousands) (Size class 0),0,RSE of Total recordable cases,831,"Local government, Nebraska"
ISUEHS62200050831,2019,A01,Annual,NA,12,EHS,Education and health services,622000,Hospitals,5,Number of injury cases (thousands) (Size class 0),0,RSE of Total recordable cases,831,"Local government, Nebraska"
ISUEHS62200050831,2018,A01,Annual,NA,8.5,EHS,Education and health services,622000,Hospitals,5,Number of injury cases (thousands) (Size class 0),0,RSE of Total recordable cases,831,"Local government, Nebraska"
ISUEHS62200050831,2017,A01,Annual,NA,7.3,EHS,Education and health services,622000,Hospitals,5,Number of injury cases (thousands) (Size class 0),0,RSE of Total recordable cases,831,"Local government, Nebraska"
ISUEHS62200050831,2016,A01,Annual,NA,12.9,EHS,Education and health services,622000,Hospitals,5,Number of injury cases (thousands) (Size class 0),0,RSE of Total recordable cases,831,"Local government, Nebraska"
ISUEHS62200050831,2015,A01,Annual,NA,13.6,EHS,Education and health services,622000,Hospitals,5,Number of injury cases (thousands) (Size class 0),0,RSE of Total recordable cases,831,"Local government, Nebraska"
ISUEHS62200050831,2014,A01,Annual,NA,11.4,EHS,Education and health services,622000,Hospitals,5,Number of injury cases (thousands) (Size class 0),0,RSE of Total recordable cases,831,"Local government, Nebraska"
ISUEHS62200051131,2020,A01,Annual,NA,1,EHS,Education and health services,622000,Hospitals,5,Number of injury cases (thousands) (Size class 0),1,Total recordable cases,131,"Private industry, Nebraska"
ISUEHS62200051131,2019,A01,Annual,NA,1.2,EHS,Education and health services,622000,Hospitals,5,Number of injury cases (thousands) (Size class 0),1,Total recordable cases,131,"Private industry, Nebraska"
ISUEHS62200051131,2018,A01,Annual,NA,1.2,EHS,Education and health services,622000,Hospitals,5,Number of injury cases (thousands) (Size class 0),1,Total recordable cases,131,"Private industry, Nebraska"
ISUEHS62200051131,2017,A01,Annual,NA,1.3,EHS,Education and health services,622000,Hospitals,5,Number of injury cases (thousands) (Size class 0),1,Total recordable cases,131,"Private industry, Nebraska"
ISUEHS62200051131,2016,A01,Annual,NA,1.4,EHS,Education and health services,622000,Hospitals,5,Number of injury cases (thousands) (Size class 0),1,Total recordable cases,131,"Private industry, Nebraska"
ISUEHS62200051131,2015,A01,Annual,NA,1.5,EHS,Education and health services,622000,Hospitals,5,Number of injury cases (thousands) (Size class 0),1,Total recordable cases,131,"Private industry, Nebraska"
ISUEHS62200051131,2014,A01,Annual,NA,1.4,EHS,Education and health services,622000,Hospitals,5,Number of injury cases (thousands) (Size class 0),1,Total recordable cases,131,"Private industry, Nebraska"
ISUEHS62200051831,2020,A01,Annual,NA,0.1,EHS,Education and health services,622000,Hospitals,5,Number of injury cases (thousands) (Size class 0),1,Total recordable cases,831,"Local government, Nebraska"
ISUEHS62200051831,2019,A01,Annual,NA,0.1,EHS,Education and health services,622000,Hospitals,5,Number of injury cases (thousands) (Size class 0),1,Total recordable cases,831,"Local government, Nebraska"
ISUEHS62200051831,2018,A01,Annual,NA,0.2,EHS,Education and health services,622000,Hospitals,5,Number of injury cases (thousands) (Size class 0),1,Total recordable cases,831,"Local government, Nebraska"
ISUEHS62200051831,2017,A01,Annual,NA,0.2,EHS,Education and health services,622000,Hospitals,5,Number of injury cases (thousands) (Size class 0),1,Total recordable cases,831,"Local government, Nebraska"
ISUEHS62200051831,2016,A01,Annual,NA,0.2,EHS,Education and health services,622000,Hospitals,5,Number of injury cases (thousands) (Size class 0),1,Total recordable cases,831,"Local government, Nebraska"
ISUEHS62200051831,2015,A01,Annual,NA,0.2,EHS,Education and health services,622000,Hospitals,5,Number of injury cases (thousands) (Size class 0),1,Total recordable cases,831,"Local government, Nebraska"
ISUEHS62200051831,2014,A01,Annual,NA,0.2,EHS,Education and health services,622000,Hospitals,5,Number of injury cases (thousands) (Size class 0),1,Total recordable cases,831,"Local government, Nebraska"
ISUEHS62300010131,2020,A01,Annual,NA,5.3,EHS,Education and health services,623000,Nursing and residential care facilities,1,Rate of injury cases per 100 full-time workers (Size class 0),0,RSE of Total recordable cases,131,"Private industry, Nebraska"
ISUEHS62300010131,2019,A01,Annual,NA,8,EHS,Education and health services,623000,Nursing and residential care facilities,1,Rate of injury cases per 100 full-time workers (Size class 0),0,RSE of Total recordable cases,131,"Private industry, Nebraska"
ISUEHS62300010131,2018,A01,Annual,NA,5,EHS,Education and health services,623000,Nursing and residential care facilities,1,Rate of injury cases per 100 full-time workers (Size class 0),0,RSE of Total recordable cases,131,"Private industry, Nebraska"
ISUEHS62300010131,2017,A01,Annual,NA,5.5,EHS,Education and health services,623000,Nursing and residential care facilities,1,Rate of injury cases per 100 full-time workers (Size class 0),0,RSE of Total recordable cases,131,"Private industry, Nebraska"
ISUEHS62300010131,2016,A01,Annual,NA,5.6,EHS,Education and health services,623000,Nursing and residential care facilities,1,Rate of injury cases per 100 full-time workers (Size class 0),0,RSE of Total recordable cases,131,"Private industry, Nebraska"
ISUEHS62300010131,2015,A01,Annual,NA,5.6,EHS,Education and health services,623000,Nursing and residential care facilities,1,Rate of injury cases per 100 full-time workers (Size class 0),0,RSE of Total recordable cases,131,"Private industry, Nebraska"
ISUEHS62300010131,2014,A01,Annual,NA,5.1,EHS,Education and health services,623000,Nursing and residential care facilities,1,Rate of injury cases per 100 full-time workers (Size class 0),0,RSE of Total recordable cases,131,"Private industry, Nebraska"
ISUEHS62300010831,2019,A01,Annual,NA,15.6,EHS,Education and health services,623000,Nursing and residential care facilities,1,Rate of injury cases per 100 full-time workers (Size class 0),0,RSE of Total recordable cases,831,"Local government, Nebraska"
ISUEHS62300010831,2017,A01,Annual,NA,12.9,EHS,Education and health services,623000,Nursing and residential care facilities,1,Rate of injury cases per 100 full-time workers (Size class 0),0,RSE of Total recordable cases,831,"Local government, Nebraska"
ISUEHS62300010831,2016,A01,Annual,NA,14.7,EHS,Education and health services,623000,Nursing and residential care facilities,1,Rate of injury cases per 100 full-time workers (Size class 0),0,RSE of Total recordable cases,831,"Local government, Nebraska"
ISUEHS62300010831,2014,A01,Annual,NA,12.9,EHS,Education and health services,623000,Nursing and residential care facilities,1,Rate of injury cases per 100 full-time workers (Size class 0),0,RSE of Total recordable cases,831,"Local government, Nebraska"
ISUEHS62300011131,2020,A01,Annual,NA,4.4,EHS,Education and health services,623000,Nursing and residential care facilities,1,Rate of injury cases per 100 full-time workers (Size class 0),1,Total recordable cases,131,"Private industry, Nebraska"
ISUEHS62300011131,2019,A01,Annual,NA,6.2,EHS,Education and health services,623000,Nursing and residential care facilities,1,Rate of injury cases per 100 full-time workers (Size class 0),1,Total recordable cases,131,"Private industry, Nebraska"
ISUEHS62300011131,2018,A01,Annual,NA,5.8,EHS,Education and health services,623000,Nursing and residential care facilities,1,Rate of injury cases per 100 full-time workers (Size class 0),1,Total recordable cases,131,"Private industry, Nebraska"
ISUEHS62300011131,2017,A01,Annual,NA,5.9,EHS,Education and health services,623000,Nursing and residential care facilities,1,Rate of injury cases per 100 full-time workers (Size class 0),1,Total recordable cases,131,"Private industry, Nebraska"
ISUEHS62300011131,2016,A01,Annual,NA,6.1,EHS,Education and health services,623000,Nursing and residential care facilities,1,Rate of injury cases per 100 full-time workers (Size class 0),1,Total recordable cases,131,"Private industry, Nebraska"
ISUEHS62300011131,2015,A01,Annual,NA,6.3,EHS,Education and health services,623000,Nursing and residential care facilities,1,Rate of injury cases per 100 full-time workers (Size class 0),1,Total recordable cases,131,"Private industry, Nebraska"
ISUEHS62300011131,2014,A01,Annual,NA,6.9,EHS,Education and health services,623000,Nursing and residential care facilities,1,Rate of injury cases per 100 full-time workers (Size class 0),1,Total recordable cases,131,"Private industry, Nebraska"
ISUEHS62300011831,2019,A01,Annual,NA,11.6,EHS,Education and health services,623000,Nursing and residential care facilities,1,Rate of injury cases per 100 full-time workers (Size class 0),1,Total recordable cases,831,"Local government, Nebraska"
ISUEHS62300011831,2017,A01,Annual,NA,6.2,EHS,Education and health services,623000,Nursing and residential care facilities,1,Rate of injury cases per 100 full-time workers (Size class 0),1,Total recordable cases,831,"Local government, Nebraska"
ISUEHS62300011831,2016,A01,Annual,NA,6.9,EHS,Education and health services,623000,Nursing and residential care facilities,1,Rate of injury cases per 100 full-time workers (Size class 0),1,Total recordable cases,831,"Local government, Nebraska"
ISUEHS62300011831,2014,A01,Annual,NA,3.8,EHS,Education and health services,623000,Nursing and residential care facilities,1,Rate of injury cases per 100 full-time workers (Size class 0),1,Total recordable cases,831,"Local government, Nebraska"
ISU00000000010031,2020,A01,Annual,NA,3.3,0,All,0,All workers,1,Rate of injury cases per 100 full-time workers (Size class 0),0,RSE of Total recordable cases,31,"All ownerships, Nebraska"
ISU00000000010031,2019,A01,Annual,NA,3.6,0,All,0,All workers,1,Rate of injury cases per 100 full-time workers (Size class 0),0,RSE of Total recordable cases,31,"All ownerships, Nebraska"
ISU00000000010031,2018,A01,Annual,NA,2.6,0,All,0,All workers,1,Rate of injury cases per 100 full-time workers (Size class 0),0,RSE of Total recordable cases,31,"All ownerships, Nebraska"
ISU00000000010031,2017,A01,Annual,NA,2.5,0,All,0,All workers,1,Rate of injury cases per 100 full-time workers (Size class 0),0,RSE of Total recordable cases,31,"All ownerships, Nebraska"
ISU00000000010031,2016,A01,Annual,NA,2.6,0,All,0,All workers,1,Rate of injury cases per 100 full-time workers (Size class 0),0,RSE of Total recordable cases,31,"All ownerships, Nebraska"
ISU00000000010031,2015,A01,Annual,NA,2.5,0,All,0,All workers,1,Rate of injury cases per 100 full-time workers (Size class 0),0,RSE of Total recordable cases,31,"All ownerships, Nebraska"
ISU00000000010031,2014,A01,Annual,NA,2.4,0,All,0,All workers,1,Rate of injury cases per 100 full-time workers (Size class 0),0,RSE of Total recordable cases,31,"All ownerships, Nebraska"
ISU00000000010131,2020,A01,Annual,NA,3.6,0,All,0,All workers,1,Rate of injury cases per 100 full-time workers (Size class 0),0,RSE of Total recordable cases,131,"Private industry, Nebraska"
ISU00000000010131,2019,A01,Annual,NA,2.8,0,All,0,All workers,1,Rate of injury cases per 100 full-time workers (Size class 0),0,RSE of Total recordable cases,131,"Private industry, Nebraska"
ISU00000000010131,2018,A01,Annual,NA,2.9,0,All,0,All workers,1,Rate of injury cases per 100 full-time workers (Size class 0),0,RSE of Total recordable cases,131,"Private industry, Nebraska"
ISU00000000010131,2017,A01,Annual,NA,2.8,0,All,0,All workers,1,Rate of injury cases per 100 full-time workers (Size class 0),0,RSE of Total recordable cases,131,"Private industry, Nebraska"
ISU00000000010131,2016,A01,Annual,NA,2.9,0,All,0,All workers,1,Rate of injury cases per 100 full-time workers (Size class 0),0,RSE of Total recordable cases,131,"Private industry, Nebraska"
ISU00000000010131,2015,A01,Annual,NA,2.7,0,All,0,All workers,1,Rate of injury cases per 100 full-time workers (Size class 0),0,RSE of Total recordable cases,131,"Private industry, Nebraska"
ISU00000000010131,2014,A01,Annual,NA,2.6,0,All,0,All workers,1,Rate of injury cases per 100 full-time workers (Size class 0),0,RSE of Total recordable cases,131,"Private industry, Nebraska"
ISU00000000010831,2020,A01,Annual,TRUE,8.3,0,All,0,All workers,1,Rate of injury cases per 100 full-time workers (Size class 0),0,RSE of Total recordable cases,831,"Local government, Nebraska"
ISU00000000010831,2019,A01,Annual,NA,19.4,0,All,0,All workers,1,Rate of injury cases per 100 full-time workers (Size class 0),0,RSE of Total recordable cases,831,"Local government, Nebraska"
ISU00000000010831,2018,A01,Annual,NA,6.7,0,All,0,All workers,1,Rate of injury cases per 100 full-time workers (Size class 0),0,RSE of Total recordable cases,831,"Local government, Nebraska"
ISU00000000010831,2017,A01,Annual,NA,7.2,0,All,0,All workers,1,Rate of injury cases per 100 full-time workers (Size class 0),0,RSE of Total recordable cases,831,"Local government, Nebraska"
ISU00000000010831,2016,A01,Annual,NA,8.2,0,All,0,All workers,1,Rate of injury cases per 100 full-time workers (Size class 0),0,RSE of Total recordable cases,831,"Local government, Nebraska"
ISU00000000010831,2015,A01,Annual,NA,9.3,0,All,0,All workers,1,Rate of injury cases per 100 full-time workers (Size class 0),0,RSE of Total recordable cases,831,"Local government, Nebraska"
ISU00000000010831,2014,A01,Annual,NA,5.5,0,All,0,All workers,1,Rate of injury cases per 100 full-time workers (Size class 0),0,RSE of Total recordable cases,831,"Local government, Nebraska"
ISU00000000010931,2016,A01,Annual,TRUE,6.3,0,All,0,All workers,1,Rate of injury cases per 100 full-time workers (Size class 0),0,RSE of Total recordable cases,931,"State and local government combined, Nebraska"
ISU00000000010931,2015,A01,Annual,NA,7.5,0,All,0,All workers,1,Rate of injury cases per 100 full-time workers (Size class 0),0,RSE of Total recordable cases,931,"State and local government combined, Nebraska"
ISU00000000011031,2020,A01,Annual,NA,2.2,0,All,0,All workers,1,Rate of injury cases per 100 full-time workers (Size class 0),1,Total recordable cases,31,"All ownerships, Nebraska"
ISU00000000011031,2019,A01,Annual,NA,2.9,0,All,0,All workers,1,Rate of injury cases per 100 full-time workers (Size class 0),1,Total recordable cases,31,"All ownerships, Nebraska"
ISU00000000011031,2018,A01,Annual,NA,2.9,0,All,0,All workers,1,Rate of injury cases per 100 full-time workers (Size class 0),1,Total recordable cases,31,"All ownerships, Nebraska"
ISU00000000011031,2017,A01,Annual,NA,2.8,0,All,0,All workers,1,Rate of injury cases per 100 full-time workers (Size class 0),1,Total recordable cases,31,"All ownerships, Nebraska"
ISU00000000011031,2016,A01,Annual,NA,3.1,0,All,0,All workers,1,Rate of injury cases per 100 full-time workers (Size class 0),1,Total recordable cases,31,"All ownerships, Nebraska"
ISU00000000011031,2015,A01,Annual,NA,3.1,0,All,0,All workers,1,Rate of injury cases per 100 full-time workers (Size class 0),1,Total recordable cases,31,"All ownerships, Nebraska"
ISU00000000011031,2014,A01,Annual,NA,3.2,0,All,0,All workers,1,Rate of injury cases per 100 full-time workers (Size class 0),1,Total recordable cases,31,"All ownerships, Nebraska"
ISU00000000011131,2020,A01,Annual,NA,2.3,0,All,0,All workers,1,Rate of injury cases per 100 full-time workers (Size class 0),1,Total recordable cases,131,"Private industry, Nebraska"
ISU00000000011131,2019,A01,Annual,NA,2.8,0,All,0,All workers,1,Rate of injury cases per 100 full-time workers (Size class 0),1,Total recordable cases,131,"Private industry, Nebraska"
ISU00000000011131,2018,A01,Annual,NA,3,0,All,0,All workers,1,Rate of injury cases per 100 full-time workers (Size class 0),1,Total recordable cases,131,"Private industry, Nebraska"
ISU00000000011131,2017,A01,Annual,NA,2.8,0,All,0,All workers,1,Rate of injury cases per 100 full-time workers (Size class 0),1,Total recordable cases,131,"Private industry, Nebraska"
ISU00000000011131,2016,A01,Annual,NA,3.1,0,All,0,All workers,1,Rate of injury cases per 100 full-time workers (Size class 0),1,Total recordable cases,131,"Private industry, Nebraska"
ISU00000000011131,2015,A01,Annual,NA,3.1,0,All,0,All workers,1,Rate of injury cases per 100 full-time workers (Size class 0),1,Total recordable cases,131,"Private industry, Nebraska"
ISU00000000011131,2014,A01,Annual,NA,3.2,0,All,0,All workers,1,Rate of injury cases per 100 full-time workers (Size class 0),1,Total recordable cases,131,"Private industry, Nebraska"
ISU00000000011831,2020,A01,Annual,TRUE,2.2,0,All,0,All workers,1,Rate of injury cases per 100 full-time workers (Size class 0),1,Total recordable cases,831,"Local government, Nebraska"
ISU00000000011831,2019,A01,Annual,NA,3.6,0,All,0,All workers,1,Rate of injury cases per 100 full-time workers (Size class 0),1,Total recordable cases,831,"Local government, Nebraska"
ISU00000000011831,2018,A01,Annual,NA,2.6,0,All,0,All workers,1,Rate of injury cases per 100 full-time workers (Size class 0),1,Total recordable cases,831,"Local government, Nebraska"
ISU00000000011831,2017,A01,Annual,NA,2.7,0,All,0,All workers,1,Rate of injury cases per 100 full-time workers (Size class 0),1,Total recordable cases,831,"Local government, Nebraska"
ISU00000000011831,2016,A01,Annual,NA,3.6,0,All,0,All workers,1,Rate of injury cases per 100 full-time workers (Size class 0),1,Total recordable cases,831,"Local government, Nebraska"
ISU00000000011831,2015,A01,Annual,NA,3.6,0,All,0,All workers,1,Rate of injury cases per 100 full-time workers (Size class 0),1,Total recordable cases,831,"Local government, Nebraska"
ISU00000000011831,2014,A01,Annual,NA,3.8,0,All,0,All workers,1,Rate of injury cases per 100 full-time workers (Size class 0),1,Total recordable cases,831,"Local government, Nebraska"
ISU00000000011931,2016,A01,Annual,TRUE,3.6,0,All,0,All workers,1,Rate of injury cases per 100 full-time workers (Size class 0),1,Total recordable cases,931,"State and local government combined, Nebraska"
ISU00000000011931,2015,A01,Annual,NA,3.3,0,All,0,All workers,1,Rate of injury cases per 100 full-time workers (Size class 0),1,Total recordable cases,931,"State and local government combined, Nebraska"
ISU00000000050031,2020,A01,Annual,NA,3.9,0,All,0,All workers,5,Number of injury cases (thousands) (Size class 0),0,RSE of Total recordable cases,31,"All ownerships, Nebraska"
ISU00000000050031,2019,A01,Annual,NA,3,0,All,0,All workers,5,Number of injury cases (thousands) (Size class 0),0,RSE of Total recordable cases,31,"All ownerships, Nebraska"
ISU00000000050031,2018,A01,Annual,NA,2.5,0,All,0,All workers,5,Number of injury cases (thousands) (Size class 0),0,RSE of Total recordable cases,31,"All ownerships, Nebraska"
ISU00000000050031,2017,A01,Annual,NA,2.4,0,All,0,All workers,5,Number of injury cases (thousands) (Size class 0),0,RSE of Total recordable cases,31,"All ownerships, Nebraska"
ISU00000000050031,2016,A01,Annual,NA,2.4,0,All,0,All workers,5,Number of injury cases (thousands) (Size class 0),0,RSE of Total recordable cases,31,"All ownerships, Nebraska"
ISU00000000050031,2015,A01,Annual,NA,2.3,0,All,0,All workers,5,Number of injury cases (thousands) (Size class 0),0,RSE of Total recordable cases,31,"All ownerships, Nebraska"
ISU00000000050031,2014,A01,Annual,NA,2.1,0,All,0,All workers,5,Number of injury cases (thousands) (Size class 0),0,RSE of Total recordable cases,31,"All ownerships, Nebraska"
ISU00000000050131,2020,A01,Annual,NA,3.8,0,All,0,All workers,5,Number of injury cases (thousands) (Size class 0),0,RSE of Total recordable cases,131,"Private industry, Nebraska"
ISU00000000050131,2019,A01,Annual,NA,2.7,0,All,0,All workers,5,Number of injury cases (thousands) (Size class 0),0,RSE of Total recordable cases,131,"Private industry, Nebraska"
ISU00000000050131,2018,A01,Annual,NA,2.7,0,All,0,All workers,5,Number of injury cases (thousands) (Size class 0),0,RSE of Total recordable cases,131,"Private industry, Nebraska"
ISU00000000050131,2017,A01,Annual,NA,2.7,0,All,0,All workers,5,Number of injury cases (thousands) (Size class 0),0,RSE of Total recordable cases,131,"Private industry, Nebraska"
ISU00000000050131,2016,A01,Annual,NA,2.7,0,All,0,All workers,5,Number of injury cases (thousands) (Size class 0),0,RSE of Total recordable cases,131,"Private industry, Nebraska"
ISU00000000050131,2015,A01,Annual,NA,2.5,0,All,0,All workers,5,Number of injury cases (thousands) (Size class 0),0,RSE of Total recordable cases,131,"Private industry, Nebraska"
ISU00000000050131,2014,A01,Annual,NA,2.4,0,All,0,All workers,5,Number of injury cases (thousands) (Size class 0),0,RSE of Total recordable cases,131,"Private industry, Nebraska"
ISU00000000050831,2020,A01,Annual,TRUE,9.2,0,All,0,All workers,5,Number of injury cases (thousands) (Size class 0),0,RSE of Total recordable cases,831,"Local government, Nebraska"
ISU00000000050831,2019,A01,Annual,NA,15.3,0,All,0,All workers,5,Number of injury cases (thousands) (Size class 0),0,RSE of Total recordable cases,831,"Local government, Nebraska"
ISU00000000050831,2018,A01,Annual,NA,7.3,0,All,0,All workers,5,Number of injury cases (thousands) (Size class 0),0,RSE of Total recordable cases,831,"Local government, Nebraska"
ISU00000000050831,2017,A01,Annual,NA,6.9,0,All,0,All workers,5,Number of injury cases (thousands) (Size class 0),0,RSE of Total recordable cases,831,"Local government, Nebraska"
ISU00000000050831,2016,A01,Annual,NA,7.7,0,All,0,All workers,5,Number of injury cases (thousands) (Size class 0),0,RSE of Total recordable cases,831,"Local government, Nebraska"
ISU00000000050831,2015,A01,Annual,NA,8.6,0,All,0,All workers,5,Number of injury cases (thousands) (Size class 0),0,RSE of Total recordable cases,831,"Local government, Nebraska"
ISU00000000050831,2014,A01,Annual,NA,5.5,0,All,0,All workers,5,Number of injury cases (thousands) (Size class 0),0,RSE of Total recordable cases,831,"Local government, Nebraska"
ISU00000000050931,2016,A01,Annual,TRUE,5.6,0,All,0,All workers,5,Number of injury cases (thousands) (Size class 0),0,RSE of Total recordable cases,931,"State and local government combined, Nebraska"
ISU00000000050931,2015,A01,Annual,NA,6.8,0,All,0,All workers,5,Number of injury cases (thousands) (Size class 0),0,RSE of Total recordable cases,931,"State and local government combined, Nebraska"
ISU00000000051031,2020,A01,Annual,NA,17.3,0,All,0,All workers,5,Number of injury cases (thousands) (Size class 0),1,Total recordable cases,31,"All ownerships, Nebraska"
ISU00000000051031,2019,A01,Annual,NA,22.7,0,All,0,All workers,5,Number of injury cases (thousands) (Size class 0),1,Total recordable cases,31,"All ownerships, Nebraska"
ISU00000000051031,2018,A01,Annual,NA,23,0,All,0,All workers,5,Number of injury cases (thousands) (Size class 0),1,Total recordable cases,31,"All ownerships, Nebraska"
ISU00000000051031,2017,A01,Annual,NA,21.8,0,All,0,All workers,5,Number of injury cases (thousands) (Size class 0),1,Total recordable cases,31,"All ownerships, Nebraska"
ISU00000000051031,2016,A01,Annual,NA,24.5,0,All,0,All workers,5,Number of injury cases (thousands) (Size class 0),1,Total recordable cases,31,"All ownerships, Nebraska"
ISU00000000051031,2015,A01,Annual,NA,23.9,0,All,0,All workers,5,Number of injury cases (thousands) (Size class 0),1,Total recordable cases,31,"All ownerships, Nebraska"
ISU00000000051031,2014,A01,Annual,NA,25,0,All,0,All workers,5,Number of injury cases (thousands) (Size class 0),1,Total recordable cases,31,"All ownerships, Nebraska"
ISU00000000051131,2020,A01,Annual,NA,15.2,0,All,0,All workers,5,Number of injury cases (thousands) (Size class 0),1,Total recordable cases,131,"Private industry, Nebraska"
ISU00000000051131,2019,A01,Annual,NA,19,0,All,0,All workers,5,Number of injury cases (thousands) (Size class 0),1,Total recordable cases,131,"Private industry, Nebraska"
ISU00000000051131,2018,A01,Annual,NA,20.1,0,All,0,All workers,5,Number of injury cases (thousands) (Size class 0),1,Total recordable cases,131,"Private industry, Nebraska"
ISU00000000051131,2017,A01,Annual,NA,18.7,0,All,0,All workers,5,Number of injury cases (thousands) (Size class 0),1,Total recordable cases,131,"Private industry, Nebraska"
ISU00000000051131,2016,A01,Annual,NA,20.4,0,All,0,All workers,5,Number of injury cases (thousands) (Size class 0),1,Total recordable cases,131,"Private industry, Nebraska"
ISU00000000051131,2015,A01,Annual,NA,20.1,0,All,0,All workers,5,Number of injury cases (thousands) (Size class 0),1,Total recordable cases,131,"Private industry, Nebraska"
ISU00000000051131,2014,A01,Annual,NA,20.8,0,All,0,All workers,5,Number of injury cases (thousands) (Size class 0),1,Total recordable cases,131,"Private industry, Nebraska"
ISU00000000051831,2020,A01,Annual,TRUE,1.8,0,All,0,All workers,5,Number of injury cases (thousands) (Size class 0),1,Total recordable cases,831,"Local government, Nebraska"
ISU00000000051831,2019,A01,Annual,NA,3,0,All,0,All workers,5,Number of injury cases (thousands) (Size class 0),1,Total recordable cases,831,"Local government, Nebraska"
ISU00000000051831,2018,A01,Annual,NA,2.1,0,All,0,All workers,5,Number of injury cases (thousands) (Size class 0),1,Total recordable cases,831,"Local government, Nebraska"
ISU00000000051831,2017,A01,Annual,NA,2.2,0,All,0,All workers,5,Number of injury cases (thousands) (Size class 0),1,Total recordable cases,831,"Local government, Nebraska"
ISU00000000051831,2016,A01,Annual,NA,3,0,All,0,All workers,5,Number of injury cases (thousands) (Size class 0),1,Total recordable cases,831,"Local government, Nebraska"
ISU00000000051831,2015,A01,Annual,NA,3,0,All,0,All workers,5,Number of injury cases (thousands) (Size class 0),1,Total recordable cases,831,"Local government, Nebraska"
ISU00000000051831,2014,A01,Annual,NA,3.1,0,All,0,All workers,5,Number of injury cases (thousands) (Size class 0),1,Total recordable cases,831,"Local government, Nebraska"
ISU00000000051931,2016,A01,Annual,TRUE,4.2,0,All,0,All workers,5,Number of injury cases (thousands) (Size class 0),1,Total recordable cases,931,"State and local government combined, Nebraska"
ISU00000000051931,2015,A01,Annual,NA,3.7,0,All,0,All workers,5,Number of injury cases (thousands) (Size class 0),1,Total recordable cases,931,"State and local government combined, Nebraska"
ISUCON23600010131,2019,A01,Annual,NA,29.6,CON,Construction,236000,Construction of buildings,1,Rate of injury cases per 100 full-time workers (Size class 0),0,RSE of Total recordable cases,131,"Private industry, Nebraska"
ISUCON23600010131,2018,A01,Annual,NA,26.3,CON,Construction,236000,Construction of buildings,1,Rate of injury cases per 100 full-time workers (Size class 0),0,RSE of Total recordable cases,131,"Private industry, Nebraska"
ISUCON23600010131,2017,A01,Annual,NA,37.4,CON,Construction,236000,Construction of buildings,1,Rate of injury cases per 100 full-time workers (Size class 0),0,RSE of Total recordable cases,131,"Private industry, Nebraska"
ISUCON23600010131,2016,A01,Annual,NA,30.3,CON,Construction,236000,Construction of buildings,1,Rate of injury cases per 100 full-time workers (Size class 0),0,RSE of Total recordable cases,131,"Private industry, Nebraska"
ISUCON23600010131,2015,A01,Annual,NA,39,CON,Construction,236000,Construction of buildings,1,Rate of injury cases per 100 full-time workers (Size class 0),0,RSE of Total recordable cases,131,"Private industry, Nebraska"
ISUCON23600010131,2014,A01,Annual,NA,30.8,CON,Construction,236000,Construction of buildings,1,Rate of injury cases per 100 full-time workers (Size class 0),0,RSE of Total recordable cases,131,"Private industry, Nebraska"
ISUCON23600011131,2019,A01,Annual,NA,3.2,CON,Construction,236000,Construction of buildings,1,Rate of injury cases per 100 full-time workers (Size class 0),1,Total recordable cases,131,"Private industry, Nebraska"
ISUCON23600011131,2018,A01,Annual,NA,3.5,CON,Construction,236000,Construction of buildings,1,Rate of injury cases per 100 full-time workers (Size class 0),1,Total recordable cases,131,"Private industry, Nebraska"
ISUCON23600011131,2017,A01,Annual,NA,2.7,CON,Construction,236000,Construction of buildings,1,Rate of injury cases per 100 full-time workers (Size class 0),1,Total recordable cases,131,"Private industry, Nebraska"
ISUCON23600011131,2016,A01,Annual,NA,3,CON,Construction,236000,Construction of buildings,1,Rate of injury cases per 100 full-time workers (Size class 0),1,Total recordable cases,131,"Private industry, Nebraska"
ISUCON23600011131,2015,A01,Annual,NA,4,CON,Construction,236000,Construction of buildings,1,Rate of injury cases per 100 full-time workers (Size class 0),1,Total recordable cases,131,"Private industry, Nebraska"
ISUCON23600011131,2014,A01,Annual,NA,3.6,CON,Construction,236000,Construction of buildings,1,Rate of injury cases per 100 full-time workers (Size class 0),1,Total recordable cases,131,"Private industry, Nebraska"
ISUCON23600050131,2019,A01,Annual,NA,28.7,CON,Construction,236000,Construction of buildings,5,Number of injury cases (thousands) (Size class 0),0,RSE of Total recordable cases,131,"Private industry, Nebraska"
ISUCON23600050131,2018,A01,Annual,NA,24.7,CON,Construction,236000,Construction of buildings,5,Number of injury cases (thousands) (Size class 0),0,RSE of Total recordable cases,131,"Private industry, Nebraska"
ISUCON23600050131,2017,A01,Annual,NA,38.6,CON,Construction,236000,Construction of buildings,5,Number of injury cases (thousands) (Size class 0),0,RSE of Total recordable cases,131,"Private industry, Nebraska"
ISUCON23600050131,2016,A01,Annual,NA,28.6,CON,Construction,236000,Construction of buildings,5,Number of injury cases (thousands) (Size class 0),0,RSE of Total recordable cases,131,"Private industry, Nebraska"
ISUCON23600050131,2015,A01,Annual,NA,37.9,CON,Construction,236000,Construction of buildings,5,Number of injury cases (thousands) (Size class 0),0,RSE of Total recordable cases,131,"Private industry, Nebraska"
ISUCON23600050131,2014,A01,Annual,NA,31.6,CON,Construction,236000,Construction of buildings,5,Number of injury cases (thousands) (Size class 0),0,RSE of Total recordable cases,131,"Private industry, Nebraska"
ISUCON23600051131,2019,A01,Annual,NA,0.3,CON,Construction,236000,Construction of buildings,5,Number of injury cases (thousands) (Size class 0),1,Total recordable cases,131,"Private industry, Nebraska"
ISUCON23600051131,2018,A01,Annual,NA,0.4,CON,Construction,236000,Construction of buildings,5,Number of injury cases (thousands) (Size class 0),1,Total recordable cases,131,"Private industry, Nebraska"
ISUCON23600051131,2017,A01,Annual,NA,0.2,CON,Construction,236000,Construction of buildings,5,Number of injury cases (thousands) (Size class 0),1,Total recordable cases,131,"Private industry, Nebraska"
ISUCON23600051131,2016,A01,Annual,NA,0.3,CON,Construction,236000,Construction of buildings,5,Number of injury cases (thousands) (Size class 0),1,Total recordable cases,131,"Private industry, Nebraska"
ISUCON23600051131,2015,A01,Annual,NA,0.3,CON,Construction,236000,Construction of buildings,5,Number of injury cases (thousands) (Size class 0),1,Total recordable cases,131,"Private industry, Nebraska"
ISUCON23600051131,2014,A01,Annual,NA,0.3,CON,Construction,236000,Construction of buildings,5,Number of injury cases (thousands) (Size class 0),1,Total recordable cases,131,"Private industry, Nebraska"
ISUCON23620010131,2018,A01,Annual,TRUE,26.4,CON,Construction,236200,Nonresidential building construction,1,Rate of injury cases per 100 full-time workers (Size class 0),0,RSE of Total recordable cases,131,"Private industry, Nebraska"
ISUCON23620010131,2017,A01,Annual,NA,34,CON,Construction,236200,Nonresidential building construction,1,Rate of injury cases per 100 full-time workers (Size class 0),0,RSE of Total recordable cases,131,"Private industry, Nebraska"
ISUCON23620010131,2015,A01,Annual,NA,21.9,CON,Construction,236200,Nonresidential building construction,1,Rate of injury cases per 100 full-time workers (Size class 0),0,RSE of Total recordable cases,131,"Private industry, Nebraska"
ISUCON23620010131,2014,A01,Annual,NA,33.2,CON,Construction,236200,Nonresidential building construction,1,Rate of injury cases per 100 full-time workers (Size class 0),0,RSE of Total recordable cases,131,"Private industry, Nebraska"
ISUCON23620011131,2018,A01,Annual,TRUE,4.7,CON,Construction,236200,Nonresidential building construction,1,Rate of injury cases per 100 full-time workers (Size class 0),1,Total recordable cases,131,"Private industry, Nebraska"
ISUCON23620011131,2017,A01,Annual,NA,2.2,CON,Construction,236200,Nonresidential building construction,1,Rate of injury cases per 100 full-time workers (Size class 0),1,Total recordable cases,131,"Private industry, Nebraska"
ISUCON23620011131,2015,A01,Annual,NA,2.7,CON,Construction,236200,Nonresidential building construction,1,Rate of injury cases per 100 full-time workers (Size class 0),1,Total recordable cases,131,"Private industry, Nebraska"
ISUCON23620011131,2014,A01,Annual,NA,3.4,CON,Construction,236200,Nonresidential building construction,1,Rate of injury cases per 100 full-time workers (Size class 0),1,Total recordable cases,131,"Private industry, Nebraska"
ISUCON23620050131,2018,A01,Annual,TRUE,26.6,CON,Construction,236200,Nonresidential building construction,5,Number of injury cases (thousands) (Size class 0),0,RSE of Total recordable cases,131,"Private industry, Nebraska"
ISUCON23620050131,2017,A01,Annual,NA,36.7,CON,Construction,236200,Nonresidential building construction,5,Number of injury cases (thousands) (Size class 0),0,RSE of Total recordable cases,131,"Private industry, Nebraska"
ISUCON23620050131,2015,A01,Annual,NA,25.1,CON,Construction,236200,Nonresidential building construction,5,Number of injury cases (thousands) (Size class 0),0,RSE of Total recordable cases,131,"Private industry, Nebraska"
ISUCON23620050131,2014,A01,Annual,NA,32.7,CON,Construction,236200,Nonresidential building construction,5,Number of injury cases (thousands) (Size class 0),0,RSE of Total recordable cases,131,"Private industry, Nebraska"
ISUCON23620051131,2018,A01,Annual,TRUE,0.3,CON,Construction,236200,Nonresidential building construction,5,Number of injury cases (thousands) (Size class 0),1,Total recordable cases,131,"Private industry, Nebraska"
ISUCON23620051131,2017,A01,Annual,NA,0.1,CON,Construction,236200,Nonresidential building construction,5,Number of injury cases (thousands) (Size class 0),1,Total recordable cases,131,"Private industry, Nebraska"
ISUCON23620051131,2015,A01,Annual,NA,0.1,CON,Construction,236200,Nonresidential building construction,5,Number of injury cases (thousands) (Size class 0),1,Total recordable cases,131,"Private industry, Nebraska"
ISUCON23620051131,2014,A01,Annual,NA,0.2,CON,Construction,236200,Nonresidential building construction,5,Number of injury cases (thousands) (Size class 0),1,Total recordable cases,131,"Private industry, Nebraska"
ISUCON23700010131,2020,A01,Annual,NA,25.4,CON,Construction,237000,Heavy and civil engineering construction,1,Rate of injury cases per 100 full-time workers (Size class 0),0,RSE of Total recordable cases,131,"Private industry, Nebraska"
ISUCON23700010131,2019,A01,Annual,NA,25.6,CON,Construction,237000,Heavy and civil engineering construction,1,Rate of injury cases per 100 full-time workers (Size class 0),0,RSE of Total recordable cases,131,"Private industry, Nebraska"
ISUCON23700010131,2018,A01,Annual,NA,33.5,CON,Construction,237000,Heavy and civil engineering construction,1,Rate of injury cases per 100 full-time workers (Size class 0),0,RSE of Total recordable cases,131,"Private industry, Nebraska"
ISUCON23700010131,2017,A01,Annual,NA,15.9,CON,Construction,237000,Heavy and civil engineering construction,1,Rate of injury cases per 100 full-time workers (Size class 0),0,RSE of Total recordable cases,131,"Private industry, Nebraska"
ISUCON23700010131,2016,A01,Annual,NA,21.6,CON,Construction,237000,Heavy and civil engineering construction,1,Rate of injury cases per 100 full-time workers (Size class 0),0,RSE of Total recordable cases,131,"Private industry, Nebraska"
ISUCON23700010131,2015,A01,Annual,NA,14.7,CON,Construction,237000,Heavy and civil engineering construction,1,Rate of injury cases per 100 full-time workers (Size class 0),0,RSE of Total recordable cases,131,"Private industry, Nebraska"
ISUCON23700010131,2014,A01,Annual,NA,20.9,CON,Construction,237000,Heavy and civil engineering construction,1,Rate of injury cases per 100 full-time workers (Size class 0),0,RSE of Total recordable cases,131,"Private industry, Nebraska"
ISUCON23700011131,2020,A01,Annual,NA,2.5,CON,Construction,237000,Heavy and civil engineering construction,1,Rate of injury cases per 100 full-time workers (Size class 0),1,Total recordable cases,131,"Private industry, Nebraska"
ISUCON23700011131,2019,A01,Annual,NA,2.8,CON,Construction,237000,Heavy and civil engineering construction,1,Rate of injury cases per 100 full-time workers (Size class 0),1,Total recordable cases,131,"Private industry, Nebraska"
ISUCON23700011131,2018,A01,Annual,NA,5.8,CON,Construction,237000,Heavy and civil engineering construction,1,Rate of injury cases per 100 full-time workers (Size class 0),1,Total recordable cases,131,"Private industry, Nebraska"
ISUCON23700011131,2017,A01,Annual,NA,2.9,CON,Construction,237000,Heavy and civil engineering construction,1,Rate of injury cases per 100 full-time workers (Size class 0),1,Total recordable cases,131,"Private industry, Nebraska"
ISUCON23700011131,2016,A01,Annual,NA,3.6,CON,Construction,237000,Heavy and civil engineering construction,1,Rate of injury cases per 100 full-time workers (Size class 0),1,Total recordable cases,131,"Private industry, Nebraska"
ISUCON23700011131,2015,A01,Annual,NA,5.2,CON,Construction,237000,Heavy and civil engineering construction,1,Rate of injury cases per 100 full-time workers (Size class 0),1,Total recordable cases,131,"Private industry, Nebraska"
ISUCON23700011131,2014,A01,Annual,NA,4.8,CON,Construction,237000,Heavy and civil engineering construction,1,Rate of injury cases per 100 full-time workers (Size class 0),1,Total recordable cases,131,"Private industry, Nebraska"
ISUCON23700050131,2020,A01,Annual,NA,25.3,CON,Construction,237000,Heavy and civil engineering construction,5,Number of injury cases (thousands) (Size class 0),0,RSE of Total recordable cases,131,"Private industry, Nebraska"
ISUCON23700050131,2019,A01,Annual,NA,25,CON,Construction,237000,Heavy and civil engineering construction,5,Number of injury cases (thousands) (Size class 0),0,RSE of Total recordable cases,131,"Private industry, Nebraska"
ISUCON23700050131,2018,A01,Annual,NA,31.6,CON,Construction,237000,Heavy and civil engineering construction,5,Number of injury cases (thousands) (Size class 0),0,RSE of Total recordable cases,131,"Private industry, Nebraska"
ISUCON23700050131,2017,A01,Annual,NA,15.2,CON,Construction,237000,Heavy and civil engineering construction,5,Number of injury cases (thousands) (Size class 0),0,RSE of Total recordable cases,131,"Private industry, Nebraska"
ISUCON23700050131,2016,A01,Annual,NA,21.4,CON,Construction,237000,Heavy and civil engineering construction,5,Number of injury cases (thousands) (Size class 0),0,RSE of Total recordable cases,131,"Private industry, Nebraska"
ISUCON23700050131,2015,A01,Annual,NA,14.5,CON,Construction,237000,Heavy and civil engineering construction,5,Number of injury cases (thousands) (Size class 0),0,RSE of Total recordable cases,131,"Private industry, Nebraska"
ISUCON23700050131,2014,A01,Annual,NA,21.5,CON,Construction,237000,Heavy and civil engineering construction,5,Number of injury cases (thousands) (Size class 0),0,RSE of Total recordable cases,131,"Private industry, Nebraska"
ISUCON23700051131,2020,A01,Annual,NA,0.2,CON,Construction,237000,Heavy and civil engineering construction,5,Number of injury cases (thousands) (Size class 0),1,Total recordable cases,131,"Private industry, Nebraska"
ISUCON23700051131,2019,A01,Annual,NA,0.2,CON,Construction,237000,Heavy and civil engineering construction,5,Number of injury cases (thousands) (Size class 0),1,Total recordable cases,131,"Private industry, Nebraska"
ISUCON23700051131,2018,A01,Annual,NA,0.4,CON,Construction,237000,Heavy and civil engineering construction,5,Number of injury cases (thousands) (Size class 0),1,Total recordable cases,131,"Private industry, Nebraska"
ISUCON23700051131,2017,A01,Annual,NA,0.2,CON,Construction,237000,Heavy and civil engineering construction,5,Number of injury cases (thousands) (Size class 0),1,Total recordable cases,131,"Private industry, Nebraska"
ISUCON23700051131,2016,A01,Annual,NA,0.3,CON,Construction,237000,Heavy and civil engineering construction,5,Number of injury cases (thousands) (Size class 0),1,Total recordable cases,131,"Private industry, Nebraska"
ISUCON23700051131,2015,A01,Annual,NA,0.4,CON,Construction,237000,Heavy and civil engineering construction,5,Number of injury cases (thousands) (Size class 0),1,Total recordable cases,131,"Private industry, Nebraska"
ISUCON23700051131,2014,A01,Annual,NA,0.3,CON,Construction,237000,Heavy and civil engineering construction,5,Number of injury cases (thousands) (Size class 0),1,Total recordable cases,131,"Private industry, Nebraska"
ISUCON23730010131,2020,A01,Annual,NA,25,CON,Construction,237300,"Highway, street, and bridge construction",1,Rate of injury cases per 100 full-time workers (Size class 0),0,RSE of Total recordable cases,131,"Private industry, Nebraska"
ISUCON23730010131,2018,A01,Annual,NA,19.5,CON,Construction,237300,"Highway, street, and bridge construction",1,Rate of injury cases per 100 full-time workers (Size class 0),0,RSE of Total recordable cases,131,"Private industry, Nebraska"
ISUCON23730010131,2017,A01,Annual,NA,10.5,CON,Construction,237300,"Highway, street, and bridge construction",1,Rate of injury cases per 100 full-time workers (Size class 0),0,RSE of Total recordable cases,131,"Private industry, Nebraska"
ISUCON23730010131,2016,A01,Annual,NA,17.5,CON,Construction,237300,"Highway, street, and bridge construction",1,Rate of injury cases per 100 full-time workers (Size class 0),0,RSE of Total recordable cases,131,"Private industry, Nebraska"
ISUCON23730010131,2015,A01,Annual,NA,16.9,CON,Construction,237300,"Highway, street, and bridge construction",1,Rate of injury cases per 100 full-time workers (Size class 0),0,RSE of Total recordable cases,131,"Private industry, Nebraska"
ISUCON23730010131,2014,A01,Annual,NA,25.7,CON,Construction,237300,"Highway, street, and bridge construction",1,Rate of injury cases per 100 full-time workers (Size class 0),0,RSE of Total recordable cases,131,"Private industry, Nebraska"
ISUCON23730011131,2020,A01,Annual,NA,2.8,CON,Construction,237300,"Highway, street, and bridge construction",1,Rate of injury cases per 100 full-time workers (Size class 0),1,Total recordable cases,131,"Private industry, Nebraska"
ISUCON23730011131,2018,A01,Annual,NA,4.2,CON,Construction,237300,"Highway, street, and bridge construction",1,Rate of injury cases per 100 full-time workers (Size class 0),1,Total recordable cases,131,"Private industry, Nebraska"
ISUCON23730011131,2017,A01,Annual,NA,3.3,CON,Construction,237300,"Highway, street, and bridge construction",1,Rate of injury cases per 100 full-time workers (Size class 0),1,Total recordable cases,131,"Private industry, Nebraska"
ISUCON23730011131,2016,A01,Annual,NA,3.5,CON,Construction,237300,"Highway, street, and bridge construction",1,Rate of injury cases per 100 full-time workers (Size class 0),1,Total recordable cases,131,"Private industry, Nebraska"
ISUCON23730011131,2015,A01,Annual,NA,6.2,CON,Construction,237300,"Highway, street, and bridge construction",1,Rate of injury cases per 100 full-time workers (Size class 0),1,Total recordable cases,131,"Private industry, Nebraska"
ISUCON23730011131,2014,A01,Annual,NA,5.8,CON,Construction,237300,"Highway, street, and bridge construction",1,Rate of injury cases per 100 full-time workers (Size class 0),1,Total recordable cases,131,"Private industry, Nebraska"
ISUCON23730050131,2020,A01,Annual,NA,28.9,CON,Construction,237300,"Highway, street, and bridge construction",5,Number of injury cases (thousands) (Size class 0),0,RSE of Total recordable cases,131,"Private industry, Nebraska"
ISUCON23730050131,2018,A01,Annual,NA,18.3,CON,Construction,237300,"Highway, street, and bridge construction",5,Number of injury cases (thousands) (Size class 0),0,RSE of Total recordable cases,131,"Private industry, Nebraska"
ISUCON23730050131,2017,A01,Annual,NA,8.8,CON,Construction,237300,"Highway, street, and bridge construction",5,Number of injury cases (thousands) (Size class 0),0,RSE of Total recordable cases,131,"Private industry, Nebraska"
ISUCON23730050131,2016,A01,Annual,NA,19.4,CON,Construction,237300,"Highway, street, and bridge construction",5,Number of injury cases (thousands) (Size class 0),0,RSE of Total recordable cases,131,"Private industry, Nebraska"
ISUCON23730050131,2015,A01,Annual,NA,14.6,CON,Construction,237300,"Highway, street, and bridge construction",5,Number of injury cases (thousands) (Size class 0),0,RSE of Total recordable cases,131,"Private industry, Nebraska"
ISUCON23730050131,2014,A01,Annual,NA,25.7,CON,Construction,237300,"Highway, street, and bridge construction",5,Number of injury cases (thousands) (Size class 0),0,RSE of Total recordable cases,131,"Private industry, Nebraska"
ISUCON23730051131,2020,A01,Annual,NA,0.1,CON,Construction,237300,"Highway, street, and bridge construction",5,Number of injury cases (thousands) (Size class 0),1,Total recordable cases,131,"Private industry, Nebraska"
ISUCON23730051131,2018,A01,Annual,NA,0.1,CON,Construction,237300,"Highway, street, and bridge construction",5,Number of injury cases (thousands) (Size class 0),1,Total recordable cases,131,"Private industry, Nebraska"
ISUCON23730051131,2017,A01,Annual,NA,0.1,CON,Construction,237300,"Highway, street, and bridge construction",5,Number of injury cases (thousands) (Size class 0),1,Total recordable cases,131,"Private industry, Nebraska"
ISUCON23730051131,2016,A01,Annual,NA,0.1,CON,Construction,237300,"Highway, street, and bridge construction",5,Number of injury cases (thousands) (Size class 0),1,Total recordable cases,131,"Private industry, Nebraska"
ISUCON23730051131,2015,A01,Annual,NA,0.2,CON,Construction,237300,"Highway, street, and bridge construction",5,Number of injury cases (thousands) (Size class 0),1,Total recordable cases,131,"Private industry, Nebraska"
ISUCON23730051131,2014,A01,Annual,NA,0.2,CON,Construction,237300,"Highway, street, and bridge construction",5,Number of injury cases (thousands) (Size class 0),1,Total recordable cases,131,"Private industry, Nebraska"
ISUCON23800010131,2020,A01,Annual,NA,15.1,CON,Construction,238000,Specialty trade contractors,1,Rate of injury cases per 100 full-time workers (Size class 0),0,RSE of Total recordable cases,131,"Private industry, Nebraska"
ISUCON23800010131,2019,A01,Annual,NA,14.5,CON,Construction,238000,Specialty trade contractors,1,Rate of injury cases per 100 full-time workers (Size class 0),0,RSE of Total recordable cases,131,"Private industry, Nebraska"
ISUCON23800010131,2018,A01,Annual,NA,11.9,CON,Construction,238000,Specialty trade contractors,1,Rate of injury cases per 100 full-time workers (Size class 0),0,RSE of Total recordable cases,131,"Private industry, Nebraska"
ISUCON23800010131,2017,A01,Annual,NA,16.4,CON,Construction,238000,Specialty trade contractors,1,Rate of injury cases per 100 full-time workers (Size class 0),0,RSE of Total recordable cases,131,"Private industry, Nebraska"
ISUCON23800010131,2016,A01,Annual,NA,13.4,CON,Construction,238000,Specialty trade contractors,1,Rate of injury cases per 100 full-time workers (Size class 0),0,RSE of Total recordable cases,131,"Private industry, Nebraska"
ISUCON23800010131,2015,A01,Annual,NA,16.4,CON,Construction,238000,Specialty trade contractors,1,Rate of injury cases per 100 full-time workers (Size class 0),0,RSE of Total recordable cases,131,"Private industry, Nebraska"
ISUCON23800010131,2014,A01,Annual,NA,14.2,CON,Construction,238000,Specialty trade contractors,1,Rate of injury cases per 100 full-time workers (Size class 0),0,RSE of Total recordable cases,131,"Private industry, Nebraska"
ISUCON23800011131,2020,A01,Annual,NA,2.9,CON,Construction,238000,Specialty trade contractors,1,Rate of injury cases per 100 full-time workers (Size class 0),1,Total recordable cases,131,"Private industry, Nebraska"
ISUCON23800011131,2019,A01,Annual,NA,4.1,CON,Construction,238000,Specialty trade contractors,1,Rate of injury cases per 100 full-time workers (Size class 0),1,Total recordable cases,131,"Private industry, Nebraska"
ISUCON23800011131,2018,A01,Annual,NA,3,CON,Construction,238000,Specialty trade contractors,1,Rate of injury cases per 100 full-time workers (Size class 0),1,Total recordable cases,131,"Private industry, Nebraska"
ISUCON23800011131,2017,A01,Annual,NA,2.8,CON,Construction,238000,Specialty trade contractors,1,Rate of injury cases per 100 full-time workers (Size class 0),1,Total recordable cases,131,"Private industry, Nebraska"
ISUCON23800011131,2016,A01,Annual,NA,3.6,CON,Construction,238000,Specialty trade contractors,1,Rate of injury cases per 100 full-time workers (Size class 0),1,Total recordable cases,131,"Private industry, Nebraska"
ISUCON23800011131,2015,A01,Annual,NA,3.5,CON,Construction,238000,Specialty trade contractors,1,Rate of injury cases per 100 full-time workers (Size class 0),1,Total recordable cases,131,"Private industry, Nebraska"
ISUCON23800011131,2014,A01,Annual,NA,3.9,CON,Construction,238000,Specialty trade contractors,1,Rate of injury cases per 100 full-time workers (Size class 0),1,Total recordable cases,131,"Private industry, Nebraska"
ISUCON23800050131,2020,A01,Annual,NA,16.1,CON,Construction,238000,Specialty trade contractors,5,Number of injury cases (thousands) (Size class 0),0,RSE of Total recordable cases,131,"Private industry, Nebraska"
ISUCON23800050131,2019,A01,Annual,NA,14.6,CON,Construction,238000,Specialty trade contractors,5,Number of injury cases (thousands) (Size class 0),0,RSE of Total recordable cases,131,"Private industry, Nebraska"
ISUCON23800050131,2018,A01,Annual,NA,11.5,CON,Construction,238000,Specialty trade contractors,5,Number of injury cases (thousands) (Size class 0),0,RSE of Total recordable cases,131,"Private industry, Nebraska"
ISUCON23800050131,2017,A01,Annual,NA,15.3,CON,Construction,238000,Specialty trade contractors,5,Number of injury cases (thousands) (Size class 0),0,RSE of Total recordable cases,131,"Private industry, Nebraska"
ISUCON23800050131,2016,A01,Annual,NA,13.3,CON,Construction,238000,Specialty trade contractors,5,Number of injury cases (thousands) (Size class 0),0,RSE of Total recordable cases,131,"Private industry, Nebraska"
ISUCON23800050131,2015,A01,Annual,NA,15.9,CON,Construction,238000,Specialty trade contractors,5,Number of injury cases (thousands) (Size class 0),0,RSE of Total recordable cases,131,"Private industry, Nebraska"
ISUCON23800050131,2014,A01,Annual,NA,13.6,CON,Construction,238000,Specialty trade contractors,5,Number of injury cases (thousands) (Size class 0),0,RSE of Total recordable cases,131,"Private industry, Nebraska"
ISUCON23800051131,2020,A01,Annual,NA,1,CON,Construction,238000,Specialty trade contractors,5,Number of injury cases (thousands) (Size class 0),1,Total recordable cases,131,"Private industry, Nebraska"
ISUCON23800051131,2019,A01,Annual,NA,1.4,CON,Construction,238000,Specialty trade contractors,5,Number of injury cases (thousands) (Size class 0),1,Total recordable cases,131,"Private industry, Nebraska"
ISUCON23800051131,2018,A01,Annual,NA,1,CON,Construction,238000,Specialty trade contractors,5,Number of injury cases (thousands) (Size class 0),1,Total recordable cases,131,"Private industry, Nebraska"
ISUCON23800051131,2017,A01,Annual,NA,0.9,CON,Construction,238000,Specialty trade contractors,5,Number of injury cases (thousands) (Size class 0),1,Total recordable cases,131,"Private industry, Nebraska"
ISUCON23800051131,2016,A01,Annual,NA,1.1,CON,Construction,238000,Specialty trade contractors,5,Number of injury cases (thousands) (Size class 0),1,Total recordable cases,131,"Private industry, Nebraska"
ISUCON23800051131,2015,A01,Annual,NA,1,CON,Construction,238000,Specialty trade contractors,5,Number of injury cases (thousands) (Size class 0),1,Total recordable cases,131,"Private industry, Nebraska"
ISUCON23800051131,2014,A01,Annual,NA,1,CON,Construction,238000,Specialty trade contractors,5,Number of injury cases (thousands) (Size class 0),1,Total recordable cases,131,"Private industry, Nebraska"
ISUCON23810010131,2020,A01,Annual,NA,20,CON,Construction,238100,"Foundation, structure, and building exterior contractors",1,Rate of injury cases per 100 full-time workers (Size class 0),0,RSE of Total recordable cases,131,"Private industry, Nebraska"
ISUCON23810010131,2019,A01,Annual,NA,25.5,CON,Construction,238100,"Foundation, structure, and building exterior contractors",1,Rate of injury cases per 100 full-time workers (Size class 0),0,RSE of Total recordable cases,131,"Private industry, Nebraska"
ISUCON23810010131,2018,A01,Annual,NA,22.8,CON,Construction,238100,"Foundation, structure, and building exterior contractors",1,Rate of injury cases per 100 full-time workers (Size class 0),0,RSE of Total recordable cases,131,"Private industry, Nebraska"
ISUCON23810010131,2016,A01,Annual,NA,31.5,CON,Construction,238100,"Foundation, structure, and building exterior contractors",1,Rate of injury cases per 100 full-time workers (Size class 0),0,RSE of Total recordable cases,131,"Private industry, Nebraska"
ISUCON23810010131,2014,A01,Annual,NA,24.9,CON,Construction,238100,"Foundation, structure, and building exterior contractors",1,Rate of injury cases per 100 full-time workers (Size class 0),0,RSE of Total recordable cases,131,"Private industry, Nebraska"
ISUCON23810011131,2020,A01,Annual,NA,3.8,CON,Construction,238100,"Foundation, structure, and building exterior contractors",1,Rate of injury cases per 100 full-time workers (Size class 0),1,Total recordable cases,131,"Private industry, Nebraska"
ISUCON23810011131,2019,A01,Annual,NA,4.8,CON,Construction,238100,"Foundation, structure, and building exterior contractors",1,Rate of injury cases per 100 full-time workers (Size class 0),1,Total recordable cases,131,"Private industry, Nebraska"
ISUCON23810011131,2018,A01,Annual,NA,4.1,CON,Construction,238100,"Foundation, structure, and building exterior contractors",1,Rate of injury cases per 100 full-time workers (Size class 0),1,Total recordable cases,131,"Private industry, Nebraska"
ISUCON23810011131,2016,A01,Annual,NA,3.7,CON,Construction,238100,"Foundation, structure, and building exterior contractors",1,Rate of injury cases per 100 full-time workers (Size class 0),1,Total recordable cases,131,"Private industry, Nebraska"
ISUCON23810011131,2014,A01,Annual,NA,4.8,CON,Construction,238100,"Foundation, structure, and building exterior contractors",1,Rate of injury cases per 100 full-time workers (Size class 0),1,Total recordable cases,131,"Private industry, Nebraska"
ISUCON23810050131,2020,A01,Annual,NA,20.3,CON,Construction,238100,"Foundation, structure, and building exterior contractors",5,Number of injury cases (thousands) (Size class 0),0,RSE of Total recordable cases,131,"Private industry, Nebraska"
ISUCON23810050131,2019,A01,Annual,NA,24.6,CON,Construction,238100,"Foundation, structure, and building exterior contractors",5,Number of injury cases (thousands) (Size class 0),0,RSE of Total recordable cases,131,"Private industry, Nebraska"
ISUCON23810050131,2018,A01,Annual,NA,26.3,CON,Construction,238100,"Foundation, structure, and building exterior contractors",5,Number of injury cases (thousands) (Size class 0),0,RSE of Total recordable cases,131,"Private industry, Nebraska"
ISUCON23810050131,2016,A01,Annual,NA,31.2,CON,Construction,238100,"Foundation, structure, and building exterior contractors",5,Number of injury cases (thousands) (Size class 0),0,RSE of Total recordable cases,131,"Private industry, Nebraska"
ISUCON23810050131,2014,A01,Annual,NA,26.8,CON,Construction,238100,"Foundation, structure, and building exterior contractors",5,Number of injury cases (thousands) (Size class 0),0,RSE of Total recordable cases,131,"Private industry, Nebraska"
ISUCON23810051131,2020,A01,Annual,NA,0.3,CON,Construction,238100,"Foundation, structure, and building exterior contractors",5,Number of injury cases (thousands) (Size class 0),1,Total recordable cases,131,"Private industry, Nebraska"
ISUCON23810051131,2019,A01,Annual,NA,0.4,CON,Construction,238100,"Foundation, structure, and building exterior contractors",5,Number of injury cases (thousands) (Size class 0),1,Total recordable cases,131,"Private industry, Nebraska"
ISUCON23810051131,2018,A01,Annual,NA,0.3,CON,Construction,238100,"Foundation, structure, and building exterior contractors",5,Number of injury cases (thousands) (Size class 0),1,Total recordable cases,131,"Private industry, Nebraska"
ISUCON23810051131,2016,A01,Annual,NA,0.2,CON,Construction,238100,"Foundation, structure, and building exterior contractors",5,Number of injury cases (thousands) (Size class 0),1,Total recordable cases,131,"Private industry, Nebraska"
ISUCON23810051131,2014,A01,Annual,NA,0.3,CON,Construction,238100,"Foundation, structure, and building exterior contractors",5,Number of injury cases (thousands) (Size class 0),1,Total recordable cases,131,"Private industry, Nebraska"
ISUCON23820010131,2020,A01,Annual,NA,15,CON,Construction,238200,Building equipment contractors,1,Rate of injury cases per 100 full-time workers (Size class 0),0,RSE of Total recordable cases,131,"Private industry, Nebraska"
ISUCON23820010131,2019,A01,Annual,NA,17.9,CON,Construction,238200,Building equipment contractors,1,Rate of injury cases per 100 full-time workers (Size class 0),0,RSE of Total recordable cases,131,"Private industry, Nebraska"
ISUCON23820010131,2018,A01,Annual,NA,13.7,CON,Construction,238200,Building equipment contractors,1,Rate of injury cases per 100 full-time workers (Size class 0),0,RSE of Total recordable cases,131,"Private industry, Nebraska"
ISUCON23820010131,2017,A01,Annual,NA,16.2,CON,Construction,238200,Building equipment contractors,1,Rate of injury cases per 100 full-time workers (Size class 0),0,RSE of Total recordable cases,131,"Private industry, Nebraska"
ISUCON23820010131,2016,A01,Annual,NA,18.1,CON,Construction,238200,Building equipment contractors,1,Rate of injury cases per 100 full-time workers (Size class 0),0,RSE of Total recordable cases,131,"Private industry, Nebraska"
ISUCON23820010131,2015,A01,Annual,NA,13.4,CON,Construction,238200,Building equipment contractors,1,Rate of injury cases per 100 full-time workers (Size class 0),0,RSE of Total recordable cases,131,"Private industry, Nebraska"
ISUCON23820010131,2014,A01,Annual,NA,16.6,CON,Construction,238200,Building equipment contractors,1,Rate of injury cases per 100 full-time workers (Size class 0),0,RSE of Total recordable cases,131,"Private industry, Nebraska"
ISUCON23820011131,2020,A01,Annual,NA,2.3,CON,Construction,238200,Building equipment contractors,1,Rate of injury cases per 100 full-time workers (Size class 0),1,Total recordable cases,131,"Private industry, Nebraska"
ISUCON23820011131,2019,A01,Annual,NA,3.9,CON,Construction,238200,Building equipment contractors,1,Rate of injury cases per 100 full-time workers (Size class 0),1,Total recordable cases,131,"Private industry, Nebraska"
ISUCON23820011131,2018,A01,Annual,NA,2.9,CON,Construction,238200,Building equipment contractors,1,Rate of injury cases per 100 full-time workers (Size class 0),1,Total recordable cases,131,"Private industry, Nebraska"
ISUCON23820011131,2017,A01,Annual,NA,3.2,CON,Construction,238200,Building equipment contractors,1,Rate of injury cases per 100 full-time workers (Size class 0),1,Total recordable cases,131,"Private industry, Nebraska"
ISUCON23820011131,2016,A01,Annual,NA,3.7,CON,Construction,238200,Building equipment contractors,1,Rate of injury cases per 100 full-time workers (Size class 0),1,Total recordable cases,131,"Private industry, Nebraska"
ISUCON23820011131,2015,A01,Annual,NA,2.7,CON,Construction,238200,Building equipment contractors,1,Rate of injury cases per 100 full-time workers (Size class 0),1,Total recordable cases,131,"Private industry, Nebraska"
ISUCON23820011131,2014,A01,Annual,NA,5,CON,Construction,238200,Building equipment contractors,1,Rate of injury cases per 100 full-time workers (Size class 0),1,Total recordable cases,131,"Private industry, Nebraska"
ISUCON23820050131,2020,A01,Annual,NA,15.6,CON,Construction,238200,Building equipment contractors,5,Number of injury cases (thousands) (Size class 0),0,RSE of Total recordable cases,131,"Private industry, Nebraska"
ISUCON23820050131,2019,A01,Annual,NA,18.3,CON,Construction,238200,Building equipment contractors,5,Number of injury cases (thousands) (Size class 0),0,RSE of Total recordable cases,131,"Private industry, Nebraska"
ISUCON23820050131,2018,A01,Annual,NA,13.4,CON,Construction,238200,Building equipment contractors,5,Number of injury cases (thousands) (Size class 0),0,RSE of Total recordable cases,131,"Private industry, Nebraska"
ISUCON23820050131,2017,A01,Annual,NA,17.1,CON,Construction,238200,Building equipment contractors,5,Number of injury cases (thousands) (Size class 0),0,RSE of Total recordable cases,131,"Private industry, Nebraska"
ISUCON23820050131,2016,A01,Annual,NA,17.6,CON,Construction,238200,Building equipment contractors,5,Number of injury cases (thousands) (Size class 0),0,RSE of Total recordable cases,131,"Private industry, Nebraska"
ISUCON23820050131,2015,A01,Annual,NA,14.4,CON,Construction,238200,Building equipment contractors,5,Number of injury cases (thousands) (Size class 0),0,RSE of Total recordable cases,131,"Private industry, Nebraska"
ISUCON23820050131,2014,A01,Annual,NA,17.1,CON,Construction,238200,Building equipment contractors,5,Number of injury cases (thousands) (Size class 0),0,RSE of Total recordable cases,131,"Private industry, Nebraska"
ISUCON23820051131,2020,A01,Annual,NA,0.4,CON,Construction,238200,Building equipment contractors,5,Number of injury cases (thousands) (Size class 0),1,Total recordable cases,131,"Private industry, Nebraska"
ISUCON23820051131,2019,A01,Annual,NA,0.7,CON,Construction,238200,Building equipment contractors,5,Number of injury cases (thousands) (Size class 0),1,Total recordable cases,131,"Private industry, Nebraska"
ISUCON23820051131,2018,A01,Annual,NA,0.5,CON,Construction,238200,Building equipment contractors,5,Number of injury cases (thousands) (Size class 0),1,Total recordable cases,131,"Private industry, Nebraska"
ISUCON23820051131,2017,A01,Annual,NA,0.5,CON,Construction,238200,Building equipment contractors,5,Number of injury cases (thousands) (Size class 0),1,Total recordable cases,131,"Private industry, Nebraska"
ISUCON23820051131,2016,A01,Annual,NA,0.6,CON,Construction,238200,Building equipment contractors,5,Number of injury cases (thousands) (Size class 0),1,Total recordable cases,131,"Private industry, Nebraska"
ISUCON23820051131,2015,A01,Annual,NA,0.4,CON,Construction,238200,Building equipment contractors,5,Number of injury cases (thousands) (Size class 0),1,Total recordable cases,131,"Private industry, Nebraska"
ISUCON23820051131,2014,A01,Annual,NA,0.7,CON,Construction,238200,Building equipment contractors,5,Number of injury cases (thousands) (Size class 0),1,Total recordable cases,131,"Private industry, Nebraska"
ISUCON23821010131,2020,A01,Annual,NA,23.3,CON,Construction,238210,Electrical contractors and other wiring installation contractors,1,Rate of injury cases per 100 full-time workers (Size class 0),0,RSE of Total recordable cases,131,"Private industry, Nebraska"
ISUCON23821010131,2019,A01,Annual,NA,37.7,CON,Construction,238210,Electrical contractors and other wiring installation contractors,1,Rate of injury cases per 100 full-time workers (Size class 0),0,RSE of Total recordable cases,131,"Private industry, Nebraska"
ISUCON23821010131,2018,A01,Annual,NA,23.2,CON,Construction,238210,Electrical contractors and other wiring installation contractors,1,Rate of injury cases per 100 full-time workers (Size class 0),0,RSE of Total recordable cases,131,"Private industry, Nebraska"
ISUCON23821010131,2016,A01,Annual,NA,25.8,CON,Construction,238210,Electrical contractors and other wiring installation contractors,1,Rate of injury cases per 100 full-time workers (Size class 0),0,RSE of Total recordable cases,131,"Private industry, Nebraska"
ISUCON23821010131,2015,A01,Annual,NA,22.5,CON,Construction,238210,Electrical contractors and other wiring installation contractors,1,Rate of injury cases per 100 full-time workers (Size class 0),0,RSE of Total recordable cases,131,"Private industry, Nebraska"
ISUCON23821010131,2014,A01,Annual,NA,26.4,CON,Construction,238210,Electrical contractors and other wiring installation contractors,1,Rate of injury cases per 100 full-time workers (Size class 0),0,RSE of Total recordable cases,131,"Private industry, Nebraska"
ISUCON23821011131,2020,A01,Annual,NA,1.1,CON,Construction,238210,Electrical contractors and other wiring installation contractors,1,Rate of injury cases per 100 full-time workers (Size class 0),1,Total recordable cases,131,"Private industry, Nebraska"
ISUCON23821011131,2019,A01,Annual,NA,3.4,CON,Construction,238210,Electrical contractors and other wiring installation contractors,1,Rate of injury cases per 100 full-time workers (Size class 0),1,Total recordable cases,131,"Private industry, Nebraska"
ISUCON23821011131,2018,A01,Annual,NA,1.4,CON,Construction,238210,Electrical contractors and other wiring installation contractors,1,Rate of injury cases per 100 full-time workers (Size class 0),1,Total recordable cases,131,"Private industry, Nebraska"
ISUCON23821011131,2016,A01,Annual,NA,1.7,CON,Construction,238210,Electrical contractors and other wiring installation contractors,1,Rate of injury cases per 100 full-time workers (Size class 0),1,Total recordable cases,131,"Private industry, Nebraska"
ISUCON23821011131,2015,A01,Annual,NA,1.6,CON,Construction,238210,Electrical contractors and other wiring installation contractors,1,Rate of injury cases per 100 full-time workers (Size class 0),1,Total recordable cases,131,"Private industry, Nebraska"
ISUCON23821011131,2014,A01,Annual,NA,4.1,CON,Construction,238210,Electrical contractors and other wiring installation contractors,1,Rate of injury cases per 100 full-time workers (Size class 0),1,Total recordable cases,131,"Private industry, Nebraska"
ISUCON23821050131,2020,A01,Annual,NA,21.4,CON,Construction,238210,Electrical contractors and other wiring installation contractors,5,Number of injury cases (thousands) (Size class 0),0,RSE of Total recordable cases,131,"Private industry, Nebraska"
ISUCON23821050131,2019,A01,Annual,NA,38.8,CON,Construction,238210,Electrical contractors and other wiring installation contractors,5,Number of injury cases (thousands) (Size class 0),0,RSE of Total recordable cases,131,"Private industry, Nebraska"
ISUCON23821050131,2018,A01,Annual,NA,23.1,CON,Construction,238210,Electrical contractors and other wiring installation contractors,5,Number of injury cases (thousands) (Size class 0),0,RSE of Total recordable cases,131,"Private industry, Nebraska"
ISUCON23821050131,2016,A01,Annual,NA,23.2,CON,Construction,238210,Electrical contractors and other wiring installation contractors,5,Number of injury cases (thousands) (Size class 0),0,RSE of Total recordable cases,131,"Private industry, Nebraska"
ISUCON23821050131,2015,A01,Annual,NA,22.4,CON,Construction,238210,Electrical contractors and other wiring installation contractors,5,Number of injury cases (thousands) (Size class 0),0,RSE of Total recordable cases,131,"Private industry, Nebraska"
ISUCON23821050131,2014,A01,Annual,NA,26.3,CON,Construction,238210,Electrical contractors and other wiring installation contractors,5,Number of injury cases (thousands) (Size class 0),0,RSE of Total recordable cases,131,"Private industry, Nebraska"
ISUCON23821051131,2020,A01,Annual,NA,0.1,CON,Construction,238210,Electrical contractors and other wiring installation contractors,5,Number of injury cases (thousands) (Size class 0),1,Total recordable cases,131,"Private industry, Nebraska"
ISUCON23821051131,2019,A01,Annual,NA,0.2,CON,Construction,238210,Electrical contractors and other wiring installation contractors,5,Number of injury cases (thousands) (Size class 0),1,Total recordable cases,131,"Private industry, Nebraska"
ISUCON23821051131,2018,A01,Annual,NA,0.1,CON,Construction,238210,Electrical contractors and other wiring installation contractors,5,Number of injury cases (thousands) (Size class 0),1,Total recordable cases,131,"Private industry, Nebraska"
ISUCON23821051131,2016,A01,Annual,NA,0.1,CON,Construction,238210,Electrical contractors and other wiring installation contractors,5,Number of injury cases (thousands) (Size class 0),1,Total recordable cases,131,"Private industry, Nebraska"
ISUCON23821051131,2015,A01,Annual,NA,0.1,CON,Construction,238210,Electrical contractors and other wiring installation contractors,5,Number of injury cases (thousands) (Size class 0),1,Total recordable cases,131,"Private industry, Nebraska"
ISUCON23821051131,2014,A01,Annual,NA,0.2,CON,Construction,238210,Electrical contractors and other wiring installation contractors,5,Number of injury cases (thousands) (Size class 0),1,Total recordable cases,131,"Private industry, Nebraska"
