seriesID,year,value,industry_code,industry_text,datatype_code,datatype_text,case_code,case_text,area_code,area_text,series_title
ISUTTU49300001131,2020,30.7,493000,Warehousing and storage,0,"Rate of illness cases per 10,000 full-time workers (Size class 0)",1,Total recordable cases,131,"Private industry, Nebraska",Industry-level data from the Survey of Occupational Injuries and Illnesses (SOII)
ISUTTU49300001131,2019,-,493000,Warehousing and storage,0,"Rate of illness cases per 10,000 full-time workers (Size class 0)",1,Total recordable cases,131,"Private industry, Nebraska",Industry-level data from the Survey of Occupational Injuries and Illnesses (SOII)
ISUTTU49300001131,2018,35.1,493000,Warehousing and storage,0,"Rate of illness cases per 10,000 full-time workers (Size class 0)",1,Total recordable cases,131,"Private industry, Nebraska",Industry-level data from the Survey of Occupational Injuries and Illnesses (SOII)
ISUTTU49300001131,2017,-,493000,Warehousing and storage,0,"Rate of illness cases per 10,000 full-time workers (Size class 0)",1,Total recordable cases,131,"Private industry, Nebraska",Industry-level data from the Survey of Occupational Injuries and Illnesses (SOII)
ISUTTU49300011131,2020,3.9,493000,Warehousing and storage,1,Rate of injury cases per 100 full-time workers (Size class 0),1,Total recordable cases,131,"Private industry, Nebraska",Industry-level data from the Survey of Occupational Injuries and Illnesses (SOII)
ISUTTU49300011131,2019,4.3,493000,Warehousing and storage,1,Rate of injury cases per 100 full-time workers (Size class 0),1,Total recordable cases,131,"Private industry, Nebraska",Industry-level data from the Survey of Occupational Injuries and Illnesses (SOII)
ISUTTU49300011131,2018,7.4,493000,Warehousing and storage,1,Rate of injury cases per 100 full-time workers (Size class 0),1,Total recordable cases,131,"Private industry, Nebraska",Industry-level data from the Survey of Occupational Injuries and Illnesses (SOII)
ISUTTU49300011131,2017,6,493000,Warehousing and storage,1,Rate of injury cases per 100 full-time workers (Size class 0),1,Total recordable cases,131,"Private industry, Nebraska",Industry-level data from the Survey of Occupational Injuries and Illnesses (SOII)
ISUTTU49300011131,2016,5.8,493000,Warehousing and storage,1,Rate of injury cases per 100 full-time workers (Size class 0),1,Total recordable cases,131,"Private industry, Nebraska",Industry-level data from the Survey of Occupational Injuries and Illnesses (SOII)
ISUTTU49300031131,2020,4.2,493000,Warehousing and storage,3,Rate of injury and illness cases per 100 full-time workers (Size class 0),1,Total recordable cases,131,"Private industry, Nebraska",Industry-level data from the Survey of Occupational Injuries and Illnesses (SOII)
ISUTTU49300031131,2019,4.4,493000,Warehousing and storage,3,Rate of injury and illness cases per 100 full-time workers (Size class 0),1,Total recordable cases,131,"Private industry, Nebraska",Industry-level data from the Survey of Occupational Injuries and Illnesses (SOII)
ISUTTU49300031131,2018,7.8,493000,Warehousing and storage,3,Rate of injury and illness cases per 100 full-time workers (Size class 0),1,Total recordable cases,131,"Private industry, Nebraska",Industry-level data from the Survey of Occupational Injuries and Illnesses (SOII)
ISUTTU49300031131,2017,6.2,493000,Warehousing and storage,3,Rate of injury and illness cases per 100 full-time workers (Size class 0),1,Total recordable cases,131,"Private industry, Nebraska",Industry-level data from the Survey of Occupational Injuries and Illnesses (SOII)
ISUTTU49300031131,2016,6.9,493000,Warehousing and storage,3,Rate of injury and illness cases per 100 full-time workers (Size class 0),1,Total recordable cases,131,"Private industry, Nebraska",Industry-level data from the Survey of Occupational Injuries and Illnesses (SOII)
ISUTTU49300032131,2020,3.5,493000,Warehousing and storage,3,Rate of injury and illness cases per 100 full-time workers (Size class 0),2,"Cases involving days away from work, job restriction, or transfer",131,"Private industry, Nebraska",Industry-level data from the Survey of Occupational Injuries and Illnesses (SOII)
ISUTTU49300032131,2019,3.2,493000,Warehousing and storage,3,Rate of injury and illness cases per 100 full-time workers (Size class 0),2,"Cases involving days away from work, job restriction, or transfer",131,"Private industry, Nebraska",Industry-level data from the Survey of Occupational Injuries and Illnesses (SOII)
ISUTTU49300032131,2018,6,493000,Warehousing and storage,3,Rate of injury and illness cases per 100 full-time workers (Size class 0),2,"Cases involving days away from work, job restriction, or transfer",131,"Private industry, Nebraska",Industry-level data from the Survey of Occupational Injuries and Illnesses (SOII)
ISUTTU49300032131,2017,4.4,493000,Warehousing and storage,3,Rate of injury and illness cases per 100 full-time workers (Size class 0),2,"Cases involving days away from work, job restriction, or transfer",131,"Private industry, Nebraska",Industry-level data from the Survey of Occupational Injuries and Illnesses (SOII)
ISUTTU49300032131,2016,4.4,493000,Warehousing and storage,3,Rate of injury and illness cases per 100 full-time workers (Size class 0),2,"Cases involving days away from work, job restriction, or transfer",131,"Private industry, Nebraska",Industry-level data from the Survey of Occupational Injuries and Illnesses (SOII)
ISUTTU49300041131,2020,0,493000,Warehousing and storage,4,Number of illness cases (thousands) (Size class 0),1,Total recordable cases,131,"Private industry, Nebraska",Industry-level data from the Survey of Occupational Injuries and Illnesses (SOII)
ISUTTU49300041131,2019,0,493000,Warehousing and storage,4,Number of illness cases (thousands) (Size class 0),1,Total recordable cases,131,"Private industry, Nebraska",Industry-level data from the Survey of Occupational Injuries and Illnesses (SOII)
ISUTTU49300041131,2018,0,493000,Warehousing and storage,4,Number of illness cases (thousands) (Size class 0),1,Total recordable cases,131,"Private industry, Nebraska",Industry-level data from the Survey of Occupational Injuries and Illnesses (SOII)
ISUTTU49300041131,2017,0,493000,Warehousing and storage,4,Number of illness cases (thousands) (Size class 0),1,Total recordable cases,131,"Private industry, Nebraska",Industry-level data from the Survey of Occupational Injuries and Illnesses (SOII)
ISUTTU49300051131,2020,0.2,493000,Warehousing and storage,5,Number of injury cases (thousands) (Size class 0),1,Total recordable cases,131,"Private industry, Nebraska",Industry-level data from the Survey of Occupational Injuries and Illnesses (SOII)
ISUTTU49300051131,2019,0.3,493000,Warehousing and storage,5,Number of injury cases (thousands) (Size class 0),1,Total recordable cases,131,"Private industry, Nebraska",Industry-level data from the Survey of Occupational Injuries and Illnesses (SOII)
ISUTTU49300051131,2018,0.4,493000,Warehousing and storage,5,Number of injury cases (thousands) (Size class 0),1,Total recordable cases,131,"Private industry, Nebraska",Industry-level data from the Survey of Occupational Injuries and Illnesses (SOII)
ISUTTU49300051131,2017,0.3,493000,Warehousing and storage,5,Number of injury cases (thousands) (Size class 0),1,Total recordable cases,131,"Private industry, Nebraska",Industry-level data from the Survey of Occupational Injuries and Illnesses (SOII)
ISUTTU49300051131,2016,0.3,493000,Warehousing and storage,5,Number of injury cases (thousands) (Size class 0),1,Total recordable cases,131,"Private industry, Nebraska",Industry-level data from the Survey of Occupational Injuries and Illnesses (SOII)
ISUTTUSP1TTU01131,2020,19.8,SP1TTU,"Trade, transportation, and utilities",0,"Rate of illness cases per 10,000 full-time workers (Size class 0)",1,Total recordable cases,131,"Private industry, Nebraska",Industry-level data from the Survey of Occupational Injuries and Illnesses (SOII)
ISUTTUSP1TTU01131,2019,8,SP1TTU,"Trade, transportation, and utilities",0,"Rate of illness cases per 10,000 full-time workers (Size class 0)",1,Total recordable cases,131,"Private industry, Nebraska",Industry-level data from the Survey of Occupational Injuries and Illnesses (SOII)
ISUTTUSP1TTU01131,2018,9.6,SP1TTU,"Trade, transportation, and utilities",0,"Rate of illness cases per 10,000 full-time workers (Size class 0)",1,Total recordable cases,131,"Private industry, Nebraska",Industry-level data from the Survey of Occupational Injuries and Illnesses (SOII)
ISUTTUSP1TTU01131,2017,7.3,SP1TTU,"Trade, transportation, and utilities",0,"Rate of illness cases per 10,000 full-time workers (Size class 0)",1,Total recordable cases,131,"Private industry, Nebraska",Industry-level data from the Survey of Occupational Injuries and Illnesses (SOII)
ISUTTUSP1TTU01131,2016,8.3,SP1TTU,"Trade, transportation, and utilities",0,"Rate of illness cases per 10,000 full-time workers (Size class 0)",1,Total recordable cases,131,"Private industry, Nebraska",Industry-level data from the Survey of Occupational Injuries and Illnesses (SOII)
ISUTTUSP1TTU01831,2016,-,SP1TTU,"Trade, transportation, and utilities",0,"Rate of illness cases per 10,000 full-time workers (Size class 0)",1,Total recordable cases,831,"Local government, Nebraska",Industry-level data from the Survey of Occupational Injuries and Illnesses (SOII)
ISUTTUSP1TTU11131,2020,2.8,SP1TTU,"Trade, transportation, and utilities",1,Rate of injury cases per 100 full-time workers (Size class 0),1,Total recordable cases,131,"Private industry, Nebraska",Industry-level data from the Survey of Occupational Injuries and Illnesses (SOII)
ISUTTUSP1TTU11131,2019,3.4,SP1TTU,"Trade, transportation, and utilities",1,Rate of injury cases per 100 full-time workers (Size class 0),1,Total recordable cases,131,"Private industry, Nebraska",Industry-level data from the Survey of Occupational Injuries and Illnesses (SOII)
ISUTTUSP1TTU11131,2018,3.4,SP1TTU,"Trade, transportation, and utilities",1,Rate of injury cases per 100 full-time workers (Size class 0),1,Total recordable cases,131,"Private industry, Nebraska",Industry-level data from the Survey of Occupational Injuries and Illnesses (SOII)
ISUTTUSP1TTU11131,2017,3.4,SP1TTU,"Trade, transportation, and utilities",1,Rate of injury cases per 100 full-time workers (Size class 0),1,Total recordable cases,131,"Private industry, Nebraska",Industry-level data from the Survey of Occupational Injuries and Illnesses (SOII)
ISUTTUSP1TTU11131,2016,3.2,SP1TTU,"Trade, transportation, and utilities",1,Rate of injury cases per 100 full-time workers (Size class 0),1,Total recordable cases,131,"Private industry, Nebraska",Industry-level data from the Survey of Occupational Injuries and Illnesses (SOII)
ISUTTUSP1TTU11831,2016,2.5,SP1TTU,"Trade, transportation, and utilities",1,Rate of injury cases per 100 full-time workers (Size class 0),1,Total recordable cases,831,"Local government, Nebraska",Industry-level data from the Survey of Occupational Injuries and Illnesses (SOII)
ISUTTUSP1TTU31131,2020,3,SP1TTU,"Trade, transportation, and utilities",3,Rate of injury and illness cases per 100 full-time workers (Size class 0),1,Total recordable cases,131,"Private industry, Nebraska",Industry-level data from the Survey of Occupational Injuries and Illnesses (SOII)
ISUTTUSP1TTU31131,2019,3.4,SP1TTU,"Trade, transportation, and utilities",3,Rate of injury and illness cases per 100 full-time workers (Size class 0),1,Total recordable cases,131,"Private industry, Nebraska",Industry-level data from the Survey of Occupational Injuries and Illnesses (SOII)
ISUTTUSP1TTU31131,2018,3.5,SP1TTU,"Trade, transportation, and utilities",3,Rate of injury and illness cases per 100 full-time workers (Size class 0),1,Total recordable cases,131,"Private industry, Nebraska",Industry-level data from the Survey of Occupational Injuries and Illnesses (SOII)
ISUTTUSP1TTU31131,2017,3.4,SP1TTU,"Trade, transportation, and utilities",3,Rate of injury and illness cases per 100 full-time workers (Size class 0),1,Total recordable cases,131,"Private industry, Nebraska",Industry-level data from the Survey of Occupational Injuries and Illnesses (SOII)
ISUTTUSP1TTU31131,2016,3.3,SP1TTU,"Trade, transportation, and utilities",3,Rate of injury and illness cases per 100 full-time workers (Size class 0),1,Total recordable cases,131,"Private industry, Nebraska",Industry-level data from the Survey of Occupational Injuries and Illnesses (SOII)
ISUTTUSP1TTU31831,2016,2.5,SP1TTU,"Trade, transportation, and utilities",3,Rate of injury and illness cases per 100 full-time workers (Size class 0),1,Total recordable cases,831,"Local government, Nebraska",Industry-level data from the Survey of Occupational Injuries and Illnesses (SOII)
ISUTTUSP1TTU32131,2020,1.9,SP1TTU,"Trade, transportation, and utilities",3,Rate of injury and illness cases per 100 full-time workers (Size class 0),2,"Cases involving days away from work, job restriction, or transfer",131,"Private industry, Nebraska",Industry-level data from the Survey of Occupational Injuries and Illnesses (SOII)
ISUTTUSP1TTU32131,2019,1.9,SP1TTU,"Trade, transportation, and utilities",3,Rate of injury and illness cases per 100 full-time workers (Size class 0),2,"Cases involving days away from work, job restriction, or transfer",131,"Private industry, Nebraska",Industry-level data from the Survey of Occupational Injuries and Illnesses (SOII)
ISUTTUSP1TTU32131,2018,2,SP1TTU,"Trade, transportation, and utilities",3,Rate of injury and illness cases per 100 full-time workers (Size class 0),2,"Cases involving days away from work, job restriction, or transfer",131,"Private industry, Nebraska",Industry-level data from the Survey of Occupational Injuries and Illnesses (SOII)
ISUTTUSP1TTU32131,2017,1.9,SP1TTU,"Trade, transportation, and utilities",3,Rate of injury and illness cases per 100 full-time workers (Size class 0),2,"Cases involving days away from work, job restriction, or transfer",131,"Private industry, Nebraska",Industry-level data from the Survey of Occupational Injuries and Illnesses (SOII)
ISUTTUSP1TTU32131,2016,1.8,SP1TTU,"Trade, transportation, and utilities",3,Rate of injury and illness cases per 100 full-time workers (Size class 0),2,"Cases involving days away from work, job restriction, or transfer",131,"Private industry, Nebraska",Industry-level data from the Survey of Occupational Injuries and Illnesses (SOII)
ISUTTUSP1TTU32831,2016,1.3,SP1TTU,"Trade, transportation, and utilities",3,Rate of injury and illness cases per 100 full-time workers (Size class 0),2,"Cases involving days away from work, job restriction, or transfer",831,"Local government, Nebraska",Industry-level data from the Survey of Occupational Injuries and Illnesses (SOII)
ISUTTUSP1TTU41131,2020,0.3,SP1TTU,"Trade, transportation, and utilities",4,Number of illness cases (thousands) (Size class 0),1,Total recordable cases,131,"Private industry, Nebraska",Industry-level data from the Survey of Occupational Injuries and Illnesses (SOII)
ISUTTUSP1TTU41131,2019,0.1,SP1TTU,"Trade, transportation, and utilities",4,Number of illness cases (thousands) (Size class 0),1,Total recordable cases,131,"Private industry, Nebraska",Industry-level data from the Survey of Occupational Injuries and Illnesses (SOII)
ISUTTUSP1TTU41131,2018,0.2,SP1TTU,"Trade, transportation, and utilities",4,Number of illness cases (thousands) (Size class 0),1,Total recordable cases,131,"Private industry, Nebraska",Industry-level data from the Survey of Occupational Injuries and Illnesses (SOII)
ISUTTUSP1TTU41131,2017,0.1,SP1TTU,"Trade, transportation, and utilities",4,Number of illness cases (thousands) (Size class 0),1,Total recordable cases,131,"Private industry, Nebraska",Industry-level data from the Survey of Occupational Injuries and Illnesses (SOII)
ISUTTUSP1TTU41131,2016,0.1,SP1TTU,"Trade, transportation, and utilities",4,Number of illness cases (thousands) (Size class 0),1,Total recordable cases,131,"Private industry, Nebraska",Industry-level data from the Survey of Occupational Injuries and Illnesses (SOII)
ISUTTUSP1TTU41831,2016,0,SP1TTU,"Trade, transportation, and utilities",4,Number of illness cases (thousands) (Size class 0),1,Total recordable cases,831,"Local government, Nebraska",Industry-level data from the Survey of Occupational Injuries and Illnesses (SOII)
ISUTTUSP1TTU51131,2020,4.4,SP1TTU,"Trade, transportation, and utilities",5,Number of injury cases (thousands) (Size class 0),1,Total recordable cases,131,"Private industry, Nebraska",Industry-level data from the Survey of Occupational Injuries and Illnesses (SOII)
ISUTTUSP1TTU51131,2019,5.6,SP1TTU,"Trade, transportation, and utilities",5,Number of injury cases (thousands) (Size class 0),1,Total recordable cases,131,"Private industry, Nebraska",Industry-level data from the Survey of Occupational Injuries and Illnesses (SOII)
ISUTTUSP1TTU51131,2018,5.9,SP1TTU,"Trade, transportation, and utilities",5,Number of injury cases (thousands) (Size class 0),1,Total recordable cases,131,"Private industry, Nebraska",Industry-level data from the Survey of Occupational Injuries and Illnesses (SOII)
ISUTTUSP1TTU51131,2017,5.8,SP1TTU,"Trade, transportation, and utilities",5,Number of injury cases (thousands) (Size class 0),1,Total recordable cases,131,"Private industry, Nebraska",Industry-level data from the Survey of Occupational Injuries and Illnesses (SOII)
ISUTTUSP1TTU51131,2016,5.5,SP1TTU,"Trade, transportation, and utilities",5,Number of injury cases (thousands) (Size class 0),1,Total recordable cases,131,"Private industry, Nebraska",Industry-level data from the Survey of Occupational Injuries and Illnesses (SOII)
ISUTTUSP1TTU51831,2016,0.2,SP1TTU,"Trade, transportation, and utilities",5,Number of injury cases (thousands) (Size class 0),1,Total recordable cases,831,"Local government, Nebraska",Industry-level data from the Survey of Occupational Injuries and Illnesses (SOII)
ISUTTUSP2RET01131,2020,35.2,SP2RET,Retail trade,0,"Rate of illness cases per 10,000 full-time workers (Size class 0)",1,Total recordable cases,131,"Private industry, Nebraska",Industry-level data from the Survey of Occupational Injuries and Illnesses (SOII)
ISUTTUSP2RET01131,2019,12.1,SP2RET,Retail trade,0,"Rate of illness cases per 10,000 full-time workers (Size class 0)",1,Total recordable cases,131,"Private industry, Nebraska",Industry-level data from the Survey of Occupational Injuries and Illnesses (SOII)
ISUTTUSP2RET01131,2018,11.8,SP2RET,Retail trade,0,"Rate of illness cases per 10,000 full-time workers (Size class 0)",1,Total recordable cases,131,"Private industry, Nebraska",Industry-level data from the Survey of Occupational Injuries and Illnesses (SOII)
ISUTTUSP2RET01131,2017,7,SP2RET,Retail trade,0,"Rate of illness cases per 10,000 full-time workers (Size class 0)",1,Total recordable cases,131,"Private industry, Nebraska",Industry-level data from the Survey of Occupational Injuries and Illnesses (SOII)
ISUTTUSP2RET01131,2016,4.8,SP2RET,Retail trade,0,"Rate of illness cases per 10,000 full-time workers (Size class 0)",1,Total recordable cases,131,"Private industry, Nebraska",Industry-level data from the Survey of Occupational Injuries and Illnesses (SOII)
ISUTTUSP2RET11131,2020,2.8,SP2RET,Retail trade,1,Rate of injury cases per 100 full-time workers (Size class 0),1,Total recordable cases,131,"Private industry, Nebraska",Industry-level data from the Survey of Occupational Injuries and Illnesses (SOII)
ISUTTUSP2RET11131,2019,3.3,SP2RET,Retail trade,1,Rate of injury cases per 100 full-time workers (Size class 0),1,Total recordable cases,131,"Private industry, Nebraska",Industry-level data from the Survey of Occupational Injuries and Illnesses (SOII)
ISUTTUSP2RET11131,2018,3.7,SP2RET,Retail trade,1,Rate of injury cases per 100 full-time workers (Size class 0),1,Total recordable cases,131,"Private industry, Nebraska",Industry-level data from the Survey of Occupational Injuries and Illnesses (SOII)
ISUTTUSP2RET11131,2017,3,SP2RET,Retail trade,1,Rate of injury cases per 100 full-time workers (Size class 0),1,Total recordable cases,131,"Private industry, Nebraska",Industry-level data from the Survey of Occupational Injuries and Illnesses (SOII)
ISUTTUSP2RET11131,2016,3,SP2RET,Retail trade,1,Rate of injury cases per 100 full-time workers (Size class 0),1,Total recordable cases,131,"Private industry, Nebraska",Industry-level data from the Survey of Occupational Injuries and Illnesses (SOII)
ISUTTUSP2RET31131,2020,3.2,SP2RET,Retail trade,3,Rate of injury and illness cases per 100 full-time workers (Size class 0),1,Total recordable cases,131,"Private industry, Nebraska",Industry-level data from the Survey of Occupational Injuries and Illnesses (SOII)
ISUTTUSP2RET31131,2019,3.5,SP2RET,Retail trade,3,Rate of injury and illness cases per 100 full-time workers (Size class 0),1,Total recordable cases,131,"Private industry, Nebraska",Industry-level data from the Survey of Occupational Injuries and Illnesses (SOII)
ISUTTUSP2RET31131,2018,3.9,SP2RET,Retail trade,3,Rate of injury and illness cases per 100 full-time workers (Size class 0),1,Total recordable cases,131,"Private industry, Nebraska",Industry-level data from the Survey of Occupational Injuries and Illnesses (SOII)
ISUTTUSP2RET31131,2017,3.1,SP2RET,Retail trade,3,Rate of injury and illness cases per 100 full-time workers (Size class 0),1,Total recordable cases,131,"Private industry, Nebraska",Industry-level data from the Survey of Occupational Injuries and Illnesses (SOII)
ISUTTUSP2RET31131,2016,3.1,SP2RET,Retail trade,3,Rate of injury and illness cases per 100 full-time workers (Size class 0),1,Total recordable cases,131,"Private industry, Nebraska",Industry-level data from the Survey of Occupational Injuries and Illnesses (SOII)
ISUTTUSP2RET32131,2020,1.9,SP2RET,Retail trade,3,Rate of injury and illness cases per 100 full-time workers (Size class 0),2,"Cases involving days away from work, job restriction, or transfer",131,"Private industry, Nebraska",Industry-level data from the Survey of Occupational Injuries and Illnesses (SOII)
ISUTTUSP2RET32131,2019,1.7,SP2RET,Retail trade,3,Rate of injury and illness cases per 100 full-time workers (Size class 0),2,"Cases involving days away from work, job restriction, or transfer",131,"Private industry, Nebraska",Industry-level data from the Survey of Occupational Injuries and Illnesses (SOII)
ISUTTUSP2RET32131,2018,2.1,SP2RET,Retail trade,3,Rate of injury and illness cases per 100 full-time workers (Size class 0),2,"Cases involving days away from work, job restriction, or transfer",131,"Private industry, Nebraska",Industry-level data from the Survey of Occupational Injuries and Illnesses (SOII)
ISUTTUSP2RET32131,2017,1.5,SP2RET,Retail trade,3,Rate of injury and illness cases per 100 full-time workers (Size class 0),2,"Cases involving days away from work, job restriction, or transfer",131,"Private industry, Nebraska",Industry-level data from the Survey of Occupational Injuries and Illnesses (SOII)
ISUTTUSP2RET32131,2016,1.6,SP2RET,Retail trade,3,Rate of injury and illness cases per 100 full-time workers (Size class 0),2,"Cases involving days away from work, job restriction, or transfer",131,"Private industry, Nebraska",Industry-level data from the Survey of Occupational Injuries and Illnesses (SOII)
ISUTTUSP2RET41131,2020,0.3,SP2RET,Retail trade,4,Number of illness cases (thousands) (Size class 0),1,Total recordable cases,131,"Private industry, Nebraska",Industry-level data from the Survey of Occupational Injuries and Illnesses (SOII)
ISUTTUSP2RET41131,2019,0.1,SP2RET,Retail trade,4,Number of illness cases (thousands) (Size class 0),1,Total recordable cases,131,"Private industry, Nebraska",Industry-level data from the Survey of Occupational Injuries and Illnesses (SOII)
ISUTTUSP2RET41131,2018,0.1,SP2RET,Retail trade,4,Number of illness cases (thousands) (Size class 0),1,Total recordable cases,131,"Private industry, Nebraska",Industry-level data from the Survey of Occupational Injuries and Illnesses (SOII)
ISUTTUSP2RET41131,2017,0.1,SP2RET,Retail trade,4,Number of illness cases (thousands) (Size class 0),1,Total recordable cases,131,"Private industry, Nebraska",Industry-level data from the Survey of Occupational Injuries and Illnesses (SOII)
ISUTTUSP2RET41131,2016,0,SP2RET,Retail trade,4,Number of illness cases (thousands) (Size class 0),1,Total recordable cases,131,"Private industry, Nebraska",Industry-level data from the Survey of Occupational Injuries and Illnesses (SOII)
ISUTTUSP2RET51131,2020,2,SP2RET,Retail trade,5,Number of injury cases (thousands) (Size class 0),1,Total recordable cases,131,"Private industry, Nebraska",Industry-level data from the Survey of Occupational Injuries and Illnesses (SOII)
ISUTTUSP2RET51131,2019,2.6,SP2RET,Retail trade,5,Number of injury cases (thousands) (Size class 0),1,Total recordable cases,131,"Private industry, Nebraska",Industry-level data from the Survey of Occupational Injuries and Illnesses (SOII)
ISUTTUSP2RET51131,2018,2.9,SP2RET,Retail trade,5,Number of injury cases (thousands) (Size class 0),1,Total recordable cases,131,"Private industry, Nebraska",Industry-level data from the Survey of Occupational Injuries and Illnesses (SOII)
ISUTTUSP2RET51131,2017,2.4,SP2RET,Retail trade,5,Number of injury cases (thousands) (Size class 0),1,Total recordable cases,131,"Private industry, Nebraska",Industry-level data from the Survey of Occupational Injuries and Illnesses (SOII)
ISUTTUSP2RET51131,2016,2.4,SP2RET,Retail trade,5,Number of injury cases (thousands) (Size class 0),1,Total recordable cases,131,"Private industry, Nebraska",Industry-level data from the Survey of Occupational Injuries and Illnesses (SOII)
ISUTTUSP2TRW01131,2020,9.4,SP2TRW,Transportation and warehousing,0,"Rate of illness cases per 10,000 full-time workers (Size class 0)",1,Total recordable cases,131,"Private industry, Nebraska",Industry-level data from the Survey of Occupational Injuries and Illnesses (SOII)
ISUTTUSP2TRW01131,2019,5.1,SP2TRW,Transportation and warehousing,0,"Rate of illness cases per 10,000 full-time workers (Size class 0)",1,Total recordable cases,131,"Private industry, Nebraska",Industry-level data from the Survey of Occupational Injuries and Illnesses (SOII)
ISUTTUSP2TRW01131,2018,10.1,SP2TRW,Transportation and warehousing,0,"Rate of illness cases per 10,000 full-time workers (Size class 0)",1,Total recordable cases,131,"Private industry, Nebraska",Industry-level data from the Survey of Occupational Injuries and Illnesses (SOII)
ISUTTUSP2TRW01131,2017,9.8,SP2TRW,Transportation and warehousing,0,"Rate of illness cases per 10,000 full-time workers (Size class 0)",1,Total recordable cases,131,"Private industry, Nebraska",Industry-level data from the Survey of Occupational Injuries and Illnesses (SOII)
ISUTTUSP2TRW11131,2020,2.6,SP2TRW,Transportation and warehousing,1,Rate of injury cases per 100 full-time workers (Size class 0),1,Total recordable cases,131,"Private industry, Nebraska",Industry-level data from the Survey of Occupational Injuries and Illnesses (SOII)
ISUTTUSP2TRW11131,2019,3.5,SP2TRW,Transportation and warehousing,1,Rate of injury cases per 100 full-time workers (Size class 0),1,Total recordable cases,131,"Private industry, Nebraska",Industry-level data from the Survey of Occupational Injuries and Illnesses (SOII)
ISUTTUSP2TRW11131,2018,3.4,SP2TRW,Transportation and warehousing,1,Rate of injury cases per 100 full-time workers (Size class 0),1,Total recordable cases,131,"Private industry, Nebraska",Industry-level data from the Survey of Occupational Injuries and Illnesses (SOII)
ISUTTUSP2TRW11131,2017,3.6,SP2TRW,Transportation and warehousing,1,Rate of injury cases per 100 full-time workers (Size class 0),1,Total recordable cases,131,"Private industry, Nebraska",Industry-level data from the Survey of Occupational Injuries and Illnesses (SOII)
ISUTTUSP2TRW11131,2016,3.1,SP2TRW,Transportation and warehousing,1,Rate of injury cases per 100 full-time workers (Size class 0),1,Total recordable cases,131,"Private industry, Nebraska",Industry-level data from the Survey of Occupational Injuries and Illnesses (SOII)
ISUTTUSP2TRW31131,2020,2.7,SP2TRW,Transportation and warehousing,3,Rate of injury and illness cases per 100 full-time workers (Size class 0),1,Total recordable cases,131,"Private industry, Nebraska",Industry-level data from the Survey of Occupational Injuries and Illnesses (SOII)
ISUTTUSP2TRW31131,2019,3.5,SP2TRW,Transportation and warehousing,3,Rate of injury and illness cases per 100 full-time workers (Size class 0),1,Total recordable cases,131,"Private industry, Nebraska",Industry-level data from the Survey of Occupational Injuries and Illnesses (SOII)
ISUTTUSP2TRW31131,2018,3.5,SP2TRW,Transportation and warehousing,3,Rate of injury and illness cases per 100 full-time workers (Size class 0),1,Total recordable cases,131,"Private industry, Nebraska",Industry-level data from the Survey of Occupational Injuries and Illnesses (SOII)
ISUTTUSP2TRW31131,2017,3.7,SP2TRW,Transportation and warehousing,3,Rate of injury and illness cases per 100 full-time workers (Size class 0),1,Total recordable cases,131,"Private industry, Nebraska",Industry-level data from the Survey of Occupational Injuries and Illnesses (SOII)
ISUTTUSP2TRW31131,2016,3.3,SP2TRW,Transportation and warehousing,3,Rate of injury and illness cases per 100 full-time workers (Size class 0),1,Total recordable cases,131,"Private industry, Nebraska",Industry-level data from the Survey of Occupational Injuries and Illnesses (SOII)
ISUTTUSP2TRW32131,2020,2,SP2TRW,Transportation and warehousing,3,Rate of injury and illness cases per 100 full-time workers (Size class 0),2,"Cases involving days away from work, job restriction, or transfer",131,"Private industry, Nebraska",Industry-level data from the Survey of Occupational Injuries and Illnesses (SOII)
ISUTTUSP2TRW32131,2019,2.3,SP2TRW,Transportation and warehousing,3,Rate of injury and illness cases per 100 full-time workers (Size class 0),2,"Cases involving days away from work, job restriction, or transfer",131,"Private industry, Nebraska",Industry-level data from the Survey of Occupational Injuries and Illnesses (SOII)
ISUTTUSP2TRW32131,2018,2.4,SP2TRW,Transportation and warehousing,3,Rate of injury and illness cases per 100 full-time workers (Size class 0),2,"Cases involving days away from work, job restriction, or transfer",131,"Private industry, Nebraska",Industry-level data from the Survey of Occupational Injuries and Illnesses (SOII)
ISUTTUSP2TRW32131,2017,2.5,SP2TRW,Transportation and warehousing,3,Rate of injury and illness cases per 100 full-time workers (Size class 0),2,"Cases involving days away from work, job restriction, or transfer",131,"Private industry, Nebraska",Industry-level data from the Survey of Occupational Injuries and Illnesses (SOII)
ISUTTUSP2TRW32131,2016,1.9,SP2TRW,Transportation and warehousing,3,Rate of injury and illness cases per 100 full-time workers (Size class 0),2,"Cases involving days away from work, job restriction, or transfer",131,"Private industry, Nebraska",Industry-level data from the Survey of Occupational Injuries and Illnesses (SOII)
ISUTTUSP2TRW41131,2020,0,SP2TRW,Transportation and warehousing,4,Number of illness cases (thousands) (Size class 0),1,Total recordable cases,131,"Private industry, Nebraska",Industry-level data from the Survey of Occupational Injuries and Illnesses (SOII)
ISUTTUSP2TRW41131,2019,0,SP2TRW,Transportation and warehousing,4,Number of illness cases (thousands) (Size class 0),1,Total recordable cases,131,"Private industry, Nebraska",Industry-level data from the Survey of Occupational Injuries and Illnesses (SOII)
ISUTTUSP2TRW41131,2018,0.1,SP2TRW,Transportation and warehousing,4,Number of illness cases (thousands) (Size class 0),1,Total recordable cases,131,"Private industry, Nebraska",Industry-level data from the Survey of Occupational Injuries and Illnesses (SOII)
ISUTTUSP2TRW41131,2017,0,SP2TRW,Transportation and warehousing,4,Number of illness cases (thousands) (Size class 0),1,Total recordable cases,131,"Private industry, Nebraska",Industry-level data from the Survey of Occupational Injuries and Illnesses (SOII)
ISUTTUSP2TRW51131,2020,1.2,SP2TRW,Transportation and warehousing,5,Number of injury cases (thousands) (Size class 0),1,Total recordable cases,131,"Private industry, Nebraska",Industry-level data from the Survey of Occupational Injuries and Illnesses (SOII)
ISUTTUSP2TRW51131,2019,1.7,SP2TRW,Transportation and warehousing,5,Number of injury cases (thousands) (Size class 0),1,Total recordable cases,131,"Private industry, Nebraska",Industry-level data from the Survey of Occupational Injuries and Illnesses (SOII)
ISUTTUSP2TRW51131,2018,1.8,SP2TRW,Transportation and warehousing,5,Number of injury cases (thousands) (Size class 0),1,Total recordable cases,131,"Private industry, Nebraska",Industry-level data from the Survey of Occupational Injuries and Illnesses (SOII)
ISUTTUSP2TRW51131,2017,1.8,SP2TRW,Transportation and warehousing,5,Number of injury cases (thousands) (Size class 0),1,Total recordable cases,131,"Private industry, Nebraska",Industry-level data from the Survey of Occupational Injuries and Illnesses (SOII)
ISUTTUSP2TRW51131,2016,1.6,SP2TRW,Transportation and warehousing,5,Number of injury cases (thousands) (Size class 0),1,Total recordable cases,131,"Private industry, Nebraska",Industry-level data from the Survey of Occupational Injuries and Illnesses (SOII)
ISUTTUSP2UTL01131,2019,-,SP2UTL,Utilities,0,"Rate of illness cases per 10,000 full-time workers (Size class 0)",1,Total recordable cases,131,"Private industry, Nebraska",Industry-level data from the Survey of Occupational Injuries and Illnesses (SOII)
ISUTTUSP2UTL01131,2017,-,SP2UTL,Utilities,0,"Rate of illness cases per 10,000 full-time workers (Size class 0)",1,Total recordable cases,131,"Private industry, Nebraska",Industry-level data from the Survey of Occupational Injuries and Illnesses (SOII)
ISUTTUSP2UTL01131,2016,-,SP2UTL,Utilities,0,"Rate of illness cases per 10,000 full-time workers (Size class 0)",1,Total recordable cases,131,"Private industry, Nebraska",Industry-level data from the Survey of Occupational Injuries and Illnesses (SOII)
ISUTTUSP2UTL01831,2017,-,SP2UTL,Utilities,0,"Rate of illness cases per 10,000 full-time workers (Size class 0)",1,Total recordable cases,831,"Local government, Nebraska",Industry-level data from the Survey of Occupational Injuries and Illnesses (SOII)
ISUTTUSP2UTL01831,2016,-,SP2UTL,Utilities,0,"Rate of illness cases per 10,000 full-time workers (Size class 0)",1,Total recordable cases,831,"Local government, Nebraska",Industry-level data from the Survey of Occupational Injuries and Illnesses (SOII)
ISUTTUSP2UTL11131,2020,-,SP2UTL,Utilities,1,Rate of injury cases per 100 full-time workers (Size class 0),1,Total recordable cases,131,"Private industry, Nebraska",Industry-level data from the Survey of Occupational Injuries and Illnesses (SOII)
ISUTTUSP2UTL11131,2019,-,SP2UTL,Utilities,1,Rate of injury cases per 100 full-time workers (Size class 0),1,Total recordable cases,131,"Private industry, Nebraska",Industry-level data from the Survey of Occupational Injuries and Illnesses (SOII)
ISUTTUSP2UTL11131,2017,2.1,SP2UTL,Utilities,1,Rate of injury cases per 100 full-time workers (Size class 0),1,Total recordable cases,131,"Private industry, Nebraska",Industry-level data from the Survey of Occupational Injuries and Illnesses (SOII)
ISUTTUSP2UTL11131,2016,-,SP2UTL,Utilities,1,Rate of injury cases per 100 full-time workers (Size class 0),1,Total recordable cases,131,"Private industry, Nebraska",Industry-level data from the Survey of Occupational Injuries and Illnesses (SOII)
ISUTTUSP2UTL11831,2017,2.2,SP2UTL,Utilities,1,Rate of injury cases per 100 full-time workers (Size class 0),1,Total recordable cases,831,"Local government, Nebraska",Industry-level data from the Survey of Occupational Injuries and Illnesses (SOII)
ISUTTUSP2UTL11831,2016,1.9,SP2UTL,Utilities,1,Rate of injury cases per 100 full-time workers (Size class 0),1,Total recordable cases,831,"Local government, Nebraska",Industry-level data from the Survey of Occupational Injuries and Illnesses (SOII)
ISUTTUSP2UTL31131,2020,-,SP2UTL,Utilities,3,Rate of injury and illness cases per 100 full-time workers (Size class 0),1,Total recordable cases,131,"Private industry, Nebraska",Industry-level data from the Survey of Occupational Injuries and Illnesses (SOII)
ISUTTUSP2UTL31131,2019,-,SP2UTL,Utilities,3,Rate of injury and illness cases per 100 full-time workers (Size class 0),1,Total recordable cases,131,"Private industry, Nebraska",Industry-level data from the Survey of Occupational Injuries and Illnesses (SOII)
ISUTTUSP2UTL31131,2017,2.1,SP2UTL,Utilities,3,Rate of injury and illness cases per 100 full-time workers (Size class 0),1,Total recordable cases,131,"Private industry, Nebraska",Industry-level data from the Survey of Occupational Injuries and Illnesses (SOII)
ISUTTUSP2UTL31131,2016,-,SP2UTL,Utilities,3,Rate of injury and illness cases per 100 full-time workers (Size class 0),1,Total recordable cases,131,"Private industry, Nebraska",Industry-level data from the Survey of Occupational Injuries and Illnesses (SOII)
ISUTTUSP2UTL31831,2017,2.3,SP2UTL,Utilities,3,Rate of injury and illness cases per 100 full-time workers (Size class 0),1,Total recordable cases,831,"Local government, Nebraska",Industry-level data from the Survey of Occupational Injuries and Illnesses (SOII)
ISUTTUSP2UTL31831,2016,1.9,SP2UTL,Utilities,3,Rate of injury and illness cases per 100 full-time workers (Size class 0),1,Total recordable cases,831,"Local government, Nebraska",Industry-level data from the Survey of Occupational Injuries and Illnesses (SOII)
ISUTTUSP2UTL32131,2020,-,SP2UTL,Utilities,3,Rate of injury and illness cases per 100 full-time workers (Size class 0),2,"Cases involving days away from work, job restriction, or transfer",131,"Private industry, Nebraska",Industry-level data from the Survey of Occupational Injuries and Illnesses (SOII)
ISUTTUSP2UTL32131,2019,-,SP2UTL,Utilities,3,Rate of injury and illness cases per 100 full-time workers (Size class 0),2,"Cases involving days away from work, job restriction, or transfer",131,"Private industry, Nebraska",Industry-level data from the Survey of Occupational Injuries and Illnesses (SOII)
ISUTTUSP2UTL32131,2017,-,SP2UTL,Utilities,3,Rate of injury and illness cases per 100 full-time workers (Size class 0),2,"Cases involving days away from work, job restriction, or transfer",131,"Private industry, Nebraska",Industry-level data from the Survey of Occupational Injuries and Illnesses (SOII)
ISUTTUSP2UTL32131,2016,-,SP2UTL,Utilities,3,Rate of injury and illness cases per 100 full-time workers (Size class 0),2,"Cases involving days away from work, job restriction, or transfer",131,"Private industry, Nebraska",Industry-level data from the Survey of Occupational Injuries and Illnesses (SOII)
ISUTTUSP2UTL32831,2017,1,SP2UTL,Utilities,3,Rate of injury and illness cases per 100 full-time workers (Size class 0),2,"Cases involving days away from work, job restriction, or transfer",831,"Local government, Nebraska",Industry-level data from the Survey of Occupational Injuries and Illnesses (SOII)
ISUTTUSP2UTL32831,2016,1,SP2UTL,Utilities,3,Rate of injury and illness cases per 100 full-time workers (Size class 0),2,"Cases involving days away from work, job restriction, or transfer",831,"Local government, Nebraska",Industry-level data from the Survey of Occupational Injuries and Illnesses (SOII)
ISUTTUSP2UTL41131,2019,0,SP2UTL,Utilities,4,Number of illness cases (thousands) (Size class 0),1,Total recordable cases,131,"Private industry, Nebraska",Industry-level data from the Survey of Occupational Injuries and Illnesses (SOII)
ISUTTUSP2UTL41131,2017,0,SP2UTL,Utilities,4,Number of illness cases (thousands) (Size class 0),1,Total recordable cases,131,"Private industry, Nebraska",Industry-level data from the Survey of Occupational Injuries and Illnesses (SOII)
ISUTTUSP2UTL41131,2016,0,SP2UTL,Utilities,4,Number of illness cases (thousands) (Size class 0),1,Total recordable cases,131,"Private industry, Nebraska",Industry-level data from the Survey of Occupational Injuries and Illnesses (SOII)
ISUTTUSP2UTL41831,2017,0,SP2UTL,Utilities,4,Number of illness cases (thousands) (Size class 0),1,Total recordable cases,831,"Local government, Nebraska",Industry-level data from the Survey of Occupational Injuries and Illnesses (SOII)
ISUTTUSP2UTL41831,2016,0,SP2UTL,Utilities,4,Number of illness cases (thousands) (Size class 0),1,Total recordable cases,831,"Local government, Nebraska",Industry-level data from the Survey of Occupational Injuries and Illnesses (SOII)
ISUTTUSP2UTL51131,2020,-,SP2UTL,Utilities,5,Number of injury cases (thousands) (Size class 0),1,Total recordable cases,131,"Private industry, Nebraska",Industry-level data from the Survey of Occupational Injuries and Illnesses (SOII)
ISUTTUSP2UTL51131,2019,0,SP2UTL,Utilities,5,Number of injury cases (thousands) (Size class 0),1,Total recordable cases,131,"Private industry, Nebraska",Industry-level data from the Survey of Occupational Injuries and Illnesses (SOII)
ISUTTUSP2UTL51131,2017,0,SP2UTL,Utilities,5,Number of injury cases (thousands) (Size class 0),1,Total recordable cases,131,"Private industry, Nebraska",Industry-level data from the Survey of Occupational Injuries and Illnesses (SOII)
ISUTTUSP2UTL51131,2016,0,SP2UTL,Utilities,5,Number of injury cases (thousands) (Size class 0),1,Total recordable cases,131,"Private industry, Nebraska",Industry-level data from the Survey of Occupational Injuries and Illnesses (SOII)
ISUTTUSP2UTL51831,2017,0.1,SP2UTL,Utilities,5,Number of injury cases (thousands) (Size class 0),1,Total recordable cases,831,"Local government, Nebraska",Industry-level data from the Survey of Occupational Injuries and Illnesses (SOII)
ISUTTUSP2UTL51831,2016,0.1,SP2UTL,Utilities,5,Number of injury cases (thousands) (Size class 0),1,Total recordable cases,831,"Local government, Nebraska",Industry-level data from the Survey of Occupational Injuries and Illnesses (SOII)
ISUTTUSP2WHT01131,2020,-,SP2WHT,Wholesale trade,0,"Rate of illness cases per 10,000 full-time workers (Size class 0)",1,Total recordable cases,131,"Private industry, Nebraska",Industry-level data from the Survey of Occupational Injuries and Illnesses (SOII)
ISUTTUSP2WHT01131,2019,-,SP2WHT,Wholesale trade,0,"Rate of illness cases per 10,000 full-time workers (Size class 0)",1,Total recordable cases,131,"Private industry, Nebraska",Industry-level data from the Survey of Occupational Injuries and Illnesses (SOII)
ISUTTUSP2WHT01131,2018,5.1,SP2WHT,Wholesale trade,0,"Rate of illness cases per 10,000 full-time workers (Size class 0)",1,Total recordable cases,131,"Private industry, Nebraska",Industry-level data from the Survey of Occupational Injuries and Illnesses (SOII)
ISUTTUSP2WHT01131,2016,-,SP2WHT,Wholesale trade,0,"Rate of illness cases per 10,000 full-time workers (Size class 0)",1,Total recordable cases,131,"Private industry, Nebraska",Industry-level data from the Survey of Occupational Injuries and Illnesses (SOII)
ISUTTUSP2WHT11131,2020,3,SP2WHT,Wholesale trade,1,Rate of injury cases per 100 full-time workers (Size class 0),1,Total recordable cases,131,"Private industry, Nebraska",Industry-level data from the Survey of Occupational Injuries and Illnesses (SOII)
ISUTTUSP2WHT11131,2019,3.3,SP2WHT,Wholesale trade,1,Rate of injury cases per 100 full-time workers (Size class 0),1,Total recordable cases,131,"Private industry, Nebraska",Industry-level data from the Survey of Occupational Injuries and Illnesses (SOII)
ISUTTUSP2WHT11131,2018,3,SP2WHT,Wholesale trade,1,Rate of injury cases per 100 full-time workers (Size class 0),1,Total recordable cases,131,"Private industry, Nebraska",Industry-level data from the Survey of Occupational Injuries and Illnesses (SOII)
ISUTTUSP2WHT11131,2017,3.8,SP2WHT,Wholesale trade,1,Rate of injury cases per 100 full-time workers (Size class 0),1,Total recordable cases,131,"Private industry, Nebraska",Industry-level data from the Survey of Occupational Injuries and Illnesses (SOII)
ISUTTUSP2WHT11131,2016,3.7,SP2WHT,Wholesale trade,1,Rate of injury cases per 100 full-time workers (Size class 0),1,Total recordable cases,131,"Private industry, Nebraska",Industry-level data from the Survey of Occupational Injuries and Illnesses (SOII)
ISUTTUSP2WHT31131,2020,3,SP2WHT,Wholesale trade,3,Rate of injury and illness cases per 100 full-time workers (Size class 0),1,Total recordable cases,131,"Private industry, Nebraska",Industry-level data from the Survey of Occupational Injuries and Illnesses (SOII)
ISUTTUSP2WHT31131,2019,3.3,SP2WHT,Wholesale trade,3,Rate of injury and illness cases per 100 full-time workers (Size class 0),1,Total recordable cases,131,"Private industry, Nebraska",Industry-level data from the Survey of Occupational Injuries and Illnesses (SOII)
ISUTTUSP2WHT31131,2018,3,SP2WHT,Wholesale trade,3,Rate of injury and illness cases per 100 full-time workers (Size class 0),1,Total recordable cases,131,"Private industry, Nebraska",Industry-level data from the Survey of Occupational Injuries and Illnesses (SOII)
ISUTTUSP2WHT31131,2017,3.9,SP2WHT,Wholesale trade,3,Rate of injury and illness cases per 100 full-time workers (Size class 0),1,Total recordable cases,131,"Private industry, Nebraska",Industry-level data from the Survey of Occupational Injuries and Illnesses (SOII)
ISUTTUSP2WHT31131,2016,3.8,SP2WHT,Wholesale trade,3,Rate of injury and illness cases per 100 full-time workers (Size class 0),1,Total recordable cases,131,"Private industry, Nebraska",Industry-level data from the Survey of Occupational Injuries and Illnesses (SOII)
ISUTTUSP2WHT32131,2020,1.9,SP2WHT,Wholesale trade,3,Rate of injury and illness cases per 100 full-time workers (Size class 0),2,"Cases involving days away from work, job restriction, or transfer",131,"Private industry, Nebraska",Industry-level data from the Survey of Occupational Injuries and Illnesses (SOII)
ISUTTUSP2WHT32131,2019,2.1,SP2WHT,Wholesale trade,3,Rate of injury and illness cases per 100 full-time workers (Size class 0),2,"Cases involving days away from work, job restriction, or transfer",131,"Private industry, Nebraska",Industry-level data from the Survey of Occupational Injuries and Illnesses (SOII)
ISUTTUSP2WHT32131,2018,1.5,SP2WHT,Wholesale trade,3,Rate of injury and illness cases per 100 full-time workers (Size class 0),2,"Cases involving days away from work, job restriction, or transfer",131,"Private industry, Nebraska",Industry-level data from the Survey of Occupational Injuries and Illnesses (SOII)
ISUTTUSP2WHT32131,2017,2.1,SP2WHT,Wholesale trade,3,Rate of injury and illness cases per 100 full-time workers (Size class 0),2,"Cases involving days away from work, job restriction, or transfer",131,"Private industry, Nebraska",Industry-level data from the Survey of Occupational Injuries and Illnesses (SOII)
ISUTTUSP2WHT32131,2016,1.9,SP2WHT,Wholesale trade,3,Rate of injury and illness cases per 100 full-time workers (Size class 0),2,"Cases involving days away from work, job restriction, or transfer",131,"Private industry, Nebraska",Industry-level data from the Survey of Occupational Injuries and Illnesses (SOII)
ISUTTUSP2WHT41131,2020,-,SP2WHT,Wholesale trade,4,Number of illness cases (thousands) (Size class 0),1,Total recordable cases,131,"Private industry, Nebraska",Industry-level data from the Survey of Occupational Injuries and Illnesses (SOII)
ISUTTUSP2WHT41131,2019,0,SP2WHT,Wholesale trade,4,Number of illness cases (thousands) (Size class 0),1,Total recordable cases,131,"Private industry, Nebraska",Industry-level data from the Survey of Occupational Injuries and Illnesses (SOII)
ISUTTUSP2WHT41131,2018,0,SP2WHT,Wholesale trade,4,Number of illness cases (thousands) (Size class 0),1,Total recordable cases,131,"Private industry, Nebraska",Industry-level data from the Survey of Occupational Injuries and Illnesses (SOII)
ISUTTUSP2WHT41131,2016,0,SP2WHT,Wholesale trade,4,Number of illness cases (thousands) (Size class 0),1,Total recordable cases,131,"Private industry, Nebraska",Industry-level data from the Survey of Occupational Injuries and Illnesses (SOII)
ISUTTUSP2WHT51131,2020,1.2,SP2WHT,Wholesale trade,5,Number of injury cases (thousands) (Size class 0),1,Total recordable cases,131,"Private industry, Nebraska",Industry-level data from the Survey of Occupational Injuries and Illnesses (SOII)
ISUTTUSP2WHT51131,2019,1.2,SP2WHT,Wholesale trade,5,Number of injury cases (thousands) (Size class 0),1,Total recordable cases,131,"Private industry, Nebraska",Industry-level data from the Survey of Occupational Injuries and Illnesses (SOII)
ISUTTUSP2WHT51131,2018,1.2,SP2WHT,Wholesale trade,5,Number of injury cases (thousands) (Size class 0),1,Total recordable cases,131,"Private industry, Nebraska",Industry-level data from the Survey of Occupational Injuries and Illnesses (SOII)
ISUTTUSP2WHT51131,2017,1.5,SP2WHT,Wholesale trade,5,Number of injury cases (thousands) (Size class 0),1,Total recordable cases,131,"Private industry, Nebraska",Industry-level data from the Survey of Occupational Injuries and Illnesses (SOII)
ISUTTUSP2WHT51131,2016,1.5,SP2WHT,Wholesale trade,5,Number of injury cases (thousands) (Size class 0),1,Total recordable cases,131,"Private industry, Nebraska",Industry-level data from the Survey of Occupational Injuries and Illnesses (SOII)
ISUTTU45220041131,2020,-,452200,Department stores,4,Number of illness cases (thousands) (Size class 0),1,Total recordable cases,131,"Private industry, Nebraska",Industry-level data from the Survey of Occupational Injuries and Illnesses (SOII)
ISUTTU45220041131,2019,0,452200,Department stores,4,Number of illness cases (thousands) (Size class 0),1,Total recordable cases,131,"Private industry, Nebraska",Industry-level data from the Survey of Occupational Injuries and Illnesses (SOII)
ISUTTU45220051131,2020,0,452200,Department stores,5,Number of injury cases (thousands) (Size class 0),1,Total recordable cases,131,"Private industry, Nebraska",Industry-level data from the Survey of Occupational Injuries and Illnesses (SOII)
ISUTTU45220051131,2019,0.1,452200,Department stores,5,Number of injury cases (thousands) (Size class 0),1,Total recordable cases,131,"Private industry, Nebraska",Industry-level data from the Survey of Occupational Injuries and Illnesses (SOII)
ISUTTU45230001131,2020,107.3,452300,"General merchandise stores, including warehouse clubs and supercenters",0,"Rate of illness cases per 10,000 full-time workers (Size class 0)",1,Total recordable cases,131,"Private industry, Nebraska",Industry-level data from the Survey of Occupational Injuries and Illnesses (SOII)
ISUTTU45230001131,2019,18.2,452300,"General merchandise stores, including warehouse clubs and supercenters",0,"Rate of illness cases per 10,000 full-time workers (Size class 0)",1,Total recordable cases,131,"Private industry, Nebraska",Industry-level data from the Survey of Occupational Injuries and Illnesses (SOII)
ISUTTU45230011131,2020,5.1,452300,"General merchandise stores, including warehouse clubs and supercenters",1,Rate of injury cases per 100 full-time workers (Size class 0),1,Total recordable cases,131,"Private industry, Nebraska",Industry-level data from the Survey of Occupational Injuries and Illnesses (SOII)
ISUTTU45230011131,2019,5.1,452300,"General merchandise stores, including warehouse clubs and supercenters",1,Rate of injury cases per 100 full-time workers (Size class 0),1,Total recordable cases,131,"Private industry, Nebraska",Industry-level data from the Survey of Occupational Injuries and Illnesses (SOII)
ISUTTU45230031131,2020,6.2,452300,"General merchandise stores, including warehouse clubs and supercenters",3,Rate of injury and illness cases per 100 full-time workers (Size class 0),1,Total recordable cases,131,"Private industry, Nebraska",Industry-level data from the Survey of Occupational Injuries and Illnesses (SOII)
ISUTTU45230031131,2019,5.3,452300,"General merchandise stores, including warehouse clubs and supercenters",3,Rate of injury and illness cases per 100 full-time workers (Size class 0),1,Total recordable cases,131,"Private industry, Nebraska",Industry-level data from the Survey of Occupational Injuries and Illnesses (SOII)
ISUTTU45230032131,2020,4.1,452300,"General merchandise stores, including warehouse clubs and supercenters",3,Rate of injury and illness cases per 100 full-time workers (Size class 0),2,"Cases involving days away from work, job restriction, or transfer",131,"Private industry, Nebraska",Industry-level data from the Survey of Occupational Injuries and Illnesses (SOII)
ISUTTU45230032131,2019,3.1,452300,"General merchandise stores, including warehouse clubs and supercenters",3,Rate of injury and illness cases per 100 full-time workers (Size class 0),2,"Cases involving days away from work, job restriction, or transfer",131,"Private industry, Nebraska",Industry-level data from the Survey of Occupational Injuries and Illnesses (SOII)
ISUTTU45230041131,2020,0.1,452300,"General merchandise stores, including warehouse clubs and supercenters",4,Number of illness cases (thousands) (Size class 0),1,Total recordable cases,131,"Private industry, Nebraska",Industry-level data from the Survey of Occupational Injuries and Illnesses (SOII)
ISUTTU45230041131,2019,0,452300,"General merchandise stores, including warehouse clubs and supercenters",4,Number of illness cases (thousands) (Size class 0),1,Total recordable cases,131,"Private industry, Nebraska",Industry-level data from the Survey of Occupational Injuries and Illnesses (SOII)
ISUTTU45230051131,2020,0.5,452300,"General merchandise stores, including warehouse clubs and supercenters",5,Number of injury cases (thousands) (Size class 0),1,Total recordable cases,131,"Private industry, Nebraska",Industry-level data from the Survey of Occupational Injuries and Illnesses (SOII)
ISUTTU45230051131,2019,0.6,452300,"General merchandise stores, including warehouse clubs and supercenters",5,Number of injury cases (thousands) (Size class 0),1,Total recordable cases,131,"Private industry, Nebraska",Industry-level data from the Survey of Occupational Injuries and Illnesses (SOII)
ISUTTU45290001131,2018,19.7,452900,Other general merchandise stores,0,"Rate of illness cases per 10,000 full-time workers (Size class 0)",1,Total recordable cases,131,"Private industry, Nebraska",Industry-level data from the Survey of Occupational Injuries and Illnesses (SOII)
ISUTTU45290001131,2017,17.1,452900,Other general merchandise stores,0,"Rate of illness cases per 10,000 full-time workers (Size class 0)",1,Total recordable cases,131,"Private industry, Nebraska",Industry-level data from the Survey of Occupational Injuries and Illnesses (SOII)
ISUTTU45290001131,2016,23,452900,Other general merchandise stores,0,"Rate of illness cases per 10,000 full-time workers (Size class 0)",1,Total recordable cases,131,"Private industry, Nebraska",Industry-level data from the Survey of Occupational Injuries and Illnesses (SOII)
ISUTTU45290011131,2018,5.7,452900,Other general merchandise stores,1,Rate of injury cases per 100 full-time workers (Size class 0),1,Total recordable cases,131,"Private industry, Nebraska",Industry-level data from the Survey of Occupational Injuries and Illnesses (SOII)
ISUTTU45290011131,2017,4.8,452900,Other general merchandise stores,1,Rate of injury cases per 100 full-time workers (Size class 0),1,Total recordable cases,131,"Private industry, Nebraska",Industry-level data from the Survey of Occupational Injuries and Illnesses (SOII)
ISUTTU45290011131,2016,4.7,452900,Other general merchandise stores,1,Rate of injury cases per 100 full-time workers (Size class 0),1,Total recordable cases,131,"Private industry, Nebraska",Industry-level data from the Survey of Occupational Injuries and Illnesses (SOII)
ISUTTU45290031131,2018,5.9,452900,Other general merchandise stores,3,Rate of injury and illness cases per 100 full-time workers (Size class 0),1,Total recordable cases,131,"Private industry, Nebraska",Industry-level data from the Survey of Occupational Injuries and Illnesses (SOII)
ISUTTU45290031131,2017,4.9,452900,Other general merchandise stores,3,Rate of injury and illness cases per 100 full-time workers (Size class 0),1,Total recordable cases,131,"Private industry, Nebraska",Industry-level data from the Survey of Occupational Injuries and Illnesses (SOII)
ISUTTU45290031131,2016,5,452900,Other general merchandise stores,3,Rate of injury and illness cases per 100 full-time workers (Size class 0),1,Total recordable cases,131,"Private industry, Nebraska",Industry-level data from the Survey of Occupational Injuries and Illnesses (SOII)
ISUTTU45290032131,2018,3.5,452900,Other general merchandise stores,3,Rate of injury and illness cases per 100 full-time workers (Size class 0),2,"Cases involving days away from work, job restriction, or transfer",131,"Private industry, Nebraska",Industry-level data from the Survey of Occupational Injuries and Illnesses (SOII)
ISUTTU45290032131,2017,3.3,452900,Other general merchandise stores,3,Rate of injury and illness cases per 100 full-time workers (Size class 0),2,"Cases involving days away from work, job restriction, or transfer",131,"Private industry, Nebraska",Industry-level data from the Survey of Occupational Injuries and Illnesses (SOII)
ISUTTU45290032131,2016,3.2,452900,Other general merchandise stores,3,Rate of injury and illness cases per 100 full-time workers (Size class 0),2,"Cases involving days away from work, job restriction, or transfer",131,"Private industry, Nebraska",Industry-level data from the Survey of Occupational Injuries and Illnesses (SOII)
ISUTTU45290041131,2018,0,452900,Other general merchandise stores,4,Number of illness cases (thousands) (Size class 0),1,Total recordable cases,131,"Private industry, Nebraska",Industry-level data from the Survey of Occupational Injuries and Illnesses (SOII)
ISUTTU45290041131,2017,0,452900,Other general merchandise stores,4,Number of illness cases (thousands) (Size class 0),1,Total recordable cases,131,"Private industry, Nebraska",Industry-level data from the Survey of Occupational Injuries and Illnesses (SOII)
ISUTTU45290041131,2016,0,452900,Other general merchandise stores,4,Number of illness cases (thousands) (Size class 0),1,Total recordable cases,131,"Private industry, Nebraska",Industry-level data from the Survey of Occupational Injuries and Illnesses (SOII)
ISUTTU45290051131,2018,0.6,452900,Other general merchandise stores,5,Number of injury cases (thousands) (Size class 0),1,Total recordable cases,131,"Private industry, Nebraska",Industry-level data from the Survey of Occupational Injuries and Illnesses (SOII)
ISUTTU45290051131,2017,0.5,452900,Other general merchandise stores,5,Number of injury cases (thousands) (Size class 0),1,Total recordable cases,131,"Private industry, Nebraska",Industry-level data from the Survey of Occupational Injuries and Illnesses (SOII)
ISUTTU45290051131,2016,0.5,452900,Other general merchandise stores,5,Number of injury cases (thousands) (Size class 0),1,Total recordable cases,131,"Private industry, Nebraska",Industry-level data from the Survey of Occupational Injuries and Illnesses (SOII)
ISUTTU45300001131,2018,-,453000,Miscellaneous store retailers,0,"Rate of illness cases per 10,000 full-time workers (Size class 0)",1,Total recordable cases,131,"Private industry, Nebraska",Industry-level data from the Survey of Occupational Injuries and Illnesses (SOII)
ISUTTU45300032131,2018,-,453000,Miscellaneous store retailers,3,Rate of injury and illness cases per 100 full-time workers (Size class 0),2,"Cases involving days away from work, job restriction, or transfer",131,"Private industry, Nebraska",Industry-level data from the Survey of Occupational Injuries and Illnesses (SOII)
ISUTTU45300041131,2018,0,453000,Miscellaneous store retailers,4,Number of illness cases (thousands) (Size class 0),1,Total recordable cases,131,"Private industry, Nebraska",Industry-level data from the Survey of Occupational Injuries and Illnesses (SOII)
ISUTTU45400001131,2019,-,454000,Nonstore retailers,0,"Rate of illness cases per 10,000 full-time workers (Size class 0)",1,Total recordable cases,131,"Private industry, Nebraska",Industry-level data from the Survey of Occupational Injuries and Illnesses (SOII)
ISUTTU45400001131,2017,-,454000,Nonstore retailers,0,"Rate of illness cases per 10,000 full-time workers (Size class 0)",1,Total recordable cases,131,"Private industry, Nebraska",Industry-level data from the Survey of Occupational Injuries and Illnesses (SOII)
ISUTTU45400001131,2016,-,454000,Nonstore retailers,0,"Rate of illness cases per 10,000 full-time workers (Size class 0)",1,Total recordable cases,131,"Private industry, Nebraska",Industry-level data from the Survey of Occupational Injuries and Illnesses (SOII)
ISUTTU45400011131,2019,1.3,454000,Nonstore retailers,1,Rate of injury cases per 100 full-time workers (Size class 0),1,Total recordable cases,131,"Private industry, Nebraska",Industry-level data from the Survey of Occupational Injuries and Illnesses (SOII)
ISUTTU45400011131,2017,0.8,454000,Nonstore retailers,1,Rate of injury cases per 100 full-time workers (Size class 0),1,Total recordable cases,131,"Private industry, Nebraska",Industry-level data from the Survey of Occupational Injuries and Illnesses (SOII)
ISUTTU45400011131,2016,0.8,454000,Nonstore retailers,1,Rate of injury cases per 100 full-time workers (Size class 0),1,Total recordable cases,131,"Private industry, Nebraska",Industry-level data from the Survey of Occupational Injuries and Illnesses (SOII)
ISUTTU45400031131,2019,1.3,454000,Nonstore retailers,3,Rate of injury and illness cases per 100 full-time workers (Size class 0),1,Total recordable cases,131,"Private industry, Nebraska",Industry-level data from the Survey of Occupational Injuries and Illnesses (SOII)
ISUTTU45400031131,2017,0.8,454000,Nonstore retailers,3,Rate of injury and illness cases per 100 full-time workers (Size class 0),1,Total recordable cases,131,"Private industry, Nebraska",Industry-level data from the Survey of Occupational Injuries and Illnesses (SOII)
ISUTTU45400031131,2016,0.9,454000,Nonstore retailers,3,Rate of injury and illness cases per 100 full-time workers (Size class 0),1,Total recordable cases,131,"Private industry, Nebraska",Industry-level data from the Survey of Occupational Injuries and Illnesses (SOII)
ISUTTU45400032131,2019,1,454000,Nonstore retailers,3,Rate of injury and illness cases per 100 full-time workers (Size class 0),2,"Cases involving days away from work, job restriction, or transfer",131,"Private industry, Nebraska",Industry-level data from the Survey of Occupational Injuries and Illnesses (SOII)
ISUTTU45400032131,2017,0.8,454000,Nonstore retailers,3,Rate of injury and illness cases per 100 full-time workers (Size class 0),2,"Cases involving days away from work, job restriction, or transfer",131,"Private industry, Nebraska",Industry-level data from the Survey of Occupational Injuries and Illnesses (SOII)
ISUTTU45400032131,2016,0.6,454000,Nonstore retailers,3,Rate of injury and illness cases per 100 full-time workers (Size class 0),2,"Cases involving days away from work, job restriction, or transfer",131,"Private industry, Nebraska",Industry-level data from the Survey of Occupational Injuries and Illnesses (SOII)
ISUTTU45400041131,2019,0,454000,Nonstore retailers,4,Number of illness cases (thousands) (Size class 0),1,Total recordable cases,131,"Private industry, Nebraska",Industry-level data from the Survey of Occupational Injuries and Illnesses (SOII)
ISUTTU45400041131,2017,0,454000,Nonstore retailers,4,Number of illness cases (thousands) (Size class 0),1,Total recordable cases,131,"Private industry, Nebraska",Industry-level data from the Survey of Occupational Injuries and Illnesses (SOII)
ISUTTU45400041131,2016,0,454000,Nonstore retailers,4,Number of illness cases (thousands) (Size class 0),1,Total recordable cases,131,"Private industry, Nebraska",Industry-level data from the Survey of Occupational Injuries and Illnesses (SOII)
ISUTTU45400051131,2019,0,454000,Nonstore retailers,5,Number of injury cases (thousands) (Size class 0),1,Total recordable cases,131,"Private industry, Nebraska",Industry-level data from the Survey of Occupational Injuries and Illnesses (SOII)
ISUTTU45400051131,2017,0,454000,Nonstore retailers,5,Number of injury cases (thousands) (Size class 0),1,Total recordable cases,131,"Private industry, Nebraska",Industry-level data from the Survey of Occupational Injuries and Illnesses (SOII)
ISUTTU45400051131,2016,0,454000,Nonstore retailers,5,Number of injury cases (thousands) (Size class 0),1,Total recordable cases,131,"Private industry, Nebraska",Industry-level data from the Survey of Occupational Injuries and Illnesses (SOII)
ISUTTU48400001131,2019,-,484000,Truck transportation,0,"Rate of illness cases per 10,000 full-time workers (Size class 0)",1,Total recordable cases,131,"Private industry, Nebraska",Industry-level data from the Survey of Occupational Injuries and Illnesses (SOII)
ISUTTU48400001131,2018,-,484000,Truck transportation,0,"Rate of illness cases per 10,000 full-time workers (Size class 0)",1,Total recordable cases,131,"Private industry, Nebraska",Industry-level data from the Survey of Occupational Injuries and Illnesses (SOII)
ISUTTU48400001131,2017,7.7,484000,Truck transportation,0,"Rate of illness cases per 10,000 full-time workers (Size class 0)",1,Total recordable cases,131,"Private industry, Nebraska",Industry-level data from the Survey of Occupational Injuries and Illnesses (SOII)
ISUTTU48400001131,2016,-,484000,Truck transportation,0,"Rate of illness cases per 10,000 full-time workers (Size class 0)",1,Total recordable cases,131,"Private industry, Nebraska",Industry-level data from the Survey of Occupational Injuries and Illnesses (SOII)
ISUTTU48400011131,2019,3.4,484000,Truck transportation,1,Rate of injury cases per 100 full-time workers (Size class 0),1,Total recordable cases,131,"Private industry, Nebraska",Industry-level data from the Survey of Occupational Injuries and Illnesses (SOII)
ISUTTU48400011131,2018,3.3,484000,Truck transportation,1,Rate of injury cases per 100 full-time workers (Size class 0),1,Total recordable cases,131,"Private industry, Nebraska",Industry-level data from the Survey of Occupational Injuries and Illnesses (SOII)
ISUTTU48400011131,2017,3.3,484000,Truck transportation,1,Rate of injury cases per 100 full-time workers (Size class 0),1,Total recordable cases,131,"Private industry, Nebraska",Industry-level data from the Survey of Occupational Injuries and Illnesses (SOII)
ISUTTU48400011131,2016,3.5,484000,Truck transportation,1,Rate of injury cases per 100 full-time workers (Size class 0),1,Total recordable cases,131,"Private industry, Nebraska",Industry-level data from the Survey of Occupational Injuries and Illnesses (SOII)
ISUTTU48400031131,2019,3.5,484000,Truck transportation,3,Rate of injury and illness cases per 100 full-time workers (Size class 0),1,Total recordable cases,131,"Private industry, Nebraska",Industry-level data from the Survey of Occupational Injuries and Illnesses (SOII)
ISUTTU48400031131,2018,3.4,484000,Truck transportation,3,Rate of injury and illness cases per 100 full-time workers (Size class 0),1,Total recordable cases,131,"Private industry, Nebraska",Industry-level data from the Survey of Occupational Injuries and Illnesses (SOII)
ISUTTU48400031131,2017,3.3,484000,Truck transportation,3,Rate of injury and illness cases per 100 full-time workers (Size class 0),1,Total recordable cases,131,"Private industry, Nebraska",Industry-level data from the Survey of Occupational Injuries and Illnesses (SOII)
ISUTTU48400031131,2016,3.5,484000,Truck transportation,3,Rate of injury and illness cases per 100 full-time workers (Size class 0),1,Total recordable cases,131,"Private industry, Nebraska",Industry-level data from the Survey of Occupational Injuries and Illnesses (SOII)
ISUTTU48400032131,2019,2.1,484000,Truck transportation,3,Rate of injury and illness cases per 100 full-time workers (Size class 0),2,"Cases involving days away from work, job restriction, or transfer",131,"Private industry, Nebraska",Industry-level data from the Survey of Occupational Injuries and Illnesses (SOII)
ISUTTU48400032131,2018,2,484000,Truck transportation,3,Rate of injury and illness cases per 100 full-time workers (Size class 0),2,"Cases involving days away from work, job restriction, or transfer",131,"Private industry, Nebraska",Industry-level data from the Survey of Occupational Injuries and Illnesses (SOII)
ISUTTU48400032131,2017,1.8,484000,Truck transportation,3,Rate of injury and illness cases per 100 full-time workers (Size class 0),2,"Cases involving days away from work, job restriction, or transfer",131,"Private industry, Nebraska",Industry-level data from the Survey of Occupational Injuries and Illnesses (SOII)
ISUTTU48400032131,2016,1.8,484000,Truck transportation,3,Rate of injury and illness cases per 100 full-time workers (Size class 0),2,"Cases involving days away from work, job restriction, or transfer",131,"Private industry, Nebraska",Industry-level data from the Survey of Occupational Injuries and Illnesses (SOII)
ISUTTU48400041131,2019,0,484000,Truck transportation,4,Number of illness cases (thousands) (Size class 0),1,Total recordable cases,131,"Private industry, Nebraska",Industry-level data from the Survey of Occupational Injuries and Illnesses (SOII)
ISUTTU48400041131,2018,0,484000,Truck transportation,4,Number of illness cases (thousands) (Size class 0),1,Total recordable cases,131,"Private industry, Nebraska",Industry-level data from the Survey of Occupational Injuries and Illnesses (SOII)
ISUTTU48400041131,2017,0,484000,Truck transportation,4,Number of illness cases (thousands) (Size class 0),1,Total recordable cases,131,"Private industry, Nebraska",Industry-level data from the Survey of Occupational Injuries and Illnesses (SOII)
ISUTTU48400041131,2016,0,484000,Truck transportation,4,Number of illness cases (thousands) (Size class 0),1,Total recordable cases,131,"Private industry, Nebraska",Industry-level data from the Survey of Occupational Injuries and Illnesses (SOII)
ISUTTU48400051131,2019,1.2,484000,Truck transportation,5,Number of injury cases (thousands) (Size class 0),1,Total recordable cases,131,"Private industry, Nebraska",Industry-level data from the Survey of Occupational Injuries and Illnesses (SOII)
ISUTTU48400051131,2018,0.9,484000,Truck transportation,5,Number of injury cases (thousands) (Size class 0),1,Total recordable cases,131,"Private industry, Nebraska",Industry-level data from the Survey of Occupational Injuries and Illnesses (SOII)
ISUTTU48400051131,2017,0.9,484000,Truck transportation,5,Number of injury cases (thousands) (Size class 0),1,Total recordable cases,131,"Private industry, Nebraska",Industry-level data from the Survey of Occupational Injuries and Illnesses (SOII)
ISUTTU48400051131,2016,1,484000,Truck transportation,5,Number of injury cases (thousands) (Size class 0),1,Total recordable cases,131,"Private industry, Nebraska",Industry-level data from the Survey of Occupational Injuries and Illnesses (SOII)
ISUTTU48500001131,2019,-,485000,Transit and ground passenger transportation,0,"Rate of illness cases per 10,000 full-time workers (Size class 0)",1,Total recordable cases,131,"Private industry, Nebraska",Industry-level data from the Survey of Occupational Injuries and Illnesses (SOII)
ISUTTU48500001131,2018,-,485000,Transit and ground passenger transportation,0,"Rate of illness cases per 10,000 full-time workers (Size class 0)",1,Total recordable cases,131,"Private industry, Nebraska",Industry-level data from the Survey of Occupational Injuries and Illnesses (SOII)
ISUTTU48500001131,2017,-,485000,Transit and ground passenger transportation,0,"Rate of illness cases per 10,000 full-time workers (Size class 0)",1,Total recordable cases,131,"Private industry, Nebraska",Industry-level data from the Survey of Occupational Injuries and Illnesses (SOII)
ISUTTU48500001131,2016,-,485000,Transit and ground passenger transportation,0,"Rate of illness cases per 10,000 full-time workers (Size class 0)",1,Total recordable cases,131,"Private industry, Nebraska",Industry-level data from the Survey of Occupational Injuries and Illnesses (SOII)
ISUTTU48500011131,2020,2.5,485000,Transit and ground passenger transportation,1,Rate of injury cases per 100 full-time workers (Size class 0),1,Total recordable cases,131,"Private industry, Nebraska",Industry-level data from the Survey of Occupational Injuries and Illnesses (SOII)
ISUTTU48500011131,2019,6.6,485000,Transit and ground passenger transportation,1,Rate of injury cases per 100 full-time workers (Size class 0),1,Total recordable cases,131,"Private industry, Nebraska",Industry-level data from the Survey of Occupational Injuries and Illnesses (SOII)
ISUTTU48500011131,2018,5.3,485000,Transit and ground passenger transportation,1,Rate of injury cases per 100 full-time workers (Size class 0),1,Total recordable cases,131,"Private industry, Nebraska",Industry-level data from the Survey of Occupational Injuries and Illnesses (SOII)
ISUTTU48500011131,2017,3.6,485000,Transit and ground passenger transportation,1,Rate of injury cases per 100 full-time workers (Size class 0),1,Total recordable cases,131,"Private industry, Nebraska",Industry-level data from the Survey of Occupational Injuries and Illnesses (SOII)
ISUTTU48500011131,2016,1.8,485000,Transit and ground passenger transportation,1,Rate of injury cases per 100 full-time workers (Size class 0),1,Total recordable cases,131,"Private industry, Nebraska",Industry-level data from the Survey of Occupational Injuries and Illnesses (SOII)
ISUTTU48500031131,2020,2.5,485000,Transit and ground passenger transportation,3,Rate of injury and illness cases per 100 full-time workers (Size class 0),1,Total recordable cases,131,"Private industry, Nebraska",Industry-level data from the Survey of Occupational Injuries and Illnesses (SOII)
ISUTTU48500031131,2019,6.6,485000,Transit and ground passenger transportation,3,Rate of injury and illness cases per 100 full-time workers (Size class 0),1,Total recordable cases,131,"Private industry, Nebraska",Industry-level data from the Survey of Occupational Injuries and Illnesses (SOII)
ISUTTU48500031131,2018,5.4,485000,Transit and ground passenger transportation,3,Rate of injury and illness cases per 100 full-time workers (Size class 0),1,Total recordable cases,131,"Private industry, Nebraska",Industry-level data from the Survey of Occupational Injuries and Illnesses (SOII)
ISUTTU48500031131,2017,4,485000,Transit and ground passenger transportation,3,Rate of injury and illness cases per 100 full-time workers (Size class 0),1,Total recordable cases,131,"Private industry, Nebraska",Industry-level data from the Survey of Occupational Injuries and Illnesses (SOII)
ISUTTU48500031131,2016,1.8,485000,Transit and ground passenger transportation,3,Rate of injury and illness cases per 100 full-time workers (Size class 0),1,Total recordable cases,131,"Private industry, Nebraska",Industry-level data from the Survey of Occupational Injuries and Illnesses (SOII)
ISUTTU48500032131,2020,-,485000,Transit and ground passenger transportation,3,Rate of injury and illness cases per 100 full-time workers (Size class 0),2,"Cases involving days away from work, job restriction, or transfer",131,"Private industry, Nebraska",Industry-level data from the Survey of Occupational Injuries and Illnesses (SOII)
ISUTTU48500032131,2019,4.7,485000,Transit and ground passenger transportation,3,Rate of injury and illness cases per 100 full-time workers (Size class 0),2,"Cases involving days away from work, job restriction, or transfer",131,"Private industry, Nebraska",Industry-level data from the Survey of Occupational Injuries and Illnesses (SOII)
ISUTTU48500032131,2018,3.4,485000,Transit and ground passenger transportation,3,Rate of injury and illness cases per 100 full-time workers (Size class 0),2,"Cases involving days away from work, job restriction, or transfer",131,"Private industry, Nebraska",Industry-level data from the Survey of Occupational Injuries and Illnesses (SOII)
ISUTTU48500032131,2017,2.5,485000,Transit and ground passenger transportation,3,Rate of injury and illness cases per 100 full-time workers (Size class 0),2,"Cases involving days away from work, job restriction, or transfer",131,"Private industry, Nebraska",Industry-level data from the Survey of Occupational Injuries and Illnesses (SOII)
ISUTTU48500032131,2016,-,485000,Transit and ground passenger transportation,3,Rate of injury and illness cases per 100 full-time workers (Size class 0),2,"Cases involving days away from work, job restriction, or transfer",131,"Private industry, Nebraska",Industry-level data from the Survey of Occupational Injuries and Illnesses (SOII)
ISUTTU48500041131,2019,0,485000,Transit and ground passenger transportation,4,Number of illness cases (thousands) (Size class 0),1,Total recordable cases,131,"Private industry, Nebraska",Industry-level data from the Survey of Occupational Injuries and Illnesses (SOII)
ISUTTU48500041131,2018,0,485000,Transit and ground passenger transportation,4,Number of illness cases (thousands) (Size class 0),1,Total recordable cases,131,"Private industry, Nebraska",Industry-level data from the Survey of Occupational Injuries and Illnesses (SOII)
ISUTTU48500041131,2017,0,485000,Transit and ground passenger transportation,4,Number of illness cases (thousands) (Size class 0),1,Total recordable cases,131,"Private industry, Nebraska",Industry-level data from the Survey of Occupational Injuries and Illnesses (SOII)
ISUTTU48500041131,2016,0,485000,Transit and ground passenger transportation,4,Number of illness cases (thousands) (Size class 0),1,Total recordable cases,131,"Private industry, Nebraska",Industry-level data from the Survey of Occupational Injuries and Illnesses (SOII)
ISUTTU48500051131,2020,0,485000,Transit and ground passenger transportation,5,Number of injury cases (thousands) (Size class 0),1,Total recordable cases,131,"Private industry, Nebraska",Industry-level data from the Survey of Occupational Injuries and Illnesses (SOII)
ISUTTU48500051131,2019,0.1,485000,Transit and ground passenger transportation,5,Number of injury cases (thousands) (Size class 0),1,Total recordable cases,131,"Private industry, Nebraska",Industry-level data from the Survey of Occupational Injuries and Illnesses (SOII)
ISUTTU48500051131,2018,0.1,485000,Transit and ground passenger transportation,5,Number of injury cases (thousands) (Size class 0),1,Total recordable cases,131,"Private industry, Nebraska",Industry-level data from the Survey of Occupational Injuries and Illnesses (SOII)
ISUTTU48500051131,2017,0,485000,Transit and ground passenger transportation,5,Number of injury cases (thousands) (Size class 0),1,Total recordable cases,131,"Private industry, Nebraska",Industry-level data from the Survey of Occupational Injuries and Illnesses (SOII)
ISUTTU48500051131,2016,0,485000,Transit and ground passenger transportation,5,Number of injury cases (thousands) (Size class 0),1,Total recordable cases,131,"Private industry, Nebraska",Industry-level data from the Survey of Occupational Injuries and Illnesses (SOII)
ISUTTU44420001131,2019,-,444200,Lawn and garden equipment and supplies stores,0,"Rate of illness cases per 10,000 full-time workers (Size class 0)",1,Total recordable cases,131,"Private industry, Nebraska",Industry-level data from the Survey of Occupational Injuries and Illnesses (SOII)
ISUTTU44420001131,2017,-,444200,Lawn and garden equipment and supplies stores,0,"Rate of illness cases per 10,000 full-time workers (Size class 0)",1,Total recordable cases,131,"Private industry, Nebraska",Industry-level data from the Survey of Occupational Injuries and Illnesses (SOII)
ISUTTU44420001131,2016,-,444200,Lawn and garden equipment and supplies stores,0,"Rate of illness cases per 10,000 full-time workers (Size class 0)",1,Total recordable cases,131,"Private industry, Nebraska",Industry-level data from the Survey of Occupational Injuries and Illnesses (SOII)
ISUTTU44420011131,2020,4.6,444200,Lawn and garden equipment and supplies stores,1,Rate of injury cases per 100 full-time workers (Size class 0),1,Total recordable cases,131,"Private industry, Nebraska",Industry-level data from the Survey of Occupational Injuries and Illnesses (SOII)
ISUTTU44420011131,2019,7,444200,Lawn and garden equipment and supplies stores,1,Rate of injury cases per 100 full-time workers (Size class 0),1,Total recordable cases,131,"Private industry, Nebraska",Industry-level data from the Survey of Occupational Injuries and Illnesses (SOII)
ISUTTU44420011131,2017,6.4,444200,Lawn and garden equipment and supplies stores,1,Rate of injury cases per 100 full-time workers (Size class 0),1,Total recordable cases,131,"Private industry, Nebraska",Industry-level data from the Survey of Occupational Injuries and Illnesses (SOII)
ISUTTU44420011131,2016,7.2,444200,Lawn and garden equipment and supplies stores,1,Rate of injury cases per 100 full-time workers (Size class 0),1,Total recordable cases,131,"Private industry, Nebraska",Industry-level data from the Survey of Occupational Injuries and Illnesses (SOII)
ISUTTU44420031131,2020,4.6,444200,Lawn and garden equipment and supplies stores,3,Rate of injury and illness cases per 100 full-time workers (Size class 0),1,Total recordable cases,131,"Private industry, Nebraska",Industry-level data from the Survey of Occupational Injuries and Illnesses (SOII)
ISUTTU44420031131,2019,7.9,444200,Lawn and garden equipment and supplies stores,3,Rate of injury and illness cases per 100 full-time workers (Size class 0),1,Total recordable cases,131,"Private industry, Nebraska",Industry-level data from the Survey of Occupational Injuries and Illnesses (SOII)
ISUTTU44420031131,2017,6.4,444200,Lawn and garden equipment and supplies stores,3,Rate of injury and illness cases per 100 full-time workers (Size class 0),1,Total recordable cases,131,"Private industry, Nebraska",Industry-level data from the Survey of Occupational Injuries and Illnesses (SOII)
ISUTTU44420031131,2016,7.5,444200,Lawn and garden equipment and supplies stores,3,Rate of injury and illness cases per 100 full-time workers (Size class 0),1,Total recordable cases,131,"Private industry, Nebraska",Industry-level data from the Survey of Occupational Injuries and Illnesses (SOII)
ISUTTU44420032131,2020,3,444200,Lawn and garden equipment and supplies stores,3,Rate of injury and illness cases per 100 full-time workers (Size class 0),2,"Cases involving days away from work, job restriction, or transfer",131,"Private industry, Nebraska",Industry-level data from the Survey of Occupational Injuries and Illnesses (SOII)
ISUTTU44420032131,2019,4.7,444200,Lawn and garden equipment and supplies stores,3,Rate of injury and illness cases per 100 full-time workers (Size class 0),2,"Cases involving days away from work, job restriction, or transfer",131,"Private industry, Nebraska",Industry-level data from the Survey of Occupational Injuries and Illnesses (SOII)
ISUTTU44420032131,2017,4.6,444200,Lawn and garden equipment and supplies stores,3,Rate of injury and illness cases per 100 full-time workers (Size class 0),2,"Cases involving days away from work, job restriction, or transfer",131,"Private industry, Nebraska",Industry-level data from the Survey of Occupational Injuries and Illnesses (SOII)
ISUTTU44420032131,2016,5.8,444200,Lawn and garden equipment and supplies stores,3,Rate of injury and illness cases per 100 full-time workers (Size class 0),2,"Cases involving days away from work, job restriction, or transfer",131,"Private industry, Nebraska",Industry-level data from the Survey of Occupational Injuries and Illnesses (SOII)
ISUTTU44420041131,2019,0,444200,Lawn and garden equipment and supplies stores,4,Number of illness cases (thousands) (Size class 0),1,Total recordable cases,131,"Private industry, Nebraska",Industry-level data from the Survey of Occupational Injuries and Illnesses (SOII)
ISUTTU44420041131,2017,0,444200,Lawn and garden equipment and supplies stores,4,Number of illness cases (thousands) (Size class 0),1,Total recordable cases,131,"Private industry, Nebraska",Industry-level data from the Survey of Occupational Injuries and Illnesses (SOII)
ISUTTU44420041131,2016,0,444200,Lawn and garden equipment and supplies stores,4,Number of illness cases (thousands) (Size class 0),1,Total recordable cases,131,"Private industry, Nebraska",Industry-level data from the Survey of Occupational Injuries and Illnesses (SOII)
ISUTTU44420051131,2020,0,444200,Lawn and garden equipment and supplies stores,5,Number of injury cases (thousands) (Size class 0),1,Total recordable cases,131,"Private industry, Nebraska",Industry-level data from the Survey of Occupational Injuries and Illnesses (SOII)
ISUTTU44420051131,2019,0.1,444200,Lawn and garden equipment and supplies stores,5,Number of injury cases (thousands) (Size class 0),1,Total recordable cases,131,"Private industry, Nebraska",Industry-level data from the Survey of Occupational Injuries and Illnesses (SOII)
ISUTTU44420051131,2017,0.1,444200,Lawn and garden equipment and supplies stores,5,Number of injury cases (thousands) (Size class 0),1,Total recordable cases,131,"Private industry, Nebraska",Industry-level data from the Survey of Occupational Injuries and Illnesses (SOII)
ISUTTU44420051131,2016,0.1,444200,Lawn and garden equipment and supplies stores,5,Number of injury cases (thousands) (Size class 0),1,Total recordable cases,131,"Private industry, Nebraska",Industry-level data from the Survey of Occupational Injuries and Illnesses (SOII)
ISUTTU44500001131,2020,33,445000,Food and beverage stores,0,"Rate of illness cases per 10,000 full-time workers (Size class 0)",1,Total recordable cases,131,"Private industry, Nebraska",Industry-level data from the Survey of Occupational Injuries and Illnesses (SOII)
ISUTTU44500001131,2019,13.9,445000,Food and beverage stores,0,"Rate of illness cases per 10,000 full-time workers (Size class 0)",1,Total recordable cases,131,"Private industry, Nebraska",Industry-level data from the Survey of Occupational Injuries and Illnesses (SOII)
ISUTTU44500001131,2018,-,445000,Food and beverage stores,0,"Rate of illness cases per 10,000 full-time workers (Size class 0)",1,Total recordable cases,131,"Private industry, Nebraska",Industry-level data from the Survey of Occupational Injuries and Illnesses (SOII)
ISUTTU44500001131,2017,-,445000,Food and beverage stores,0,"Rate of illness cases per 10,000 full-time workers (Size class 0)",1,Total recordable cases,131,"Private industry, Nebraska",Industry-level data from the Survey of Occupational Injuries and Illnesses (SOII)
ISUTTU44500001131,2016,-,445000,Food and beverage stores,0,"Rate of illness cases per 10,000 full-time workers (Size class 0)",1,Total recordable cases,131,"Private industry, Nebraska",Industry-level data from the Survey of Occupational Injuries and Illnesses (SOII)
ISUTTU44500011131,2020,3.4,445000,Food and beverage stores,1,Rate of injury cases per 100 full-time workers (Size class 0),1,Total recordable cases,131,"Private industry, Nebraska",Industry-level data from the Survey of Occupational Injuries and Illnesses (SOII)
ISUTTU44500011131,2019,3.4,445000,Food and beverage stores,1,Rate of injury cases per 100 full-time workers (Size class 0),1,Total recordable cases,131,"Private industry, Nebraska",Industry-level data from the Survey of Occupational Injuries and Illnesses (SOII)
ISUTTU44500011131,2018,3.1,445000,Food and beverage stores,1,Rate of injury cases per 100 full-time workers (Size class 0),1,Total recordable cases,131,"Private industry, Nebraska",Industry-level data from the Survey of Occupational Injuries and Illnesses (SOII)
ISUTTU44500011131,2017,3.1,445000,Food and beverage stores,1,Rate of injury cases per 100 full-time workers (Size class 0),1,Total recordable cases,131,"Private industry, Nebraska",Industry-level data from the Survey of Occupational Injuries and Illnesses (SOII)
ISUTTU44500011131,2016,3.6,445000,Food and beverage stores,1,Rate of injury cases per 100 full-time workers (Size class 0),1,Total recordable cases,131,"Private industry, Nebraska",Industry-level data from the Survey of Occupational Injuries and Illnesses (SOII)
ISUTTU44500031131,2020,3.7,445000,Food and beverage stores,3,Rate of injury and illness cases per 100 full-time workers (Size class 0),1,Total recordable cases,131,"Private industry, Nebraska",Industry-level data from the Survey of Occupational Injuries and Illnesses (SOII)
ISUTTU44500031131,2019,3.5,445000,Food and beverage stores,3,Rate of injury and illness cases per 100 full-time workers (Size class 0),1,Total recordable cases,131,"Private industry, Nebraska",Industry-level data from the Survey of Occupational Injuries and Illnesses (SOII)
ISUTTU44500031131,2018,3.2,445000,Food and beverage stores,3,Rate of injury and illness cases per 100 full-time workers (Size class 0),1,Total recordable cases,131,"Private industry, Nebraska",Industry-level data from the Survey of Occupational Injuries and Illnesses (SOII)
ISUTTU44500031131,2017,3.2,445000,Food and beverage stores,3,Rate of injury and illness cases per 100 full-time workers (Size class 0),1,Total recordable cases,131,"Private industry, Nebraska",Industry-level data from the Survey of Occupational Injuries and Illnesses (SOII)
ISUTTU44500031131,2016,3.7,445000,Food and beverage stores,3,Rate of injury and illness cases per 100 full-time workers (Size class 0),1,Total recordable cases,131,"Private industry, Nebraska",Industry-level data from the Survey of Occupational Injuries and Illnesses (SOII)
ISUTTU44500032131,2020,2.1,445000,Food and beverage stores,3,Rate of injury and illness cases per 100 full-time workers (Size class 0),2,"Cases involving days away from work, job restriction, or transfer",131,"Private industry, Nebraska",Industry-level data from the Survey of Occupational Injuries and Illnesses (SOII)
ISUTTU44500032131,2019,1.9,445000,Food and beverage stores,3,Rate of injury and illness cases per 100 full-time workers (Size class 0),2,"Cases involving days away from work, job restriction, or transfer",131,"Private industry, Nebraska",Industry-level data from the Survey of Occupational Injuries and Illnesses (SOII)
ISUTTU44500032131,2018,1.8,445000,Food and beverage stores,3,Rate of injury and illness cases per 100 full-time workers (Size class 0),2,"Cases involving days away from work, job restriction, or transfer",131,"Private industry, Nebraska",Industry-level data from the Survey of Occupational Injuries and Illnesses (SOII)
ISUTTU44500032131,2017,1.6,445000,Food and beverage stores,3,Rate of injury and illness cases per 100 full-time workers (Size class 0),2,"Cases involving days away from work, job restriction, or transfer",131,"Private industry, Nebraska",Industry-level data from the Survey of Occupational Injuries and Illnesses (SOII)
ISUTTU44500032131,2016,1.8,445000,Food and beverage stores,3,Rate of injury and illness cases per 100 full-time workers (Size class 0),2,"Cases involving days away from work, job restriction, or transfer",131,"Private industry, Nebraska",Industry-level data from the Survey of Occupational Injuries and Illnesses (SOII)
ISUTTU44500041131,2020,0,445000,Food and beverage stores,4,Number of illness cases (thousands) (Size class 0),1,Total recordable cases,131,"Private industry, Nebraska",Industry-level data from the Survey of Occupational Injuries and Illnesses (SOII)
ISUTTU44500041131,2019,0,445000,Food and beverage stores,4,Number of illness cases (thousands) (Size class 0),1,Total recordable cases,131,"Private industry, Nebraska",Industry-level data from the Survey of Occupational Injuries and Illnesses (SOII)
ISUTTU44500041131,2018,0,445000,Food and beverage stores,4,Number of illness cases (thousands) (Size class 0),1,Total recordable cases,131,"Private industry, Nebraska",Industry-level data from the Survey of Occupational Injuries and Illnesses (SOII)
ISUTTU44500041131,2017,0,445000,Food and beverage stores,4,Number of illness cases (thousands) (Size class 0),1,Total recordable cases,131,"Private industry, Nebraska",Industry-level data from the Survey of Occupational Injuries and Illnesses (SOII)
ISUTTU44500041131,2016,0,445000,Food and beverage stores,4,Number of illness cases (thousands) (Size class 0),1,Total recordable cases,131,"Private industry, Nebraska",Industry-level data from the Survey of Occupational Injuries and Illnesses (SOII)
ISUTTU44500051131,2020,0.4,445000,Food and beverage stores,5,Number of injury cases (thousands) (Size class 0),1,Total recordable cases,131,"Private industry, Nebraska",Industry-level data from the Survey of Occupational Injuries and Illnesses (SOII)
ISUTTU44500051131,2019,0.4,445000,Food and beverage stores,5,Number of injury cases (thousands) (Size class 0),1,Total recordable cases,131,"Private industry, Nebraska",Industry-level data from the Survey of Occupational Injuries and Illnesses (SOII)
ISUTTU44500051131,2018,0.4,445000,Food and beverage stores,5,Number of injury cases (thousands) (Size class 0),1,Total recordable cases,131,"Private industry, Nebraska",Industry-level data from the Survey of Occupational Injuries and Illnesses (SOII)
ISUTTU44500051131,2017,0.4,445000,Food and beverage stores,5,Number of injury cases (thousands) (Size class 0),1,Total recordable cases,131,"Private industry, Nebraska",Industry-level data from the Survey of Occupational Injuries and Illnesses (SOII)
ISUTTU44500051131,2016,0.5,445000,Food and beverage stores,5,Number of injury cases (thousands) (Size class 0),1,Total recordable cases,131,"Private industry, Nebraska",Industry-level data from the Survey of Occupational Injuries and Illnesses (SOII)
ISUTTU44510001131,2020,35.1,445100,Grocery stores,0,"Rate of illness cases per 10,000 full-time workers (Size class 0)",1,Total recordable cases,131,"Private industry, Nebraska",Industry-level data from the Survey of Occupational Injuries and Illnesses (SOII)
ISUTTU44510001131,2019,15,445100,Grocery stores,0,"Rate of illness cases per 10,000 full-time workers (Size class 0)",1,Total recordable cases,131,"Private industry, Nebraska",Industry-level data from the Survey of Occupational Injuries and Illnesses (SOII)
ISUTTU44510001131,2018,-,445100,Grocery stores,0,"Rate of illness cases per 10,000 full-time workers (Size class 0)",1,Total recordable cases,131,"Private industry, Nebraska",Industry-level data from the Survey of Occupational Injuries and Illnesses (SOII)
ISUTTU44510001131,2017,-,445100,Grocery stores,0,"Rate of illness cases per 10,000 full-time workers (Size class 0)",1,Total recordable cases,131,"Private industry, Nebraska",Industry-level data from the Survey of Occupational Injuries and Illnesses (SOII)
ISUTTU44510001131,2016,-,445100,Grocery stores,0,"Rate of illness cases per 10,000 full-time workers (Size class 0)",1,Total recordable cases,131,"Private industry, Nebraska",Industry-level data from the Survey of Occupational Injuries and Illnesses (SOII)
ISUTTU44510011131,2020,3.6,445100,Grocery stores,1,Rate of injury cases per 100 full-time workers (Size class 0),1,Total recordable cases,131,"Private industry, Nebraska",Industry-level data from the Survey of Occupational Injuries and Illnesses (SOII)
ISUTTU44510011131,2019,3.6,445100,Grocery stores,1,Rate of injury cases per 100 full-time workers (Size class 0),1,Total recordable cases,131,"Private industry, Nebraska",Industry-level data from the Survey of Occupational Injuries and Illnesses (SOII)
ISUTTU44510011131,2018,3.3,445100,Grocery stores,1,Rate of injury cases per 100 full-time workers (Size class 0),1,Total recordable cases,131,"Private industry, Nebraska",Industry-level data from the Survey of Occupational Injuries and Illnesses (SOII)
ISUTTU44510011131,2017,3.2,445100,Grocery stores,1,Rate of injury cases per 100 full-time workers (Size class 0),1,Total recordable cases,131,"Private industry, Nebraska",Industry-level data from the Survey of Occupational Injuries and Illnesses (SOII)
ISUTTU44510011131,2016,3.8,445100,Grocery stores,1,Rate of injury cases per 100 full-time workers (Size class 0),1,Total recordable cases,131,"Private industry, Nebraska",Industry-level data from the Survey of Occupational Injuries and Illnesses (SOII)
ISUTTU44510031131,2020,3.9,445100,Grocery stores,3,Rate of injury and illness cases per 100 full-time workers (Size class 0),1,Total recordable cases,131,"Private industry, Nebraska",Industry-level data from the Survey of Occupational Injuries and Illnesses (SOII)
ISUTTU44510031131,2019,3.7,445100,Grocery stores,3,Rate of injury and illness cases per 100 full-time workers (Size class 0),1,Total recordable cases,131,"Private industry, Nebraska",Industry-level data from the Survey of Occupational Injuries and Illnesses (SOII)
ISUTTU44510031131,2018,3.4,445100,Grocery stores,3,Rate of injury and illness cases per 100 full-time workers (Size class 0),1,Total recordable cases,131,"Private industry, Nebraska",Industry-level data from the Survey of Occupational Injuries and Illnesses (SOII)
ISUTTU44510031131,2017,3.3,445100,Grocery stores,3,Rate of injury and illness cases per 100 full-time workers (Size class 0),1,Total recordable cases,131,"Private industry, Nebraska",Industry-level data from the Survey of Occupational Injuries and Illnesses (SOII)
ISUTTU44510031131,2016,3.9,445100,Grocery stores,3,Rate of injury and illness cases per 100 full-time workers (Size class 0),1,Total recordable cases,131,"Private industry, Nebraska",Industry-level data from the Survey of Occupational Injuries and Illnesses (SOII)
ISUTTU44510032131,2020,2.2,445100,Grocery stores,3,Rate of injury and illness cases per 100 full-time workers (Size class 0),2,"Cases involving days away from work, job restriction, or transfer",131,"Private industry, Nebraska",Industry-level data from the Survey of Occupational Injuries and Illnesses (SOII)
ISUTTU44510032131,2019,2,445100,Grocery stores,3,Rate of injury and illness cases per 100 full-time workers (Size class 0),2,"Cases involving days away from work, job restriction, or transfer",131,"Private industry, Nebraska",Industry-level data from the Survey of Occupational Injuries and Illnesses (SOII)
ISUTTU44510032131,2018,1.9,445100,Grocery stores,3,Rate of injury and illness cases per 100 full-time workers (Size class 0),2,"Cases involving days away from work, job restriction, or transfer",131,"Private industry, Nebraska",Industry-level data from the Survey of Occupational Injuries and Illnesses (SOII)
ISUTTU44510032131,2017,1.7,445100,Grocery stores,3,Rate of injury and illness cases per 100 full-time workers (Size class 0),2,"Cases involving days away from work, job restriction, or transfer",131,"Private industry, Nebraska",Industry-level data from the Survey of Occupational Injuries and Illnesses (SOII)
ISUTTU44510032131,2016,1.9,445100,Grocery stores,3,Rate of injury and illness cases per 100 full-time workers (Size class 0),2,"Cases involving days away from work, job restriction, or transfer",131,"Private industry, Nebraska",Industry-level data from the Survey of Occupational Injuries and Illnesses (SOII)
ISUTTU44510041131,2020,0,445100,Grocery stores,4,Number of illness cases (thousands) (Size class 0),1,Total recordable cases,131,"Private industry, Nebraska",Industry-level data from the Survey of Occupational Injuries and Illnesses (SOII)
ISUTTU44510041131,2019,0,445100,Grocery stores,4,Number of illness cases (thousands) (Size class 0),1,Total recordable cases,131,"Private industry, Nebraska",Industry-level data from the Survey of Occupational Injuries and Illnesses (SOII)
ISUTTU44510041131,2018,0,445100,Grocery stores,4,Number of illness cases (thousands) (Size class 0),1,Total recordable cases,131,"Private industry, Nebraska",Industry-level data from the Survey of Occupational Injuries and Illnesses (SOII)
ISUTTU44510041131,2017,0,445100,Grocery stores,4,Number of illness cases (thousands) (Size class 0),1,Total recordable cases,131,"Private industry, Nebraska",Industry-level data from the Survey of Occupational Injuries and Illnesses (SOII)
ISUTTU44510041131,2016,0,445100,Grocery stores,4,Number of illness cases (thousands) (Size class 0),1,Total recordable cases,131,"Private industry, Nebraska",Industry-level data from the Survey of Occupational Injuries and Illnesses (SOII)
ISUTTU44510051131,2020,0.4,445100,Grocery stores,5,Number of injury cases (thousands) (Size class 0),1,Total recordable cases,131,"Private industry, Nebraska",Industry-level data from the Survey of Occupational Injuries and Illnesses (SOII)
ISUTTU44510051131,2019,0.4,445100,Grocery stores,5,Number of injury cases (thousands) (Size class 0),1,Total recordable cases,131,"Private industry, Nebraska",Industry-level data from the Survey of Occupational Injuries and Illnesses (SOII)
ISUTTU44510051131,2018,0.4,445100,Grocery stores,5,Number of injury cases (thousands) (Size class 0),1,Total recordable cases,131,"Private industry, Nebraska",Industry-level data from the Survey of Occupational Injuries and Illnesses (SOII)
ISUTTU44510051131,2017,0.4,445100,Grocery stores,5,Number of injury cases (thousands) (Size class 0),1,Total recordable cases,131,"Private industry, Nebraska",Industry-level data from the Survey of Occupational Injuries and Illnesses (SOII)
ISUTTU44510051131,2016,0.5,445100,Grocery stores,5,Number of injury cases (thousands) (Size class 0),1,Total recordable cases,131,"Private industry, Nebraska",Industry-level data from the Survey of Occupational Injuries and Illnesses (SOII)
ISUTTU44600031131,2018,0.9,446000,Health and personal care stores,3,Rate of injury and illness cases per 100 full-time workers (Size class 0),1,Total recordable cases,131,"Private industry, Nebraska",Industry-level data from the Survey of Occupational Injuries and Illnesses (SOII)
ISUTTU44600032131,2018,-,446000,Health and personal care stores,3,Rate of injury and illness cases per 100 full-time workers (Size class 0),2,"Cases involving days away from work, job restriction, or transfer",131,"Private industry, Nebraska",Industry-level data from the Survey of Occupational Injuries and Illnesses (SOII)
ISUTTU44600032131,2017,0.7,446000,Health and personal care stores,3,Rate of injury and illness cases per 100 full-time workers (Size class 0),2,"Cases involving days away from work, job restriction, or transfer",131,"Private industry, Nebraska",Industry-level data from the Survey of Occupational Injuries and Illnesses (SOII)
ISUTTU44700001131,2019,-,447000,Gasoline stations,0,"Rate of illness cases per 10,000 full-time workers (Size class 0)",1,Total recordable cases,131,"Private industry, Nebraska",Industry-level data from the Survey of Occupational Injuries and Illnesses (SOII)
ISUTTU44700001131,2018,-,447000,Gasoline stations,0,"Rate of illness cases per 10,000 full-time workers (Size class 0)",1,Total recordable cases,131,"Private industry, Nebraska",Industry-level data from the Survey of Occupational Injuries and Illnesses (SOII)
ISUTTU44700001131,2016,-,447000,Gasoline stations,0,"Rate of illness cases per 10,000 full-time workers (Size class 0)",1,Total recordable cases,131,"Private industry, Nebraska",Industry-level data from the Survey of Occupational Injuries and Illnesses (SOII)
ISUTTU44700011131,2020,1.4,447000,Gasoline stations,1,Rate of injury cases per 100 full-time workers (Size class 0),1,Total recordable cases,131,"Private industry, Nebraska",Industry-level data from the Survey of Occupational Injuries and Illnesses (SOII)
ISUTTU44700011131,2019,3.1,447000,Gasoline stations,1,Rate of injury cases per 100 full-time workers (Size class 0),1,Total recordable cases,131,"Private industry, Nebraska",Industry-level data from the Survey of Occupational Injuries and Illnesses (SOII)
ISUTTU44700011131,2018,2.9,447000,Gasoline stations,1,Rate of injury cases per 100 full-time workers (Size class 0),1,Total recordable cases,131,"Private industry, Nebraska",Industry-level data from the Survey of Occupational Injuries and Illnesses (SOII)
ISUTTU44700011131,2016,4.8,447000,Gasoline stations,1,Rate of injury cases per 100 full-time workers (Size class 0),1,Total recordable cases,131,"Private industry, Nebraska",Industry-level data from the Survey of Occupational Injuries and Illnesses (SOII)
ISUTTU44700031131,2020,1.4,447000,Gasoline stations,3,Rate of injury and illness cases per 100 full-time workers (Size class 0),1,Total recordable cases,131,"Private industry, Nebraska",Industry-level data from the Survey of Occupational Injuries and Illnesses (SOII)
ISUTTU44700031131,2019,3.1,447000,Gasoline stations,3,Rate of injury and illness cases per 100 full-time workers (Size class 0),1,Total recordable cases,131,"Private industry, Nebraska",Industry-level data from the Survey of Occupational Injuries and Illnesses (SOII)
ISUTTU44700031131,2018,2.9,447000,Gasoline stations,3,Rate of injury and illness cases per 100 full-time workers (Size class 0),1,Total recordable cases,131,"Private industry, Nebraska",Industry-level data from the Survey of Occupational Injuries and Illnesses (SOII)
ISUTTU44700031131,2016,4.8,447000,Gasoline stations,3,Rate of injury and illness cases per 100 full-time workers (Size class 0),1,Total recordable cases,131,"Private industry, Nebraska",Industry-level data from the Survey of Occupational Injuries and Illnesses (SOII)
ISUTTU44700032131,2020,0.9,447000,Gasoline stations,3,Rate of injury and illness cases per 100 full-time workers (Size class 0),2,"Cases involving days away from work, job restriction, or transfer",131,"Private industry, Nebraska",Industry-level data from the Survey of Occupational Injuries and Illnesses (SOII)
ISUTTU44700032131,2019,0.7,447000,Gasoline stations,3,Rate of injury and illness cases per 100 full-time workers (Size class 0),2,"Cases involving days away from work, job restriction, or transfer",131,"Private industry, Nebraska",Industry-level data from the Survey of Occupational Injuries and Illnesses (SOII)
ISUTTU44700032131,2018,1.3,447000,Gasoline stations,3,Rate of injury and illness cases per 100 full-time workers (Size class 0),2,"Cases involving days away from work, job restriction, or transfer",131,"Private industry, Nebraska",Industry-level data from the Survey of Occupational Injuries and Illnesses (SOII)
ISUTTU44700032131,2016,1.7,447000,Gasoline stations,3,Rate of injury and illness cases per 100 full-time workers (Size class 0),2,"Cases involving days away from work, job restriction, or transfer",131,"Private industry, Nebraska",Industry-level data from the Survey of Occupational Injuries and Illnesses (SOII)
ISUTTU44700041131,2019,0,447000,Gasoline stations,4,Number of illness cases (thousands) (Size class 0),1,Total recordable cases,131,"Private industry, Nebraska",Industry-level data from the Survey of Occupational Injuries and Illnesses (SOII)
ISUTTU44700041131,2018,0,447000,Gasoline stations,4,Number of illness cases (thousands) (Size class 0),1,Total recordable cases,131,"Private industry, Nebraska",Industry-level data from the Survey of Occupational Injuries and Illnesses (SOII)
ISUTTU44700041131,2016,0,447000,Gasoline stations,4,Number of illness cases (thousands) (Size class 0),1,Total recordable cases,131,"Private industry, Nebraska",Industry-level data from the Survey of Occupational Injuries and Illnesses (SOII)
ISUTTU44700051131,2020,0.1,447000,Gasoline stations,5,Number of injury cases (thousands) (Size class 0),1,Total recordable cases,131,"Private industry, Nebraska",Industry-level data from the Survey of Occupational Injuries and Illnesses (SOII)
ISUTTU44700051131,2019,0.2,447000,Gasoline stations,5,Number of injury cases (thousands) (Size class 0),1,Total recordable cases,131,"Private industry, Nebraska",Industry-level data from the Survey of Occupational Injuries and Illnesses (SOII)
ISUTTU44700051131,2018,0.2,447000,Gasoline stations,5,Number of injury cases (thousands) (Size class 0),1,Total recordable cases,131,"Private industry, Nebraska",Industry-level data from the Survey of Occupational Injuries and Illnesses (SOII)
ISUTTU44700051131,2016,0.3,447000,Gasoline stations,5,Number of injury cases (thousands) (Size class 0),1,Total recordable cases,131,"Private industry, Nebraska",Industry-level data from the Survey of Occupational Injuries and Illnesses (SOII)
ISUTTU45100001131,2018,-,451000,"Sporting goods, hobby, musical instrument, and book stores",0,"Rate of illness cases per 10,000 full-time workers (Size class 0)",1,Total recordable cases,131,"Private industry, Nebraska",Industry-level data from the Survey of Occupational Injuries and Illnesses (SOII)
ISUTTU45100001131,2016,-,451000,"Sporting goods, hobby, musical instrument, and book stores",0,"Rate of illness cases per 10,000 full-time workers (Size class 0)",1,Total recordable cases,131,"Private industry, Nebraska",Industry-level data from the Survey of Occupational Injuries and Illnesses (SOII)
ISUTTU45100011131,2020,0.7,451000,"Sporting goods, hobby, musical instrument, and book stores",1,Rate of injury cases per 100 full-time workers (Size class 0),1,Total recordable cases,131,"Private industry, Nebraska",Industry-level data from the Survey of Occupational Injuries and Illnesses (SOII)
ISUTTU45100011131,2018,1.7,451000,"Sporting goods, hobby, musical instrument, and book stores",1,Rate of injury cases per 100 full-time workers (Size class 0),1,Total recordable cases,131,"Private industry, Nebraska",Industry-level data from the Survey of Occupational Injuries and Illnesses (SOII)
ISUTTU45100011131,2016,1.1,451000,"Sporting goods, hobby, musical instrument, and book stores",1,Rate of injury cases per 100 full-time workers (Size class 0),1,Total recordable cases,131,"Private industry, Nebraska",Industry-level data from the Survey of Occupational Injuries and Illnesses (SOII)
ISUTTU45100031131,2020,0.7,451000,"Sporting goods, hobby, musical instrument, and book stores",3,Rate of injury and illness cases per 100 full-time workers (Size class 0),1,Total recordable cases,131,"Private industry, Nebraska",Industry-level data from the Survey of Occupational Injuries and Illnesses (SOII)
ISUTTU45100031131,2018,1.7,451000,"Sporting goods, hobby, musical instrument, and book stores",3,Rate of injury and illness cases per 100 full-time workers (Size class 0),1,Total recordable cases,131,"Private industry, Nebraska",Industry-level data from the Survey of Occupational Injuries and Illnesses (SOII)
ISUTTU45100031131,2016,1.1,451000,"Sporting goods, hobby, musical instrument, and book stores",3,Rate of injury and illness cases per 100 full-time workers (Size class 0),1,Total recordable cases,131,"Private industry, Nebraska",Industry-level data from the Survey of Occupational Injuries and Illnesses (SOII)
ISUTTU45100032131,2020,-,451000,"Sporting goods, hobby, musical instrument, and book stores",3,Rate of injury and illness cases per 100 full-time workers (Size class 0),2,"Cases involving days away from work, job restriction, or transfer",131,"Private industry, Nebraska",Industry-level data from the Survey of Occupational Injuries and Illnesses (SOII)
ISUTTU45100032131,2018,1,451000,"Sporting goods, hobby, musical instrument, and book stores",3,Rate of injury and illness cases per 100 full-time workers (Size class 0),2,"Cases involving days away from work, job restriction, or transfer",131,"Private industry, Nebraska",Industry-level data from the Survey of Occupational Injuries and Illnesses (SOII)
ISUTTU45100032131,2016,0.7,451000,"Sporting goods, hobby, musical instrument, and book stores",3,Rate of injury and illness cases per 100 full-time workers (Size class 0),2,"Cases involving days away from work, job restriction, or transfer",131,"Private industry, Nebraska",Industry-level data from the Survey of Occupational Injuries and Illnesses (SOII)
ISUTTU45100041131,2018,0,451000,"Sporting goods, hobby, musical instrument, and book stores",4,Number of illness cases (thousands) (Size class 0),1,Total recordable cases,131,"Private industry, Nebraska",Industry-level data from the Survey of Occupational Injuries and Illnesses (SOII)
ISUTTU45100041131,2016,0,451000,"Sporting goods, hobby, musical instrument, and book stores",4,Number of illness cases (thousands) (Size class 0),1,Total recordable cases,131,"Private industry, Nebraska",Industry-level data from the Survey of Occupational Injuries and Illnesses (SOII)
ISUTTU45100051131,2020,0,451000,"Sporting goods, hobby, musical instrument, and book stores",5,Number of injury cases (thousands) (Size class 0),1,Total recordable cases,131,"Private industry, Nebraska",Industry-level data from the Survey of Occupational Injuries and Illnesses (SOII)
ISUTTU45100051131,2018,0,451000,"Sporting goods, hobby, musical instrument, and book stores",5,Number of injury cases (thousands) (Size class 0),1,Total recordable cases,131,"Private industry, Nebraska",Industry-level data from the Survey of Occupational Injuries and Illnesses (SOII)
ISUTTU45100051131,2016,0,451000,"Sporting goods, hobby, musical instrument, and book stores",5,Number of injury cases (thousands) (Size class 0),1,Total recordable cases,131,"Private industry, Nebraska",Industry-level data from the Survey of Occupational Injuries and Illnesses (SOII)
ISUTTU45200001131,2020,92.3,452000,General merchandise stores,0,"Rate of illness cases per 10,000 full-time workers (Size class 0)",1,Total recordable cases,131,"Private industry, Nebraska",Industry-level data from the Survey of Occupational Injuries and Illnesses (SOII)
ISUTTU45200001131,2019,15,452000,General merchandise stores,0,"Rate of illness cases per 10,000 full-time workers (Size class 0)",1,Total recordable cases,131,"Private industry, Nebraska",Industry-level data from the Survey of Occupational Injuries and Illnesses (SOII)
ISUTTU45200001131,2018,15.9,452000,General merchandise stores,0,"Rate of illness cases per 10,000 full-time workers (Size class 0)",1,Total recordable cases,131,"Private industry, Nebraska",Industry-level data from the Survey of Occupational Injuries and Illnesses (SOII)
ISUTTU45200001131,2017,18.7,452000,General merchandise stores,0,"Rate of illness cases per 10,000 full-time workers (Size class 0)",1,Total recordable cases,131,"Private industry, Nebraska",Industry-level data from the Survey of Occupational Injuries and Illnesses (SOII)
ISUTTU45200001131,2016,17,452000,General merchandise stores,0,"Rate of illness cases per 10,000 full-time workers (Size class 0)",1,Total recordable cases,131,"Private industry, Nebraska",Industry-level data from the Survey of Occupational Injuries and Illnesses (SOII)
ISUTTU45200011131,2020,4.7,452000,General merchandise stores,1,Rate of injury cases per 100 full-time workers (Size class 0),1,Total recordable cases,131,"Private industry, Nebraska",Industry-level data from the Survey of Occupational Injuries and Illnesses (SOII)
ISUTTU45200011131,2019,4.8,452000,General merchandise stores,1,Rate of injury cases per 100 full-time workers (Size class 0),1,Total recordable cases,131,"Private industry, Nebraska",Industry-level data from the Survey of Occupational Injuries and Illnesses (SOII)
ISUTTU45200011131,2018,5.3,452000,General merchandise stores,1,Rate of injury cases per 100 full-time workers (Size class 0),1,Total recordable cases,131,"Private industry, Nebraska",Industry-level data from the Survey of Occupational Injuries and Illnesses (SOII)
ISUTTU45200011131,2017,4,452000,General merchandise stores,1,Rate of injury cases per 100 full-time workers (Size class 0),1,Total recordable cases,131,"Private industry, Nebraska",Industry-level data from the Survey of Occupational Injuries and Illnesses (SOII)
ISUTTU45200011131,2016,4.4,452000,General merchandise stores,1,Rate of injury cases per 100 full-time workers (Size class 0),1,Total recordable cases,131,"Private industry, Nebraska",Industry-level data from the Survey of Occupational Injuries and Illnesses (SOII)
ISUTTU45200031131,2020,5.6,452000,General merchandise stores,3,Rate of injury and illness cases per 100 full-time workers (Size class 0),1,Total recordable cases,131,"Private industry, Nebraska",Industry-level data from the Survey of Occupational Injuries and Illnesses (SOII)
ISUTTU45200031131,2019,5,452000,General merchandise stores,3,Rate of injury and illness cases per 100 full-time workers (Size class 0),1,Total recordable cases,131,"Private industry, Nebraska",Industry-level data from the Survey of Occupational Injuries and Illnesses (SOII)
ISUTTU45200031131,2018,5.5,452000,General merchandise stores,3,Rate of injury and illness cases per 100 full-time workers (Size class 0),1,Total recordable cases,131,"Private industry, Nebraska",Industry-level data from the Survey of Occupational Injuries and Illnesses (SOII)
ISUTTU45200031131,2017,4.2,452000,General merchandise stores,3,Rate of injury and illness cases per 100 full-time workers (Size class 0),1,Total recordable cases,131,"Private industry, Nebraska",Industry-level data from the Survey of Occupational Injuries and Illnesses (SOII)
ISUTTU45200031131,2016,4.6,452000,General merchandise stores,3,Rate of injury and illness cases per 100 full-time workers (Size class 0),1,Total recordable cases,131,"Private industry, Nebraska",Industry-level data from the Survey of Occupational Injuries and Illnesses (SOII)
ISUTTU45200032131,2020,3.7,452000,General merchandise stores,3,Rate of injury and illness cases per 100 full-time workers (Size class 0),2,"Cases involving days away from work, job restriction, or transfer",131,"Private industry, Nebraska",Industry-level data from the Survey of Occupational Injuries and Illnesses (SOII)
ISUTTU45200032131,2019,2.8,452000,General merchandise stores,3,Rate of injury and illness cases per 100 full-time workers (Size class 0),2,"Cases involving days away from work, job restriction, or transfer",131,"Private industry, Nebraska",Industry-level data from the Survey of Occupational Injuries and Illnesses (SOII)
ISUTTU45200032131,2018,3.1,452000,General merchandise stores,3,Rate of injury and illness cases per 100 full-time workers (Size class 0),2,"Cases involving days away from work, job restriction, or transfer",131,"Private industry, Nebraska",Industry-level data from the Survey of Occupational Injuries and Illnesses (SOII)
ISUTTU45200032131,2017,2.8,452000,General merchandise stores,3,Rate of injury and illness cases per 100 full-time workers (Size class 0),2,"Cases involving days away from work, job restriction, or transfer",131,"Private industry, Nebraska",Industry-level data from the Survey of Occupational Injuries and Illnesses (SOII)
ISUTTU45200032131,2016,2.9,452000,General merchandise stores,3,Rate of injury and illness cases per 100 full-time workers (Size class 0),2,"Cases involving days away from work, job restriction, or transfer",131,"Private industry, Nebraska",Industry-level data from the Survey of Occupational Injuries and Illnesses (SOII)
ISUTTU45200041131,2020,0.1,452000,General merchandise stores,4,Number of illness cases (thousands) (Size class 0),1,Total recordable cases,131,"Private industry, Nebraska",Industry-level data from the Survey of Occupational Injuries and Illnesses (SOII)
ISUTTU45200041131,2019,0,452000,General merchandise stores,4,Number of illness cases (thousands) (Size class 0),1,Total recordable cases,131,"Private industry, Nebraska",Industry-level data from the Survey of Occupational Injuries and Illnesses (SOII)
ISUTTU45200041131,2018,0,452000,General merchandise stores,4,Number of illness cases (thousands) (Size class 0),1,Total recordable cases,131,"Private industry, Nebraska",Industry-level data from the Survey of Occupational Injuries and Illnesses (SOII)
ISUTTU45200041131,2017,0,452000,General merchandise stores,4,Number of illness cases (thousands) (Size class 0),1,Total recordable cases,131,"Private industry, Nebraska",Industry-level data from the Survey of Occupational Injuries and Illnesses (SOII)
ISUTTU45200041131,2016,0,452000,General merchandise stores,4,Number of illness cases (thousands) (Size class 0),1,Total recordable cases,131,"Private industry, Nebraska",Industry-level data from the Survey of Occupational Injuries and Illnesses (SOII)
ISUTTU45200051131,2020,0.6,452000,General merchandise stores,5,Number of injury cases (thousands) (Size class 0),1,Total recordable cases,131,"Private industry, Nebraska",Industry-level data from the Survey of Occupational Injuries and Illnesses (SOII)
ISUTTU45200051131,2019,0.7,452000,General merchandise stores,5,Number of injury cases (thousands) (Size class 0),1,Total recordable cases,131,"Private industry, Nebraska",Industry-level data from the Survey of Occupational Injuries and Illnesses (SOII)
ISUTTU45200051131,2018,0.7,452000,General merchandise stores,5,Number of injury cases (thousands) (Size class 0),1,Total recordable cases,131,"Private industry, Nebraska",Industry-level data from the Survey of Occupational Injuries and Illnesses (SOII)
ISUTTU45200051131,2017,0.6,452000,General merchandise stores,5,Number of injury cases (thousands) (Size class 0),1,Total recordable cases,131,"Private industry, Nebraska",Industry-level data from the Survey of Occupational Injuries and Illnesses (SOII)
ISUTTU45200051131,2016,0.7,452000,General merchandise stores,5,Number of injury cases (thousands) (Size class 0),1,Total recordable cases,131,"Private industry, Nebraska",Industry-level data from the Survey of Occupational Injuries and Illnesses (SOII)
ISUTTU45210001131,2018,-,452100,Department stores,0,"Rate of illness cases per 10,000 full-time workers (Size class 0)",1,Total recordable cases,131,"Private industry, Nebraska",Industry-level data from the Survey of Occupational Injuries and Illnesses (SOII)
ISUTTU45210001131,2017,-,452100,Department stores,0,"Rate of illness cases per 10,000 full-time workers (Size class 0)",1,Total recordable cases,131,"Private industry, Nebraska",Industry-level data from the Survey of Occupational Injuries and Illnesses (SOII)
ISUTTU45210001131,2016,-,452100,Department stores,0,"Rate of illness cases per 10,000 full-time workers (Size class 0)",1,Total recordable cases,131,"Private industry, Nebraska",Industry-level data from the Survey of Occupational Injuries and Illnesses (SOII)
ISUTTU45210011131,2018,3.6,452100,Department stores,1,Rate of injury cases per 100 full-time workers (Size class 0),1,Total recordable cases,131,"Private industry, Nebraska",Industry-level data from the Survey of Occupational Injuries and Illnesses (SOII)
ISUTTU45210011131,2017,1.7,452100,Department stores,1,Rate of injury cases per 100 full-time workers (Size class 0),1,Total recordable cases,131,"Private industry, Nebraska",Industry-level data from the Survey of Occupational Injuries and Illnesses (SOII)
ISUTTU45210011131,2016,3.6,452100,Department stores,1,Rate of injury cases per 100 full-time workers (Size class 0),1,Total recordable cases,131,"Private industry, Nebraska",Industry-level data from the Survey of Occupational Injuries and Illnesses (SOII)
ISUTTU45210031131,2018,3.6,452100,Department stores,3,Rate of injury and illness cases per 100 full-time workers (Size class 0),1,Total recordable cases,131,"Private industry, Nebraska",Industry-level data from the Survey of Occupational Injuries and Illnesses (SOII)
ISUTTU45210031131,2017,1.9,452100,Department stores,3,Rate of injury and illness cases per 100 full-time workers (Size class 0),1,Total recordable cases,131,"Private industry, Nebraska",Industry-level data from the Survey of Occupational Injuries and Illnesses (SOII)
ISUTTU45210031131,2016,3.6,452100,Department stores,3,Rate of injury and illness cases per 100 full-time workers (Size class 0),1,Total recordable cases,131,"Private industry, Nebraska",Industry-level data from the Survey of Occupational Injuries and Illnesses (SOII)
ISUTTU45210032131,2018,1.6,452100,Department stores,3,Rate of injury and illness cases per 100 full-time workers (Size class 0),2,"Cases involving days away from work, job restriction, or transfer",131,"Private industry, Nebraska",Industry-level data from the Survey of Occupational Injuries and Illnesses (SOII)
ISUTTU45210032131,2017,1.4,452100,Department stores,3,Rate of injury and illness cases per 100 full-time workers (Size class 0),2,"Cases involving days away from work, job restriction, or transfer",131,"Private industry, Nebraska",Industry-level data from the Survey of Occupational Injuries and Illnesses (SOII)
ISUTTU45210032131,2016,1.9,452100,Department stores,3,Rate of injury and illness cases per 100 full-time workers (Size class 0),2,"Cases involving days away from work, job restriction, or transfer",131,"Private industry, Nebraska",Industry-level data from the Survey of Occupational Injuries and Illnesses (SOII)
ISUTTU45210041131,2018,0,452100,Department stores,4,Number of illness cases (thousands) (Size class 0),1,Total recordable cases,131,"Private industry, Nebraska",Industry-level data from the Survey of Occupational Injuries and Illnesses (SOII)
ISUTTU45210041131,2017,0,452100,Department stores,4,Number of illness cases (thousands) (Size class 0),1,Total recordable cases,131,"Private industry, Nebraska",Industry-level data from the Survey of Occupational Injuries and Illnesses (SOII)
ISUTTU45210041131,2016,0,452100,Department stores,4,Number of illness cases (thousands) (Size class 0),1,Total recordable cases,131,"Private industry, Nebraska",Industry-level data from the Survey of Occupational Injuries and Illnesses (SOII)
ISUTTU45210051131,2018,0.1,452100,Department stores,5,Number of injury cases (thousands) (Size class 0),1,Total recordable cases,131,"Private industry, Nebraska",Industry-level data from the Survey of Occupational Injuries and Illnesses (SOII)
ISUTTU45210051131,2017,0.1,452100,Department stores,5,Number of injury cases (thousands) (Size class 0),1,Total recordable cases,131,"Private industry, Nebraska",Industry-level data from the Survey of Occupational Injuries and Illnesses (SOII)
ISUTTU45210051131,2016,0.1,452100,Department stores,5,Number of injury cases (thousands) (Size class 0),1,Total recordable cases,131,"Private industry, Nebraska",Industry-level data from the Survey of Occupational Injuries and Illnesses (SOII)
ISUTTU45220001131,2020,-,452200,Department stores,0,"Rate of illness cases per 10,000 full-time workers (Size class 0)",1,Total recordable cases,131,"Private industry, Nebraska",Industry-level data from the Survey of Occupational Injuries and Illnesses (SOII)
ISUTTU45220001131,2019,-,452200,Department stores,0,"Rate of illness cases per 10,000 full-time workers (Size class 0)",1,Total recordable cases,131,"Private industry, Nebraska",Industry-level data from the Survey of Occupational Injuries and Illnesses (SOII)
ISUTTU45220011131,2020,2,452200,Department stores,1,Rate of injury cases per 100 full-time workers (Size class 0),1,Total recordable cases,131,"Private industry, Nebraska",Industry-level data from the Survey of Occupational Injuries and Illnesses (SOII)
ISUTTU45220011131,2019,3.6,452200,Department stores,1,Rate of injury cases per 100 full-time workers (Size class 0),1,Total recordable cases,131,"Private industry, Nebraska",Industry-level data from the Survey of Occupational Injuries and Illnesses (SOII)
ISUTTU45220031131,2020,2.1,452200,Department stores,3,Rate of injury and illness cases per 100 full-time workers (Size class 0),1,Total recordable cases,131,"Private industry, Nebraska",Industry-level data from the Survey of Occupational Injuries and Illnesses (SOII)
ISUTTU45220031131,2019,3.6,452200,Department stores,3,Rate of injury and illness cases per 100 full-time workers (Size class 0),1,Total recordable cases,131,"Private industry, Nebraska",Industry-level data from the Survey of Occupational Injuries and Illnesses (SOII)
ISUTTU45220032131,2020,1.1,452200,Department stores,3,Rate of injury and illness cases per 100 full-time workers (Size class 0),2,"Cases involving days away from work, job restriction, or transfer",131,"Private industry, Nebraska",Industry-level data from the Survey of Occupational Injuries and Illnesses (SOII)
ISUTTU45220032131,2019,1.1,452200,Department stores,3,Rate of injury and illness cases per 100 full-time workers (Size class 0),2,"Cases involving days away from work, job restriction, or transfer",131,"Private industry, Nebraska",Industry-level data from the Survey of Occupational Injuries and Illnesses (SOII)
ISUTTU44100001131,2019,14.1,441000,Motor vehicle and parts dealers,0,"Rate of illness cases per 10,000 full-time workers (Size class 0)",1,Total recordable cases,131,"Private industry, Nebraska",Industry-level data from the Survey of Occupational Injuries and Illnesses (SOII)
ISUTTU44100001131,2016,-,441000,Motor vehicle and parts dealers,0,"Rate of illness cases per 10,000 full-time workers (Size class 0)",1,Total recordable cases,131,"Private industry, Nebraska",Industry-level data from the Survey of Occupational Injuries and Illnesses (SOII)
ISUTTU44100011131,2020,2.2,441000,Motor vehicle and parts dealers,1,Rate of injury cases per 100 full-time workers (Size class 0),1,Total recordable cases,131,"Private industry, Nebraska",Industry-level data from the Survey of Occupational Injuries and Illnesses (SOII)
ISUTTU44100011131,2019,2.8,441000,Motor vehicle and parts dealers,1,Rate of injury cases per 100 full-time workers (Size class 0),1,Total recordable cases,131,"Private industry, Nebraska",Industry-level data from the Survey of Occupational Injuries and Illnesses (SOII)
ISUTTU44100011131,2018,4.8,441000,Motor vehicle and parts dealers,1,Rate of injury cases per 100 full-time workers (Size class 0),1,Total recordable cases,131,"Private industry, Nebraska",Industry-level data from the Survey of Occupational Injuries and Illnesses (SOII)
ISUTTU44100011131,2017,2.5,441000,Motor vehicle and parts dealers,1,Rate of injury cases per 100 full-time workers (Size class 0),1,Total recordable cases,131,"Private industry, Nebraska",Industry-level data from the Survey of Occupational Injuries and Illnesses (SOII)
ISUTTU44100011131,2016,2.2,441000,Motor vehicle and parts dealers,1,Rate of injury cases per 100 full-time workers (Size class 0),1,Total recordable cases,131,"Private industry, Nebraska",Industry-level data from the Survey of Occupational Injuries and Illnesses (SOII)
ISUTTU44100031131,2020,2.8,441000,Motor vehicle and parts dealers,3,Rate of injury and illness cases per 100 full-time workers (Size class 0),1,Total recordable cases,131,"Private industry, Nebraska",Industry-level data from the Survey of Occupational Injuries and Illnesses (SOII)
ISUTTU44100031131,2019,2.9,441000,Motor vehicle and parts dealers,3,Rate of injury and illness cases per 100 full-time workers (Size class 0),1,Total recordable cases,131,"Private industry, Nebraska",Industry-level data from the Survey of Occupational Injuries and Illnesses (SOII)
ISUTTU44100031131,2018,4.9,441000,Motor vehicle and parts dealers,3,Rate of injury and illness cases per 100 full-time workers (Size class 0),1,Total recordable cases,131,"Private industry, Nebraska",Industry-level data from the Survey of Occupational Injuries and Illnesses (SOII)
ISUTTU44100031131,2017,2.5,441000,Motor vehicle and parts dealers,3,Rate of injury and illness cases per 100 full-time workers (Size class 0),1,Total recordable cases,131,"Private industry, Nebraska",Industry-level data from the Survey of Occupational Injuries and Illnesses (SOII)
ISUTTU44100031131,2016,2.2,441000,Motor vehicle and parts dealers,3,Rate of injury and illness cases per 100 full-time workers (Size class 0),1,Total recordable cases,131,"Private industry, Nebraska",Industry-level data from the Survey of Occupational Injuries and Illnesses (SOII)
ISUTTU44100032131,2020,1.5,441000,Motor vehicle and parts dealers,3,Rate of injury and illness cases per 100 full-time workers (Size class 0),2,"Cases involving days away from work, job restriction, or transfer",131,"Private industry, Nebraska",Industry-level data from the Survey of Occupational Injuries and Illnesses (SOII)
ISUTTU44100032131,2019,1.3,441000,Motor vehicle and parts dealers,3,Rate of injury and illness cases per 100 full-time workers (Size class 0),2,"Cases involving days away from work, job restriction, or transfer",131,"Private industry, Nebraska",Industry-level data from the Survey of Occupational Injuries and Illnesses (SOII)
ISUTTU44100032131,2018,3,441000,Motor vehicle and parts dealers,3,Rate of injury and illness cases per 100 full-time workers (Size class 0),2,"Cases involving days away from work, job restriction, or transfer",131,"Private industry, Nebraska",Industry-level data from the Survey of Occupational Injuries and Illnesses (SOII)
ISUTTU44100032131,2017,1,441000,Motor vehicle and parts dealers,3,Rate of injury and illness cases per 100 full-time workers (Size class 0),2,"Cases involving days away from work, job restriction, or transfer",131,"Private industry, Nebraska",Industry-level data from the Survey of Occupational Injuries and Illnesses (SOII)
ISUTTU44100032131,2016,0.7,441000,Motor vehicle and parts dealers,3,Rate of injury and illness cases per 100 full-time workers (Size class 0),2,"Cases involving days away from work, job restriction, or transfer",131,"Private industry, Nebraska",Industry-level data from the Survey of Occupational Injuries and Illnesses (SOII)
ISUTTU44100041131,2019,0,441000,Motor vehicle and parts dealers,4,Number of illness cases (thousands) (Size class 0),1,Total recordable cases,131,"Private industry, Nebraska",Industry-level data from the Survey of Occupational Injuries and Illnesses (SOII)
ISUTTU44100041131,2016,0,441000,Motor vehicle and parts dealers,4,Number of illness cases (thousands) (Size class 0),1,Total recordable cases,131,"Private industry, Nebraska",Industry-level data from the Survey of Occupational Injuries and Illnesses (SOII)
ISUTTU44100051131,2020,0.3,441000,Motor vehicle and parts dealers,5,Number of injury cases (thousands) (Size class 0),1,Total recordable cases,131,"Private industry, Nebraska",Industry-level data from the Survey of Occupational Injuries and Illnesses (SOII)
ISUTTU44100051131,2019,0.4,441000,Motor vehicle and parts dealers,5,Number of injury cases (thousands) (Size class 0),1,Total recordable cases,131,"Private industry, Nebraska",Industry-level data from the Survey of Occupational Injuries and Illnesses (SOII)
ISUTTU44100051131,2018,0.7,441000,Motor vehicle and parts dealers,5,Number of injury cases (thousands) (Size class 0),1,Total recordable cases,131,"Private industry, Nebraska",Industry-level data from the Survey of Occupational Injuries and Illnesses (SOII)
ISUTTU44100051131,2017,0.3,441000,Motor vehicle and parts dealers,5,Number of injury cases (thousands) (Size class 0),1,Total recordable cases,131,"Private industry, Nebraska",Industry-level data from the Survey of Occupational Injuries and Illnesses (SOII)
ISUTTU44100051131,2016,0.3,441000,Motor vehicle and parts dealers,5,Number of injury cases (thousands) (Size class 0),1,Total recordable cases,131,"Private industry, Nebraska",Industry-level data from the Survey of Occupational Injuries and Illnesses (SOII)
ISUTTU44110001131,2019,-,441100,Automobile dealers,0,"Rate of illness cases per 10,000 full-time workers (Size class 0)",1,Total recordable cases,131,"Private industry, Nebraska",Industry-level data from the Survey of Occupational Injuries and Illnesses (SOII)
ISUTTU44110001131,2016,-,441100,Automobile dealers,0,"Rate of illness cases per 10,000 full-time workers (Size class 0)",1,Total recordable cases,131,"Private industry, Nebraska",Industry-level data from the Survey of Occupational Injuries and Illnesses (SOII)
ISUTTU44110011131,2020,2.2,441100,Automobile dealers,1,Rate of injury cases per 100 full-time workers (Size class 0),1,Total recordable cases,131,"Private industry, Nebraska",Industry-level data from the Survey of Occupational Injuries and Illnesses (SOII)
ISUTTU44110011131,2019,3.6,441100,Automobile dealers,1,Rate of injury cases per 100 full-time workers (Size class 0),1,Total recordable cases,131,"Private industry, Nebraska",Industry-level data from the Survey of Occupational Injuries and Illnesses (SOII)
ISUTTU44110011131,2017,2.4,441100,Automobile dealers,1,Rate of injury cases per 100 full-time workers (Size class 0),1,Total recordable cases,131,"Private industry, Nebraska",Industry-level data from the Survey of Occupational Injuries and Illnesses (SOII)
ISUTTU44110011131,2016,2.8,441100,Automobile dealers,1,Rate of injury cases per 100 full-time workers (Size class 0),1,Total recordable cases,131,"Private industry, Nebraska",Industry-level data from the Survey of Occupational Injuries and Illnesses (SOII)
ISUTTU44110031131,2020,3.2,441100,Automobile dealers,3,Rate of injury and illness cases per 100 full-time workers (Size class 0),1,Total recordable cases,131,"Private industry, Nebraska",Industry-level data from the Survey of Occupational Injuries and Illnesses (SOII)
ISUTTU44110031131,2019,3.6,441100,Automobile dealers,3,Rate of injury and illness cases per 100 full-time workers (Size class 0),1,Total recordable cases,131,"Private industry, Nebraska",Industry-level data from the Survey of Occupational Injuries and Illnesses (SOII)
ISUTTU44110031131,2017,2.5,441100,Automobile dealers,3,Rate of injury and illness cases per 100 full-time workers (Size class 0),1,Total recordable cases,131,"Private industry, Nebraska",Industry-level data from the Survey of Occupational Injuries and Illnesses (SOII)
ISUTTU44110031131,2016,2.8,441100,Automobile dealers,3,Rate of injury and illness cases per 100 full-time workers (Size class 0),1,Total recordable cases,131,"Private industry, Nebraska",Industry-level data from the Survey of Occupational Injuries and Illnesses (SOII)
ISUTTU44110032131,2020,2.2,441100,Automobile dealers,3,Rate of injury and illness cases per 100 full-time workers (Size class 0),2,"Cases involving days away from work, job restriction, or transfer",131,"Private industry, Nebraska",Industry-level data from the Survey of Occupational Injuries and Illnesses (SOII)
ISUTTU44110032131,2019,1.4,441100,Automobile dealers,3,Rate of injury and illness cases per 100 full-time workers (Size class 0),2,"Cases involving days away from work, job restriction, or transfer",131,"Private industry, Nebraska",Industry-level data from the Survey of Occupational Injuries and Illnesses (SOII)
ISUTTU44110032131,2017,0.7,441100,Automobile dealers,3,Rate of injury and illness cases per 100 full-time workers (Size class 0),2,"Cases involving days away from work, job restriction, or transfer",131,"Private industry, Nebraska",Industry-level data from the Survey of Occupational Injuries and Illnesses (SOII)
ISUTTU44110032131,2016,0.6,441100,Automobile dealers,3,Rate of injury and illness cases per 100 full-time workers (Size class 0),2,"Cases involving days away from work, job restriction, or transfer",131,"Private industry, Nebraska",Industry-level data from the Survey of Occupational Injuries and Illnesses (SOII)
ISUTTU44110041131,2019,0,441100,Automobile dealers,4,Number of illness cases (thousands) (Size class 0),1,Total recordable cases,131,"Private industry, Nebraska",Industry-level data from the Survey of Occupational Injuries and Illnesses (SOII)
ISUTTU44110041131,2016,0,441100,Automobile dealers,4,Number of illness cases (thousands) (Size class 0),1,Total recordable cases,131,"Private industry, Nebraska",Industry-level data from the Survey of Occupational Injuries and Illnesses (SOII)
ISUTTU44110051131,2020,0.2,441100,Automobile dealers,5,Number of injury cases (thousands) (Size class 0),1,Total recordable cases,131,"Private industry, Nebraska",Industry-level data from the Survey of Occupational Injuries and Illnesses (SOII)
ISUTTU44110051131,2019,0.3,441100,Automobile dealers,5,Number of injury cases (thousands) (Size class 0),1,Total recordable cases,131,"Private industry, Nebraska",Industry-level data from the Survey of Occupational Injuries and Illnesses (SOII)
ISUTTU44110051131,2017,0.2,441100,Automobile dealers,5,Number of injury cases (thousands) (Size class 0),1,Total recordable cases,131,"Private industry, Nebraska",Industry-level data from the Survey of Occupational Injuries and Illnesses (SOII)
ISUTTU44110051131,2016,0.2,441100,Automobile dealers,5,Number of injury cases (thousands) (Size class 0),1,Total recordable cases,131,"Private industry, Nebraska",Industry-level data from the Survey of Occupational Injuries and Illnesses (SOII)
ISUTTU44200001131,2019,-,442000,Furniture and home furnishings stores,0,"Rate of illness cases per 10,000 full-time workers (Size class 0)",1,Total recordable cases,131,"Private industry, Nebraska",Industry-level data from the Survey of Occupational Injuries and Illnesses (SOII)
ISUTTU44200001131,2017,-,442000,Furniture and home furnishings stores,0,"Rate of illness cases per 10,000 full-time workers (Size class 0)",1,Total recordable cases,131,"Private industry, Nebraska",Industry-level data from the Survey of Occupational Injuries and Illnesses (SOII)
ISUTTU44200001131,2016,-,442000,Furniture and home furnishings stores,0,"Rate of illness cases per 10,000 full-time workers (Size class 0)",1,Total recordable cases,131,"Private industry, Nebraska",Industry-level data from the Survey of Occupational Injuries and Illnesses (SOII)
ISUTTU44200011131,2019,1.4,442000,Furniture and home furnishings stores,1,Rate of injury cases per 100 full-time workers (Size class 0),1,Total recordable cases,131,"Private industry, Nebraska",Industry-level data from the Survey of Occupational Injuries and Illnesses (SOII)
ISUTTU44200011131,2017,2.3,442000,Furniture and home furnishings stores,1,Rate of injury cases per 100 full-time workers (Size class 0),1,Total recordable cases,131,"Private industry, Nebraska",Industry-level data from the Survey of Occupational Injuries and Illnesses (SOII)
ISUTTU44200011131,2016,1.5,442000,Furniture and home furnishings stores,1,Rate of injury cases per 100 full-time workers (Size class 0),1,Total recordable cases,131,"Private industry, Nebraska",Industry-level data from the Survey of Occupational Injuries and Illnesses (SOII)
ISUTTU44200031131,2019,1.4,442000,Furniture and home furnishings stores,3,Rate of injury and illness cases per 100 full-time workers (Size class 0),1,Total recordable cases,131,"Private industry, Nebraska",Industry-level data from the Survey of Occupational Injuries and Illnesses (SOII)
ISUTTU44200031131,2017,2.3,442000,Furniture and home furnishings stores,3,Rate of injury and illness cases per 100 full-time workers (Size class 0),1,Total recordable cases,131,"Private industry, Nebraska",Industry-level data from the Survey of Occupational Injuries and Illnesses (SOII)
ISUTTU44200031131,2016,1.5,442000,Furniture and home furnishings stores,3,Rate of injury and illness cases per 100 full-time workers (Size class 0),1,Total recordable cases,131,"Private industry, Nebraska",Industry-level data from the Survey of Occupational Injuries and Illnesses (SOII)
ISUTTU44200032131,2019,0.5,442000,Furniture and home furnishings stores,3,Rate of injury and illness cases per 100 full-time workers (Size class 0),2,"Cases involving days away from work, job restriction, or transfer",131,"Private industry, Nebraska",Industry-level data from the Survey of Occupational Injuries and Illnesses (SOII)
ISUTTU44200032131,2017,1.4,442000,Furniture and home furnishings stores,3,Rate of injury and illness cases per 100 full-time workers (Size class 0),2,"Cases involving days away from work, job restriction, or transfer",131,"Private industry, Nebraska",Industry-level data from the Survey of Occupational Injuries and Illnesses (SOII)
ISUTTU44200032131,2016,0.8,442000,Furniture and home furnishings stores,3,Rate of injury and illness cases per 100 full-time workers (Size class 0),2,"Cases involving days away from work, job restriction, or transfer",131,"Private industry, Nebraska",Industry-level data from the Survey of Occupational Injuries and Illnesses (SOII)
ISUTTU44200041131,2019,0,442000,Furniture and home furnishings stores,4,Number of illness cases (thousands) (Size class 0),1,Total recordable cases,131,"Private industry, Nebraska",Industry-level data from the Survey of Occupational Injuries and Illnesses (SOII)
ISUTTU44200041131,2017,0,442000,Furniture and home furnishings stores,4,Number of illness cases (thousands) (Size class 0),1,Total recordable cases,131,"Private industry, Nebraska",Industry-level data from the Survey of Occupational Injuries and Illnesses (SOII)
ISUTTU44200041131,2016,0,442000,Furniture and home furnishings stores,4,Number of illness cases (thousands) (Size class 0),1,Total recordable cases,131,"Private industry, Nebraska",Industry-level data from the Survey of Occupational Injuries and Illnesses (SOII)
ISUTTU44200051131,2019,0,442000,Furniture and home furnishings stores,5,Number of injury cases (thousands) (Size class 0),1,Total recordable cases,131,"Private industry, Nebraska",Industry-level data from the Survey of Occupational Injuries and Illnesses (SOII)
ISUTTU44200051131,2017,0.1,442000,Furniture and home furnishings stores,5,Number of injury cases (thousands) (Size class 0),1,Total recordable cases,131,"Private industry, Nebraska",Industry-level data from the Survey of Occupational Injuries and Illnesses (SOII)
ISUTTU44200051131,2016,0,442000,Furniture and home furnishings stores,5,Number of injury cases (thousands) (Size class 0),1,Total recordable cases,131,"Private industry, Nebraska",Industry-level data from the Survey of Occupational Injuries and Illnesses (SOII)
ISUTTU44400001131,2020,-,444000,Building material and garden equipment and supplies dealers,0,"Rate of illness cases per 10,000 full-time workers (Size class 0)",1,Total recordable cases,131,"Private industry, Nebraska",Industry-level data from the Survey of Occupational Injuries and Illnesses (SOII)
ISUTTU44400001131,2019,-,444000,Building material and garden equipment and supplies dealers,0,"Rate of illness cases per 10,000 full-time workers (Size class 0)",1,Total recordable cases,131,"Private industry, Nebraska",Industry-level data from the Survey of Occupational Injuries and Illnesses (SOII)
ISUTTU44400001131,2017,-,444000,Building material and garden equipment and supplies dealers,0,"Rate of illness cases per 10,000 full-time workers (Size class 0)",1,Total recordable cases,131,"Private industry, Nebraska",Industry-level data from the Survey of Occupational Injuries and Illnesses (SOII)
ISUTTU44400001131,2016,-,444000,Building material and garden equipment and supplies dealers,0,"Rate of illness cases per 10,000 full-time workers (Size class 0)",1,Total recordable cases,131,"Private industry, Nebraska",Industry-level data from the Survey of Occupational Injuries and Illnesses (SOII)
ISUTTU44400011131,2020,4.9,444000,Building material and garden equipment and supplies dealers,1,Rate of injury cases per 100 full-time workers (Size class 0),1,Total recordable cases,131,"Private industry, Nebraska",Industry-level data from the Survey of Occupational Injuries and Illnesses (SOII)
ISUTTU44400011131,2019,5.5,444000,Building material and garden equipment and supplies dealers,1,Rate of injury cases per 100 full-time workers (Size class 0),1,Total recordable cases,131,"Private industry, Nebraska",Industry-level data from the Survey of Occupational Injuries and Illnesses (SOII)
ISUTTU44400011131,2018,6.6,444000,Building material and garden equipment and supplies dealers,1,Rate of injury cases per 100 full-time workers (Size class 0),1,Total recordable cases,131,"Private industry, Nebraska",Industry-level data from the Survey of Occupational Injuries and Illnesses (SOII)
ISUTTU44400011131,2017,5.8,444000,Building material and garden equipment and supplies dealers,1,Rate of injury cases per 100 full-time workers (Size class 0),1,Total recordable cases,131,"Private industry, Nebraska",Industry-level data from the Survey of Occupational Injuries and Illnesses (SOII)
ISUTTU44400011131,2016,5.1,444000,Building material and garden equipment and supplies dealers,1,Rate of injury cases per 100 full-time workers (Size class 0),1,Total recordable cases,131,"Private industry, Nebraska",Industry-level data from the Survey of Occupational Injuries and Illnesses (SOII)
ISUTTU44400031131,2020,5,444000,Building material and garden equipment and supplies dealers,3,Rate of injury and illness cases per 100 full-time workers (Size class 0),1,Total recordable cases,131,"Private industry, Nebraska",Industry-level data from the Survey of Occupational Injuries and Illnesses (SOII)
ISUTTU44400031131,2019,5.7,444000,Building material and garden equipment and supplies dealers,3,Rate of injury and illness cases per 100 full-time workers (Size class 0),1,Total recordable cases,131,"Private industry, Nebraska",Industry-level data from the Survey of Occupational Injuries and Illnesses (SOII)
ISUTTU44400031131,2018,7.1,444000,Building material and garden equipment and supplies dealers,3,Rate of injury and illness cases per 100 full-time workers (Size class 0),1,Total recordable cases,131,"Private industry, Nebraska",Industry-level data from the Survey of Occupational Injuries and Illnesses (SOII)
ISUTTU44400031131,2017,5.8,444000,Building material and garden equipment and supplies dealers,3,Rate of injury and illness cases per 100 full-time workers (Size class 0),1,Total recordable cases,131,"Private industry, Nebraska",Industry-level data from the Survey of Occupational Injuries and Illnesses (SOII)
ISUTTU44400031131,2016,5.2,444000,Building material and garden equipment and supplies dealers,3,Rate of injury and illness cases per 100 full-time workers (Size class 0),1,Total recordable cases,131,"Private industry, Nebraska",Industry-level data from the Survey of Occupational Injuries and Illnesses (SOII)
ISUTTU44400032131,2020,3.2,444000,Building material and garden equipment and supplies dealers,3,Rate of injury and illness cases per 100 full-time workers (Size class 0),2,"Cases involving days away from work, job restriction, or transfer",131,"Private industry, Nebraska",Industry-level data from the Survey of Occupational Injuries and Illnesses (SOII)
ISUTTU44400032131,2019,3.3,444000,Building material and garden equipment and supplies dealers,3,Rate of injury and illness cases per 100 full-time workers (Size class 0),2,"Cases involving days away from work, job restriction, or transfer",131,"Private industry, Nebraska",Industry-level data from the Survey of Occupational Injuries and Illnesses (SOII)
ISUTTU44400032131,2018,3.9,444000,Building material and garden equipment and supplies dealers,3,Rate of injury and illness cases per 100 full-time workers (Size class 0),2,"Cases involving days away from work, job restriction, or transfer",131,"Private industry, Nebraska",Industry-level data from the Survey of Occupational Injuries and Illnesses (SOII)
ISUTTU44400032131,2017,2.8,444000,Building material and garden equipment and supplies dealers,3,Rate of injury and illness cases per 100 full-time workers (Size class 0),2,"Cases involving days away from work, job restriction, or transfer",131,"Private industry, Nebraska",Industry-level data from the Survey of Occupational Injuries and Illnesses (SOII)
ISUTTU44400032131,2016,3,444000,Building material and garden equipment and supplies dealers,3,Rate of injury and illness cases per 100 full-time workers (Size class 0),2,"Cases involving days away from work, job restriction, or transfer",131,"Private industry, Nebraska",Industry-level data from the Survey of Occupational Injuries and Illnesses (SOII)
ISUTTU44400041131,2020,-,444000,Building material and garden equipment and supplies dealers,4,Number of illness cases (thousands) (Size class 0),1,Total recordable cases,131,"Private industry, Nebraska",Industry-level data from the Survey of Occupational Injuries and Illnesses (SOII)
ISUTTU44400041131,2019,0,444000,Building material and garden equipment and supplies dealers,4,Number of illness cases (thousands) (Size class 0),1,Total recordable cases,131,"Private industry, Nebraska",Industry-level data from the Survey of Occupational Injuries and Illnesses (SOII)
ISUTTU44400041131,2017,0,444000,Building material and garden equipment and supplies dealers,4,Number of illness cases (thousands) (Size class 0),1,Total recordable cases,131,"Private industry, Nebraska",Industry-level data from the Survey of Occupational Injuries and Illnesses (SOII)
ISUTTU44400041131,2016,0,444000,Building material and garden equipment and supplies dealers,4,Number of illness cases (thousands) (Size class 0),1,Total recordable cases,131,"Private industry, Nebraska",Industry-level data from the Survey of Occupational Injuries and Illnesses (SOII)
ISUTTU44400051131,2020,0.4,444000,Building material and garden equipment and supplies dealers,5,Number of injury cases (thousands) (Size class 0),1,Total recordable cases,131,"Private industry, Nebraska",Industry-level data from the Survey of Occupational Injuries and Illnesses (SOII)
ISUTTU44400051131,2019,0.5,444000,Building material and garden equipment and supplies dealers,5,Number of injury cases (thousands) (Size class 0),1,Total recordable cases,131,"Private industry, Nebraska",Industry-level data from the Survey of Occupational Injuries and Illnesses (SOII)
ISUTTU44400051131,2018,0.5,444000,Building material and garden equipment and supplies dealers,5,Number of injury cases (thousands) (Size class 0),1,Total recordable cases,131,"Private industry, Nebraska",Industry-level data from the Survey of Occupational Injuries and Illnesses (SOII)
ISUTTU44400051131,2017,0.5,444000,Building material and garden equipment and supplies dealers,5,Number of injury cases (thousands) (Size class 0),1,Total recordable cases,131,"Private industry, Nebraska",Industry-level data from the Survey of Occupational Injuries and Illnesses (SOII)
ISUTTU44400051131,2016,0.4,444000,Building material and garden equipment and supplies dealers,5,Number of injury cases (thousands) (Size class 0),1,Total recordable cases,131,"Private industry, Nebraska",Industry-level data from the Survey of Occupational Injuries and Illnesses (SOII)
ISUTTU44410001131,2020,-,444100,Building material and supplies dealers,0,"Rate of illness cases per 10,000 full-time workers (Size class 0)",1,Total recordable cases,131,"Private industry, Nebraska",Industry-level data from the Survey of Occupational Injuries and Illnesses (SOII)
ISUTTU44410001131,2019,-,444100,Building material and supplies dealers,0,"Rate of illness cases per 10,000 full-time workers (Size class 0)",1,Total recordable cases,131,"Private industry, Nebraska",Industry-level data from the Survey of Occupational Injuries and Illnesses (SOII)
ISUTTU44410001131,2018,-,444100,Building material and supplies dealers,0,"Rate of illness cases per 10,000 full-time workers (Size class 0)",1,Total recordable cases,131,"Private industry, Nebraska",Industry-level data from the Survey of Occupational Injuries and Illnesses (SOII)
ISUTTU44410001131,2017,-,444100,Building material and supplies dealers,0,"Rate of illness cases per 10,000 full-time workers (Size class 0)",1,Total recordable cases,131,"Private industry, Nebraska",Industry-level data from the Survey of Occupational Injuries and Illnesses (SOII)
ISUTTU44410001131,2016,-,444100,Building material and supplies dealers,0,"Rate of illness cases per 10,000 full-time workers (Size class 0)",1,Total recordable cases,131,"Private industry, Nebraska",Industry-level data from the Survey of Occupational Injuries and Illnesses (SOII)
ISUTTU44410011131,2020,4.9,444100,Building material and supplies dealers,1,Rate of injury cases per 100 full-time workers (Size class 0),1,Total recordable cases,131,"Private industry, Nebraska",Industry-level data from the Survey of Occupational Injuries and Illnesses (SOII)
ISUTTU44410011131,2019,5.3,444100,Building material and supplies dealers,1,Rate of injury cases per 100 full-time workers (Size class 0),1,Total recordable cases,131,"Private industry, Nebraska",Industry-level data from the Survey of Occupational Injuries and Illnesses (SOII)
ISUTTU44410011131,2018,6.6,444100,Building material and supplies dealers,1,Rate of injury cases per 100 full-time workers (Size class 0),1,Total recordable cases,131,"Private industry, Nebraska",Industry-level data from the Survey of Occupational Injuries and Illnesses (SOII)
ISUTTU44410011131,2017,5.7,444100,Building material and supplies dealers,1,Rate of injury cases per 100 full-time workers (Size class 0),1,Total recordable cases,131,"Private industry, Nebraska",Industry-level data from the Survey of Occupational Injuries and Illnesses (SOII)
ISUTTU44410011131,2016,4.8,444100,Building material and supplies dealers,1,Rate of injury cases per 100 full-time workers (Size class 0),1,Total recordable cases,131,"Private industry, Nebraska",Industry-level data from the Survey of Occupational Injuries and Illnesses (SOII)
ISUTTU44410031131,2020,5,444100,Building material and supplies dealers,3,Rate of injury and illness cases per 100 full-time workers (Size class 0),1,Total recordable cases,131,"Private industry, Nebraska",Industry-level data from the Survey of Occupational Injuries and Illnesses (SOII)
ISUTTU44410031131,2019,5.3,444100,Building material and supplies dealers,3,Rate of injury and illness cases per 100 full-time workers (Size class 0),1,Total recordable cases,131,"Private industry, Nebraska",Industry-level data from the Survey of Occupational Injuries and Illnesses (SOII)
ISUTTU44410031131,2018,6.7,444100,Building material and supplies dealers,3,Rate of injury and illness cases per 100 full-time workers (Size class 0),1,Total recordable cases,131,"Private industry, Nebraska",Industry-level data from the Survey of Occupational Injuries and Illnesses (SOII)
ISUTTU44410031131,2017,5.7,444100,Building material and supplies dealers,3,Rate of injury and illness cases per 100 full-time workers (Size class 0),1,Total recordable cases,131,"Private industry, Nebraska",Industry-level data from the Survey of Occupational Injuries and Illnesses (SOII)
ISUTTU44410031131,2016,4.8,444100,Building material and supplies dealers,3,Rate of injury and illness cases per 100 full-time workers (Size class 0),1,Total recordable cases,131,"Private industry, Nebraska",Industry-level data from the Survey of Occupational Injuries and Illnesses (SOII)
ISUTTU44410032131,2020,3.2,444100,Building material and supplies dealers,3,Rate of injury and illness cases per 100 full-time workers (Size class 0),2,"Cases involving days away from work, job restriction, or transfer",131,"Private industry, Nebraska",Industry-level data from the Survey of Occupational Injuries and Illnesses (SOII)
ISUTTU44410032131,2019,3,444100,Building material and supplies dealers,3,Rate of injury and illness cases per 100 full-time workers (Size class 0),2,"Cases involving days away from work, job restriction, or transfer",131,"Private industry, Nebraska",Industry-level data from the Survey of Occupational Injuries and Illnesses (SOII)
ISUTTU44410032131,2018,4.1,444100,Building material and supplies dealers,3,Rate of injury and illness cases per 100 full-time workers (Size class 0),2,"Cases involving days away from work, job restriction, or transfer",131,"Private industry, Nebraska",Industry-level data from the Survey of Occupational Injuries and Illnesses (SOII)
ISUTTU44410032131,2017,2.6,444100,Building material and supplies dealers,3,Rate of injury and illness cases per 100 full-time workers (Size class 0),2,"Cases involving days away from work, job restriction, or transfer",131,"Private industry, Nebraska",Industry-level data from the Survey of Occupational Injuries and Illnesses (SOII)
ISUTTU44410032131,2016,2.6,444100,Building material and supplies dealers,3,Rate of injury and illness cases per 100 full-time workers (Size class 0),2,"Cases involving days away from work, job restriction, or transfer",131,"Private industry, Nebraska",Industry-level data from the Survey of Occupational Injuries and Illnesses (SOII)
ISUTTU44410041131,2020,-,444100,Building material and supplies dealers,4,Number of illness cases (thousands) (Size class 0),1,Total recordable cases,131,"Private industry, Nebraska",Industry-level data from the Survey of Occupational Injuries and Illnesses (SOII)
ISUTTU44410041131,2019,0,444100,Building material and supplies dealers,4,Number of illness cases (thousands) (Size class 0),1,Total recordable cases,131,"Private industry, Nebraska",Industry-level data from the Survey of Occupational Injuries and Illnesses (SOII)
ISUTTU44410041131,2018,0,444100,Building material and supplies dealers,4,Number of illness cases (thousands) (Size class 0),1,Total recordable cases,131,"Private industry, Nebraska",Industry-level data from the Survey of Occupational Injuries and Illnesses (SOII)
ISUTTU44410041131,2017,0,444100,Building material and supplies dealers,4,Number of illness cases (thousands) (Size class 0),1,Total recordable cases,131,"Private industry, Nebraska",Industry-level data from the Survey of Occupational Injuries and Illnesses (SOII)
ISUTTU44410041131,2016,0,444100,Building material and supplies dealers,4,Number of illness cases (thousands) (Size class 0),1,Total recordable cases,131,"Private industry, Nebraska",Industry-level data from the Survey of Occupational Injuries and Illnesses (SOII)
ISUTTU44410051131,2020,0.3,444100,Building material and supplies dealers,5,Number of injury cases (thousands) (Size class 0),1,Total recordable cases,131,"Private industry, Nebraska",Industry-level data from the Survey of Occupational Injuries and Illnesses (SOII)
ISUTTU44410051131,2019,0.4,444100,Building material and supplies dealers,5,Number of injury cases (thousands) (Size class 0),1,Total recordable cases,131,"Private industry, Nebraska",Industry-level data from the Survey of Occupational Injuries and Illnesses (SOII)
ISUTTU44410051131,2018,0.5,444100,Building material and supplies dealers,5,Number of injury cases (thousands) (Size class 0),1,Total recordable cases,131,"Private industry, Nebraska",Industry-level data from the Survey of Occupational Injuries and Illnesses (SOII)
ISUTTU44410051131,2017,0.4,444100,Building material and supplies dealers,5,Number of injury cases (thousands) (Size class 0),1,Total recordable cases,131,"Private industry, Nebraska",Industry-level data from the Survey of Occupational Injuries and Illnesses (SOII)
ISUTTU44410051131,2016,0.3,444100,Building material and supplies dealers,5,Number of injury cases (thousands) (Size class 0),1,Total recordable cases,131,"Private industry, Nebraska",Industry-level data from the Survey of Occupational Injuries and Illnesses (SOII)
ISUTTU44411001131,2018,-,444110,Home centers,0,"Rate of illness cases per 10,000 full-time workers (Size class 0)",1,Total recordable cases,131,"Private industry, Nebraska",Industry-level data from the Survey of Occupational Injuries and Illnesses (SOII)
ISUTTU44411011131,2018,6.6,444110,Home centers,1,Rate of injury cases per 100 full-time workers (Size class 0),1,Total recordable cases,131,"Private industry, Nebraska",Industry-level data from the Survey of Occupational Injuries and Illnesses (SOII)
ISUTTU44411031131,2018,6.6,444110,Home centers,3,Rate of injury and illness cases per 100 full-time workers (Size class 0),1,Total recordable cases,131,"Private industry, Nebraska",Industry-level data from the Survey of Occupational Injuries and Illnesses (SOII)
ISUTTU44411032131,2018,2.8,444110,Home centers,3,Rate of injury and illness cases per 100 full-time workers (Size class 0),2,"Cases involving days away from work, job restriction, or transfer",131,"Private industry, Nebraska",Industry-level data from the Survey of Occupational Injuries and Illnesses (SOII)
ISUTTU44411041131,2018,0,444110,Home centers,4,Number of illness cases (thousands) (Size class 0),1,Total recordable cases,131,"Private industry, Nebraska",Industry-level data from the Survey of Occupational Injuries and Illnesses (SOII)
ISUTTU44411051131,2018,0.3,444110,Home centers,5,Number of injury cases (thousands) (Size class 0),1,Total recordable cases,131,"Private industry, Nebraska",Industry-level data from the Survey of Occupational Injuries and Illnesses (SOII)
ISUTTU44419001131,2019,-,444190,Other building material dealers,0,"Rate of illness cases per 10,000 full-time workers (Size class 0)",1,Total recordable cases,131,"Private industry, Nebraska",Industry-level data from the Survey of Occupational Injuries and Illnesses (SOII)
ISUTTU44419001131,2018,-,444190,Other building material dealers,0,"Rate of illness cases per 10,000 full-time workers (Size class 0)",1,Total recordable cases,131,"Private industry, Nebraska",Industry-level data from the Survey of Occupational Injuries and Illnesses (SOII)
ISUTTU44419001131,2017,-,444190,Other building material dealers,0,"Rate of illness cases per 10,000 full-time workers (Size class 0)",1,Total recordable cases,131,"Private industry, Nebraska",Industry-level data from the Survey of Occupational Injuries and Illnesses (SOII)
ISUTTU44419001131,2016,-,444190,Other building material dealers,0,"Rate of illness cases per 10,000 full-time workers (Size class 0)",1,Total recordable cases,131,"Private industry, Nebraska",Industry-level data from the Survey of Occupational Injuries and Illnesses (SOII)
ISUTTU44419011131,2019,6.6,444190,Other building material dealers,1,Rate of injury cases per 100 full-time workers (Size class 0),1,Total recordable cases,131,"Private industry, Nebraska",Industry-level data from the Survey of Occupational Injuries and Illnesses (SOII)
ISUTTU44419011131,2018,11.3,444190,Other building material dealers,1,Rate of injury cases per 100 full-time workers (Size class 0),1,Total recordable cases,131,"Private industry, Nebraska",Industry-level data from the Survey of Occupational Injuries and Illnesses (SOII)
ISUTTU44419011131,2017,6.2,444190,Other building material dealers,1,Rate of injury cases per 100 full-time workers (Size class 0),1,Total recordable cases,131,"Private industry, Nebraska",Industry-level data from the Survey of Occupational Injuries and Illnesses (SOII)
ISUTTU44419011131,2016,5.8,444190,Other building material dealers,1,Rate of injury cases per 100 full-time workers (Size class 0),1,Total recordable cases,131,"Private industry, Nebraska",Industry-level data from the Survey of Occupational Injuries and Illnesses (SOII)
ISUTTU44419031131,2019,6.6,444190,Other building material dealers,3,Rate of injury and illness cases per 100 full-time workers (Size class 0),1,Total recordable cases,131,"Private industry, Nebraska",Industry-level data from the Survey of Occupational Injuries and Illnesses (SOII)
ISUTTU44419031131,2018,11.5,444190,Other building material dealers,3,Rate of injury and illness cases per 100 full-time workers (Size class 0),1,Total recordable cases,131,"Private industry, Nebraska",Industry-level data from the Survey of Occupational Injuries and Illnesses (SOII)
ISUTTU44419031131,2017,6.2,444190,Other building material dealers,3,Rate of injury and illness cases per 100 full-time workers (Size class 0),1,Total recordable cases,131,"Private industry, Nebraska",Industry-level data from the Survey of Occupational Injuries and Illnesses (SOII)
ISUTTU44419031131,2016,5.9,444190,Other building material dealers,3,Rate of injury and illness cases per 100 full-time workers (Size class 0),1,Total recordable cases,131,"Private industry, Nebraska",Industry-level data from the Survey of Occupational Injuries and Illnesses (SOII)
ISUTTU44419032131,2019,4.9,444190,Other building material dealers,3,Rate of injury and illness cases per 100 full-time workers (Size class 0),2,"Cases involving days away from work, job restriction, or transfer",131,"Private industry, Nebraska",Industry-level data from the Survey of Occupational Injuries and Illnesses (SOII)
ISUTTU44419032131,2018,10.1,444190,Other building material dealers,3,Rate of injury and illness cases per 100 full-time workers (Size class 0),2,"Cases involving days away from work, job restriction, or transfer",131,"Private industry, Nebraska",Industry-level data from the Survey of Occupational Injuries and Illnesses (SOII)
ISUTTU44419032131,2017,3.6,444190,Other building material dealers,3,Rate of injury and illness cases per 100 full-time workers (Size class 0),2,"Cases involving days away from work, job restriction, or transfer",131,"Private industry, Nebraska",Industry-level data from the Survey of Occupational Injuries and Illnesses (SOII)
ISUTTU44419032131,2016,4.3,444190,Other building material dealers,3,Rate of injury and illness cases per 100 full-time workers (Size class 0),2,"Cases involving days away from work, job restriction, or transfer",131,"Private industry, Nebraska",Industry-level data from the Survey of Occupational Injuries and Illnesses (SOII)
ISUTTU44419041131,2019,0,444190,Other building material dealers,4,Number of illness cases (thousands) (Size class 0),1,Total recordable cases,131,"Private industry, Nebraska",Industry-level data from the Survey of Occupational Injuries and Illnesses (SOII)
ISUTTU44419041131,2018,0,444190,Other building material dealers,4,Number of illness cases (thousands) (Size class 0),1,Total recordable cases,131,"Private industry, Nebraska",Industry-level data from the Survey of Occupational Injuries and Illnesses (SOII)
ISUTTU44419041131,2017,0,444190,Other building material dealers,4,Number of illness cases (thousands) (Size class 0),1,Total recordable cases,131,"Private industry, Nebraska",Industry-level data from the Survey of Occupational Injuries and Illnesses (SOII)
ISUTTU44419041131,2016,0,444190,Other building material dealers,4,Number of illness cases (thousands) (Size class 0),1,Total recordable cases,131,"Private industry, Nebraska",Industry-level data from the Survey of Occupational Injuries and Illnesses (SOII)
ISUTTU44419051131,2019,0.1,444190,Other building material dealers,5,Number of injury cases (thousands) (Size class 0),1,Total recordable cases,131,"Private industry, Nebraska",Industry-level data from the Survey of Occupational Injuries and Illnesses (SOII)
ISUTTU44419051131,2018,0.2,444190,Other building material dealers,5,Number of injury cases (thousands) (Size class 0),1,Total recordable cases,131,"Private industry, Nebraska",Industry-level data from the Survey of Occupational Injuries and Illnesses (SOII)
ISUTTU44419051131,2017,0.1,444190,Other building material dealers,5,Number of injury cases (thousands) (Size class 0),1,Total recordable cases,131,"Private industry, Nebraska",Industry-level data from the Survey of Occupational Injuries and Illnesses (SOII)
ISUTTU44419051131,2016,0.1,444190,Other building material dealers,5,Number of injury cases (thousands) (Size class 0),1,Total recordable cases,131,"Private industry, Nebraska",Industry-level data from the Survey of Occupational Injuries and Illnesses (SOII)
ISUTTU22100001831,2017,-,221000,Utilities,0,"Rate of illness cases per 10,000 full-time workers (Size class 0)",1,Total recordable cases,831,"Local government, Nebraska",Industry-level data from the Survey of Occupational Injuries and Illnesses (SOII)
ISUTTU22100001831,2016,-,221000,Utilities,0,"Rate of illness cases per 10,000 full-time workers (Size class 0)",1,Total recordable cases,831,"Local government, Nebraska",Industry-level data from the Survey of Occupational Injuries and Illnesses (SOII)
ISUTTU22100011831,2017,2.2,221000,Utilities,1,Rate of injury cases per 100 full-time workers (Size class 0),1,Total recordable cases,831,"Local government, Nebraska",Industry-level data from the Survey of Occupational Injuries and Illnesses (SOII)
ISUTTU22100011831,2016,1.9,221000,Utilities,1,Rate of injury cases per 100 full-time workers (Size class 0),1,Total recordable cases,831,"Local government, Nebraska",Industry-level data from the Survey of Occupational Injuries and Illnesses (SOII)
ISUTTU22100031831,2017,2.3,221000,Utilities,3,Rate of injury and illness cases per 100 full-time workers (Size class 0),1,Total recordable cases,831,"Local government, Nebraska",Industry-level data from the Survey of Occupational Injuries and Illnesses (SOII)
ISUTTU22100031831,2016,1.9,221000,Utilities,3,Rate of injury and illness cases per 100 full-time workers (Size class 0),1,Total recordable cases,831,"Local government, Nebraska",Industry-level data from the Survey of Occupational Injuries and Illnesses (SOII)
ISUTTU22100032831,2017,1,221000,Utilities,3,Rate of injury and illness cases per 100 full-time workers (Size class 0),2,"Cases involving days away from work, job restriction, or transfer",831,"Local government, Nebraska",Industry-level data from the Survey of Occupational Injuries and Illnesses (SOII)
ISUTTU22100032831,2016,1,221000,Utilities,3,Rate of injury and illness cases per 100 full-time workers (Size class 0),2,"Cases involving days away from work, job restriction, or transfer",831,"Local government, Nebraska",Industry-level data from the Survey of Occupational Injuries and Illnesses (SOII)
ISUTTU22100041831,2017,0,221000,Utilities,4,Number of illness cases (thousands) (Size class 0),1,Total recordable cases,831,"Local government, Nebraska",Industry-level data from the Survey of Occupational Injuries and Illnesses (SOII)
ISUTTU22100041831,2016,0,221000,Utilities,4,Number of illness cases (thousands) (Size class 0),1,Total recordable cases,831,"Local government, Nebraska",Industry-level data from the Survey of Occupational Injuries and Illnesses (SOII)
ISUTTU22100051831,2017,0.1,221000,Utilities,5,Number of injury cases (thousands) (Size class 0),1,Total recordable cases,831,"Local government, Nebraska",Industry-level data from the Survey of Occupational Injuries and Illnesses (SOII)
ISUTTU22100051831,2016,0.1,221000,Utilities,5,Number of injury cases (thousands) (Size class 0),1,Total recordable cases,831,"Local government, Nebraska",Industry-level data from the Survey of Occupational Injuries and Illnesses (SOII)
ISUTTU22130001831,2019,-,221300,"Water, sewage and other systems",0,"Rate of illness cases per 10,000 full-time workers (Size class 0)",1,Total recordable cases,831,"Local government, Nebraska",Industry-level data from the Survey of Occupational Injuries and Illnesses (SOII)
ISUTTU22130001831,2016,-,221300,"Water, sewage and other systems",0,"Rate of illness cases per 10,000 full-time workers (Size class 0)",1,Total recordable cases,831,"Local government, Nebraska",Industry-level data from the Survey of Occupational Injuries and Illnesses (SOII)
ISUTTU22130011831,2019,4,221300,"Water, sewage and other systems",1,Rate of injury cases per 100 full-time workers (Size class 0),1,Total recordable cases,831,"Local government, Nebraska",Industry-level data from the Survey of Occupational Injuries and Illnesses (SOII)
ISUTTU22130011831,2016,5.4,221300,"Water, sewage and other systems",1,Rate of injury cases per 100 full-time workers (Size class 0),1,Total recordable cases,831,"Local government, Nebraska",Industry-level data from the Survey of Occupational Injuries and Illnesses (SOII)
ISUTTU22130031831,2019,4,221300,"Water, sewage and other systems",3,Rate of injury and illness cases per 100 full-time workers (Size class 0),1,Total recordable cases,831,"Local government, Nebraska",Industry-level data from the Survey of Occupational Injuries and Illnesses (SOII)
ISUTTU22130031831,2016,5.4,221300,"Water, sewage and other systems",3,Rate of injury and illness cases per 100 full-time workers (Size class 0),1,Total recordable cases,831,"Local government, Nebraska",Industry-level data from the Survey of Occupational Injuries and Illnesses (SOII)
ISUTTU22130032831,2019,2.9,221300,"Water, sewage and other systems",3,Rate of injury and illness cases per 100 full-time workers (Size class 0),2,"Cases involving days away from work, job restriction, or transfer",831,"Local government, Nebraska",Industry-level data from the Survey of Occupational Injuries and Illnesses (SOII)
ISUTTU22130032831,2016,3.6,221300,"Water, sewage and other systems",3,Rate of injury and illness cases per 100 full-time workers (Size class 0),2,"Cases involving days away from work, job restriction, or transfer",831,"Local government, Nebraska",Industry-level data from the Survey of Occupational Injuries and Illnesses (SOII)
ISUTTU22130041831,2019,0,221300,"Water, sewage and other systems",4,Number of illness cases (thousands) (Size class 0),1,Total recordable cases,831,"Local government, Nebraska",Industry-level data from the Survey of Occupational Injuries and Illnesses (SOII)
ISUTTU22130041831,2016,0,221300,"Water, sewage and other systems",4,Number of illness cases (thousands) (Size class 0),1,Total recordable cases,831,"Local government, Nebraska",Industry-level data from the Survey of Occupational Injuries and Illnesses (SOII)
ISUTTU22130051831,2019,0,221300,"Water, sewage and other systems",5,Number of injury cases (thousands) (Size class 0),1,Total recordable cases,831,"Local government, Nebraska",Industry-level data from the Survey of Occupational Injuries and Illnesses (SOII)
ISUTTU22130051831,2016,0.1,221300,"Water, sewage and other systems",5,Number of injury cases (thousands) (Size class 0),1,Total recordable cases,831,"Local government, Nebraska",Industry-level data from the Survey of Occupational Injuries and Illnesses (SOII)
ISUTTU42300001131,2018,-,423000,"Merchant wholesalers, durable goods",0,"Rate of illness cases per 10,000 full-time workers (Size class 0)",1,Total recordable cases,131,"Private industry, Nebraska",Industry-level data from the Survey of Occupational Injuries and Illnesses (SOII)
ISUTTU42300011131,2020,3,423000,"Merchant wholesalers, durable goods",1,Rate of injury cases per 100 full-time workers (Size class 0),1,Total recordable cases,131,"Private industry, Nebraska",Industry-level data from the Survey of Occupational Injuries and Illnesses (SOII)
ISUTTU42300011131,2019,4,423000,"Merchant wholesalers, durable goods",1,Rate of injury cases per 100 full-time workers (Size class 0),1,Total recordable cases,131,"Private industry, Nebraska",Industry-level data from the Survey of Occupational Injuries and Illnesses (SOII)
ISUTTU42300011131,2018,3,423000,"Merchant wholesalers, durable goods",1,Rate of injury cases per 100 full-time workers (Size class 0),1,Total recordable cases,131,"Private industry, Nebraska",Industry-level data from the Survey of Occupational Injuries and Illnesses (SOII)
ISUTTU42300011131,2017,3.6,423000,"Merchant wholesalers, durable goods",1,Rate of injury cases per 100 full-time workers (Size class 0),1,Total recordable cases,131,"Private industry, Nebraska",Industry-level data from the Survey of Occupational Injuries and Illnesses (SOII)
ISUTTU42300011131,2016,3.7,423000,"Merchant wholesalers, durable goods",1,Rate of injury cases per 100 full-time workers (Size class 0),1,Total recordable cases,131,"Private industry, Nebraska",Industry-level data from the Survey of Occupational Injuries and Illnesses (SOII)
ISUTTU42300031131,2020,3.1,423000,"Merchant wholesalers, durable goods",3,Rate of injury and illness cases per 100 full-time workers (Size class 0),1,Total recordable cases,131,"Private industry, Nebraska",Industry-level data from the Survey of Occupational Injuries and Illnesses (SOII)
ISUTTU42300031131,2019,4,423000,"Merchant wholesalers, durable goods",3,Rate of injury and illness cases per 100 full-time workers (Size class 0),1,Total recordable cases,131,"Private industry, Nebraska",Industry-level data from the Survey of Occupational Injuries and Illnesses (SOII)
ISUTTU42300031131,2018,3,423000,"Merchant wholesalers, durable goods",3,Rate of injury and illness cases per 100 full-time workers (Size class 0),1,Total recordable cases,131,"Private industry, Nebraska",Industry-level data from the Survey of Occupational Injuries and Illnesses (SOII)
ISUTTU42300031131,2017,3.6,423000,"Merchant wholesalers, durable goods",3,Rate of injury and illness cases per 100 full-time workers (Size class 0),1,Total recordable cases,131,"Private industry, Nebraska",Industry-level data from the Survey of Occupational Injuries and Illnesses (SOII)
ISUTTU42300031131,2016,3.7,423000,"Merchant wholesalers, durable goods",3,Rate of injury and illness cases per 100 full-time workers (Size class 0),1,Total recordable cases,131,"Private industry, Nebraska",Industry-level data from the Survey of Occupational Injuries and Illnesses (SOII)
ISUTTU42300032131,2020,2.4,423000,"Merchant wholesalers, durable goods",3,Rate of injury and illness cases per 100 full-time workers (Size class 0),2,"Cases involving days away from work, job restriction, or transfer",131,"Private industry, Nebraska",Industry-level data from the Survey of Occupational Injuries and Illnesses (SOII)
ISUTTU42300032131,2019,2.3,423000,"Merchant wholesalers, durable goods",3,Rate of injury and illness cases per 100 full-time workers (Size class 0),2,"Cases involving days away from work, job restriction, or transfer",131,"Private industry, Nebraska",Industry-level data from the Survey of Occupational Injuries and Illnesses (SOII)
ISUTTU42300032131,2018,1.1,423000,"Merchant wholesalers, durable goods",3,Rate of injury and illness cases per 100 full-time workers (Size class 0),2,"Cases involving days away from work, job restriction, or transfer",131,"Private industry, Nebraska",Industry-level data from the Survey of Occupational Injuries and Illnesses (SOII)
ISUTTU42300032131,2017,1.6,423000,"Merchant wholesalers, durable goods",3,Rate of injury and illness cases per 100 full-time workers (Size class 0),2,"Cases involving days away from work, job restriction, or transfer",131,"Private industry, Nebraska",Industry-level data from the Survey of Occupational Injuries and Illnesses (SOII)
ISUTTU42300032131,2016,1.7,423000,"Merchant wholesalers, durable goods",3,Rate of injury and illness cases per 100 full-time workers (Size class 0),2,"Cases involving days away from work, job restriction, or transfer",131,"Private industry, Nebraska",Industry-level data from the Survey of Occupational Injuries and Illnesses (SOII)
ISUTTU42300041131,2018,0,423000,"Merchant wholesalers, durable goods",4,Number of illness cases (thousands) (Size class 0),1,Total recordable cases,131,"Private industry, Nebraska",Industry-level data from the Survey of Occupational Injuries and Illnesses (SOII)
ISUTTU42300051131,2020,0.6,423000,"Merchant wholesalers, durable goods",5,Number of injury cases (thousands) (Size class 0),1,Total recordable cases,131,"Private industry, Nebraska",Industry-level data from the Survey of Occupational Injuries and Illnesses (SOII)
ISUTTU42300051131,2019,0.8,423000,"Merchant wholesalers, durable goods",5,Number of injury cases (thousands) (Size class 0),1,Total recordable cases,131,"Private industry, Nebraska",Industry-level data from the Survey of Occupational Injuries and Illnesses (SOII)
ISUTTU42300051131,2018,0.6,423000,"Merchant wholesalers, durable goods",5,Number of injury cases (thousands) (Size class 0),1,Total recordable cases,131,"Private industry, Nebraska",Industry-level data from the Survey of Occupational Injuries and Illnesses (SOII)
ISUTTU42300051131,2017,0.7,423000,"Merchant wholesalers, durable goods",5,Number of injury cases (thousands) (Size class 0),1,Total recordable cases,131,"Private industry, Nebraska",Industry-level data from the Survey of Occupational Injuries and Illnesses (SOII)
ISUTTU42300051131,2016,0.7,423000,"Merchant wholesalers, durable goods",5,Number of injury cases (thousands) (Size class 0),1,Total recordable cases,131,"Private industry, Nebraska",Industry-level data from the Survey of Occupational Injuries and Illnesses (SOII)
ISUTTU42380001131,2019,-,423800,"Machinery, equipment, and supplies merchant wholesalers",0,"Rate of illness cases per 10,000 full-time workers (Size class 0)",1,Total recordable cases,131,"Private industry, Nebraska",Industry-level data from the Survey of Occupational Injuries and Illnesses (SOII)
ISUTTU42380001131,2018,-,423800,"Machinery, equipment, and supplies merchant wholesalers",0,"Rate of illness cases per 10,000 full-time workers (Size class 0)",1,Total recordable cases,131,"Private industry, Nebraska",Industry-level data from the Survey of Occupational Injuries and Illnesses (SOII)
ISUTTU42380011131,2019,2.3,423800,"Machinery, equipment, and supplies merchant wholesalers",1,Rate of injury cases per 100 full-time workers (Size class 0),1,Total recordable cases,131,"Private industry, Nebraska",Industry-level data from the Survey of Occupational Injuries and Illnesses (SOII)
ISUTTU42380011131,2018,3,423800,"Machinery, equipment, and supplies merchant wholesalers",1,Rate of injury cases per 100 full-time workers (Size class 0),1,Total recordable cases,131,"Private industry, Nebraska",Industry-level data from the Survey of Occupational Injuries and Illnesses (SOII)
ISUTTU42380011131,2017,4.5,423800,"Machinery, equipment, and supplies merchant wholesalers",1,Rate of injury cases per 100 full-time workers (Size class 0),1,Total recordable cases,131,"Private industry, Nebraska",Industry-level data from the Survey of Occupational Injuries and Illnesses (SOII)
ISUTTU42380011131,2016,3.2,423800,"Machinery, equipment, and supplies merchant wholesalers",1,Rate of injury cases per 100 full-time workers (Size class 0),1,Total recordable cases,131,"Private industry, Nebraska",Industry-level data from the Survey of Occupational Injuries and Illnesses (SOII)
ISUTTU42380031131,2019,2.3,423800,"Machinery, equipment, and supplies merchant wholesalers",3,Rate of injury and illness cases per 100 full-time workers (Size class 0),1,Total recordable cases,131,"Private industry, Nebraska",Industry-level data from the Survey of Occupational Injuries and Illnesses (SOII)
ISUTTU42380031131,2018,3,423800,"Machinery, equipment, and supplies merchant wholesalers",3,Rate of injury and illness cases per 100 full-time workers (Size class 0),1,Total recordable cases,131,"Private industry, Nebraska",Industry-level data from the Survey of Occupational Injuries and Illnesses (SOII)
ISUTTU42380031131,2017,4.6,423800,"Machinery, equipment, and supplies merchant wholesalers",3,Rate of injury and illness cases per 100 full-time workers (Size class 0),1,Total recordable cases,131,"Private industry, Nebraska",Industry-level data from the Survey of Occupational Injuries and Illnesses (SOII)
ISUTTU42380031131,2016,3.3,423800,"Machinery, equipment, and supplies merchant wholesalers",3,Rate of injury and illness cases per 100 full-time workers (Size class 0),1,Total recordable cases,131,"Private industry, Nebraska",Industry-level data from the Survey of Occupational Injuries and Illnesses (SOII)
ISUTTU42380032131,2019,0.9,423800,"Machinery, equipment, and supplies merchant wholesalers",3,Rate of injury and illness cases per 100 full-time workers (Size class 0),2,"Cases involving days away from work, job restriction, or transfer",131,"Private industry, Nebraska",Industry-level data from the Survey of Occupational Injuries and Illnesses (SOII)
ISUTTU42380032131,2018,1.7,423800,"Machinery, equipment, and supplies merchant wholesalers",3,Rate of injury and illness cases per 100 full-time workers (Size class 0),2,"Cases involving days away from work, job restriction, or transfer",131,"Private industry, Nebraska",Industry-level data from the Survey of Occupational Injuries and Illnesses (SOII)
ISUTTU42380032131,2017,1.9,423800,"Machinery, equipment, and supplies merchant wholesalers",3,Rate of injury and illness cases per 100 full-time workers (Size class 0),2,"Cases involving days away from work, job restriction, or transfer",131,"Private industry, Nebraska",Industry-level data from the Survey of Occupational Injuries and Illnesses (SOII)
ISUTTU42380032131,2016,1,423800,"Machinery, equipment, and supplies merchant wholesalers",3,Rate of injury and illness cases per 100 full-time workers (Size class 0),2,"Cases involving days away from work, job restriction, or transfer",131,"Private industry, Nebraska",Industry-level data from the Survey of Occupational Injuries and Illnesses (SOII)
ISUTTU42380041131,2019,0,423800,"Machinery, equipment, and supplies merchant wholesalers",4,Number of illness cases (thousands) (Size class 0),1,Total recordable cases,131,"Private industry, Nebraska",Industry-level data from the Survey of Occupational Injuries and Illnesses (SOII)
ISUTTU42380041131,2018,0,423800,"Machinery, equipment, and supplies merchant wholesalers",4,Number of illness cases (thousands) (Size class 0),1,Total recordable cases,131,"Private industry, Nebraska",Industry-level data from the Survey of Occupational Injuries and Illnesses (SOII)
ISUTTU42380051131,2019,0.2,423800,"Machinery, equipment, and supplies merchant wholesalers",5,Number of injury cases (thousands) (Size class 0),1,Total recordable cases,131,"Private industry, Nebraska",Industry-level data from the Survey of Occupational Injuries and Illnesses (SOII)
ISUTTU42380051131,2018,0.2,423800,"Machinery, equipment, and supplies merchant wholesalers",5,Number of injury cases (thousands) (Size class 0),1,Total recordable cases,131,"Private industry, Nebraska",Industry-level data from the Survey of Occupational Injuries and Illnesses (SOII)
ISUTTU42380051131,2017,0.3,423800,"Machinery, equipment, and supplies merchant wholesalers",5,Number of injury cases (thousands) (Size class 0),1,Total recordable cases,131,"Private industry, Nebraska",Industry-level data from the Survey of Occupational Injuries and Illnesses (SOII)
ISUTTU42380051131,2016,0.2,423800,"Machinery, equipment, and supplies merchant wholesalers",5,Number of injury cases (thousands) (Size class 0),1,Total recordable cases,131,"Private industry, Nebraska",Industry-level data from the Survey of Occupational Injuries and Illnesses (SOII)
ISUTTU42400001131,2018,11.5,424000,"Merchant wholesalers, nondurable goods",0,"Rate of illness cases per 10,000 full-time workers (Size class 0)",1,Total recordable cases,131,"Private industry, Nebraska",Industry-level data from the Survey of Occupational Injuries and Illnesses (SOII)
ISUTTU42400001131,2016,-,424000,"Merchant wholesalers, nondurable goods",0,"Rate of illness cases per 10,000 full-time workers (Size class 0)",1,Total recordable cases,131,"Private industry, Nebraska",Industry-level data from the Survey of Occupational Injuries and Illnesses (SOII)
ISUTTU42400011131,2019,2.6,424000,"Merchant wholesalers, nondurable goods",1,Rate of injury cases per 100 full-time workers (Size class 0),1,Total recordable cases,131,"Private industry, Nebraska",Industry-level data from the Survey of Occupational Injuries and Illnesses (SOII)
ISUTTU42400011131,2018,3.2,424000,"Merchant wholesalers, nondurable goods",1,Rate of injury cases per 100 full-time workers (Size class 0),1,Total recordable cases,131,"Private industry, Nebraska",Industry-level data from the Survey of Occupational Injuries and Illnesses (SOII)
ISUTTU42400011131,2017,4.8,424000,"Merchant wholesalers, nondurable goods",1,Rate of injury cases per 100 full-time workers (Size class 0),1,Total recordable cases,131,"Private industry, Nebraska",Industry-level data from the Survey of Occupational Injuries and Illnesses (SOII)
ISUTTU42400011131,2016,4.5,424000,"Merchant wholesalers, nondurable goods",1,Rate of injury cases per 100 full-time workers (Size class 0),1,Total recordable cases,131,"Private industry, Nebraska",Industry-level data from the Survey of Occupational Injuries and Illnesses (SOII)
ISUTTU42400031131,2019,2.7,424000,"Merchant wholesalers, nondurable goods",3,Rate of injury and illness cases per 100 full-time workers (Size class 0),1,Total recordable cases,131,"Private industry, Nebraska",Industry-level data from the Survey of Occupational Injuries and Illnesses (SOII)
ISUTTU42400031131,2018,3.3,424000,"Merchant wholesalers, nondurable goods",3,Rate of injury and illness cases per 100 full-time workers (Size class 0),1,Total recordable cases,131,"Private industry, Nebraska",Industry-level data from the Survey of Occupational Injuries and Illnesses (SOII)
ISUTTU42400031131,2017,4.9,424000,"Merchant wholesalers, nondurable goods",3,Rate of injury and illness cases per 100 full-time workers (Size class 0),1,Total recordable cases,131,"Private industry, Nebraska",Industry-level data from the Survey of Occupational Injuries and Illnesses (SOII)
ISUTTU42400031131,2016,4.5,424000,"Merchant wholesalers, nondurable goods",3,Rate of injury and illness cases per 100 full-time workers (Size class 0),1,Total recordable cases,131,"Private industry, Nebraska",Industry-level data from the Survey of Occupational Injuries and Illnesses (SOII)
ISUTTU42400032131,2019,2,424000,"Merchant wholesalers, nondurable goods",3,Rate of injury and illness cases per 100 full-time workers (Size class 0),2,"Cases involving days away from work, job restriction, or transfer",131,"Private industry, Nebraska",Industry-level data from the Survey of Occupational Injuries and Illnesses (SOII)
ISUTTU42400032131,2018,2.1,424000,"Merchant wholesalers, nondurable goods",3,Rate of injury and illness cases per 100 full-time workers (Size class 0),2,"Cases involving days away from work, job restriction, or transfer",131,"Private industry, Nebraska",Industry-level data from the Survey of Occupational Injuries and Illnesses (SOII)
ISUTTU42400032131,2017,3.1,424000,"Merchant wholesalers, nondurable goods",3,Rate of injury and illness cases per 100 full-time workers (Size class 0),2,"Cases involving days away from work, job restriction, or transfer",131,"Private industry, Nebraska",Industry-level data from the Survey of Occupational Injuries and Illnesses (SOII)
ISUTTU42400032131,2016,2.6,424000,"Merchant wholesalers, nondurable goods",3,Rate of injury and illness cases per 100 full-time workers (Size class 0),2,"Cases involving days away from work, job restriction, or transfer",131,"Private industry, Nebraska",Industry-level data from the Survey of Occupational Injuries and Illnesses (SOII)
ISUTTU42400041131,2018,0,424000,"Merchant wholesalers, nondurable goods",4,Number of illness cases (thousands) (Size class 0),1,Total recordable cases,131,"Private industry, Nebraska",Industry-level data from the Survey of Occupational Injuries and Illnesses (SOII)
ISUTTU42400041131,2016,0,424000,"Merchant wholesalers, nondurable goods",4,Number of illness cases (thousands) (Size class 0),1,Total recordable cases,131,"Private industry, Nebraska",Industry-level data from the Survey of Occupational Injuries and Illnesses (SOII)
ISUTTU42400051131,2019,0.4,424000,"Merchant wholesalers, nondurable goods",5,Number of injury cases (thousands) (Size class 0),1,Total recordable cases,131,"Private industry, Nebraska",Industry-level data from the Survey of Occupational Injuries and Illnesses (SOII)
ISUTTU42400051131,2018,0.6,424000,"Merchant wholesalers, nondurable goods",5,Number of injury cases (thousands) (Size class 0),1,Total recordable cases,131,"Private industry, Nebraska",Industry-level data from the Survey of Occupational Injuries and Illnesses (SOII)
ISUTTU42400051131,2017,0.8,424000,"Merchant wholesalers, nondurable goods",5,Number of injury cases (thousands) (Size class 0),1,Total recordable cases,131,"Private industry, Nebraska",Industry-level data from the Survey of Occupational Injuries and Illnesses (SOII)
ISUTTU42400051131,2016,0.8,424000,"Merchant wholesalers, nondurable goods",5,Number of injury cases (thousands) (Size class 0),1,Total recordable cases,131,"Private industry, Nebraska",Industry-level data from the Survey of Occupational Injuries and Illnesses (SOII)
ISUTTU42440001131,2018,-,424400,Grocery and related product merchant wholesalers,0,"Rate of illness cases per 10,000 full-time workers (Size class 0)",1,Total recordable cases,131,"Private industry, Nebraska",Industry-level data from the Survey of Occupational Injuries and Illnesses (SOII)
ISUTTU42440001131,2017,-,424400,Grocery and related product merchant wholesalers,0,"Rate of illness cases per 10,000 full-time workers (Size class 0)",1,Total recordable cases,131,"Private industry, Nebraska",Industry-level data from the Survey of Occupational Injuries and Illnesses (SOII)
ISUTTU42440011131,2018,5.9,424400,Grocery and related product merchant wholesalers,1,Rate of injury cases per 100 full-time workers (Size class 0),1,Total recordable cases,131,"Private industry, Nebraska",Industry-level data from the Survey of Occupational Injuries and Illnesses (SOII)
ISUTTU42440011131,2017,6.2,424400,Grocery and related product merchant wholesalers,1,Rate of injury cases per 100 full-time workers (Size class 0),1,Total recordable cases,131,"Private industry, Nebraska",Industry-level data from the Survey of Occupational Injuries and Illnesses (SOII)
ISUTTU42440031131,2018,6.3,424400,Grocery and related product merchant wholesalers,3,Rate of injury and illness cases per 100 full-time workers (Size class 0),1,Total recordable cases,131,"Private industry, Nebraska",Industry-level data from the Survey of Occupational Injuries and Illnesses (SOII)
ISUTTU42440031131,2017,6.2,424400,Grocery and related product merchant wholesalers,3,Rate of injury and illness cases per 100 full-time workers (Size class 0),1,Total recordable cases,131,"Private industry, Nebraska",Industry-level data from the Survey of Occupational Injuries and Illnesses (SOII)
ISUTTU42440032131,2018,4.5,424400,Grocery and related product merchant wholesalers,3,Rate of injury and illness cases per 100 full-time workers (Size class 0),2,"Cases involving days away from work, job restriction, or transfer",131,"Private industry, Nebraska",Industry-level data from the Survey of Occupational Injuries and Illnesses (SOII)
ISUTTU42440032131,2017,4.8,424400,Grocery and related product merchant wholesalers,3,Rate of injury and illness cases per 100 full-time workers (Size class 0),2,"Cases involving days away from work, job restriction, or transfer",131,"Private industry, Nebraska",Industry-level data from the Survey of Occupational Injuries and Illnesses (SOII)
ISUTTU42440041131,2018,0,424400,Grocery and related product merchant wholesalers,4,Number of illness cases (thousands) (Size class 0),1,Total recordable cases,131,"Private industry, Nebraska",Industry-level data from the Survey of Occupational Injuries and Illnesses (SOII)
ISUTTU42440041131,2017,0,424400,Grocery and related product merchant wholesalers,4,Number of illness cases (thousands) (Size class 0),1,Total recordable cases,131,"Private industry, Nebraska",Industry-level data from the Survey of Occupational Injuries and Illnesses (SOII)
ISUTTU42440051131,2018,0.2,424400,Grocery and related product merchant wholesalers,5,Number of injury cases (thousands) (Size class 0),1,Total recordable cases,131,"Private industry, Nebraska",Industry-level data from the Survey of Occupational Injuries and Illnesses (SOII)
ISUTTU42440051131,2017,0.2,424400,Grocery and related product merchant wholesalers,5,Number of injury cases (thousands) (Size class 0),1,Total recordable cases,131,"Private industry, Nebraska",Industry-level data from the Survey of Occupational Injuries and Illnesses (SOII)
ISUTTU42450001131,2018,-,424500,Farm product raw material merchant wholesalers,0,"Rate of illness cases per 10,000 full-time workers (Size class 0)",1,Total recordable cases,131,"Private industry, Nebraska",Industry-level data from the Survey of Occupational Injuries and Illnesses (SOII)
ISUTTU42450011131,2018,4.6,424500,Farm product raw material merchant wholesalers,1,Rate of injury cases per 100 full-time workers (Size class 0),1,Total recordable cases,131,"Private industry, Nebraska",Industry-level data from the Survey of Occupational Injuries and Illnesses (SOII)
ISUTTU42450031131,2018,4.7,424500,Farm product raw material merchant wholesalers,3,Rate of injury and illness cases per 100 full-time workers (Size class 0),1,Total recordable cases,131,"Private industry, Nebraska",Industry-level data from the Survey of Occupational Injuries and Illnesses (SOII)
ISUTTU42450032131,2018,3.3,424500,Farm product raw material merchant wholesalers,3,Rate of injury and illness cases per 100 full-time workers (Size class 0),2,"Cases involving days away from work, job restriction, or transfer",131,"Private industry, Nebraska",Industry-level data from the Survey of Occupational Injuries and Illnesses (SOII)
ISUTTU42450041131,2018,0,424500,Farm product raw material merchant wholesalers,4,Number of illness cases (thousands) (Size class 0),1,Total recordable cases,131,"Private industry, Nebraska",Industry-level data from the Survey of Occupational Injuries and Illnesses (SOII)
ISUTTU42450051131,2018,0.2,424500,Farm product raw material merchant wholesalers,5,Number of injury cases (thousands) (Size class 0),1,Total recordable cases,131,"Private industry, Nebraska",Industry-level data from the Survey of Occupational Injuries and Illnesses (SOII)
ISUTTU42490001131,2016,-,424900,Miscellaneous nondurable goods merchant wholesalers,0,"Rate of illness cases per 10,000 full-time workers (Size class 0)",1,Total recordable cases,131,"Private industry, Nebraska",Industry-level data from the Survey of Occupational Injuries and Illnesses (SOII)
ISUTTU42490011131,2020,5.1,424900,Miscellaneous nondurable goods merchant wholesalers,1,Rate of injury cases per 100 full-time workers (Size class 0),1,Total recordable cases,131,"Private industry, Nebraska",Industry-level data from the Survey of Occupational Injuries and Illnesses (SOII)
ISUTTU42490011131,2016,3.1,424900,Miscellaneous nondurable goods merchant wholesalers,1,Rate of injury cases per 100 full-time workers (Size class 0),1,Total recordable cases,131,"Private industry, Nebraska",Industry-level data from the Survey of Occupational Injuries and Illnesses (SOII)
ISUTTU42490031131,2020,5.1,424900,Miscellaneous nondurable goods merchant wholesalers,3,Rate of injury and illness cases per 100 full-time workers (Size class 0),1,Total recordable cases,131,"Private industry, Nebraska",Industry-level data from the Survey of Occupational Injuries and Illnesses (SOII)
ISUTTU42490031131,2016,3.1,424900,Miscellaneous nondurable goods merchant wholesalers,3,Rate of injury and illness cases per 100 full-time workers (Size class 0),1,Total recordable cases,131,"Private industry, Nebraska",Industry-level data from the Survey of Occupational Injuries and Illnesses (SOII)
ISUTTU42490032131,2020,1.1,424900,Miscellaneous nondurable goods merchant wholesalers,3,Rate of injury and illness cases per 100 full-time workers (Size class 0),2,"Cases involving days away from work, job restriction, or transfer",131,"Private industry, Nebraska",Industry-level data from the Survey of Occupational Injuries and Illnesses (SOII)
ISUTTU42490032131,2016,0.4,424900,Miscellaneous nondurable goods merchant wholesalers,3,Rate of injury and illness cases per 100 full-time workers (Size class 0),2,"Cases involving days away from work, job restriction, or transfer",131,"Private industry, Nebraska",Industry-level data from the Survey of Occupational Injuries and Illnesses (SOII)
ISUTTU42490041131,2016,0,424900,Miscellaneous nondurable goods merchant wholesalers,4,Number of illness cases (thousands) (Size class 0),1,Total recordable cases,131,"Private industry, Nebraska",Industry-level data from the Survey of Occupational Injuries and Illnesses (SOII)
ISUTTU42490051131,2020,0.3,424900,Miscellaneous nondurable goods merchant wholesalers,5,Number of injury cases (thousands) (Size class 0),1,Total recordable cases,131,"Private industry, Nebraska",Industry-level data from the Survey of Occupational Injuries and Illnesses (SOII)
ISUTTU42490051131,2016,0.2,424900,Miscellaneous nondurable goods merchant wholesalers,5,Number of injury cases (thousands) (Size class 0),1,Total recordable cases,131,"Private industry, Nebraska",Industry-level data from the Survey of Occupational Injuries and Illnesses (SOII)
ISUPBS56170001131,2019,-,561700,Services to buildings and dwellings,0,"Rate of illness cases per 10,000 full-time workers (Size class 0)",1,Total recordable cases,131,"Private industry, Nebraska",Industry-level data from the Survey of Occupational Injuries and Illnesses (SOII)
ISUPBS56170001131,2018,-,561700,Services to buildings and dwellings,0,"Rate of illness cases per 10,000 full-time workers (Size class 0)",1,Total recordable cases,131,"Private industry, Nebraska",Industry-level data from the Survey of Occupational Injuries and Illnesses (SOII)
ISUPBS56170001131,2017,-,561700,Services to buildings and dwellings,0,"Rate of illness cases per 10,000 full-time workers (Size class 0)",1,Total recordable cases,131,"Private industry, Nebraska",Industry-level data from the Survey of Occupational Injuries and Illnesses (SOII)
ISUPBS56170001131,2016,-,561700,Services to buildings and dwellings,0,"Rate of illness cases per 10,000 full-time workers (Size class 0)",1,Total recordable cases,131,"Private industry, Nebraska",Industry-level data from the Survey of Occupational Injuries and Illnesses (SOII)
ISUPBS56170011131,2020,1.4,561700,Services to buildings and dwellings,1,Rate of injury cases per 100 full-time workers (Size class 0),1,Total recordable cases,131,"Private industry, Nebraska",Industry-level data from the Survey of Occupational Injuries and Illnesses (SOII)
ISUPBS56170011131,2019,2,561700,Services to buildings and dwellings,1,Rate of injury cases per 100 full-time workers (Size class 0),1,Total recordable cases,131,"Private industry, Nebraska",Industry-level data from the Survey of Occupational Injuries and Illnesses (SOII)
ISUPBS56170011131,2018,3.4,561700,Services to buildings and dwellings,1,Rate of injury cases per 100 full-time workers (Size class 0),1,Total recordable cases,131,"Private industry, Nebraska",Industry-level data from the Survey of Occupational Injuries and Illnesses (SOII)
ISUPBS56170011131,2017,4.1,561700,Services to buildings and dwellings,1,Rate of injury cases per 100 full-time workers (Size class 0),1,Total recordable cases,131,"Private industry, Nebraska",Industry-level data from the Survey of Occupational Injuries and Illnesses (SOII)
ISUPBS56170011131,2016,4.1,561700,Services to buildings and dwellings,1,Rate of injury cases per 100 full-time workers (Size class 0),1,Total recordable cases,131,"Private industry, Nebraska",Industry-level data from the Survey of Occupational Injuries and Illnesses (SOII)
ISUPBS56170031131,2020,1.5,561700,Services to buildings and dwellings,3,Rate of injury and illness cases per 100 full-time workers (Size class 0),1,Total recordable cases,131,"Private industry, Nebraska",Industry-level data from the Survey of Occupational Injuries and Illnesses (SOII)
ISUPBS56170031131,2019,2.1,561700,Services to buildings and dwellings,3,Rate of injury and illness cases per 100 full-time workers (Size class 0),1,Total recordable cases,131,"Private industry, Nebraska",Industry-level data from the Survey of Occupational Injuries and Illnesses (SOII)
ISUPBS56170031131,2018,3.4,561700,Services to buildings and dwellings,3,Rate of injury and illness cases per 100 full-time workers (Size class 0),1,Total recordable cases,131,"Private industry, Nebraska",Industry-level data from the Survey of Occupational Injuries and Illnesses (SOII)
ISUPBS56170031131,2017,4.2,561700,Services to buildings and dwellings,3,Rate of injury and illness cases per 100 full-time workers (Size class 0),1,Total recordable cases,131,"Private industry, Nebraska",Industry-level data from the Survey of Occupational Injuries and Illnesses (SOII)
ISUPBS56170031131,2016,4.2,561700,Services to buildings and dwellings,3,Rate of injury and illness cases per 100 full-time workers (Size class 0),1,Total recordable cases,131,"Private industry, Nebraska",Industry-level data from the Survey of Occupational Injuries and Illnesses (SOII)
ISUPBS56170032131,2020,1,561700,Services to buildings and dwellings,3,Rate of injury and illness cases per 100 full-time workers (Size class 0),2,"Cases involving days away from work, job restriction, or transfer",131,"Private industry, Nebraska",Industry-level data from the Survey of Occupational Injuries and Illnesses (SOII)
ISUPBS56170032131,2019,1.6,561700,Services to buildings and dwellings,3,Rate of injury and illness cases per 100 full-time workers (Size class 0),2,"Cases involving days away from work, job restriction, or transfer",131,"Private industry, Nebraska",Industry-level data from the Survey of Occupational Injuries and Illnesses (SOII)
ISUPBS56170032131,2018,1.8,561700,Services to buildings and dwellings,3,Rate of injury and illness cases per 100 full-time workers (Size class 0),2,"Cases involving days away from work, job restriction, or transfer",131,"Private industry, Nebraska",Industry-level data from the Survey of Occupational Injuries and Illnesses (SOII)
ISUPBS56170032131,2017,2,561700,Services to buildings and dwellings,3,Rate of injury and illness cases per 100 full-time workers (Size class 0),2,"Cases involving days away from work, job restriction, or transfer",131,"Private industry, Nebraska",Industry-level data from the Survey of Occupational Injuries and Illnesses (SOII)
ISUPBS56170032131,2016,2.2,561700,Services to buildings and dwellings,3,Rate of injury and illness cases per 100 full-time workers (Size class 0),2,"Cases involving days away from work, job restriction, or transfer",131,"Private industry, Nebraska",Industry-level data from the Survey of Occupational Injuries and Illnesses (SOII)
ISUPBS56170041131,2019,0,561700,Services to buildings and dwellings,4,Number of illness cases (thousands) (Size class 0),1,Total recordable cases,131,"Private industry, Nebraska",Industry-level data from the Survey of Occupational Injuries and Illnesses (SOII)
ISUPBS56170041131,2018,0,561700,Services to buildings and dwellings,4,Number of illness cases (thousands) (Size class 0),1,Total recordable cases,131,"Private industry, Nebraska",Industry-level data from the Survey of Occupational Injuries and Illnesses (SOII)
ISUPBS56170041131,2017,0,561700,Services to buildings and dwellings,4,Number of illness cases (thousands) (Size class 0),1,Total recordable cases,131,"Private industry, Nebraska",Industry-level data from the Survey of Occupational Injuries and Illnesses (SOII)
ISUPBS56170041131,2016,0,561700,Services to buildings and dwellings,4,Number of illness cases (thousands) (Size class 0),1,Total recordable cases,131,"Private industry, Nebraska",Industry-level data from the Survey of Occupational Injuries and Illnesses (SOII)
ISUPBS56170051131,2020,0.2,561700,Services to buildings and dwellings,5,Number of injury cases (thousands) (Size class 0),1,Total recordable cases,131,"Private industry, Nebraska",Industry-level data from the Survey of Occupational Injuries and Illnesses (SOII)
ISUPBS56170051131,2019,0.2,561700,Services to buildings and dwellings,5,Number of injury cases (thousands) (Size class 0),1,Total recordable cases,131,"Private industry, Nebraska",Industry-level data from the Survey of Occupational Injuries and Illnesses (SOII)
ISUPBS56170051131,2018,0.3,561700,Services to buildings and dwellings,5,Number of injury cases (thousands) (Size class 0),1,Total recordable cases,131,"Private industry, Nebraska",Industry-level data from the Survey of Occupational Injuries and Illnesses (SOII)
ISUPBS56170051131,2017,0.4,561700,Services to buildings and dwellings,5,Number of injury cases (thousands) (Size class 0),1,Total recordable cases,131,"Private industry, Nebraska",Industry-level data from the Survey of Occupational Injuries and Illnesses (SOII)
ISUPBS56170051131,2016,0.4,561700,Services to buildings and dwellings,5,Number of injury cases (thousands) (Size class 0),1,Total recordable cases,131,"Private industry, Nebraska",Industry-level data from the Survey of Occupational Injuries and Illnesses (SOII)
ISUPBS56200001131,2019,-,562000,Waste management and remediation services,0,"Rate of illness cases per 10,000 full-time workers (Size class 0)",1,Total recordable cases,131,"Private industry, Nebraska",Industry-level data from the Survey of Occupational Injuries and Illnesses (SOII)
ISUPBS56200001131,2018,-,562000,Waste management and remediation services,0,"Rate of illness cases per 10,000 full-time workers (Size class 0)",1,Total recordable cases,131,"Private industry, Nebraska",Industry-level data from the Survey of Occupational Injuries and Illnesses (SOII)
ISUPBS56200001131,2017,-,562000,Waste management and remediation services,0,"Rate of illness cases per 10,000 full-time workers (Size class 0)",1,Total recordable cases,131,"Private industry, Nebraska",Industry-level data from the Survey of Occupational Injuries and Illnesses (SOII)
ISUPBS56200001131,2016,-,562000,Waste management and remediation services,0,"Rate of illness cases per 10,000 full-time workers (Size class 0)",1,Total recordable cases,131,"Private industry, Nebraska",Industry-level data from the Survey of Occupational Injuries and Illnesses (SOII)
ISUPBS56200011131,2019,3.5,562000,Waste management and remediation services,1,Rate of injury cases per 100 full-time workers (Size class 0),1,Total recordable cases,131,"Private industry, Nebraska",Industry-level data from the Survey of Occupational Injuries and Illnesses (SOII)
ISUPBS56200011131,2018,4.1,562000,Waste management and remediation services,1,Rate of injury cases per 100 full-time workers (Size class 0),1,Total recordable cases,131,"Private industry, Nebraska",Industry-level data from the Survey of Occupational Injuries and Illnesses (SOII)
ISUPBS56200011131,2017,2,562000,Waste management and remediation services,1,Rate of injury cases per 100 full-time workers (Size class 0),1,Total recordable cases,131,"Private industry, Nebraska",Industry-level data from the Survey of Occupational Injuries and Illnesses (SOII)
ISUPBS56200011131,2016,2.7,562000,Waste management and remediation services,1,Rate of injury cases per 100 full-time workers (Size class 0),1,Total recordable cases,131,"Private industry, Nebraska",Industry-level data from the Survey of Occupational Injuries and Illnesses (SOII)
ISUPBS56200031131,2019,3.5,562000,Waste management and remediation services,3,Rate of injury and illness cases per 100 full-time workers (Size class 0),1,Total recordable cases,131,"Private industry, Nebraska",Industry-level data from the Survey of Occupational Injuries and Illnesses (SOII)
ISUPBS56200031131,2018,4.1,562000,Waste management and remediation services,3,Rate of injury and illness cases per 100 full-time workers (Size class 0),1,Total recordable cases,131,"Private industry, Nebraska",Industry-level data from the Survey of Occupational Injuries and Illnesses (SOII)
ISUPBS56200031131,2017,2,562000,Waste management and remediation services,3,Rate of injury and illness cases per 100 full-time workers (Size class 0),1,Total recordable cases,131,"Private industry, Nebraska",Industry-level data from the Survey of Occupational Injuries and Illnesses (SOII)
ISUPBS56200031131,2016,2.7,562000,Waste management and remediation services,3,Rate of injury and illness cases per 100 full-time workers (Size class 0),1,Total recordable cases,131,"Private industry, Nebraska",Industry-level data from the Survey of Occupational Injuries and Illnesses (SOII)
ISUPBS56200032131,2019,1.9,562000,Waste management and remediation services,3,Rate of injury and illness cases per 100 full-time workers (Size class 0),2,"Cases involving days away from work, job restriction, or transfer",131,"Private industry, Nebraska",Industry-level data from the Survey of Occupational Injuries and Illnesses (SOII)
ISUPBS56200032131,2018,2.6,562000,Waste management and remediation services,3,Rate of injury and illness cases per 100 full-time workers (Size class 0),2,"Cases involving days away from work, job restriction, or transfer",131,"Private industry, Nebraska",Industry-level data from the Survey of Occupational Injuries and Illnesses (SOII)
ISUPBS56200032131,2017,2,562000,Waste management and remediation services,3,Rate of injury and illness cases per 100 full-time workers (Size class 0),2,"Cases involving days away from work, job restriction, or transfer",131,"Private industry, Nebraska",Industry-level data from the Survey of Occupational Injuries and Illnesses (SOII)
ISUPBS56200032131,2016,1.6,562000,Waste management and remediation services,3,Rate of injury and illness cases per 100 full-time workers (Size class 0),2,"Cases involving days away from work, job restriction, or transfer",131,"Private industry, Nebraska",Industry-level data from the Survey of Occupational Injuries and Illnesses (SOII)
ISUPBS56200041131,2019,0,562000,Waste management and remediation services,4,Number of illness cases (thousands) (Size class 0),1,Total recordable cases,131,"Private industry, Nebraska",Industry-level data from the Survey of Occupational Injuries and Illnesses (SOII)
ISUPBS56200041131,2018,0,562000,Waste management and remediation services,4,Number of illness cases (thousands) (Size class 0),1,Total recordable cases,131,"Private industry, Nebraska",Industry-level data from the Survey of Occupational Injuries and Illnesses (SOII)
ISUPBS56200041131,2017,0,562000,Waste management and remediation services,4,Number of illness cases (thousands) (Size class 0),1,Total recordable cases,131,"Private industry, Nebraska",Industry-level data from the Survey of Occupational Injuries and Illnesses (SOII)
ISUPBS56200041131,2016,0,562000,Waste management and remediation services,4,Number of illness cases (thousands) (Size class 0),1,Total recordable cases,131,"Private industry, Nebraska",Industry-level data from the Survey of Occupational Injuries and Illnesses (SOII)
ISUPBS56200051131,2019,0.1,562000,Waste management and remediation services,5,Number of injury cases (thousands) (Size class 0),1,Total recordable cases,131,"Private industry, Nebraska",Industry-level data from the Survey of Occupational Injuries and Illnesses (SOII)
ISUPBS56200051131,2018,0.1,562000,Waste management and remediation services,5,Number of injury cases (thousands) (Size class 0),1,Total recordable cases,131,"Private industry, Nebraska",Industry-level data from the Survey of Occupational Injuries and Illnesses (SOII)
ISUPBS56200051131,2017,0.1,562000,Waste management and remediation services,5,Number of injury cases (thousands) (Size class 0),1,Total recordable cases,131,"Private industry, Nebraska",Industry-level data from the Survey of Occupational Injuries and Illnesses (SOII)
ISUPBS56200051131,2016,0.1,562000,Waste management and remediation services,5,Number of injury cases (thousands) (Size class 0),1,Total recordable cases,131,"Private industry, Nebraska",Industry-level data from the Survey of Occupational Injuries and Illnesses (SOII)
ISUPBSSP1PBS01131,2020,12.1,SP1PBS,Professional and business services,0,"Rate of illness cases per 10,000 full-time workers (Size class 0)",1,Total recordable cases,131,"Private industry, Nebraska",Industry-level data from the Survey of Occupational Injuries and Illnesses (SOII)
ISUPBSSP1PBS01131,2018,6.2,SP1PBS,Professional and business services,0,"Rate of illness cases per 10,000 full-time workers (Size class 0)",1,Total recordable cases,131,"Private industry, Nebraska",Industry-level data from the Survey of Occupational Injuries and Illnesses (SOII)
ISUPBSSP1PBS01131,2017,1.9,SP1PBS,Professional and business services,0,"Rate of illness cases per 10,000 full-time workers (Size class 0)",1,Total recordable cases,131,"Private industry, Nebraska",Industry-level data from the Survey of Occupational Injuries and Illnesses (SOII)
ISUPBSSP1PBS11131,2020,0.7,SP1PBS,Professional and business services,1,Rate of injury cases per 100 full-time workers (Size class 0),1,Total recordable cases,131,"Private industry, Nebraska",Industry-level data from the Survey of Occupational Injuries and Illnesses (SOII)
ISUPBSSP1PBS11131,2019,1.3,SP1PBS,Professional and business services,1,Rate of injury cases per 100 full-time workers (Size class 0),1,Total recordable cases,131,"Private industry, Nebraska",Industry-level data from the Survey of Occupational Injuries and Illnesses (SOII)
ISUPBSSP1PBS11131,2018,1.6,SP1PBS,Professional and business services,1,Rate of injury cases per 100 full-time workers (Size class 0),1,Total recordable cases,131,"Private industry, Nebraska",Industry-level data from the Survey of Occupational Injuries and Illnesses (SOII)
ISUPBSSP1PBS11131,2017,1.5,SP1PBS,Professional and business services,1,Rate of injury cases per 100 full-time workers (Size class 0),1,Total recordable cases,131,"Private industry, Nebraska",Industry-level data from the Survey of Occupational Injuries and Illnesses (SOII)
ISUPBSSP1PBS11131,2016,1.8,SP1PBS,Professional and business services,1,Rate of injury cases per 100 full-time workers (Size class 0),1,Total recordable cases,131,"Private industry, Nebraska",Industry-level data from the Survey of Occupational Injuries and Illnesses (SOII)
ISUPBSSP1PBS31131,2020,0.9,SP1PBS,Professional and business services,3,Rate of injury and illness cases per 100 full-time workers (Size class 0),1,Total recordable cases,131,"Private industry, Nebraska",Industry-level data from the Survey of Occupational Injuries and Illnesses (SOII)
ISUPBSSP1PBS31131,2019,1.4,SP1PBS,Professional and business services,3,Rate of injury and illness cases per 100 full-time workers (Size class 0),1,Total recordable cases,131,"Private industry, Nebraska",Industry-level data from the Survey of Occupational Injuries and Illnesses (SOII)
ISUPBSSP1PBS31131,2018,1.7,SP1PBS,Professional and business services,3,Rate of injury and illness cases per 100 full-time workers (Size class 0),1,Total recordable cases,131,"Private industry, Nebraska",Industry-level data from the Survey of Occupational Injuries and Illnesses (SOII)
ISUPBSSP1PBS31131,2017,1.5,SP1PBS,Professional and business services,3,Rate of injury and illness cases per 100 full-time workers (Size class 0),1,Total recordable cases,131,"Private industry, Nebraska",Industry-level data from the Survey of Occupational Injuries and Illnesses (SOII)
ISUPBSSP1PBS31131,2016,2.1,SP1PBS,Professional and business services,3,Rate of injury and illness cases per 100 full-time workers (Size class 0),1,Total recordable cases,131,"Private industry, Nebraska",Industry-level data from the Survey of Occupational Injuries and Illnesses (SOII)
ISUPBSSP1PBS32131,2020,0.5,SP1PBS,Professional and business services,3,Rate of injury and illness cases per 100 full-time workers (Size class 0),2,"Cases involving days away from work, job restriction, or transfer",131,"Private industry, Nebraska",Industry-level data from the Survey of Occupational Injuries and Illnesses (SOII)
ISUPBSSP1PBS32131,2019,0.7,SP1PBS,Professional and business services,3,Rate of injury and illness cases per 100 full-time workers (Size class 0),2,"Cases involving days away from work, job restriction, or transfer",131,"Private industry, Nebraska",Industry-level data from the Survey of Occupational Injuries and Illnesses (SOII)
ISUPBSSP1PBS32131,2018,0.6,SP1PBS,Professional and business services,3,Rate of injury and illness cases per 100 full-time workers (Size class 0),2,"Cases involving days away from work, job restriction, or transfer",131,"Private industry, Nebraska",Industry-level data from the Survey of Occupational Injuries and Illnesses (SOII)
ISUPBSSP1PBS32131,2017,0.8,SP1PBS,Professional and business services,3,Rate of injury and illness cases per 100 full-time workers (Size class 0),2,"Cases involving days away from work, job restriction, or transfer",131,"Private industry, Nebraska",Industry-level data from the Survey of Occupational Injuries and Illnesses (SOII)
ISUPBSSP1PBS32131,2016,0.9,SP1PBS,Professional and business services,3,Rate of injury and illness cases per 100 full-time workers (Size class 0),2,"Cases involving days away from work, job restriction, or transfer",131,"Private industry, Nebraska",Industry-level data from the Survey of Occupational Injuries and Illnesses (SOII)
ISUPBSSP1PBS41131,2020,0.1,SP1PBS,Professional and business services,4,Number of illness cases (thousands) (Size class 0),1,Total recordable cases,131,"Private industry, Nebraska",Industry-level data from the Survey of Occupational Injuries and Illnesses (SOII)
ISUPBSSP1PBS41131,2018,0.1,SP1PBS,Professional and business services,4,Number of illness cases (thousands) (Size class 0),1,Total recordable cases,131,"Private industry, Nebraska",Industry-level data from the Survey of Occupational Injuries and Illnesses (SOII)
ISUPBSSP1PBS41131,2017,0,SP1PBS,Professional and business services,4,Number of illness cases (thousands) (Size class 0),1,Total recordable cases,131,"Private industry, Nebraska",Industry-level data from the Survey of Occupational Injuries and Illnesses (SOII)
ISUPBSSP1PBS51131,2020,0.7,SP1PBS,Professional and business services,5,Number of injury cases (thousands) (Size class 0),1,Total recordable cases,131,"Private industry, Nebraska",Industry-level data from the Survey of Occupational Injuries and Illnesses (SOII)
ISUPBSSP1PBS51131,2019,1.3,SP1PBS,Professional and business services,5,Number of injury cases (thousands) (Size class 0),1,Total recordable cases,131,"Private industry, Nebraska",Industry-level data from the Survey of Occupational Injuries and Illnesses (SOII)
ISUPBSSP1PBS51131,2018,1.5,SP1PBS,Professional and business services,5,Number of injury cases (thousands) (Size class 0),1,Total recordable cases,131,"Private industry, Nebraska",Industry-level data from the Survey of Occupational Injuries and Illnesses (SOII)
ISUPBSSP1PBS51131,2017,1.4,SP1PBS,Professional and business services,5,Number of injury cases (thousands) (Size class 0),1,Total recordable cases,131,"Private industry, Nebraska",Industry-level data from the Survey of Occupational Injuries and Illnesses (SOII)
ISUPBSSP1PBS51131,2016,1.7,SP1PBS,Professional and business services,5,Number of injury cases (thousands) (Size class 0),1,Total recordable cases,131,"Private industry, Nebraska",Industry-level data from the Survey of Occupational Injuries and Illnesses (SOII)
ISUPBSSP2ADW01131,2020,16.5,SP2ADW,Administrative and support and waste management and remediation services,0,"Rate of illness cases per 10,000 full-time workers (Size class 0)",1,Total recordable cases,131,"Private industry, Nebraska",Industry-level data from the Survey of Occupational Injuries and Illnesses (SOII)
ISUPBSSP2ADW01131,2019,-,SP2ADW,Administrative and support and waste management and remediation services,0,"Rate of illness cases per 10,000 full-time workers (Size class 0)",1,Total recordable cases,131,"Private industry, Nebraska",Industry-level data from the Survey of Occupational Injuries and Illnesses (SOII)
ISUPBSSP2ADW01131,2018,15.2,SP2ADW,Administrative and support and waste management and remediation services,0,"Rate of illness cases per 10,000 full-time workers (Size class 0)",1,Total recordable cases,131,"Private industry, Nebraska",Industry-level data from the Survey of Occupational Injuries and Illnesses (SOII)
ISUPBSSP2ADW01131,2017,5.8,SP2ADW,Administrative and support and waste management and remediation services,0,"Rate of illness cases per 10,000 full-time workers (Size class 0)",1,Total recordable cases,131,"Private industry, Nebraska",Industry-level data from the Survey of Occupational Injuries and Illnesses (SOII)
ISUPBSSP2ADW01131,2016,8.4,SP2ADW,Administrative and support and waste management and remediation services,0,"Rate of illness cases per 10,000 full-time workers (Size class 0)",1,Total recordable cases,131,"Private industry, Nebraska",Industry-level data from the Survey of Occupational Injuries and Illnesses (SOII)
ISUPBSSP2ADW11131,2020,0.9,SP2ADW,Administrative and support and waste management and remediation services,1,Rate of injury cases per 100 full-time workers (Size class 0),1,Total recordable cases,131,"Private industry, Nebraska",Industry-level data from the Survey of Occupational Injuries and Illnesses (SOII)
ISUPBSSP2ADW11131,2019,1.7,SP2ADW,Administrative and support and waste management and remediation services,1,Rate of injury cases per 100 full-time workers (Size class 0),1,Total recordable cases,131,"Private industry, Nebraska",Industry-level data from the Survey of Occupational Injuries and Illnesses (SOII)
ISUPBSSP2ADW11131,2018,1.9,SP2ADW,Administrative and support and waste management and remediation services,1,Rate of injury cases per 100 full-time workers (Size class 0),1,Total recordable cases,131,"Private industry, Nebraska",Industry-level data from the Survey of Occupational Injuries and Illnesses (SOII)
ISUPBSSP2ADW11131,2017,2.1,SP2ADW,Administrative and support and waste management and remediation services,1,Rate of injury cases per 100 full-time workers (Size class 0),1,Total recordable cases,131,"Private industry, Nebraska",Industry-level data from the Survey of Occupational Injuries and Illnesses (SOII)
ISUPBSSP2ADW11131,2016,2.1,SP2ADW,Administrative and support and waste management and remediation services,1,Rate of injury cases per 100 full-time workers (Size class 0),1,Total recordable cases,131,"Private industry, Nebraska",Industry-level data from the Survey of Occupational Injuries and Illnesses (SOII)
ISUPBSSP2ADW31131,2020,1,SP2ADW,Administrative and support and waste management and remediation services,3,Rate of injury and illness cases per 100 full-time workers (Size class 0),1,Total recordable cases,131,"Private industry, Nebraska",Industry-level data from the Survey of Occupational Injuries and Illnesses (SOII)
ISUPBSSP2ADW31131,2019,1.7,SP2ADW,Administrative and support and waste management and remediation services,3,Rate of injury and illness cases per 100 full-time workers (Size class 0),1,Total recordable cases,131,"Private industry, Nebraska",Industry-level data from the Survey of Occupational Injuries and Illnesses (SOII)
ISUPBSSP2ADW31131,2018,2.1,SP2ADW,Administrative and support and waste management and remediation services,3,Rate of injury and illness cases per 100 full-time workers (Size class 0),1,Total recordable cases,131,"Private industry, Nebraska",Industry-level data from the Survey of Occupational Injuries and Illnesses (SOII)
ISUPBSSP2ADW31131,2017,2.1,SP2ADW,Administrative and support and waste management and remediation services,3,Rate of injury and illness cases per 100 full-time workers (Size class 0),1,Total recordable cases,131,"Private industry, Nebraska",Industry-level data from the Survey of Occupational Injuries and Illnesses (SOII)
ISUPBSSP2ADW31131,2016,2.2,SP2ADW,Administrative and support and waste management and remediation services,3,Rate of injury and illness cases per 100 full-time workers (Size class 0),1,Total recordable cases,131,"Private industry, Nebraska",Industry-level data from the Survey of Occupational Injuries and Illnesses (SOII)
ISUPBSSP2ADW32131,2020,0.6,SP2ADW,Administrative and support and waste management and remediation services,3,Rate of injury and illness cases per 100 full-time workers (Size class 0),2,"Cases involving days away from work, job restriction, or transfer",131,"Private industry, Nebraska",Industry-level data from the Survey of Occupational Injuries and Illnesses (SOII)
ISUPBSSP2ADW32131,2019,1,SP2ADW,Administrative and support and waste management and remediation services,3,Rate of injury and illness cases per 100 full-time workers (Size class 0),2,"Cases involving days away from work, job restriction, or transfer",131,"Private industry, Nebraska",Industry-level data from the Survey of Occupational Injuries and Illnesses (SOII)
ISUPBSSP2ADW32131,2018,1.1,SP2ADW,Administrative and support and waste management and remediation services,3,Rate of injury and illness cases per 100 full-time workers (Size class 0),2,"Cases involving days away from work, job restriction, or transfer",131,"Private industry, Nebraska",Industry-level data from the Survey of Occupational Injuries and Illnesses (SOII)
ISUPBSSP2ADW32131,2017,1,SP2ADW,Administrative and support and waste management and remediation services,3,Rate of injury and illness cases per 100 full-time workers (Size class 0),2,"Cases involving days away from work, job restriction, or transfer",131,"Private industry, Nebraska",Industry-level data from the Survey of Occupational Injuries and Illnesses (SOII)
ISUPBSSP2ADW32131,2016,1.1,SP2ADW,Administrative and support and waste management and remediation services,3,Rate of injury and illness cases per 100 full-time workers (Size class 0),2,"Cases involving days away from work, job restriction, or transfer",131,"Private industry, Nebraska",Industry-level data from the Survey of Occupational Injuries and Illnesses (SOII)
ISUPBSSP2ADW41131,2020,0.1,SP2ADW,Administrative and support and waste management and remediation services,4,Number of illness cases (thousands) (Size class 0),1,Total recordable cases,131,"Private industry, Nebraska",Industry-level data from the Survey of Occupational Injuries and Illnesses (SOII)
ISUPBSSP2ADW41131,2019,0,SP2ADW,Administrative and support and waste management and remediation services,4,Number of illness cases (thousands) (Size class 0),1,Total recordable cases,131,"Private industry, Nebraska",Industry-level data from the Survey of Occupational Injuries and Illnesses (SOII)
ISUPBSSP2ADW41131,2018,0,SP2ADW,Administrative and support and waste management and remediation services,4,Number of illness cases (thousands) (Size class 0),1,Total recordable cases,131,"Private industry, Nebraska",Industry-level data from the Survey of Occupational Injuries and Illnesses (SOII)
ISUPBSSP2ADW41131,2017,0,SP2ADW,Administrative and support and waste management and remediation services,4,Number of illness cases (thousands) (Size class 0),1,Total recordable cases,131,"Private industry, Nebraska",Industry-level data from the Survey of Occupational Injuries and Illnesses (SOII)
ISUPBSSP2ADW41131,2016,0,SP2ADW,Administrative and support and waste management and remediation services,4,Number of illness cases (thousands) (Size class 0),1,Total recordable cases,131,"Private industry, Nebraska",Industry-level data from the Survey of Occupational Injuries and Illnesses (SOII)
ISUPBSSP2ADW51131,2020,0.3,SP2ADW,Administrative and support and waste management and remediation services,5,Number of injury cases (thousands) (Size class 0),1,Total recordable cases,131,"Private industry, Nebraska",Industry-level data from the Survey of Occupational Injuries and Illnesses (SOII)
ISUPBSSP2ADW51131,2019,0.6,SP2ADW,Administrative and support and waste management and remediation services,5,Number of injury cases (thousands) (Size class 0),1,Total recordable cases,131,"Private industry, Nebraska",Industry-level data from the Survey of Occupational Injuries and Illnesses (SOII)
ISUPBSSP2ADW51131,2018,0.6,SP2ADW,Administrative and support and waste management and remediation services,5,Number of injury cases (thousands) (Size class 0),1,Total recordable cases,131,"Private industry, Nebraska",Industry-level data from the Survey of Occupational Injuries and Illnesses (SOII)
ISUPBSSP2ADW51131,2017,0.6,SP2ADW,Administrative and support and waste management and remediation services,5,Number of injury cases (thousands) (Size class 0),1,Total recordable cases,131,"Private industry, Nebraska",Industry-level data from the Survey of Occupational Injuries and Illnesses (SOII)
ISUPBSSP2ADW51131,2016,0.7,SP2ADW,Administrative and support and waste management and remediation services,5,Number of injury cases (thousands) (Size class 0),1,Total recordable cases,131,"Private industry, Nebraska",Industry-level data from the Survey of Occupational Injuries and Illnesses (SOII)
ISUPBSSP2MCE01131,2020,-,SP2MCE,Management of companies and enterprises,0,"Rate of illness cases per 10,000 full-time workers (Size class 0)",1,Total recordable cases,131,"Private industry, Nebraska",Industry-level data from the Survey of Occupational Injuries and Illnesses (SOII)
ISUPBSSP2MCE01131,2019,-,SP2MCE,Management of companies and enterprises,0,"Rate of illness cases per 10,000 full-time workers (Size class 0)",1,Total recordable cases,131,"Private industry, Nebraska",Industry-level data from the Survey of Occupational Injuries and Illnesses (SOII)
ISUPBSSP2MCE01131,2017,-,SP2MCE,Management of companies and enterprises,0,"Rate of illness cases per 10,000 full-time workers (Size class 0)",1,Total recordable cases,131,"Private industry, Nebraska",Industry-level data from the Survey of Occupational Injuries and Illnesses (SOII)
ISUPBSSP2MCE01131,2016,-,SP2MCE,Management of companies and enterprises,0,"Rate of illness cases per 10,000 full-time workers (Size class 0)",1,Total recordable cases,131,"Private industry, Nebraska",Industry-level data from the Survey of Occupational Injuries and Illnesses (SOII)
ISUPBSSP2MCE11131,2020,0.9,SP2MCE,Management of companies and enterprises,1,Rate of injury cases per 100 full-time workers (Size class 0),1,Total recordable cases,131,"Private industry, Nebraska",Industry-level data from the Survey of Occupational Injuries and Illnesses (SOII)
ISUPBSSP2MCE11131,2019,1.1,SP2MCE,Management of companies and enterprises,1,Rate of injury cases per 100 full-time workers (Size class 0),1,Total recordable cases,131,"Private industry, Nebraska",Industry-level data from the Survey of Occupational Injuries and Illnesses (SOII)
ISUPBSSP2MCE11131,2018,1,SP2MCE,Management of companies and enterprises,1,Rate of injury cases per 100 full-time workers (Size class 0),1,Total recordable cases,131,"Private industry, Nebraska",Industry-level data from the Survey of Occupational Injuries and Illnesses (SOII)
ISUPBSSP2MCE11131,2017,1.1,SP2MCE,Management of companies and enterprises,1,Rate of injury cases per 100 full-time workers (Size class 0),1,Total recordable cases,131,"Private industry, Nebraska",Industry-level data from the Survey of Occupational Injuries and Illnesses (SOII)
ISUPBSSP2MCE11131,2016,1.1,SP2MCE,Management of companies and enterprises,1,Rate of injury cases per 100 full-time workers (Size class 0),1,Total recordable cases,131,"Private industry, Nebraska",Industry-level data from the Survey of Occupational Injuries and Illnesses (SOII)
ISUPBSSP2MCE31131,2020,0.9,SP2MCE,Management of companies and enterprises,3,Rate of injury and illness cases per 100 full-time workers (Size class 0),1,Total recordable cases,131,"Private industry, Nebraska",Industry-level data from the Survey of Occupational Injuries and Illnesses (SOII)
ISUPBSSP2MCE31131,2019,1.1,SP2MCE,Management of companies and enterprises,3,Rate of injury and illness cases per 100 full-time workers (Size class 0),1,Total recordable cases,131,"Private industry, Nebraska",Industry-level data from the Survey of Occupational Injuries and Illnesses (SOII)
ISUPBSSP2MCE31131,2018,1,SP2MCE,Management of companies and enterprises,3,Rate of injury and illness cases per 100 full-time workers (Size class 0),1,Total recordable cases,131,"Private industry, Nebraska",Industry-level data from the Survey of Occupational Injuries and Illnesses (SOII)
ISUPBSSP2MCE31131,2017,1.1,SP2MCE,Management of companies and enterprises,3,Rate of injury and illness cases per 100 full-time workers (Size class 0),1,Total recordable cases,131,"Private industry, Nebraska",Industry-level data from the Survey of Occupational Injuries and Illnesses (SOII)
ISUPBSSP2MCE31131,2016,1.1,SP2MCE,Management of companies and enterprises,3,Rate of injury and illness cases per 100 full-time workers (Size class 0),1,Total recordable cases,131,"Private industry, Nebraska",Industry-level data from the Survey of Occupational Injuries and Illnesses (SOII)
ISUPBSSP2MCE32131,2020,0.4,SP2MCE,Management of companies and enterprises,3,Rate of injury and illness cases per 100 full-time workers (Size class 0),2,"Cases involving days away from work, job restriction, or transfer",131,"Private industry, Nebraska",Industry-level data from the Survey of Occupational Injuries and Illnesses (SOII)
ISUPBSSP2MCE32131,2019,0.6,SP2MCE,Management of companies and enterprises,3,Rate of injury and illness cases per 100 full-time workers (Size class 0),2,"Cases involving days away from work, job restriction, or transfer",131,"Private industry, Nebraska",Industry-level data from the Survey of Occupational Injuries and Illnesses (SOII)
ISUPBSSP2MCE32131,2018,0.4,SP2MCE,Management of companies and enterprises,3,Rate of injury and illness cases per 100 full-time workers (Size class 0),2,"Cases involving days away from work, job restriction, or transfer",131,"Private industry, Nebraska",Industry-level data from the Survey of Occupational Injuries and Illnesses (SOII)
ISUPBSSP2MCE32131,2017,0.8,SP2MCE,Management of companies and enterprises,3,Rate of injury and illness cases per 100 full-time workers (Size class 0),2,"Cases involving days away from work, job restriction, or transfer",131,"Private industry, Nebraska",Industry-level data from the Survey of Occupational Injuries and Illnesses (SOII)
ISUPBSSP2MCE32131,2016,0.7,SP2MCE,Management of companies and enterprises,3,Rate of injury and illness cases per 100 full-time workers (Size class 0),2,"Cases involving days away from work, job restriction, or transfer",131,"Private industry, Nebraska",Industry-level data from the Survey of Occupational Injuries and Illnesses (SOII)
ISUPBSSP2MCE41131,2020,-,SP2MCE,Management of companies and enterprises,4,Number of illness cases (thousands) (Size class 0),1,Total recordable cases,131,"Private industry, Nebraska",Industry-level data from the Survey of Occupational Injuries and Illnesses (SOII)
ISUPBSSP2MCE41131,2019,0,SP2MCE,Management of companies and enterprises,4,Number of illness cases (thousands) (Size class 0),1,Total recordable cases,131,"Private industry, Nebraska",Industry-level data from the Survey of Occupational Injuries and Illnesses (SOII)
ISUPBSSP2MCE41131,2017,0,SP2MCE,Management of companies and enterprises,4,Number of illness cases (thousands) (Size class 0),1,Total recordable cases,131,"Private industry, Nebraska",Industry-level data from the Survey of Occupational Injuries and Illnesses (SOII)
ISUPBSSP2MCE41131,2016,0,SP2MCE,Management of companies and enterprises,4,Number of illness cases (thousands) (Size class 0),1,Total recordable cases,131,"Private industry, Nebraska",Industry-level data from the Survey of Occupational Injuries and Illnesses (SOII)
ISUPBSSP2MCE51131,2020,0.2,SP2MCE,Management of companies and enterprises,5,Number of injury cases (thousands) (Size class 0),1,Total recordable cases,131,"Private industry, Nebraska",Industry-level data from the Survey of Occupational Injuries and Illnesses (SOII)
ISUPBSSP2MCE51131,2019,0.2,SP2MCE,Management of companies and enterprises,5,Number of injury cases (thousands) (Size class 0),1,Total recordable cases,131,"Private industry, Nebraska",Industry-level data from the Survey of Occupational Injuries and Illnesses (SOII)
ISUPBSSP2MCE51131,2018,0.2,SP2MCE,Management of companies and enterprises,5,Number of injury cases (thousands) (Size class 0),1,Total recordable cases,131,"Private industry, Nebraska",Industry-level data from the Survey of Occupational Injuries and Illnesses (SOII)
ISUPBSSP2MCE51131,2017,0.2,SP2MCE,Management of companies and enterprises,5,Number of injury cases (thousands) (Size class 0),1,Total recordable cases,131,"Private industry, Nebraska",Industry-level data from the Survey of Occupational Injuries and Illnesses (SOII)
ISUPBSSP2MCE51131,2016,0.2,SP2MCE,Management of companies and enterprises,5,Number of injury cases (thousands) (Size class 0),1,Total recordable cases,131,"Private industry, Nebraska",Industry-level data from the Survey of Occupational Injuries and Illnesses (SOII)
ISUPBSSP2PST01131,2020,11.9,SP2PST,"Professional, scientific, and technical services",0,"Rate of illness cases per 10,000 full-time workers (Size class 0)",1,Total recordable cases,131,"Private industry, Nebraska",Industry-level data from the Survey of Occupational Injuries and Illnesses (SOII)
ISUPBSSP2PST01131,2018,-,SP2PST,"Professional, scientific, and technical services",0,"Rate of illness cases per 10,000 full-time workers (Size class 0)",1,Total recordable cases,131,"Private industry, Nebraska",Industry-level data from the Survey of Occupational Injuries and Illnesses (SOII)
ISUPBSSP2PST11131,2020,0.5,SP2PST,"Professional, scientific, and technical services",1,Rate of injury cases per 100 full-time workers (Size class 0),1,Total recordable cases,131,"Private industry, Nebraska",Industry-level data from the Survey of Occupational Injuries and Illnesses (SOII)
ISUPBSSP2PST11131,2018,1.7,SP2PST,"Professional, scientific, and technical services",1,Rate of injury cases per 100 full-time workers (Size class 0),1,Total recordable cases,131,"Private industry, Nebraska",Industry-level data from the Survey of Occupational Injuries and Illnesses (SOII)
ISUPBSSP2PST31131,2020,0.7,SP2PST,"Professional, scientific, and technical services",3,Rate of injury and illness cases per 100 full-time workers (Size class 0),1,Total recordable cases,131,"Private industry, Nebraska",Industry-level data from the Survey of Occupational Injuries and Illnesses (SOII)
ISUPBSSP2PST31131,2018,1.7,SP2PST,"Professional, scientific, and technical services",3,Rate of injury and illness cases per 100 full-time workers (Size class 0),1,Total recordable cases,131,"Private industry, Nebraska",Industry-level data from the Survey of Occupational Injuries and Illnesses (SOII)
ISUPBSSP2PST32131,2020,0.4,SP2PST,"Professional, scientific, and technical services",3,Rate of injury and illness cases per 100 full-time workers (Size class 0),2,"Cases involving days away from work, job restriction, or transfer",131,"Private industry, Nebraska",Industry-level data from the Survey of Occupational Injuries and Illnesses (SOII)
ISUPBSSP2PST32131,2018,0.3,SP2PST,"Professional, scientific, and technical services",3,Rate of injury and illness cases per 100 full-time workers (Size class 0),2,"Cases involving days away from work, job restriction, or transfer",131,"Private industry, Nebraska",Industry-level data from the Survey of Occupational Injuries and Illnesses (SOII)
ISUPBSSP2PST41131,2020,0,SP2PST,"Professional, scientific, and technical services",4,Number of illness cases (thousands) (Size class 0),1,Total recordable cases,131,"Private industry, Nebraska",Industry-level data from the Survey of Occupational Injuries and Illnesses (SOII)
ISUPBSSP2PST41131,2018,0,SP2PST,"Professional, scientific, and technical services",4,Number of illness cases (thousands) (Size class 0),1,Total recordable cases,131,"Private industry, Nebraska",Industry-level data from the Survey of Occupational Injuries and Illnesses (SOII)
ISUPBSSP2PST51131,2020,0.2,SP2PST,"Professional, scientific, and technical services",5,Number of injury cases (thousands) (Size class 0),1,Total recordable cases,131,"Private industry, Nebraska",Industry-level data from the Survey of Occupational Injuries and Illnesses (SOII)
ISUPBSSP2PST51131,2018,0.7,SP2PST,"Professional, scientific, and technical services",5,Number of injury cases (thousands) (Size class 0),1,Total recordable cases,131,"Private industry, Nebraska",Industry-level data from the Survey of Occupational Injuries and Illnesses (SOII)
ISUSP1SP1AAA01131,2020,44.8,SP1AAA,Service-providing,0,"Rate of illness cases per 10,000 full-time workers (Size class 0)",1,Total recordable cases,131,"Private industry, Nebraska",Industry-level data from the Survey of Occupational Injuries and Illnesses (SOII)
ISUSP1SP1AAA01131,2019,9.1,SP1AAA,Service-providing,0,"Rate of illness cases per 10,000 full-time workers (Size class 0)",1,Total recordable cases,131,"Private industry, Nebraska",Industry-level data from the Survey of Occupational Injuries and Illnesses (SOII)
ISUSP1SP1AAA01131,2018,13.6,SP1AAA,Service-providing,0,"Rate of illness cases per 10,000 full-time workers (Size class 0)",1,Total recordable cases,131,"Private industry, Nebraska",Industry-level data from the Survey of Occupational Injuries and Illnesses (SOII)
ISUSP1SP1AAA01131,2017,11.7,SP1AAA,Service-providing,0,"Rate of illness cases per 10,000 full-time workers (Size class 0)",1,Total recordable cases,131,"Private industry, Nebraska",Industry-level data from the Survey of Occupational Injuries and Illnesses (SOII)
ISUSP1SP1AAA01131,2016,12.1,SP1AAA,Service-providing,0,"Rate of illness cases per 10,000 full-time workers (Size class 0)",1,Total recordable cases,131,"Private industry, Nebraska",Industry-level data from the Survey of Occupational Injuries and Illnesses (SOII)
ISUSP1SP1AAA01831,2020,20.5,SP1AAA,Service-providing,0,"Rate of illness cases per 10,000 full-time workers (Size class 0)",1,Total recordable cases,831,"Local government, Nebraska",Industry-level data from the Survey of Occupational Injuries and Illnesses (SOII)
ISUSP1SP1AAA01831,2019,16.6,SP1AAA,Service-providing,0,"Rate of illness cases per 10,000 full-time workers (Size class 0)",1,Total recordable cases,831,"Local government, Nebraska",Industry-level data from the Survey of Occupational Injuries and Illnesses (SOII)
ISUSP1SP1AAA01831,2018,16.4,SP1AAA,Service-providing,0,"Rate of illness cases per 10,000 full-time workers (Size class 0)",1,Total recordable cases,831,"Local government, Nebraska",Industry-level data from the Survey of Occupational Injuries and Illnesses (SOII)
ISUSP1SP1AAA01831,2017,10.7,SP1AAA,Service-providing,0,"Rate of illness cases per 10,000 full-time workers (Size class 0)",1,Total recordable cases,831,"Local government, Nebraska",Industry-level data from the Survey of Occupational Injuries and Illnesses (SOII)
ISUSP1SP1AAA01831,2016,15.4,SP1AAA,Service-providing,0,"Rate of illness cases per 10,000 full-time workers (Size class 0)",1,Total recordable cases,831,"Local government, Nebraska",Industry-level data from the Survey of Occupational Injuries and Illnesses (SOII)
ISUSP1SP1AAA11131,2020,2,SP1AAA,Service-providing,1,Rate of injury cases per 100 full-time workers (Size class 0),1,Total recordable cases,131,"Private industry, Nebraska",Industry-level data from the Survey of Occupational Injuries and Illnesses (SOII)
ISUSP1SP1AAA11131,2019,2.6,SP1AAA,Service-providing,1,Rate of injury cases per 100 full-time workers (Size class 0),1,Total recordable cases,131,"Private industry, Nebraska",Industry-level data from the Survey of Occupational Injuries and Illnesses (SOII)
ISUSP1SP1AAA11131,2018,2.7,SP1AAA,Service-providing,1,Rate of injury cases per 100 full-time workers (Size class 0),1,Total recordable cases,131,"Private industry, Nebraska",Industry-level data from the Survey of Occupational Injuries and Illnesses (SOII)
ISUSP1SP1AAA11131,2017,2.6,SP1AAA,Service-providing,1,Rate of injury cases per 100 full-time workers (Size class 0),1,Total recordable cases,131,"Private industry, Nebraska",Industry-level data from the Survey of Occupational Injuries and Illnesses (SOII)
ISUSP1SP1AAA11131,2016,2.7,SP1AAA,Service-providing,1,Rate of injury cases per 100 full-time workers (Size class 0),1,Total recordable cases,131,"Private industry, Nebraska",Industry-level data from the Survey of Occupational Injuries and Illnesses (SOII)
ISUSP1SP1AAA11831,2020,2.2,SP1AAA,Service-providing,1,Rate of injury cases per 100 full-time workers (Size class 0),1,Total recordable cases,831,"Local government, Nebraska",Industry-level data from the Survey of Occupational Injuries and Illnesses (SOII)
ISUSP1SP1AAA11831,2019,3.6,SP1AAA,Service-providing,1,Rate of injury cases per 100 full-time workers (Size class 0),1,Total recordable cases,831,"Local government, Nebraska",Industry-level data from the Survey of Occupational Injuries and Illnesses (SOII)
ISUSP1SP1AAA11831,2018,2.6,SP1AAA,Service-providing,1,Rate of injury cases per 100 full-time workers (Size class 0),1,Total recordable cases,831,"Local government, Nebraska",Industry-level data from the Survey of Occupational Injuries and Illnesses (SOII)
ISUSP1SP1AAA11831,2017,2.7,SP1AAA,Service-providing,1,Rate of injury cases per 100 full-time workers (Size class 0),1,Total recordable cases,831,"Local government, Nebraska",Industry-level data from the Survey of Occupational Injuries and Illnesses (SOII)
ISUSP1SP1AAA11831,2016,3.6,SP1AAA,Service-providing,1,Rate of injury cases per 100 full-time workers (Size class 0),1,Total recordable cases,831,"Local government, Nebraska",Industry-level data from the Survey of Occupational Injuries and Illnesses (SOII)
ISUSP1SP1AAA31131,2020,2.5,SP1AAA,Service-providing,3,Rate of injury and illness cases per 100 full-time workers (Size class 0),1,Total recordable cases,131,"Private industry, Nebraska",Industry-level data from the Survey of Occupational Injuries and Illnesses (SOII)
ISUSP1SP1AAA31131,2019,2.7,SP1AAA,Service-providing,3,Rate of injury and illness cases per 100 full-time workers (Size class 0),1,Total recordable cases,131,"Private industry, Nebraska",Industry-level data from the Survey of Occupational Injuries and Illnesses (SOII)
ISUSP1SP1AAA31131,2018,2.9,SP1AAA,Service-providing,3,Rate of injury and illness cases per 100 full-time workers (Size class 0),1,Total recordable cases,131,"Private industry, Nebraska",Industry-level data from the Survey of Occupational Injuries and Illnesses (SOII)
ISUSP1SP1AAA31131,2017,2.7,SP1AAA,Service-providing,3,Rate of injury and illness cases per 100 full-time workers (Size class 0),1,Total recordable cases,131,"Private industry, Nebraska",Industry-level data from the Survey of Occupational Injuries and Illnesses (SOII)
ISUSP1SP1AAA31131,2016,2.8,SP1AAA,Service-providing,3,Rate of injury and illness cases per 100 full-time workers (Size class 0),1,Total recordable cases,131,"Private industry, Nebraska",Industry-level data from the Survey of Occupational Injuries and Illnesses (SOII)
ISUSP1SP1AAA31831,2020,2.4,SP1AAA,Service-providing,3,Rate of injury and illness cases per 100 full-time workers (Size class 0),1,Total recordable cases,831,"Local government, Nebraska",Industry-level data from the Survey of Occupational Injuries and Illnesses (SOII)
ISUSP1SP1AAA31831,2019,3.7,SP1AAA,Service-providing,3,Rate of injury and illness cases per 100 full-time workers (Size class 0),1,Total recordable cases,831,"Local government, Nebraska",Industry-level data from the Survey of Occupational Injuries and Illnesses (SOII)
ISUSP1SP1AAA31831,2018,2.7,SP1AAA,Service-providing,3,Rate of injury and illness cases per 100 full-time workers (Size class 0),1,Total recordable cases,831,"Local government, Nebraska",Industry-level data from the Survey of Occupational Injuries and Illnesses (SOII)
ISUSP1SP1AAA31831,2017,2.8,SP1AAA,Service-providing,3,Rate of injury and illness cases per 100 full-time workers (Size class 0),1,Total recordable cases,831,"Local government, Nebraska",Industry-level data from the Survey of Occupational Injuries and Illnesses (SOII)
ISUSP1SP1AAA31831,2016,3.8,SP1AAA,Service-providing,3,Rate of injury and illness cases per 100 full-time workers (Size class 0),1,Total recordable cases,831,"Local government, Nebraska",Industry-level data from the Survey of Occupational Injuries and Illnesses (SOII)
ISUSP1SP1AAA32131,2020,1.4,SP1AAA,Service-providing,3,Rate of injury and illness cases per 100 full-time workers (Size class 0),2,"Cases involving days away from work, job restriction, or transfer",131,"Private industry, Nebraska",Industry-level data from the Survey of Occupational Injuries and Illnesses (SOII)
ISUSP1SP1AAA32131,2019,1.3,SP1AAA,Service-providing,3,Rate of injury and illness cases per 100 full-time workers (Size class 0),2,"Cases involving days away from work, job restriction, or transfer",131,"Private industry, Nebraska",Industry-level data from the Survey of Occupational Injuries and Illnesses (SOII)
ISUSP1SP1AAA32131,2018,1.3,SP1AAA,Service-providing,3,Rate of injury and illness cases per 100 full-time workers (Size class 0),2,"Cases involving days away from work, job restriction, or transfer",131,"Private industry, Nebraska",Industry-level data from the Survey of Occupational Injuries and Illnesses (SOII)
ISUSP1SP1AAA32131,2017,1.3,SP1AAA,Service-providing,3,Rate of injury and illness cases per 100 full-time workers (Size class 0),2,"Cases involving days away from work, job restriction, or transfer",131,"Private industry, Nebraska",Industry-level data from the Survey of Occupational Injuries and Illnesses (SOII)
ISUSP1SP1AAA32131,2016,1.3,SP1AAA,Service-providing,3,Rate of injury and illness cases per 100 full-time workers (Size class 0),2,"Cases involving days away from work, job restriction, or transfer",131,"Private industry, Nebraska",Industry-level data from the Survey of Occupational Injuries and Illnesses (SOII)
ISUSP1SP1AAA32831,2020,1.2,SP1AAA,Service-providing,3,Rate of injury and illness cases per 100 full-time workers (Size class 0),2,"Cases involving days away from work, job restriction, or transfer",831,"Local government, Nebraska",Industry-level data from the Survey of Occupational Injuries and Illnesses (SOII)
ISUSP1SP1AAA32831,2019,1.5,SP1AAA,Service-providing,3,Rate of injury and illness cases per 100 full-time workers (Size class 0),2,"Cases involving days away from work, job restriction, or transfer",831,"Local government, Nebraska",Industry-level data from the Survey of Occupational Injuries and Illnesses (SOII)
ISUSP1SP1AAA32831,2018,0.9,SP1AAA,Service-providing,3,Rate of injury and illness cases per 100 full-time workers (Size class 0),2,"Cases involving days away from work, job restriction, or transfer",831,"Local government, Nebraska",Industry-level data from the Survey of Occupational Injuries and Illnesses (SOII)
ISUSP1SP1AAA32831,2017,1.1,SP1AAA,Service-providing,3,Rate of injury and illness cases per 100 full-time workers (Size class 0),2,"Cases involving days away from work, job restriction, or transfer",831,"Local government, Nebraska",Industry-level data from the Survey of Occupational Injuries and Illnesses (SOII)
ISUSP1SP1AAA32831,2016,1.5,SP1AAA,Service-providing,3,Rate of injury and illness cases per 100 full-time workers (Size class 0),2,"Cases involving days away from work, job restriction, or transfer",831,"Local government, Nebraska",Industry-level data from the Survey of Occupational Injuries and Illnesses (SOII)
ISUSP1SP1AAA41131,2020,2.2,SP1AAA,Service-providing,4,Number of illness cases (thousands) (Size class 0),1,Total recordable cases,131,"Private industry, Nebraska",Industry-level data from the Survey of Occupational Injuries and Illnesses (SOII)
ISUSP1SP1AAA41131,2019,0.5,SP1AAA,Service-providing,4,Number of illness cases (thousands) (Size class 0),1,Total recordable cases,131,"Private industry, Nebraska",Industry-level data from the Survey of Occupational Injuries and Illnesses (SOII)
ISUSP1SP1AAA41131,2018,0.7,SP1AAA,Service-providing,4,Number of illness cases (thousands) (Size class 0),1,Total recordable cases,131,"Private industry, Nebraska",Industry-level data from the Survey of Occupational Injuries and Illnesses (SOII)
ISUSP1SP1AAA41131,2017,0.6,SP1AAA,Service-providing,4,Number of illness cases (thousands) (Size class 0),1,Total recordable cases,131,"Private industry, Nebraska",Industry-level data from the Survey of Occupational Injuries and Illnesses (SOII)
ISUSP1SP1AAA41131,2016,0.6,SP1AAA,Service-providing,4,Number of illness cases (thousands) (Size class 0),1,Total recordable cases,131,"Private industry, Nebraska",Industry-level data from the Survey of Occupational Injuries and Illnesses (SOII)
ISUSP1SP1AAA41831,2020,0.2,SP1AAA,Service-providing,4,Number of illness cases (thousands) (Size class 0),1,Total recordable cases,831,"Local government, Nebraska",Industry-level data from the Survey of Occupational Injuries and Illnesses (SOII)
ISUSP1SP1AAA41831,2019,0.1,SP1AAA,Service-providing,4,Number of illness cases (thousands) (Size class 0),1,Total recordable cases,831,"Local government, Nebraska",Industry-level data from the Survey of Occupational Injuries and Illnesses (SOII)
ISUSP1SP1AAA41831,2018,0.1,SP1AAA,Service-providing,4,Number of illness cases (thousands) (Size class 0),1,Total recordable cases,831,"Local government, Nebraska",Industry-level data from the Survey of Occupational Injuries and Illnesses (SOII)
ISUSP1SP1AAA41831,2017,0.1,SP1AAA,Service-providing,4,Number of illness cases (thousands) (Size class 0),1,Total recordable cases,831,"Local government, Nebraska",Industry-level data from the Survey of Occupational Injuries and Illnesses (SOII)
ISUSP1SP1AAA41831,2016,0.1,SP1AAA,Service-providing,4,Number of illness cases (thousands) (Size class 0),1,Total recordable cases,831,"Local government, Nebraska",Industry-level data from the Survey of Occupational Injuries and Illnesses (SOII)
ISUSP1SP1AAA51131,2020,10.1,SP1AAA,Service-providing,5,Number of injury cases (thousands) (Size class 0),1,Total recordable cases,131,"Private industry, Nebraska",Industry-level data from the Survey of Occupational Injuries and Illnesses (SOII)
ISUSP1SP1AAA51131,2019,13.3,SP1AAA,Service-providing,5,Number of injury cases (thousands) (Size class 0),1,Total recordable cases,131,"Private industry, Nebraska",Industry-level data from the Survey of Occupational Injuries and Illnesses (SOII)
ISUSP1SP1AAA51131,2018,14.1,SP1AAA,Service-providing,5,Number of injury cases (thousands) (Size class 0),1,Total recordable cases,131,"Private industry, Nebraska",Industry-level data from the Survey of Occupational Injuries and Illnesses (SOII)
ISUSP1SP1AAA51131,2017,13.1,SP1AAA,Service-providing,5,Number of injury cases (thousands) (Size class 0),1,Total recordable cases,131,"Private industry, Nebraska",Industry-level data from the Survey of Occupational Injuries and Illnesses (SOII)
ISUSP1SP1AAA51131,2016,13.8,SP1AAA,Service-providing,5,Number of injury cases (thousands) (Size class 0),1,Total recordable cases,131,"Private industry, Nebraska",Industry-level data from the Survey of Occupational Injuries and Illnesses (SOII)
ISUSP1SP1AAA51831,2020,1.8,SP1AAA,Service-providing,5,Number of injury cases (thousands) (Size class 0),1,Total recordable cases,831,"Local government, Nebraska",Industry-level data from the Survey of Occupational Injuries and Illnesses (SOII)
ISUSP1SP1AAA51831,2019,3,SP1AAA,Service-providing,5,Number of injury cases (thousands) (Size class 0),1,Total recordable cases,831,"Local government, Nebraska",Industry-level data from the Survey of Occupational Injuries and Illnesses (SOII)
ISUSP1SP1AAA51831,2018,2.1,SP1AAA,Service-providing,5,Number of injury cases (thousands) (Size class 0),1,Total recordable cases,831,"Local government, Nebraska",Industry-level data from the Survey of Occupational Injuries and Illnesses (SOII)
ISUSP1SP1AAA51831,2017,2.2,SP1AAA,Service-providing,5,Number of injury cases (thousands) (Size class 0),1,Total recordable cases,831,"Local government, Nebraska",Industry-level data from the Survey of Occupational Injuries and Illnesses (SOII)
ISUSP1SP1AAA51831,2016,3,SP1AAA,Service-providing,5,Number of injury cases (thousands) (Size class 0),1,Total recordable cases,831,"Local government, Nebraska",Industry-level data from the Survey of Occupational Injuries and Illnesses (SOII)
ISUPAD92212001831,2016,-,922120,Police protection,0,"Rate of illness cases per 10,000 full-time workers (Size class 0)",1,Total recordable cases,831,"Local government, Nebraska",Industry-level data from the Survey of Occupational Injuries and Illnesses (SOII)
ISUPAD92212011831,2016,13.9,922120,Police protection,1,Rate of injury cases per 100 full-time workers (Size class 0),1,Total recordable cases,831,"Local government, Nebraska",Industry-level data from the Survey of Occupational Injuries and Illnesses (SOII)
ISUPAD92212031831,2016,15.5,922120,Police protection,3,Rate of injury and illness cases per 100 full-time workers (Size class 0),1,Total recordable cases,831,"Local government, Nebraska",Industry-level data from the Survey of Occupational Injuries and Illnesses (SOII)
ISUPAD92212032831,2016,-,922120,Police protection,3,Rate of injury and illness cases per 100 full-time workers (Size class 0),2,"Cases involving days away from work, job restriction, or transfer",831,"Local government, Nebraska",Industry-level data from the Survey of Occupational Injuries and Illnesses (SOII)
ISUPAD92212041831,2016,0,922120,Police protection,4,Number of illness cases (thousands) (Size class 0),1,Total recordable cases,831,"Local government, Nebraska",Industry-level data from the Survey of Occupational Injuries and Illnesses (SOII)
ISUPAD92212051831,2016,0,922120,Police protection,5,Number of injury cases (thousands) (Size class 0),1,Total recordable cases,831,"Local government, Nebraska",Industry-level data from the Survey of Occupational Injuries and Illnesses (SOII)
ISUPADSP1PAD01831,2019,35.1,SP1PAD,Public administration,0,"Rate of illness cases per 10,000 full-time workers (Size class 0)",1,Total recordable cases,831,"Local government, Nebraska",Industry-level data from the Survey of Occupational Injuries and Illnesses (SOII)
ISUPADSP1PAD01831,2018,40.8,SP1PAD,Public administration,0,"Rate of illness cases per 10,000 full-time workers (Size class 0)",1,Total recordable cases,831,"Local government, Nebraska",Industry-level data from the Survey of Occupational Injuries and Illnesses (SOII)
ISUPADSP1PAD01831,2017,25.8,SP1PAD,Public administration,0,"Rate of illness cases per 10,000 full-time workers (Size class 0)",1,Total recordable cases,831,"Local government, Nebraska",Industry-level data from the Survey of Occupational Injuries and Illnesses (SOII)
ISUPADSP1PAD01831,2016,46.2,SP1PAD,Public administration,0,"Rate of illness cases per 10,000 full-time workers (Size class 0)",1,Total recordable cases,831,"Local government, Nebraska",Industry-level data from the Survey of Occupational Injuries and Illnesses (SOII)
ISUPADSP1PAD11831,2020,3.1,SP1PAD,Public administration,1,Rate of injury cases per 100 full-time workers (Size class 0),1,Total recordable cases,831,"Local government, Nebraska",Industry-level data from the Survey of Occupational Injuries and Illnesses (SOII)
ISUPADSP1PAD11831,2019,3.4,SP1PAD,Public administration,1,Rate of injury cases per 100 full-time workers (Size class 0),1,Total recordable cases,831,"Local government, Nebraska",Industry-level data from the Survey of Occupational Injuries and Illnesses (SOII)
ISUPADSP1PAD11831,2018,3.2,SP1PAD,Public administration,1,Rate of injury cases per 100 full-time workers (Size class 0),1,Total recordable cases,831,"Local government, Nebraska",Industry-level data from the Survey of Occupational Injuries and Illnesses (SOII)
ISUPADSP1PAD11831,2017,4.2,SP1PAD,Public administration,1,Rate of injury cases per 100 full-time workers (Size class 0),1,Total recordable cases,831,"Local government, Nebraska",Industry-level data from the Survey of Occupational Injuries and Illnesses (SOII)
ISUPADSP1PAD11831,2016,4.7,SP1PAD,Public administration,1,Rate of injury cases per 100 full-time workers (Size class 0),1,Total recordable cases,831,"Local government, Nebraska",Industry-level data from the Survey of Occupational Injuries and Illnesses (SOII)
ISUPADSP1PAD31831,2020,3.3,SP1PAD,Public administration,3,Rate of injury and illness cases per 100 full-time workers (Size class 0),1,Total recordable cases,831,"Local government, Nebraska",Industry-level data from the Survey of Occupational Injuries and Illnesses (SOII)
ISUPADSP1PAD31831,2019,3.7,SP1PAD,Public administration,3,Rate of injury and illness cases per 100 full-time workers (Size class 0),1,Total recordable cases,831,"Local government, Nebraska",Industry-level data from the Survey of Occupational Injuries and Illnesses (SOII)
ISUPADSP1PAD31831,2018,3.6,SP1PAD,Public administration,3,Rate of injury and illness cases per 100 full-time workers (Size class 0),1,Total recordable cases,831,"Local government, Nebraska",Industry-level data from the Survey of Occupational Injuries and Illnesses (SOII)
ISUPADSP1PAD31831,2017,4.5,SP1PAD,Public administration,3,Rate of injury and illness cases per 100 full-time workers (Size class 0),1,Total recordable cases,831,"Local government, Nebraska",Industry-level data from the Survey of Occupational Injuries and Illnesses (SOII)
ISUPADSP1PAD31831,2016,5.2,SP1PAD,Public administration,3,Rate of injury and illness cases per 100 full-time workers (Size class 0),1,Total recordable cases,831,"Local government, Nebraska",Industry-level data from the Survey of Occupational Injuries and Illnesses (SOII)
ISUPADSP1PAD32831,2020,1.8,SP1PAD,Public administration,3,Rate of injury and illness cases per 100 full-time workers (Size class 0),2,"Cases involving days away from work, job restriction, or transfer",831,"Local government, Nebraska",Industry-level data from the Survey of Occupational Injuries and Illnesses (SOII)
ISUPADSP1PAD32831,2019,1,SP1PAD,Public administration,3,Rate of injury and illness cases per 100 full-time workers (Size class 0),2,"Cases involving days away from work, job restriction, or transfer",831,"Local government, Nebraska",Industry-level data from the Survey of Occupational Injuries and Illnesses (SOII)
ISUPADSP1PAD32831,2018,1.1,SP1PAD,Public administration,3,Rate of injury and illness cases per 100 full-time workers (Size class 0),2,"Cases involving days away from work, job restriction, or transfer",831,"Local government, Nebraska",Industry-level data from the Survey of Occupational Injuries and Illnesses (SOII)
ISUPADSP1PAD32831,2017,1.7,SP1PAD,Public administration,3,Rate of injury and illness cases per 100 full-time workers (Size class 0),2,"Cases involving days away from work, job restriction, or transfer",831,"Local government, Nebraska",Industry-level data from the Survey of Occupational Injuries and Illnesses (SOII)
ISUPADSP1PAD32831,2016,1.6,SP1PAD,Public administration,3,Rate of injury and illness cases per 100 full-time workers (Size class 0),2,"Cases involving days away from work, job restriction, or transfer",831,"Local government, Nebraska",Industry-level data from the Survey of Occupational Injuries and Illnesses (SOII)
ISUPADSP1PAD41831,2019,0.1,SP1PAD,Public administration,4,Number of illness cases (thousands) (Size class 0),1,Total recordable cases,831,"Local government, Nebraska",Industry-level data from the Survey of Occupational Injuries and Illnesses (SOII)
ISUPADSP1PAD41831,2018,0.1,SP1PAD,Public administration,4,Number of illness cases (thousands) (Size class 0),1,Total recordable cases,831,"Local government, Nebraska",Industry-level data from the Survey of Occupational Injuries and Illnesses (SOII)
ISUPADSP1PAD41831,2017,0.1,SP1PAD,Public administration,4,Number of illness cases (thousands) (Size class 0),1,Total recordable cases,831,"Local government, Nebraska",Industry-level data from the Survey of Occupational Injuries and Illnesses (SOII)
ISUPADSP1PAD41831,2016,0.1,SP1PAD,Public administration,4,Number of illness cases (thousands) (Size class 0),1,Total recordable cases,831,"Local government, Nebraska",Industry-level data from the Survey of Occupational Injuries and Illnesses (SOII)
ISUPADSP1PAD51831,2020,0.8,SP1PAD,Public administration,5,Number of injury cases (thousands) (Size class 0),1,Total recordable cases,831,"Local government, Nebraska",Industry-level data from the Survey of Occupational Injuries and Illnesses (SOII)
ISUPADSP1PAD51831,2019,0.8,SP1PAD,Public administration,5,Number of injury cases (thousands) (Size class 0),1,Total recordable cases,831,"Local government, Nebraska",Industry-level data from the Survey of Occupational Injuries and Illnesses (SOII)
ISUPADSP1PAD51831,2018,0.7,SP1PAD,Public administration,5,Number of injury cases (thousands) (Size class 0),1,Total recordable cases,831,"Local government, Nebraska",Industry-level data from the Survey of Occupational Injuries and Illnesses (SOII)
ISUPADSP1PAD51831,2017,0.9,SP1PAD,Public administration,5,Number of injury cases (thousands) (Size class 0),1,Total recordable cases,831,"Local government, Nebraska",Industry-level data from the Survey of Occupational Injuries and Illnesses (SOII)
ISUPADSP1PAD51831,2016,1.1,SP1PAD,Public administration,5,Number of injury cases (thousands) (Size class 0),1,Total recordable cases,831,"Local government, Nebraska",Industry-level data from the Survey of Occupational Injuries and Illnesses (SOII)
ISUPADSP2PAD01831,2019,35.1,SP2PAD,Public administration,0,"Rate of illness cases per 10,000 full-time workers (Size class 0)",1,Total recordable cases,831,"Local government, Nebraska",Industry-level data from the Survey of Occupational Injuries and Illnesses (SOII)
ISUPADSP2PAD01831,2018,40.8,SP2PAD,Public administration,0,"Rate of illness cases per 10,000 full-time workers (Size class 0)",1,Total recordable cases,831,"Local government, Nebraska",Industry-level data from the Survey of Occupational Injuries and Illnesses (SOII)
ISUPADSP2PAD01831,2017,25.8,SP2PAD,Public administration,0,"Rate of illness cases per 10,000 full-time workers (Size class 0)",1,Total recordable cases,831,"Local government, Nebraska",Industry-level data from the Survey of Occupational Injuries and Illnesses (SOII)
ISUPADSP2PAD01831,2016,46.2,SP2PAD,Public administration,0,"Rate of illness cases per 10,000 full-time workers (Size class 0)",1,Total recordable cases,831,"Local government, Nebraska",Industry-level data from the Survey of Occupational Injuries and Illnesses (SOII)
ISUPADSP2PAD11831,2020,3.1,SP2PAD,Public administration,1,Rate of injury cases per 100 full-time workers (Size class 0),1,Total recordable cases,831,"Local government, Nebraska",Industry-level data from the Survey of Occupational Injuries and Illnesses (SOII)
ISUPADSP2PAD11831,2019,3.4,SP2PAD,Public administration,1,Rate of injury cases per 100 full-time workers (Size class 0),1,Total recordable cases,831,"Local government, Nebraska",Industry-level data from the Survey of Occupational Injuries and Illnesses (SOII)
ISUPADSP2PAD11831,2018,3.2,SP2PAD,Public administration,1,Rate of injury cases per 100 full-time workers (Size class 0),1,Total recordable cases,831,"Local government, Nebraska",Industry-level data from the Survey of Occupational Injuries and Illnesses (SOII)
ISUPADSP2PAD11831,2017,4.2,SP2PAD,Public administration,1,Rate of injury cases per 100 full-time workers (Size class 0),1,Total recordable cases,831,"Local government, Nebraska",Industry-level data from the Survey of Occupational Injuries and Illnesses (SOII)
ISUPADSP2PAD11831,2016,4.7,SP2PAD,Public administration,1,Rate of injury cases per 100 full-time workers (Size class 0),1,Total recordable cases,831,"Local government, Nebraska",Industry-level data from the Survey of Occupational Injuries and Illnesses (SOII)
ISUPADSP2PAD31831,2020,3.3,SP2PAD,Public administration,3,Rate of injury and illness cases per 100 full-time workers (Size class 0),1,Total recordable cases,831,"Local government, Nebraska",Industry-level data from the Survey of Occupational Injuries and Illnesses (SOII)
ISUPADSP2PAD31831,2019,3.7,SP2PAD,Public administration,3,Rate of injury and illness cases per 100 full-time workers (Size class 0),1,Total recordable cases,831,"Local government, Nebraska",Industry-level data from the Survey of Occupational Injuries and Illnesses (SOII)
ISUPADSP2PAD31831,2018,3.6,SP2PAD,Public administration,3,Rate of injury and illness cases per 100 full-time workers (Size class 0),1,Total recordable cases,831,"Local government, Nebraska",Industry-level data from the Survey of Occupational Injuries and Illnesses (SOII)
ISUPADSP2PAD31831,2017,4.5,SP2PAD,Public administration,3,Rate of injury and illness cases per 100 full-time workers (Size class 0),1,Total recordable cases,831,"Local government, Nebraska",Industry-level data from the Survey of Occupational Injuries and Illnesses (SOII)
ISUPADSP2PAD31831,2016,5.2,SP2PAD,Public administration,3,Rate of injury and illness cases per 100 full-time workers (Size class 0),1,Total recordable cases,831,"Local government, Nebraska",Industry-level data from the Survey of Occupational Injuries and Illnesses (SOII)
ISUPADSP2PAD32831,2020,1.8,SP2PAD,Public administration,3,Rate of injury and illness cases per 100 full-time workers (Size class 0),2,"Cases involving days away from work, job restriction, or transfer",831,"Local government, Nebraska",Industry-level data from the Survey of Occupational Injuries and Illnesses (SOII)
ISUPADSP2PAD32831,2019,1,SP2PAD,Public administration,3,Rate of injury and illness cases per 100 full-time workers (Size class 0),2,"Cases involving days away from work, job restriction, or transfer",831,"Local government, Nebraska",Industry-level data from the Survey of Occupational Injuries and Illnesses (SOII)
ISUPADSP2PAD32831,2018,1.1,SP2PAD,Public administration,3,Rate of injury and illness cases per 100 full-time workers (Size class 0),2,"Cases involving days away from work, job restriction, or transfer",831,"Local government, Nebraska",Industry-level data from the Survey of Occupational Injuries and Illnesses (SOII)
ISUPADSP2PAD32831,2017,1.7,SP2PAD,Public administration,3,Rate of injury and illness cases per 100 full-time workers (Size class 0),2,"Cases involving days away from work, job restriction, or transfer",831,"Local government, Nebraska",Industry-level data from the Survey of Occupational Injuries and Illnesses (SOII)
ISUPADSP2PAD32831,2016,1.6,SP2PAD,Public administration,3,Rate of injury and illness cases per 100 full-time workers (Size class 0),2,"Cases involving days away from work, job restriction, or transfer",831,"Local government, Nebraska",Industry-level data from the Survey of Occupational Injuries and Illnesses (SOII)
ISUPADSP2PAD41831,2019,0.1,SP2PAD,Public administration,4,Number of illness cases (thousands) (Size class 0),1,Total recordable cases,831,"Local government, Nebraska",Industry-level data from the Survey of Occupational Injuries and Illnesses (SOII)
ISUPADSP2PAD41831,2018,0.1,SP2PAD,Public administration,4,Number of illness cases (thousands) (Size class 0),1,Total recordable cases,831,"Local government, Nebraska",Industry-level data from the Survey of Occupational Injuries and Illnesses (SOII)
ISUPADSP2PAD41831,2017,0.1,SP2PAD,Public administration,4,Number of illness cases (thousands) (Size class 0),1,Total recordable cases,831,"Local government, Nebraska",Industry-level data from the Survey of Occupational Injuries and Illnesses (SOII)
ISUPADSP2PAD41831,2016,0.1,SP2PAD,Public administration,4,Number of illness cases (thousands) (Size class 0),1,Total recordable cases,831,"Local government, Nebraska",Industry-level data from the Survey of Occupational Injuries and Illnesses (SOII)
ISUPADSP2PAD51831,2020,0.8,SP2PAD,Public administration,5,Number of injury cases (thousands) (Size class 0),1,Total recordable cases,831,"Local government, Nebraska",Industry-level data from the Survey of Occupational Injuries and Illnesses (SOII)
ISUPADSP2PAD51831,2019,0.8,SP2PAD,Public administration,5,Number of injury cases (thousands) (Size class 0),1,Total recordable cases,831,"Local government, Nebraska",Industry-level data from the Survey of Occupational Injuries and Illnesses (SOII)
ISUPADSP2PAD51831,2018,0.7,SP2PAD,Public administration,5,Number of injury cases (thousands) (Size class 0),1,Total recordable cases,831,"Local government, Nebraska",Industry-level data from the Survey of Occupational Injuries and Illnesses (SOII)
ISUPADSP2PAD51831,2017,0.9,SP2PAD,Public administration,5,Number of injury cases (thousands) (Size class 0),1,Total recordable cases,831,"Local government, Nebraska",Industry-level data from the Survey of Occupational Injuries and Illnesses (SOII)
ISUPADSP2PAD51831,2016,1.1,SP2PAD,Public administration,5,Number of injury cases (thousands) (Size class 0),1,Total recordable cases,831,"Local government, Nebraska",Industry-level data from the Survey of Occupational Injuries and Illnesses (SOII)
ISUPBS54100001131,2020,11.9,541000,"Professional, scientific, and technical services",0,"Rate of illness cases per 10,000 full-time workers (Size class 0)",1,Total recordable cases,131,"Private industry, Nebraska",Industry-level data from the Survey of Occupational Injuries and Illnesses (SOII)
ISUPBS54100001131,2018,-,541000,"Professional, scientific, and technical services",0,"Rate of illness cases per 10,000 full-time workers (Size class 0)",1,Total recordable cases,131,"Private industry, Nebraska",Industry-level data from the Survey of Occupational Injuries and Illnesses (SOII)
ISUPBS54100011131,2020,0.5,541000,"Professional, scientific, and technical services",1,Rate of injury cases per 100 full-time workers (Size class 0),1,Total recordable cases,131,"Private industry, Nebraska",Industry-level data from the Survey of Occupational Injuries and Illnesses (SOII)
ISUPBS54100011131,2018,1.7,541000,"Professional, scientific, and technical services",1,Rate of injury cases per 100 full-time workers (Size class 0),1,Total recordable cases,131,"Private industry, Nebraska",Industry-level data from the Survey of Occupational Injuries and Illnesses (SOII)
ISUPBS54100031131,2020,0.7,541000,"Professional, scientific, and technical services",3,Rate of injury and illness cases per 100 full-time workers (Size class 0),1,Total recordable cases,131,"Private industry, Nebraska",Industry-level data from the Survey of Occupational Injuries and Illnesses (SOII)
ISUPBS54100031131,2018,1.7,541000,"Professional, scientific, and technical services",3,Rate of injury and illness cases per 100 full-time workers (Size class 0),1,Total recordable cases,131,"Private industry, Nebraska",Industry-level data from the Survey of Occupational Injuries and Illnesses (SOII)
ISUPBS54100032131,2020,0.4,541000,"Professional, scientific, and technical services",3,Rate of injury and illness cases per 100 full-time workers (Size class 0),2,"Cases involving days away from work, job restriction, or transfer",131,"Private industry, Nebraska",Industry-level data from the Survey of Occupational Injuries and Illnesses (SOII)
ISUPBS54100032131,2018,0.3,541000,"Professional, scientific, and technical services",3,Rate of injury and illness cases per 100 full-time workers (Size class 0),2,"Cases involving days away from work, job restriction, or transfer",131,"Private industry, Nebraska",Industry-level data from the Survey of Occupational Injuries and Illnesses (SOII)
ISUPBS54100041131,2020,0,541000,"Professional, scientific, and technical services",4,Number of illness cases (thousands) (Size class 0),1,Total recordable cases,131,"Private industry, Nebraska",Industry-level data from the Survey of Occupational Injuries and Illnesses (SOII)
ISUPBS54100041131,2018,0,541000,"Professional, scientific, and technical services",4,Number of illness cases (thousands) (Size class 0),1,Total recordable cases,131,"Private industry, Nebraska",Industry-level data from the Survey of Occupational Injuries and Illnesses (SOII)
ISUPBS54100051131,2020,0.2,541000,"Professional, scientific, and technical services",5,Number of injury cases (thousands) (Size class 0),1,Total recordable cases,131,"Private industry, Nebraska",Industry-level data from the Survey of Occupational Injuries and Illnesses (SOII)
ISUPBS54100051131,2018,0.7,541000,"Professional, scientific, and technical services",5,Number of injury cases (thousands) (Size class 0),1,Total recordable cases,131,"Private industry, Nebraska",Industry-level data from the Survey of Occupational Injuries and Illnesses (SOII)
ISUPBS54130001131,2018,-,541300,"Architectural, engineering, and related services",0,"Rate of illness cases per 10,000 full-time workers (Size class 0)",1,Total recordable cases,131,"Private industry, Nebraska",Industry-level data from the Survey of Occupational Injuries and Illnesses (SOII)
ISUPBS54130001131,2016,-,541300,"Architectural, engineering, and related services",0,"Rate of illness cases per 10,000 full-time workers (Size class 0)",1,Total recordable cases,131,"Private industry, Nebraska",Industry-level data from the Survey of Occupational Injuries and Illnesses (SOII)
ISUPBS54130011131,2018,0.5,541300,"Architectural, engineering, and related services",1,Rate of injury cases per 100 full-time workers (Size class 0),1,Total recordable cases,131,"Private industry, Nebraska",Industry-level data from the Survey of Occupational Injuries and Illnesses (SOII)
ISUPBS54130031131,2018,0.5,541300,"Architectural, engineering, and related services",3,Rate of injury and illness cases per 100 full-time workers (Size class 0),1,Total recordable cases,131,"Private industry, Nebraska",Industry-level data from the Survey of Occupational Injuries and Illnesses (SOII)
ISUPBS54130032131,2018,-,541300,"Architectural, engineering, and related services",3,Rate of injury and illness cases per 100 full-time workers (Size class 0),2,"Cases involving days away from work, job restriction, or transfer",131,"Private industry, Nebraska",Industry-level data from the Survey of Occupational Injuries and Illnesses (SOII)
ISUPBS54130032131,2016,0.7,541300,"Architectural, engineering, and related services",3,Rate of injury and illness cases per 100 full-time workers (Size class 0),2,"Cases involving days away from work, job restriction, or transfer",131,"Private industry, Nebraska",Industry-level data from the Survey of Occupational Injuries and Illnesses (SOII)
ISUPBS54130041131,2018,0,541300,"Architectural, engineering, and related services",4,Number of illness cases (thousands) (Size class 0),1,Total recordable cases,131,"Private industry, Nebraska",Industry-level data from the Survey of Occupational Injuries and Illnesses (SOII)
ISUPBS54130041131,2016,0,541300,"Architectural, engineering, and related services",4,Number of illness cases (thousands) (Size class 0),1,Total recordable cases,131,"Private industry, Nebraska",Industry-level data from the Survey of Occupational Injuries and Illnesses (SOII)
ISUPBS54130051131,2018,0,541300,"Architectural, engineering, and related services",5,Number of injury cases (thousands) (Size class 0),1,Total recordable cases,131,"Private industry, Nebraska",Industry-level data from the Survey of Occupational Injuries and Illnesses (SOII)
ISUPBS56100001131,2020,18,561000,Administrative and support services,0,"Rate of illness cases per 10,000 full-time workers (Size class 0)",1,Total recordable cases,131,"Private industry, Nebraska",Industry-level data from the Survey of Occupational Injuries and Illnesses (SOII)
ISUPBS56100001131,2019,-,561000,Administrative and support services,0,"Rate of illness cases per 10,000 full-time workers (Size class 0)",1,Total recordable cases,131,"Private industry, Nebraska",Industry-level data from the Survey of Occupational Injuries and Illnesses (SOII)
ISUPBS56100001131,2018,16.2,561000,Administrative and support services,0,"Rate of illness cases per 10,000 full-time workers (Size class 0)",1,Total recordable cases,131,"Private industry, Nebraska",Industry-level data from the Survey of Occupational Injuries and Illnesses (SOII)
ISUPBS56100001131,2017,6.4,561000,Administrative and support services,0,"Rate of illness cases per 10,000 full-time workers (Size class 0)",1,Total recordable cases,131,"Private industry, Nebraska",Industry-level data from the Survey of Occupational Injuries and Illnesses (SOII)
ISUPBS56100001131,2016,9.1,561000,Administrative and support services,0,"Rate of illness cases per 10,000 full-time workers (Size class 0)",1,Total recordable cases,131,"Private industry, Nebraska",Industry-level data from the Survey of Occupational Injuries and Illnesses (SOII)
ISUPBS56100011131,2020,0.9,561000,Administrative and support services,1,Rate of injury cases per 100 full-time workers (Size class 0),1,Total recordable cases,131,"Private industry, Nebraska",Industry-level data from the Survey of Occupational Injuries and Illnesses (SOII)
ISUPBS56100011131,2019,1.5,561000,Administrative and support services,1,Rate of injury cases per 100 full-time workers (Size class 0),1,Total recordable cases,131,"Private industry, Nebraska",Industry-level data from the Survey of Occupational Injuries and Illnesses (SOII)
ISUPBS56100011131,2018,1.7,561000,Administrative and support services,1,Rate of injury cases per 100 full-time workers (Size class 0),1,Total recordable cases,131,"Private industry, Nebraska",Industry-level data from the Survey of Occupational Injuries and Illnesses (SOII)
ISUPBS56100011131,2017,2.1,561000,Administrative and support services,1,Rate of injury cases per 100 full-time workers (Size class 0),1,Total recordable cases,131,"Private industry, Nebraska",Industry-level data from the Survey of Occupational Injuries and Illnesses (SOII)
ISUPBS56100011131,2016,2,561000,Administrative and support services,1,Rate of injury cases per 100 full-time workers (Size class 0),1,Total recordable cases,131,"Private industry, Nebraska",Industry-level data from the Survey of Occupational Injuries and Illnesses (SOII)
ISUPBS56100031131,2020,1,561000,Administrative and support services,3,Rate of injury and illness cases per 100 full-time workers (Size class 0),1,Total recordable cases,131,"Private industry, Nebraska",Industry-level data from the Survey of Occupational Injuries and Illnesses (SOII)
ISUPBS56100031131,2019,1.6,561000,Administrative and support services,3,Rate of injury and illness cases per 100 full-time workers (Size class 0),1,Total recordable cases,131,"Private industry, Nebraska",Industry-level data from the Survey of Occupational Injuries and Illnesses (SOII)
ISUPBS56100031131,2018,1.9,561000,Administrative and support services,3,Rate of injury and illness cases per 100 full-time workers (Size class 0),1,Total recordable cases,131,"Private industry, Nebraska",Industry-level data from the Survey of Occupational Injuries and Illnesses (SOII)
ISUPBS56100031131,2017,2.1,561000,Administrative and support services,3,Rate of injury and illness cases per 100 full-time workers (Size class 0),1,Total recordable cases,131,"Private industry, Nebraska",Industry-level data from the Survey of Occupational Injuries and Illnesses (SOII)
ISUPBS56100031131,2016,2.1,561000,Administrative and support services,3,Rate of injury and illness cases per 100 full-time workers (Size class 0),1,Total recordable cases,131,"Private industry, Nebraska",Industry-level data from the Survey of Occupational Injuries and Illnesses (SOII)
ISUPBS56100032131,2020,0.6,561000,Administrative and support services,3,Rate of injury and illness cases per 100 full-time workers (Size class 0),2,"Cases involving days away from work, job restriction, or transfer",131,"Private industry, Nebraska",Industry-level data from the Survey of Occupational Injuries and Illnesses (SOII)
ISUPBS56100032131,2019,1,561000,Administrative and support services,3,Rate of injury and illness cases per 100 full-time workers (Size class 0),2,"Cases involving days away from work, job restriction, or transfer",131,"Private industry, Nebraska",Industry-level data from the Survey of Occupational Injuries and Illnesses (SOII)
ISUPBS56100032131,2018,0.9,561000,Administrative and support services,3,Rate of injury and illness cases per 100 full-time workers (Size class 0),2,"Cases involving days away from work, job restriction, or transfer",131,"Private industry, Nebraska",Industry-level data from the Survey of Occupational Injuries and Illnesses (SOII)
ISUPBS56100032131,2017,0.9,561000,Administrative and support services,3,Rate of injury and illness cases per 100 full-time workers (Size class 0),2,"Cases involving days away from work, job restriction, or transfer",131,"Private industry, Nebraska",Industry-level data from the Survey of Occupational Injuries and Illnesses (SOII)
ISUPBS56100032131,2016,1,561000,Administrative and support services,3,Rate of injury and illness cases per 100 full-time workers (Size class 0),2,"Cases involving days away from work, job restriction, or transfer",131,"Private industry, Nebraska",Industry-level data from the Survey of Occupational Injuries and Illnesses (SOII)
ISUPBS56100041131,2020,0.1,561000,Administrative and support services,4,Number of illness cases (thousands) (Size class 0),1,Total recordable cases,131,"Private industry, Nebraska",Industry-level data from the Survey of Occupational Injuries and Illnesses (SOII)
ISUPBS56100041131,2019,0,561000,Administrative and support services,4,Number of illness cases (thousands) (Size class 0),1,Total recordable cases,131,"Private industry, Nebraska",Industry-level data from the Survey of Occupational Injuries and Illnesses (SOII)
ISUPBS56100041131,2018,0,561000,Administrative and support services,4,Number of illness cases (thousands) (Size class 0),1,Total recordable cases,131,"Private industry, Nebraska",Industry-level data from the Survey of Occupational Injuries and Illnesses (SOII)
ISUPBS56100041131,2017,0,561000,Administrative and support services,4,Number of illness cases (thousands) (Size class 0),1,Total recordable cases,131,"Private industry, Nebraska",Industry-level data from the Survey of Occupational Injuries and Illnesses (SOII)
ISUPBS56100041131,2016,0,561000,Administrative and support services,4,Number of illness cases (thousands) (Size class 0),1,Total recordable cases,131,"Private industry, Nebraska",Industry-level data from the Survey of Occupational Injuries and Illnesses (SOII)
ISUPBS56100051131,2020,0.3,561000,Administrative and support services,5,Number of injury cases (thousands) (Size class 0),1,Total recordable cases,131,"Private industry, Nebraska",Industry-level data from the Survey of Occupational Injuries and Illnesses (SOII)
ISUPBS56100051131,2019,0.4,561000,Administrative and support services,5,Number of injury cases (thousands) (Size class 0),1,Total recordable cases,131,"Private industry, Nebraska",Industry-level data from the Survey of Occupational Injuries and Illnesses (SOII)
ISUPBS56100051131,2018,0.5,561000,Administrative and support services,5,Number of injury cases (thousands) (Size class 0),1,Total recordable cases,131,"Private industry, Nebraska",Industry-level data from the Survey of Occupational Injuries and Illnesses (SOII)
ISUPBS56100051131,2017,0.6,561000,Administrative and support services,5,Number of injury cases (thousands) (Size class 0),1,Total recordable cases,131,"Private industry, Nebraska",Industry-level data from the Survey of Occupational Injuries and Illnesses (SOII)
ISUPBS56100051131,2016,0.6,561000,Administrative and support services,5,Number of injury cases (thousands) (Size class 0),1,Total recordable cases,131,"Private industry, Nebraska",Industry-level data from the Survey of Occupational Injuries and Illnesses (SOII)
ISUPBS56130001131,2018,-,561300,Employment services,0,"Rate of illness cases per 10,000 full-time workers (Size class 0)",1,Total recordable cases,131,"Private industry, Nebraska",Industry-level data from the Survey of Occupational Injuries and Illnesses (SOII)
ISUPBS56130001131,2017,-,561300,Employment services,0,"Rate of illness cases per 10,000 full-time workers (Size class 0)",1,Total recordable cases,131,"Private industry, Nebraska",Industry-level data from the Survey of Occupational Injuries and Illnesses (SOII)
ISUPBS56130001131,2016,-,561300,Employment services,0,"Rate of illness cases per 10,000 full-time workers (Size class 0)",1,Total recordable cases,131,"Private industry, Nebraska",Industry-level data from the Survey of Occupational Injuries and Illnesses (SOII)
ISUPBS56130011131,2018,-,561300,Employment services,1,Rate of injury cases per 100 full-time workers (Size class 0),1,Total recordable cases,131,"Private industry, Nebraska",Industry-level data from the Survey of Occupational Injuries and Illnesses (SOII)
ISUPBS56130011131,2017,-,561300,Employment services,1,Rate of injury cases per 100 full-time workers (Size class 0),1,Total recordable cases,131,"Private industry, Nebraska",Industry-level data from the Survey of Occupational Injuries and Illnesses (SOII)
ISUPBS56130011131,2016,-,561300,Employment services,1,Rate of injury cases per 100 full-time workers (Size class 0),1,Total recordable cases,131,"Private industry, Nebraska",Industry-level data from the Survey of Occupational Injuries and Illnesses (SOII)
ISUPBS56130031131,2018,-,561300,Employment services,3,Rate of injury and illness cases per 100 full-time workers (Size class 0),1,Total recordable cases,131,"Private industry, Nebraska",Industry-level data from the Survey of Occupational Injuries and Illnesses (SOII)
ISUPBS56130031131,2017,-,561300,Employment services,3,Rate of injury and illness cases per 100 full-time workers (Size class 0),1,Total recordable cases,131,"Private industry, Nebraska",Industry-level data from the Survey of Occupational Injuries and Illnesses (SOII)
ISUPBS56130031131,2016,-,561300,Employment services,3,Rate of injury and illness cases per 100 full-time workers (Size class 0),1,Total recordable cases,131,"Private industry, Nebraska",Industry-level data from the Survey of Occupational Injuries and Illnesses (SOII)
ISUPBS56130032131,2018,-,561300,Employment services,3,Rate of injury and illness cases per 100 full-time workers (Size class 0),2,"Cases involving days away from work, job restriction, or transfer",131,"Private industry, Nebraska",Industry-level data from the Survey of Occupational Injuries and Illnesses (SOII)
ISUPBS56130032131,2017,-,561300,Employment services,3,Rate of injury and illness cases per 100 full-time workers (Size class 0),2,"Cases involving days away from work, job restriction, or transfer",131,"Private industry, Nebraska",Industry-level data from the Survey of Occupational Injuries and Illnesses (SOII)
ISUPBS56130032131,2016,-,561300,Employment services,3,Rate of injury and illness cases per 100 full-time workers (Size class 0),2,"Cases involving days away from work, job restriction, or transfer",131,"Private industry, Nebraska",Industry-level data from the Survey of Occupational Injuries and Illnesses (SOII)
ISUPBS56130041131,2018,0,561300,Employment services,4,Number of illness cases (thousands) (Size class 0),1,Total recordable cases,131,"Private industry, Nebraska",Industry-level data from the Survey of Occupational Injuries and Illnesses (SOII)
ISUPBS56130041131,2017,0,561300,Employment services,4,Number of illness cases (thousands) (Size class 0),1,Total recordable cases,131,"Private industry, Nebraska",Industry-level data from the Survey of Occupational Injuries and Illnesses (SOII)
ISUPBS56130041131,2016,0,561300,Employment services,4,Number of illness cases (thousands) (Size class 0),1,Total recordable cases,131,"Private industry, Nebraska",Industry-level data from the Survey of Occupational Injuries and Illnesses (SOII)
ISUPBS56130051131,2018,0,561300,Employment services,5,Number of injury cases (thousands) (Size class 0),1,Total recordable cases,131,"Private industry, Nebraska",Industry-level data from the Survey of Occupational Injuries and Illnesses (SOII)
ISUPBS56130051131,2017,0,561300,Employment services,5,Number of injury cases (thousands) (Size class 0),1,Total recordable cases,131,"Private industry, Nebraska",Industry-level data from the Survey of Occupational Injuries and Illnesses (SOII)
ISUPBS56130051131,2016,0,561300,Employment services,5,Number of injury cases (thousands) (Size class 0),1,Total recordable cases,131,"Private industry, Nebraska",Industry-level data from the Survey of Occupational Injuries and Illnesses (SOII)
ISUNRMGP2AFH31131,2020,4.5,GP2AFH,"Agriculture, forestry, fishing and hunting",3,Rate of injury and illness cases per 100 full-time workers (Size class 0),1,Total recordable cases,131,"Private industry, Nebraska",Industry-level data from the Survey of Occupational Injuries and Illnesses (SOII)
ISUNRMGP2AFH31131,2019,6.2,GP2AFH,"Agriculture, forestry, fishing and hunting",3,Rate of injury and illness cases per 100 full-time workers (Size class 0),1,Total recordable cases,131,"Private industry, Nebraska",Industry-level data from the Survey of Occupational Injuries and Illnesses (SOII)
ISUNRMGP2AFH31131,2018,5.2,GP2AFH,"Agriculture, forestry, fishing and hunting",3,Rate of injury and illness cases per 100 full-time workers (Size class 0),1,Total recordable cases,131,"Private industry, Nebraska",Industry-level data from the Survey of Occupational Injuries and Illnesses (SOII)
ISUNRMGP2AFH31131,2017,5.9,GP2AFH,"Agriculture, forestry, fishing and hunting",3,Rate of injury and illness cases per 100 full-time workers (Size class 0),1,Total recordable cases,131,"Private industry, Nebraska",Industry-level data from the Survey of Occupational Injuries and Illnesses (SOII)
ISUNRMGP2AFH31131,2016,6.2,GP2AFH,"Agriculture, forestry, fishing and hunting",3,Rate of injury and illness cases per 100 full-time workers (Size class 0),1,Total recordable cases,131,"Private industry, Nebraska",Industry-level data from the Survey of Occupational Injuries and Illnesses (SOII)
ISUNRMGP2AFH32131,2020,2.4,GP2AFH,"Agriculture, forestry, fishing and hunting",3,Rate of injury and illness cases per 100 full-time workers (Size class 0),2,"Cases involving days away from work, job restriction, or transfer",131,"Private industry, Nebraska",Industry-level data from the Survey of Occupational Injuries and Illnesses (SOII)
ISUNRMGP2AFH32131,2019,3.2,GP2AFH,"Agriculture, forestry, fishing and hunting",3,Rate of injury and illness cases per 100 full-time workers (Size class 0),2,"Cases involving days away from work, job restriction, or transfer",131,"Private industry, Nebraska",Industry-level data from the Survey of Occupational Injuries and Illnesses (SOII)
ISUNRMGP2AFH32131,2018,2.6,GP2AFH,"Agriculture, forestry, fishing and hunting",3,Rate of injury and illness cases per 100 full-time workers (Size class 0),2,"Cases involving days away from work, job restriction, or transfer",131,"Private industry, Nebraska",Industry-level data from the Survey of Occupational Injuries and Illnesses (SOII)
ISUNRMGP2AFH32131,2017,2.4,GP2AFH,"Agriculture, forestry, fishing and hunting",3,Rate of injury and illness cases per 100 full-time workers (Size class 0),2,"Cases involving days away from work, job restriction, or transfer",131,"Private industry, Nebraska",Industry-level data from the Survey of Occupational Injuries and Illnesses (SOII)
ISUNRMGP2AFH32131,2016,3.9,GP2AFH,"Agriculture, forestry, fishing and hunting",3,Rate of injury and illness cases per 100 full-time workers (Size class 0),2,"Cases involving days away from work, job restriction, or transfer",131,"Private industry, Nebraska",Industry-level data from the Survey of Occupational Injuries and Illnesses (SOII)
ISUNRMGP2AFH41131,2018,0,GP2AFH,"Agriculture, forestry, fishing and hunting",4,Number of illness cases (thousands) (Size class 0),1,Total recordable cases,131,"Private industry, Nebraska",Industry-level data from the Survey of Occupational Injuries and Illnesses (SOII)
ISUNRMGP2AFH41131,2016,0,GP2AFH,"Agriculture, forestry, fishing and hunting",4,Number of illness cases (thousands) (Size class 0),1,Total recordable cases,131,"Private industry, Nebraska",Industry-level data from the Survey of Occupational Injuries and Illnesses (SOII)
ISUNRMGP2AFH51131,2020,0.4,GP2AFH,"Agriculture, forestry, fishing and hunting",5,Number of injury cases (thousands) (Size class 0),1,Total recordable cases,131,"Private industry, Nebraska",Industry-level data from the Survey of Occupational Injuries and Illnesses (SOII)
ISUNRMGP2AFH51131,2019,0.5,GP2AFH,"Agriculture, forestry, fishing and hunting",5,Number of injury cases (thousands) (Size class 0),1,Total recordable cases,131,"Private industry, Nebraska",Industry-level data from the Survey of Occupational Injuries and Illnesses (SOII)
ISUNRMGP2AFH51131,2018,0.5,GP2AFH,"Agriculture, forestry, fishing and hunting",5,Number of injury cases (thousands) (Size class 0),1,Total recordable cases,131,"Private industry, Nebraska",Industry-level data from the Survey of Occupational Injuries and Illnesses (SOII)
ISUNRMGP2AFH51131,2017,0.5,GP2AFH,"Agriculture, forestry, fishing and hunting",5,Number of injury cases (thousands) (Size class 0),1,Total recordable cases,131,"Private industry, Nebraska",Industry-level data from the Survey of Occupational Injuries and Illnesses (SOII)
ISUNRMGP2AFH51131,2016,0.5,GP2AFH,"Agriculture, forestry, fishing and hunting",5,Number of injury cases (thousands) (Size class 0),1,Total recordable cases,131,"Private industry, Nebraska",Industry-level data from the Survey of Occupational Injuries and Illnesses (SOII)
ISUNRMGP2MIN01131,2020,-,GP2MIN,"Mining, quarrying, and oil and gas extraction",0,"Rate of illness cases per 10,000 full-time workers (Size class 0)",1,Total recordable cases,131,"Private industry, Nebraska",Industry-level data from the Survey of Occupational Injuries and Illnesses (SOII)
ISUNRMGP2MIN01131,2019,-,GP2MIN,"Mining, quarrying, and oil and gas extraction",0,"Rate of illness cases per 10,000 full-time workers (Size class 0)",1,Total recordable cases,131,"Private industry, Nebraska",Industry-level data from the Survey of Occupational Injuries and Illnesses (SOII)
ISUNRMGP2MIN01131,2018,-,GP2MIN,"Mining, quarrying, and oil and gas extraction",0,"Rate of illness cases per 10,000 full-time workers (Size class 0)",1,Total recordable cases,131,"Private industry, Nebraska",Industry-level data from the Survey of Occupational Injuries and Illnesses (SOII)
ISUNRMGP2MIN01131,2017,-,GP2MIN,"Mining, quarrying, and oil and gas extraction",0,"Rate of illness cases per 10,000 full-time workers (Size class 0)",1,Total recordable cases,131,"Private industry, Nebraska",Industry-level data from the Survey of Occupational Injuries and Illnesses (SOII)
ISUNRMGP2MIN01131,2016,-,GP2MIN,"Mining, quarrying, and oil and gas extraction",0,"Rate of illness cases per 10,000 full-time workers (Size class 0)",1,Total recordable cases,131,"Private industry, Nebraska",Industry-level data from the Survey of Occupational Injuries and Illnesses (SOII)
ISUNRMGP2MIN11131,2020,5,GP2MIN,"Mining, quarrying, and oil and gas extraction",1,Rate of injury cases per 100 full-time workers (Size class 0),1,Total recordable cases,131,"Private industry, Nebraska",Industry-level data from the Survey of Occupational Injuries and Illnesses (SOII)
ISUNRMGP2MIN11131,2019,1.9,GP2MIN,"Mining, quarrying, and oil and gas extraction",1,Rate of injury cases per 100 full-time workers (Size class 0),1,Total recordable cases,131,"Private industry, Nebraska",Industry-level data from the Survey of Occupational Injuries and Illnesses (SOII)
ISUNRMGP2MIN11131,2018,-,GP2MIN,"Mining, quarrying, and oil and gas extraction",1,Rate of injury cases per 100 full-time workers (Size class 0),1,Total recordable cases,131,"Private industry, Nebraska",Industry-level data from the Survey of Occupational Injuries and Illnesses (SOII)
ISUNRMGP2MIN11131,2017,2.3,GP2MIN,"Mining, quarrying, and oil and gas extraction",1,Rate of injury cases per 100 full-time workers (Size class 0),1,Total recordable cases,131,"Private industry, Nebraska",Industry-level data from the Survey of Occupational Injuries and Illnesses (SOII)
ISUNRMGP2MIN11131,2016,2.1,GP2MIN,"Mining, quarrying, and oil and gas extraction",1,Rate of injury cases per 100 full-time workers (Size class 0),1,Total recordable cases,131,"Private industry, Nebraska",Industry-level data from the Survey of Occupational Injuries and Illnesses (SOII)
ISUNRMGP2MIN31131,2020,5.1,GP2MIN,"Mining, quarrying, and oil and gas extraction",3,Rate of injury and illness cases per 100 full-time workers (Size class 0),1,Total recordable cases,131,"Private industry, Nebraska",Industry-level data from the Survey of Occupational Injuries and Illnesses (SOII)
ISUNRMGP2MIN31131,2019,1.9,GP2MIN,"Mining, quarrying, and oil and gas extraction",3,Rate of injury and illness cases per 100 full-time workers (Size class 0),1,Total recordable cases,131,"Private industry, Nebraska",Industry-level data from the Survey of Occupational Injuries and Illnesses (SOII)
ISUNRMGP2MIN31131,2018,-,GP2MIN,"Mining, quarrying, and oil and gas extraction",3,Rate of injury and illness cases per 100 full-time workers (Size class 0),1,Total recordable cases,131,"Private industry, Nebraska",Industry-level data from the Survey of Occupational Injuries and Illnesses (SOII)
ISUNRMGP2MIN31131,2017,2.3,GP2MIN,"Mining, quarrying, and oil and gas extraction",3,Rate of injury and illness cases per 100 full-time workers (Size class 0),1,Total recordable cases,131,"Private industry, Nebraska",Industry-level data from the Survey of Occupational Injuries and Illnesses (SOII)
ISUNRMGP2MIN31131,2016,2.3,GP2MIN,"Mining, quarrying, and oil and gas extraction",3,Rate of injury and illness cases per 100 full-time workers (Size class 0),1,Total recordable cases,131,"Private industry, Nebraska",Industry-level data from the Survey of Occupational Injuries and Illnesses (SOII)
ISUNRMGP2MIN32131,2020,4.4,GP2MIN,"Mining, quarrying, and oil and gas extraction",3,Rate of injury and illness cases per 100 full-time workers (Size class 0),2,"Cases involving days away from work, job restriction, or transfer",131,"Private industry, Nebraska",Industry-level data from the Survey of Occupational Injuries and Illnesses (SOII)
ISUNRMGP2MIN32131,2019,-,GP2MIN,"Mining, quarrying, and oil and gas extraction",3,Rate of injury and illness cases per 100 full-time workers (Size class 0),2,"Cases involving days away from work, job restriction, or transfer",131,"Private industry, Nebraska",Industry-level data from the Survey of Occupational Injuries and Illnesses (SOII)
ISUNRMGP2MIN32131,2018,-,GP2MIN,"Mining, quarrying, and oil and gas extraction",3,Rate of injury and illness cases per 100 full-time workers (Size class 0),2,"Cases involving days away from work, job restriction, or transfer",131,"Private industry, Nebraska",Industry-level data from the Survey of Occupational Injuries and Illnesses (SOII)
ISUNRMGP2MIN32131,2017,1.4,GP2MIN,"Mining, quarrying, and oil and gas extraction",3,Rate of injury and illness cases per 100 full-time workers (Size class 0),2,"Cases involving days away from work, job restriction, or transfer",131,"Private industry, Nebraska",Industry-level data from the Survey of Occupational Injuries and Illnesses (SOII)
ISUNRMGP2MIN32131,2016,-,GP2MIN,"Mining, quarrying, and oil and gas extraction",3,Rate of injury and illness cases per 100 full-time workers (Size class 0),2,"Cases involving days away from work, job restriction, or transfer",131,"Private industry, Nebraska",Industry-level data from the Survey of Occupational Injuries and Illnesses (SOII)
ISUNRMGP2MIN41131,2020,-,GP2MIN,"Mining, quarrying, and oil and gas extraction",4,Number of illness cases (thousands) (Size class 0),1,Total recordable cases,131,"Private industry, Nebraska",Industry-level data from the Survey of Occupational Injuries and Illnesses (SOII)
ISUNRMGP2MIN41131,2019,0,GP2MIN,"Mining, quarrying, and oil and gas extraction",4,Number of illness cases (thousands) (Size class 0),1,Total recordable cases,131,"Private industry, Nebraska",Industry-level data from the Survey of Occupational Injuries and Illnesses (SOII)
ISUNRMGP2MIN41131,2018,0,GP2MIN,"Mining, quarrying, and oil and gas extraction",4,Number of illness cases (thousands) (Size class 0),1,Total recordable cases,131,"Private industry, Nebraska",Industry-level data from the Survey of Occupational Injuries and Illnesses (SOII)
ISUNRMGP2MIN41131,2017,0,GP2MIN,"Mining, quarrying, and oil and gas extraction",4,Number of illness cases (thousands) (Size class 0),1,Total recordable cases,131,"Private industry, Nebraska",Industry-level data from the Survey of Occupational Injuries and Illnesses (SOII)
ISUNRMGP2MIN41131,2016,0,GP2MIN,"Mining, quarrying, and oil and gas extraction",4,Number of illness cases (thousands) (Size class 0),1,Total recordable cases,131,"Private industry, Nebraska",Industry-level data from the Survey of Occupational Injuries and Illnesses (SOII)
ISUNRMGP2MIN51131,2020,0,GP2MIN,"Mining, quarrying, and oil and gas extraction",5,Number of injury cases (thousands) (Size class 0),1,Total recordable cases,131,"Private industry, Nebraska",Industry-level data from the Survey of Occupational Injuries and Illnesses (SOII)
ISUNRMGP2MIN51131,2019,0,GP2MIN,"Mining, quarrying, and oil and gas extraction",5,Number of injury cases (thousands) (Size class 0),1,Total recordable cases,131,"Private industry, Nebraska",Industry-level data from the Survey of Occupational Injuries and Illnesses (SOII)
ISUNRMGP2MIN51131,2018,0,GP2MIN,"Mining, quarrying, and oil and gas extraction",5,Number of injury cases (thousands) (Size class 0),1,Total recordable cases,131,"Private industry, Nebraska",Industry-level data from the Survey of Occupational Injuries and Illnesses (SOII)
ISUNRMGP2MIN51131,2017,0,GP2MIN,"Mining, quarrying, and oil and gas extraction",5,Number of injury cases (thousands) (Size class 0),1,Total recordable cases,131,"Private industry, Nebraska",Industry-level data from the Survey of Occupational Injuries and Illnesses (SOII)
ISUNRMGP2MIN51131,2016,0,GP2MIN,"Mining, quarrying, and oil and gas extraction",5,Number of injury cases (thousands) (Size class 0),1,Total recordable cases,131,"Private industry, Nebraska",Industry-level data from the Survey of Occupational Injuries and Illnesses (SOII)
ISUOTS81100001131,2019,-,811000,Repair and maintenance,0,"Rate of illness cases per 10,000 full-time workers (Size class 0)",1,Total recordable cases,131,"Private industry, Nebraska",Industry-level data from the Survey of Occupational Injuries and Illnesses (SOII)
ISUOTS81100001131,2016,-,811000,Repair and maintenance,0,"Rate of illness cases per 10,000 full-time workers (Size class 0)",1,Total recordable cases,131,"Private industry, Nebraska",Industry-level data from the Survey of Occupational Injuries and Illnesses (SOII)
ISUOTS81100011131,2020,1.2,811000,Repair and maintenance,1,Rate of injury cases per 100 full-time workers (Size class 0),1,Total recordable cases,131,"Private industry, Nebraska",Industry-level data from the Survey of Occupational Injuries and Illnesses (SOII)
ISUOTS81100011131,2019,5,811000,Repair and maintenance,1,Rate of injury cases per 100 full-time workers (Size class 0),1,Total recordable cases,131,"Private industry, Nebraska",Industry-level data from the Survey of Occupational Injuries and Illnesses (SOII)
ISUOTS81100011131,2017,2,811000,Repair and maintenance,1,Rate of injury cases per 100 full-time workers (Size class 0),1,Total recordable cases,131,"Private industry, Nebraska",Industry-level data from the Survey of Occupational Injuries and Illnesses (SOII)
ISUOTS81100011131,2016,2.3,811000,Repair and maintenance,1,Rate of injury cases per 100 full-time workers (Size class 0),1,Total recordable cases,131,"Private industry, Nebraska",Industry-level data from the Survey of Occupational Injuries and Illnesses (SOII)
ISUOTS81100031131,2020,1.2,811000,Repair and maintenance,3,Rate of injury and illness cases per 100 full-time workers (Size class 0),1,Total recordable cases,131,"Private industry, Nebraska",Industry-level data from the Survey of Occupational Injuries and Illnesses (SOII)
ISUOTS81100031131,2019,5,811000,Repair and maintenance,3,Rate of injury and illness cases per 100 full-time workers (Size class 0),1,Total recordable cases,131,"Private industry, Nebraska",Industry-level data from the Survey of Occupational Injuries and Illnesses (SOII)
ISUOTS81100031131,2017,2.3,811000,Repair and maintenance,3,Rate of injury and illness cases per 100 full-time workers (Size class 0),1,Total recordable cases,131,"Private industry, Nebraska",Industry-level data from the Survey of Occupational Injuries and Illnesses (SOII)
ISUOTS81100031131,2016,2.4,811000,Repair and maintenance,3,Rate of injury and illness cases per 100 full-time workers (Size class 0),1,Total recordable cases,131,"Private industry, Nebraska",Industry-level data from the Survey of Occupational Injuries and Illnesses (SOII)
ISUOTS81100032131,2020,0.6,811000,Repair and maintenance,3,Rate of injury and illness cases per 100 full-time workers (Size class 0),2,"Cases involving days away from work, job restriction, or transfer",131,"Private industry, Nebraska",Industry-level data from the Survey of Occupational Injuries and Illnesses (SOII)
ISUOTS81100032131,2019,2.3,811000,Repair and maintenance,3,Rate of injury and illness cases per 100 full-time workers (Size class 0),2,"Cases involving days away from work, job restriction, or transfer",131,"Private industry, Nebraska",Industry-level data from the Survey of Occupational Injuries and Illnesses (SOII)
ISUOTS81100032131,2017,1.1,811000,Repair and maintenance,3,Rate of injury and illness cases per 100 full-time workers (Size class 0),2,"Cases involving days away from work, job restriction, or transfer",131,"Private industry, Nebraska",Industry-level data from the Survey of Occupational Injuries and Illnesses (SOII)
ISUOTS81100032131,2016,0.5,811000,Repair and maintenance,3,Rate of injury and illness cases per 100 full-time workers (Size class 0),2,"Cases involving days away from work, job restriction, or transfer",131,"Private industry, Nebraska",Industry-level data from the Survey of Occupational Injuries and Illnesses (SOII)
ISUOTS81100041131,2019,0,811000,Repair and maintenance,4,Number of illness cases (thousands) (Size class 0),1,Total recordable cases,131,"Private industry, Nebraska",Industry-level data from the Survey of Occupational Injuries and Illnesses (SOII)
ISUOTS81100041131,2016,0,811000,Repair and maintenance,4,Number of illness cases (thousands) (Size class 0),1,Total recordable cases,131,"Private industry, Nebraska",Industry-level data from the Survey of Occupational Injuries and Illnesses (SOII)
ISUOTS81100051131,2020,0.1,811000,Repair and maintenance,5,Number of injury cases (thousands) (Size class 0),1,Total recordable cases,131,"Private industry, Nebraska",Industry-level data from the Survey of Occupational Injuries and Illnesses (SOII)
ISUOTS81100051131,2019,0.5,811000,Repair and maintenance,5,Number of injury cases (thousands) (Size class 0),1,Total recordable cases,131,"Private industry, Nebraska",Industry-level data from the Survey of Occupational Injuries and Illnesses (SOII)
ISUOTS81100051131,2017,0.2,811000,Repair and maintenance,5,Number of injury cases (thousands) (Size class 0),1,Total recordable cases,131,"Private industry, Nebraska",Industry-level data from the Survey of Occupational Injuries and Illnesses (SOII)
ISUOTS81100051131,2016,0.2,811000,Repair and maintenance,5,Number of injury cases (thousands) (Size class 0),1,Total recordable cases,131,"Private industry, Nebraska",Industry-level data from the Survey of Occupational Injuries and Illnesses (SOII)
ISUOTS81110001131,2019,-,811100,Automotive repair and maintenance,0,"Rate of illness cases per 10,000 full-time workers (Size class 0)",1,Total recordable cases,131,"Private industry, Nebraska",Industry-level data from the Survey of Occupational Injuries and Illnesses (SOII)
ISUOTS81110001131,2017,-,811100,Automotive repair and maintenance,0,"Rate of illness cases per 10,000 full-time workers (Size class 0)",1,Total recordable cases,131,"Private industry, Nebraska",Industry-level data from the Survey of Occupational Injuries and Illnesses (SOII)
ISUOTS81110001131,2016,-,811100,Automotive repair and maintenance,0,"Rate of illness cases per 10,000 full-time workers (Size class 0)",1,Total recordable cases,131,"Private industry, Nebraska",Industry-level data from the Survey of Occupational Injuries and Illnesses (SOII)
ISUOTS81110011131,2020,1.8,811100,Automotive repair and maintenance,1,Rate of injury cases per 100 full-time workers (Size class 0),1,Total recordable cases,131,"Private industry, Nebraska",Industry-level data from the Survey of Occupational Injuries and Illnesses (SOII)
ISUOTS81110011131,2019,6.4,811100,Automotive repair and maintenance,1,Rate of injury cases per 100 full-time workers (Size class 0),1,Total recordable cases,131,"Private industry, Nebraska",Industry-level data from the Survey of Occupational Injuries and Illnesses (SOII)
ISUOTS81110011131,2017,1.2,811100,Automotive repair and maintenance,1,Rate of injury cases per 100 full-time workers (Size class 0),1,Total recordable cases,131,"Private industry, Nebraska",Industry-level data from the Survey of Occupational Injuries and Illnesses (SOII)
ISUOTS81110011131,2016,2.9,811100,Automotive repair and maintenance,1,Rate of injury cases per 100 full-time workers (Size class 0),1,Total recordable cases,131,"Private industry, Nebraska",Industry-level data from the Survey of Occupational Injuries and Illnesses (SOII)
ISUOTS81110031131,2020,1.8,811100,Automotive repair and maintenance,3,Rate of injury and illness cases per 100 full-time workers (Size class 0),1,Total recordable cases,131,"Private industry, Nebraska",Industry-level data from the Survey of Occupational Injuries and Illnesses (SOII)
ISUOTS81110031131,2019,6.4,811100,Automotive repair and maintenance,3,Rate of injury and illness cases per 100 full-time workers (Size class 0),1,Total recordable cases,131,"Private industry, Nebraska",Industry-level data from the Survey of Occupational Injuries and Illnesses (SOII)
ISUOTS81110031131,2017,1.2,811100,Automotive repair and maintenance,3,Rate of injury and illness cases per 100 full-time workers (Size class 0),1,Total recordable cases,131,"Private industry, Nebraska",Industry-level data from the Survey of Occupational Injuries and Illnesses (SOII)
ISUOTS81110031131,2016,2.9,811100,Automotive repair and maintenance,3,Rate of injury and illness cases per 100 full-time workers (Size class 0),1,Total recordable cases,131,"Private industry, Nebraska",Industry-level data from the Survey of Occupational Injuries and Illnesses (SOII)
ISUOTS81110032131,2020,1,811100,Automotive repair and maintenance,3,Rate of injury and illness cases per 100 full-time workers (Size class 0),2,"Cases involving days away from work, job restriction, or transfer",131,"Private industry, Nebraska",Industry-level data from the Survey of Occupational Injuries and Illnesses (SOII)
ISUOTS81110032131,2019,2.8,811100,Automotive repair and maintenance,3,Rate of injury and illness cases per 100 full-time workers (Size class 0),2,"Cases involving days away from work, job restriction, or transfer",131,"Private industry, Nebraska",Industry-level data from the Survey of Occupational Injuries and Illnesses (SOII)
ISUOTS81110032131,2017,0.8,811100,Automotive repair and maintenance,3,Rate of injury and illness cases per 100 full-time workers (Size class 0),2,"Cases involving days away from work, job restriction, or transfer",131,"Private industry, Nebraska",Industry-level data from the Survey of Occupational Injuries and Illnesses (SOII)
ISUOTS81110032131,2016,0.7,811100,Automotive repair and maintenance,3,Rate of injury and illness cases per 100 full-time workers (Size class 0),2,"Cases involving days away from work, job restriction, or transfer",131,"Private industry, Nebraska",Industry-level data from the Survey of Occupational Injuries and Illnesses (SOII)
ISUOTS81110041131,2019,0,811100,Automotive repair and maintenance,4,Number of illness cases (thousands) (Size class 0),1,Total recordable cases,131,"Private industry, Nebraska",Industry-level data from the Survey of Occupational Injuries and Illnesses (SOII)
ISUOTS81110041131,2017,0,811100,Automotive repair and maintenance,4,Number of illness cases (thousands) (Size class 0),1,Total recordable cases,131,"Private industry, Nebraska",Industry-level data from the Survey of Occupational Injuries and Illnesses (SOII)
ISUOTS81110041131,2016,0,811100,Automotive repair and maintenance,4,Number of illness cases (thousands) (Size class 0),1,Total recordable cases,131,"Private industry, Nebraska",Industry-level data from the Survey of Occupational Injuries and Illnesses (SOII)
ISUOTS81110051131,2020,0.1,811100,Automotive repair and maintenance,5,Number of injury cases (thousands) (Size class 0),1,Total recordable cases,131,"Private industry, Nebraska",Industry-level data from the Survey of Occupational Injuries and Illnesses (SOII)
ISUOTS81110051131,2019,0.4,811100,Automotive repair and maintenance,5,Number of injury cases (thousands) (Size class 0),1,Total recordable cases,131,"Private industry, Nebraska",Industry-level data from the Survey of Occupational Injuries and Illnesses (SOII)
ISUOTS81110051131,2017,0.1,811100,Automotive repair and maintenance,5,Number of injury cases (thousands) (Size class 0),1,Total recordable cases,131,"Private industry, Nebraska",Industry-level data from the Survey of Occupational Injuries and Illnesses (SOII)
ISUOTS81110051131,2016,0.2,811100,Automotive repair and maintenance,5,Number of injury cases (thousands) (Size class 0),1,Total recordable cases,131,"Private industry, Nebraska",Industry-level data from the Survey of Occupational Injuries and Illnesses (SOII)
ISUOTS81200011131,2017,2,812000,Personal and laundry services,1,Rate of injury cases per 100 full-time workers (Size class 0),1,Total recordable cases,131,"Private industry, Nebraska",Industry-level data from the Survey of Occupational Injuries and Illnesses (SOII)
ISUOTS81200031131,2017,2.1,812000,Personal and laundry services,3,Rate of injury and illness cases per 100 full-time workers (Size class 0),1,Total recordable cases,131,"Private industry, Nebraska",Industry-level data from the Survey of Occupational Injuries and Illnesses (SOII)
ISUOTS81200032131,2018,1.1,812000,Personal and laundry services,3,Rate of injury and illness cases per 100 full-time workers (Size class 0),2,"Cases involving days away from work, job restriction, or transfer",131,"Private industry, Nebraska",Industry-level data from the Survey of Occupational Injuries and Illnesses (SOII)
ISUOTS81200032131,2017,1.1,812000,Personal and laundry services,3,Rate of injury and illness cases per 100 full-time workers (Size class 0),2,"Cases involving days away from work, job restriction, or transfer",131,"Private industry, Nebraska",Industry-level data from the Survey of Occupational Injuries and Illnesses (SOII)
ISUOTS81200051131,2017,0.1,812000,Personal and laundry services,5,Number of injury cases (thousands) (Size class 0),1,Total recordable cases,131,"Private industry, Nebraska",Industry-level data from the Survey of Occupational Injuries and Illnesses (SOII)
ISUOTS81300001131,2019,-,813000,"Religious, grantmaking, civic, professional, and similar organizations",0,"Rate of illness cases per 10,000 full-time workers (Size class 0)",1,Total recordable cases,131,"Private industry, Nebraska",Industry-level data from the Survey of Occupational Injuries and Illnesses (SOII)
ISUOTS81300001131,2017,-,813000,"Religious, grantmaking, civic, professional, and similar organizations",0,"Rate of illness cases per 10,000 full-time workers (Size class 0)",1,Total recordable cases,131,"Private industry, Nebraska",Industry-level data from the Survey of Occupational Injuries and Illnesses (SOII)
ISUOTS81300001131,2016,-,813000,"Religious, grantmaking, civic, professional, and similar organizations",0,"Rate of illness cases per 10,000 full-time workers (Size class 0)",1,Total recordable cases,131,"Private industry, Nebraska",Industry-level data from the Survey of Occupational Injuries and Illnesses (SOII)
ISUOTS81300011131,2020,1.2,813000,"Religious, grantmaking, civic, professional, and similar organizations",1,Rate of injury cases per 100 full-time workers (Size class 0),1,Total recordable cases,131,"Private industry, Nebraska",Industry-level data from the Survey of Occupational Injuries and Illnesses (SOII)
ISUOTS81300011131,2019,0.5,813000,"Religious, grantmaking, civic, professional, and similar organizations",1,Rate of injury cases per 100 full-time workers (Size class 0),1,Total recordable cases,131,"Private industry, Nebraska",Industry-level data from the Survey of Occupational Injuries and Illnesses (SOII)
ISUOTS81300011131,2018,0.5,813000,"Religious, grantmaking, civic, professional, and similar organizations",1,Rate of injury cases per 100 full-time workers (Size class 0),1,Total recordable cases,131,"Private industry, Nebraska",Industry-level data from the Survey of Occupational Injuries and Illnesses (SOII)
ISUOTS81300011131,2017,1,813000,"Religious, grantmaking, civic, professional, and similar organizations",1,Rate of injury cases per 100 full-time workers (Size class 0),1,Total recordable cases,131,"Private industry, Nebraska",Industry-level data from the Survey of Occupational Injuries and Illnesses (SOII)
ISUOTS81300011131,2016,1.8,813000,"Religious, grantmaking, civic, professional, and similar organizations",1,Rate of injury cases per 100 full-time workers (Size class 0),1,Total recordable cases,131,"Private industry, Nebraska",Industry-level data from the Survey of Occupational Injuries and Illnesses (SOII)
ISUOTS81300031131,2020,1.2,813000,"Religious, grantmaking, civic, professional, and similar organizations",3,Rate of injury and illness cases per 100 full-time workers (Size class 0),1,Total recordable cases,131,"Private industry, Nebraska",Industry-level data from the Survey of Occupational Injuries and Illnesses (SOII)
ISUOTS81300031131,2019,0.5,813000,"Religious, grantmaking, civic, professional, and similar organizations",3,Rate of injury and illness cases per 100 full-time workers (Size class 0),1,Total recordable cases,131,"Private industry, Nebraska",Industry-level data from the Survey of Occupational Injuries and Illnesses (SOII)
ISUOTS81300031131,2018,0.6,813000,"Religious, grantmaking, civic, professional, and similar organizations",3,Rate of injury and illness cases per 100 full-time workers (Size class 0),1,Total recordable cases,131,"Private industry, Nebraska",Industry-level data from the Survey of Occupational Injuries and Illnesses (SOII)
ISUOTS81300031131,2017,1.1,813000,"Religious, grantmaking, civic, professional, and similar organizations",3,Rate of injury and illness cases per 100 full-time workers (Size class 0),1,Total recordable cases,131,"Private industry, Nebraska",Industry-level data from the Survey of Occupational Injuries and Illnesses (SOII)
ISUOTS81300031131,2016,1.8,813000,"Religious, grantmaking, civic, professional, and similar organizations",3,Rate of injury and illness cases per 100 full-time workers (Size class 0),1,Total recordable cases,131,"Private industry, Nebraska",Industry-level data from the Survey of Occupational Injuries and Illnesses (SOII)
ISUOTS81300032131,2020,-,813000,"Religious, grantmaking, civic, professional, and similar organizations",3,Rate of injury and illness cases per 100 full-time workers (Size class 0),2,"Cases involving days away from work, job restriction, or transfer",131,"Private industry, Nebraska",Industry-level data from the Survey of Occupational Injuries and Illnesses (SOII)
ISUOTS81300032131,2019,0.4,813000,"Religious, grantmaking, civic, professional, and similar organizations",3,Rate of injury and illness cases per 100 full-time workers (Size class 0),2,"Cases involving days away from work, job restriction, or transfer",131,"Private industry, Nebraska",Industry-level data from the Survey of Occupational Injuries and Illnesses (SOII)
ISUOTS81300032131,2018,-,813000,"Religious, grantmaking, civic, professional, and similar organizations",3,Rate of injury and illness cases per 100 full-time workers (Size class 0),2,"Cases involving days away from work, job restriction, or transfer",131,"Private industry, Nebraska",Industry-level data from the Survey of Occupational Injuries and Illnesses (SOII)
ISUOTS81300032131,2017,0.4,813000,"Religious, grantmaking, civic, professional, and similar organizations",3,Rate of injury and illness cases per 100 full-time workers (Size class 0),2,"Cases involving days away from work, job restriction, or transfer",131,"Private industry, Nebraska",Industry-level data from the Survey of Occupational Injuries and Illnesses (SOII)
ISUOTS81300032131,2016,0.4,813000,"Religious, grantmaking, civic, professional, and similar organizations",3,Rate of injury and illness cases per 100 full-time workers (Size class 0),2,"Cases involving days away from work, job restriction, or transfer",131,"Private industry, Nebraska",Industry-level data from the Survey of Occupational Injuries and Illnesses (SOII)
ISUOTS81300041131,2019,0,813000,"Religious, grantmaking, civic, professional, and similar organizations",4,Number of illness cases (thousands) (Size class 0),1,Total recordable cases,131,"Private industry, Nebraska",Industry-level data from the Survey of Occupational Injuries and Illnesses (SOII)
ISUOTS81300041131,2017,0,813000,"Religious, grantmaking, civic, professional, and similar organizations",4,Number of illness cases (thousands) (Size class 0),1,Total recordable cases,131,"Private industry, Nebraska",Industry-level data from the Survey of Occupational Injuries and Illnesses (SOII)
ISUOTS81300041131,2016,0,813000,"Religious, grantmaking, civic, professional, and similar organizations",4,Number of illness cases (thousands) (Size class 0),1,Total recordable cases,131,"Private industry, Nebraska",Industry-level data from the Survey of Occupational Injuries and Illnesses (SOII)
ISUOTS81300051131,2020,0,813000,"Religious, grantmaking, civic, professional, and similar organizations",5,Number of injury cases (thousands) (Size class 0),1,Total recordable cases,131,"Private industry, Nebraska",Industry-level data from the Survey of Occupational Injuries and Illnesses (SOII)
ISUOTS81300051131,2019,0,813000,"Religious, grantmaking, civic, professional, and similar organizations",5,Number of injury cases (thousands) (Size class 0),1,Total recordable cases,131,"Private industry, Nebraska",Industry-level data from the Survey of Occupational Injuries and Illnesses (SOII)
ISUOTS81300051131,2018,0,813000,"Religious, grantmaking, civic, professional, and similar organizations",5,Number of injury cases (thousands) (Size class 0),1,Total recordable cases,131,"Private industry, Nebraska",Industry-level data from the Survey of Occupational Injuries and Illnesses (SOII)
ISUOTS81300051131,2017,0,813000,"Religious, grantmaking, civic, professional, and similar organizations",5,Number of injury cases (thousands) (Size class 0),1,Total recordable cases,131,"Private industry, Nebraska",Industry-level data from the Survey of Occupational Injuries and Illnesses (SOII)
ISUOTS81300051131,2016,0.1,813000,"Religious, grantmaking, civic, professional, and similar organizations",5,Number of injury cases (thousands) (Size class 0),1,Total recordable cases,131,"Private industry, Nebraska",Industry-level data from the Survey of Occupational Injuries and Illnesses (SOII)
ISUOTSSP1OTS01131,2019,-,SP1OTS,Other services (except public administration),0,"Rate of illness cases per 10,000 full-time workers (Size class 0)",1,Total recordable cases,131,"Private industry, Nebraska",Industry-level data from the Survey of Occupational Injuries and Illnesses (SOII)
ISUOTSSP1OTS01131,2018,-,SP1OTS,Other services (except public administration),0,"Rate of illness cases per 10,000 full-time workers (Size class 0)",1,Total recordable cases,131,"Private industry, Nebraska",Industry-level data from the Survey of Occupational Injuries and Illnesses (SOII)
ISUOTSSP1OTS01131,2017,18.7,SP1OTS,Other services (except public administration),0,"Rate of illness cases per 10,000 full-time workers (Size class 0)",1,Total recordable cases,131,"Private industry, Nebraska",Industry-level data from the Survey of Occupational Injuries and Illnesses (SOII)
ISUOTSSP1OTS01131,2016,-,SP1OTS,Other services (except public administration),0,"Rate of illness cases per 10,000 full-time workers (Size class 0)",1,Total recordable cases,131,"Private industry, Nebraska",Industry-level data from the Survey of Occupational Injuries and Illnesses (SOII)
ISUOTSSP1OTS11131,2020,1.4,SP1OTS,Other services (except public administration),1,Rate of injury cases per 100 full-time workers (Size class 0),1,Total recordable cases,131,"Private industry, Nebraska",Industry-level data from the Survey of Occupational Injuries and Illnesses (SOII)
ISUOTSSP1OTS11131,2019,3.4,SP1OTS,Other services (except public administration),1,Rate of injury cases per 100 full-time workers (Size class 0),1,Total recordable cases,131,"Private industry, Nebraska",Industry-level data from the Survey of Occupational Injuries and Illnesses (SOII)
ISUOTSSP1OTS11131,2018,2.2,SP1OTS,Other services (except public administration),1,Rate of injury cases per 100 full-time workers (Size class 0),1,Total recordable cases,131,"Private industry, Nebraska",Industry-level data from the Survey of Occupational Injuries and Illnesses (SOII)
ISUOTSSP1OTS11131,2017,1.7,SP1OTS,Other services (except public administration),1,Rate of injury cases per 100 full-time workers (Size class 0),1,Total recordable cases,131,"Private industry, Nebraska",Industry-level data from the Survey of Occupational Injuries and Illnesses (SOII)
ISUOTSSP1OTS11131,2016,2.2,SP1OTS,Other services (except public administration),1,Rate of injury cases per 100 full-time workers (Size class 0),1,Total recordable cases,131,"Private industry, Nebraska",Industry-level data from the Survey of Occupational Injuries and Illnesses (SOII)
ISUOTSSP1OTS31131,2020,1.4,SP1OTS,Other services (except public administration),3,Rate of injury and illness cases per 100 full-time workers (Size class 0),1,Total recordable cases,131,"Private industry, Nebraska",Industry-level data from the Survey of Occupational Injuries and Illnesses (SOII)
ISUOTSSP1OTS31131,2019,3.4,SP1OTS,Other services (except public administration),3,Rate of injury and illness cases per 100 full-time workers (Size class 0),1,Total recordable cases,131,"Private industry, Nebraska",Industry-level data from the Survey of Occupational Injuries and Illnesses (SOII)
ISUOTSSP1OTS31131,2018,2.3,SP1OTS,Other services (except public administration),3,Rate of injury and illness cases per 100 full-time workers (Size class 0),1,Total recordable cases,131,"Private industry, Nebraska",Industry-level data from the Survey of Occupational Injuries and Illnesses (SOII)
ISUOTSSP1OTS31131,2017,1.9,SP1OTS,Other services (except public administration),3,Rate of injury and illness cases per 100 full-time workers (Size class 0),1,Total recordable cases,131,"Private industry, Nebraska",Industry-level data from the Survey of Occupational Injuries and Illnesses (SOII)
ISUOTSSP1OTS31131,2016,2.3,SP1OTS,Other services (except public administration),3,Rate of injury and illness cases per 100 full-time workers (Size class 0),1,Total recordable cases,131,"Private industry, Nebraska",Industry-level data from the Survey of Occupational Injuries and Illnesses (SOII)
ISUOTSSP1OTS32131,2020,0.8,SP1OTS,Other services (except public administration),3,Rate of injury and illness cases per 100 full-time workers (Size class 0),2,"Cases involving days away from work, job restriction, or transfer",131,"Private industry, Nebraska",Industry-level data from the Survey of Occupational Injuries and Illnesses (SOII)
ISUOTSSP1OTS32131,2019,1.5,SP1OTS,Other services (except public administration),3,Rate of injury and illness cases per 100 full-time workers (Size class 0),2,"Cases involving days away from work, job restriction, or transfer",131,"Private industry, Nebraska",Industry-level data from the Survey of Occupational Injuries and Illnesses (SOII)
ISUOTSSP1OTS32131,2018,1,SP1OTS,Other services (except public administration),3,Rate of injury and illness cases per 100 full-time workers (Size class 0),2,"Cases involving days away from work, job restriction, or transfer",131,"Private industry, Nebraska",Industry-level data from the Survey of Occupational Injuries and Illnesses (SOII)
ISUOTSSP1OTS32131,2017,0.9,SP1OTS,Other services (except public administration),3,Rate of injury and illness cases per 100 full-time workers (Size class 0),2,"Cases involving days away from work, job restriction, or transfer",131,"Private industry, Nebraska",Industry-level data from the Survey of Occupational Injuries and Illnesses (SOII)
ISUOTSSP1OTS32131,2016,0.5,SP1OTS,Other services (except public administration),3,Rate of injury and illness cases per 100 full-time workers (Size class 0),2,"Cases involving days away from work, job restriction, or transfer",131,"Private industry, Nebraska",Industry-level data from the Survey of Occupational Injuries and Illnesses (SOII)
ISUOTSSP1OTS41131,2019,0,SP1OTS,Other services (except public administration),4,Number of illness cases (thousands) (Size class 0),1,Total recordable cases,131,"Private industry, Nebraska",Industry-level data from the Survey of Occupational Injuries and Illnesses (SOII)
ISUOTSSP1OTS41131,2018,0,SP1OTS,Other services (except public administration),4,Number of illness cases (thousands) (Size class 0),1,Total recordable cases,131,"Private industry, Nebraska",Industry-level data from the Survey of Occupational Injuries and Illnesses (SOII)
ISUOTSSP1OTS41131,2017,0,SP1OTS,Other services (except public administration),4,Number of illness cases (thousands) (Size class 0),1,Total recordable cases,131,"Private industry, Nebraska",Industry-level data from the Survey of Occupational Injuries and Illnesses (SOII)
ISUOTSSP1OTS41131,2016,0,SP1OTS,Other services (except public administration),4,Number of illness cases (thousands) (Size class 0),1,Total recordable cases,131,"Private industry, Nebraska",Industry-level data from the Survey of Occupational Injuries and Illnesses (SOII)
ISUOTSSP1OTS51131,2020,0.2,SP1OTS,Other services (except public administration),5,Number of injury cases (thousands) (Size class 0),1,Total recordable cases,131,"Private industry, Nebraska",Industry-level data from the Survey of Occupational Injuries and Illnesses (SOII)
ISUOTSSP1OTS51131,2019,0.6,SP1OTS,Other services (except public administration),5,Number of injury cases (thousands) (Size class 0),1,Total recordable cases,131,"Private industry, Nebraska",Industry-level data from the Survey of Occupational Injuries and Illnesses (SOII)
ISUOTSSP1OTS51131,2018,0.4,SP1OTS,Other services (except public administration),5,Number of injury cases (thousands) (Size class 0),1,Total recordable cases,131,"Private industry, Nebraska",Industry-level data from the Survey of Occupational Injuries and Illnesses (SOII)
ISUOTSSP1OTS51131,2017,0.3,SP1OTS,Other services (except public administration),5,Number of injury cases (thousands) (Size class 0),1,Total recordable cases,131,"Private industry, Nebraska",Industry-level data from the Survey of Occupational Injuries and Illnesses (SOII)
ISUOTSSP1OTS51131,2016,0.4,SP1OTS,Other services (except public administration),5,Number of injury cases (thousands) (Size class 0),1,Total recordable cases,131,"Private industry, Nebraska",Industry-level data from the Survey of Occupational Injuries and Illnesses (SOII)
ISUOTSSP2OTS01131,2019,-,SP2OTS,Other services (except public administration),0,"Rate of illness cases per 10,000 full-time workers (Size class 0)",1,Total recordable cases,131,"Private industry, Nebraska",Industry-level data from the Survey of Occupational Injuries and Illnesses (SOII)
ISUOTSSP2OTS01131,2018,-,SP2OTS,Other services (except public administration),0,"Rate of illness cases per 10,000 full-time workers (Size class 0)",1,Total recordable cases,131,"Private industry, Nebraska",Industry-level data from the Survey of Occupational Injuries and Illnesses (SOII)
ISUOTSSP2OTS01131,2017,18.7,SP2OTS,Other services (except public administration),0,"Rate of illness cases per 10,000 full-time workers (Size class 0)",1,Total recordable cases,131,"Private industry, Nebraska",Industry-level data from the Survey of Occupational Injuries and Illnesses (SOII)
ISUOTSSP2OTS01131,2016,-,SP2OTS,Other services (except public administration),0,"Rate of illness cases per 10,000 full-time workers (Size class 0)",1,Total recordable cases,131,"Private industry, Nebraska",Industry-level data from the Survey of Occupational Injuries and Illnesses (SOII)
ISUOTSSP2OTS11131,2020,1.4,SP2OTS,Other services (except public administration),1,Rate of injury cases per 100 full-time workers (Size class 0),1,Total recordable cases,131,"Private industry, Nebraska",Industry-level data from the Survey of Occupational Injuries and Illnesses (SOII)
ISUOTSSP2OTS11131,2019,3.4,SP2OTS,Other services (except public administration),1,Rate of injury cases per 100 full-time workers (Size class 0),1,Total recordable cases,131,"Private industry, Nebraska",Industry-level data from the Survey of Occupational Injuries and Illnesses (SOII)
ISUOTSSP2OTS11131,2018,2.2,SP2OTS,Other services (except public administration),1,Rate of injury cases per 100 full-time workers (Size class 0),1,Total recordable cases,131,"Private industry, Nebraska",Industry-level data from the Survey of Occupational Injuries and Illnesses (SOII)
ISUOTSSP2OTS11131,2017,1.7,SP2OTS,Other services (except public administration),1,Rate of injury cases per 100 full-time workers (Size class 0),1,Total recordable cases,131,"Private industry, Nebraska",Industry-level data from the Survey of Occupational Injuries and Illnesses (SOII)
ISUOTSSP2OTS11131,2016,2.2,SP2OTS,Other services (except public administration),1,Rate of injury cases per 100 full-time workers (Size class 0),1,Total recordable cases,131,"Private industry, Nebraska",Industry-level data from the Survey of Occupational Injuries and Illnesses (SOII)
ISUOTSSP2OTS31131,2020,1.4,SP2OTS,Other services (except public administration),3,Rate of injury and illness cases per 100 full-time workers (Size class 0),1,Total recordable cases,131,"Private industry, Nebraska",Industry-level data from the Survey of Occupational Injuries and Illnesses (SOII)
ISUOTSSP2OTS31131,2019,3.4,SP2OTS,Other services (except public administration),3,Rate of injury and illness cases per 100 full-time workers (Size class 0),1,Total recordable cases,131,"Private industry, Nebraska",Industry-level data from the Survey of Occupational Injuries and Illnesses (SOII)
ISUOTSSP2OTS31131,2018,2.3,SP2OTS,Other services (except public administration),3,Rate of injury and illness cases per 100 full-time workers (Size class 0),1,Total recordable cases,131,"Private industry, Nebraska",Industry-level data from the Survey of Occupational Injuries and Illnesses (SOII)
ISUOTSSP2OTS31131,2017,1.9,SP2OTS,Other services (except public administration),3,Rate of injury and illness cases per 100 full-time workers (Size class 0),1,Total recordable cases,131,"Private industry, Nebraska",Industry-level data from the Survey of Occupational Injuries and Illnesses (SOII)
ISUOTSSP2OTS31131,2016,2.3,SP2OTS,Other services (except public administration),3,Rate of injury and illness cases per 100 full-time workers (Size class 0),1,Total recordable cases,131,"Private industry, Nebraska",Industry-level data from the Survey of Occupational Injuries and Illnesses (SOII)
ISUOTSSP2OTS32131,2020,0.8,SP2OTS,Other services (except public administration),3,Rate of injury and illness cases per 100 full-time workers (Size class 0),2,"Cases involving days away from work, job restriction, or transfer",131,"Private industry, Nebraska",Industry-level data from the Survey of Occupational Injuries and Illnesses (SOII)
ISUOTSSP2OTS32131,2019,1.5,SP2OTS,Other services (except public administration),3,Rate of injury and illness cases per 100 full-time workers (Size class 0),2,"Cases involving days away from work, job restriction, or transfer",131,"Private industry, Nebraska",Industry-level data from the Survey of Occupational Injuries and Illnesses (SOII)
ISUOTSSP2OTS32131,2018,1,SP2OTS,Other services (except public administration),3,Rate of injury and illness cases per 100 full-time workers (Size class 0),2,"Cases involving days away from work, job restriction, or transfer",131,"Private industry, Nebraska",Industry-level data from the Survey of Occupational Injuries and Illnesses (SOII)
ISUOTSSP2OTS32131,2017,0.9,SP2OTS,Other services (except public administration),3,Rate of injury and illness cases per 100 full-time workers (Size class 0),2,"Cases involving days away from work, job restriction, or transfer",131,"Private industry, Nebraska",Industry-level data from the Survey of Occupational Injuries and Illnesses (SOII)
ISUOTSSP2OTS32131,2016,0.5,SP2OTS,Other services (except public administration),3,Rate of injury and illness cases per 100 full-time workers (Size class 0),2,"Cases involving days away from work, job restriction, or transfer",131,"Private industry, Nebraska",Industry-level data from the Survey of Occupational Injuries and Illnesses (SOII)
ISUOTSSP2OTS41131,2019,0,SP2OTS,Other services (except public administration),4,Number of illness cases (thousands) (Size class 0),1,Total recordable cases,131,"Private industry, Nebraska",Industry-level data from the Survey of Occupational Injuries and Illnesses (SOII)
ISUOTSSP2OTS41131,2018,0,SP2OTS,Other services (except public administration),4,Number of illness cases (thousands) (Size class 0),1,Total recordable cases,131,"Private industry, Nebraska",Industry-level data from the Survey of Occupational Injuries and Illnesses (SOII)
ISUOTSSP2OTS41131,2017,0,SP2OTS,Other services (except public administration),4,Number of illness cases (thousands) (Size class 0),1,Total recordable cases,131,"Private industry, Nebraska",Industry-level data from the Survey of Occupational Injuries and Illnesses (SOII)
ISUOTSSP2OTS41131,2016,0,SP2OTS,Other services (except public administration),4,Number of illness cases (thousands) (Size class 0),1,Total recordable cases,131,"Private industry, Nebraska",Industry-level data from the Survey of Occupational Injuries and Illnesses (SOII)
ISUOTSSP2OTS51131,2020,0.2,SP2OTS,Other services (except public administration),5,Number of injury cases (thousands) (Size class 0),1,Total recordable cases,131,"Private industry, Nebraska",Industry-level data from the Survey of Occupational Injuries and Illnesses (SOII)
ISUOTSSP2OTS51131,2019,0.6,SP2OTS,Other services (except public administration),5,Number of injury cases (thousands) (Size class 0),1,Total recordable cases,131,"Private industry, Nebraska",Industry-level data from the Survey of Occupational Injuries and Illnesses (SOII)
ISUOTSSP2OTS51131,2018,0.4,SP2OTS,Other services (except public administration),5,Number of injury cases (thousands) (Size class 0),1,Total recordable cases,131,"Private industry, Nebraska",Industry-level data from the Survey of Occupational Injuries and Illnesses (SOII)
ISUOTSSP2OTS51131,2017,0.3,SP2OTS,Other services (except public administration),5,Number of injury cases (thousands) (Size class 0),1,Total recordable cases,131,"Private industry, Nebraska",Industry-level data from the Survey of Occupational Injuries and Illnesses (SOII)
ISUOTSSP2OTS51131,2016,0.4,SP2OTS,Other services (except public administration),5,Number of injury cases (thousands) (Size class 0),1,Total recordable cases,131,"Private industry, Nebraska",Industry-level data from the Survey of Occupational Injuries and Illnesses (SOII)
ISUMFG33900011131,2020,1.6,339000,Miscellaneous manufacturing,1,Rate of injury cases per 100 full-time workers (Size class 0),1,Total recordable cases,131,"Private industry, Nebraska",Industry-level data from the Survey of Occupational Injuries and Illnesses (SOII)
ISUMFG33900011131,2019,1.8,339000,Miscellaneous manufacturing,1,Rate of injury cases per 100 full-time workers (Size class 0),1,Total recordable cases,131,"Private industry, Nebraska",Industry-level data from the Survey of Occupational Injuries and Illnesses (SOII)
ISUMFG33900011131,2018,1.6,339000,Miscellaneous manufacturing,1,Rate of injury cases per 100 full-time workers (Size class 0),1,Total recordable cases,131,"Private industry, Nebraska",Industry-level data from the Survey of Occupational Injuries and Illnesses (SOII)
ISUMFG33900011131,2017,1.5,339000,Miscellaneous manufacturing,1,Rate of injury cases per 100 full-time workers (Size class 0),1,Total recordable cases,131,"Private industry, Nebraska",Industry-level data from the Survey of Occupational Injuries and Illnesses (SOII)
ISUMFG33900011131,2016,1.5,339000,Miscellaneous manufacturing,1,Rate of injury cases per 100 full-time workers (Size class 0),1,Total recordable cases,131,"Private industry, Nebraska",Industry-level data from the Survey of Occupational Injuries and Illnesses (SOII)
ISUMFG33900031131,2020,1.7,339000,Miscellaneous manufacturing,3,Rate of injury and illness cases per 100 full-time workers (Size class 0),1,Total recordable cases,131,"Private industry, Nebraska",Industry-level data from the Survey of Occupational Injuries and Illnesses (SOII)
ISUMFG33900031131,2019,1.9,339000,Miscellaneous manufacturing,3,Rate of injury and illness cases per 100 full-time workers (Size class 0),1,Total recordable cases,131,"Private industry, Nebraska",Industry-level data from the Survey of Occupational Injuries and Illnesses (SOII)
ISUMFG33900031131,2018,1.6,339000,Miscellaneous manufacturing,3,Rate of injury and illness cases per 100 full-time workers (Size class 0),1,Total recordable cases,131,"Private industry, Nebraska",Industry-level data from the Survey of Occupational Injuries and Illnesses (SOII)
ISUMFG33900031131,2017,1.6,339000,Miscellaneous manufacturing,3,Rate of injury and illness cases per 100 full-time workers (Size class 0),1,Total recordable cases,131,"Private industry, Nebraska",Industry-level data from the Survey of Occupational Injuries and Illnesses (SOII)
ISUMFG33900031131,2016,1.7,339000,Miscellaneous manufacturing,3,Rate of injury and illness cases per 100 full-time workers (Size class 0),1,Total recordable cases,131,"Private industry, Nebraska",Industry-level data from the Survey of Occupational Injuries and Illnesses (SOII)
ISUMFG33900032131,2020,1.2,339000,Miscellaneous manufacturing,3,Rate of injury and illness cases per 100 full-time workers (Size class 0),2,"Cases involving days away from work, job restriction, or transfer",131,"Private industry, Nebraska",Industry-level data from the Survey of Occupational Injuries and Illnesses (SOII)
ISUMFG33900032131,2019,0.7,339000,Miscellaneous manufacturing,3,Rate of injury and illness cases per 100 full-time workers (Size class 0),2,"Cases involving days away from work, job restriction, or transfer",131,"Private industry, Nebraska",Industry-level data from the Survey of Occupational Injuries and Illnesses (SOII)
ISUMFG33900032131,2018,0.8,339000,Miscellaneous manufacturing,3,Rate of injury and illness cases per 100 full-time workers (Size class 0),2,"Cases involving days away from work, job restriction, or transfer",131,"Private industry, Nebraska",Industry-level data from the Survey of Occupational Injuries and Illnesses (SOII)
ISUMFG33900032131,2017,1,339000,Miscellaneous manufacturing,3,Rate of injury and illness cases per 100 full-time workers (Size class 0),2,"Cases involving days away from work, job restriction, or transfer",131,"Private industry, Nebraska",Industry-level data from the Survey of Occupational Injuries and Illnesses (SOII)
ISUMFG33900032131,2016,1,339000,Miscellaneous manufacturing,3,Rate of injury and illness cases per 100 full-time workers (Size class 0),2,"Cases involving days away from work, job restriction, or transfer",131,"Private industry, Nebraska",Industry-level data from the Survey of Occupational Injuries and Illnesses (SOII)
ISUMFG33900041131,2020,-,339000,Miscellaneous manufacturing,4,Number of illness cases (thousands) (Size class 0),1,Total recordable cases,131,"Private industry, Nebraska",Industry-level data from the Survey of Occupational Injuries and Illnesses (SOII)
ISUMFG33900041131,2019,0,339000,Miscellaneous manufacturing,4,Number of illness cases (thousands) (Size class 0),1,Total recordable cases,131,"Private industry, Nebraska",Industry-level data from the Survey of Occupational Injuries and Illnesses (SOII)
ISUMFG33900041131,2018,0,339000,Miscellaneous manufacturing,4,Number of illness cases (thousands) (Size class 0),1,Total recordable cases,131,"Private industry, Nebraska",Industry-level data from the Survey of Occupational Injuries and Illnesses (SOII)
ISUMFG33900041131,2017,0,339000,Miscellaneous manufacturing,4,Number of illness cases (thousands) (Size class 0),1,Total recordable cases,131,"Private industry, Nebraska",Industry-level data from the Survey of Occupational Injuries and Illnesses (SOII)
ISUMFG33900041131,2016,0,339000,Miscellaneous manufacturing,4,Number of illness cases (thousands) (Size class 0),1,Total recordable cases,131,"Private industry, Nebraska",Industry-level data from the Survey of Occupational Injuries and Illnesses (SOII)
ISUMFG33900051131,2020,0.1,339000,Miscellaneous manufacturing,5,Number of injury cases (thousands) (Size class 0),1,Total recordable cases,131,"Private industry, Nebraska",Industry-level data from the Survey of Occupational Injuries and Illnesses (SOII)
ISUMFG33900051131,2019,0.1,339000,Miscellaneous manufacturing,5,Number of injury cases (thousands) (Size class 0),1,Total recordable cases,131,"Private industry, Nebraska",Industry-level data from the Survey of Occupational Injuries and Illnesses (SOII)
ISUMFG33900051131,2018,0.1,339000,Miscellaneous manufacturing,5,Number of injury cases (thousands) (Size class 0),1,Total recordable cases,131,"Private industry, Nebraska",Industry-level data from the Survey of Occupational Injuries and Illnesses (SOII)
ISUMFG33900051131,2017,0.1,339000,Miscellaneous manufacturing,5,Number of injury cases (thousands) (Size class 0),1,Total recordable cases,131,"Private industry, Nebraska",Industry-level data from the Survey of Occupational Injuries and Illnesses (SOII)
ISUMFG33900051131,2016,0.1,339000,Miscellaneous manufacturing,5,Number of injury cases (thousands) (Size class 0),1,Total recordable cases,131,"Private industry, Nebraska",Industry-level data from the Survey of Occupational Injuries and Illnesses (SOII)
ISUMFGGP1MFG01131,2020,188.7,GP1MFG,Manufacturing,0,"Rate of illness cases per 10,000 full-time workers (Size class 0)",1,Total recordable cases,131,"Private industry, Nebraska",Industry-level data from the Survey of Occupational Injuries and Illnesses (SOII)
ISUMFGGP1MFG01131,2019,76.9,GP1MFG,Manufacturing,0,"Rate of illness cases per 10,000 full-time workers (Size class 0)",1,Total recordable cases,131,"Private industry, Nebraska",Industry-level data from the Survey of Occupational Injuries and Illnesses (SOII)
ISUMFGGP1MFG01131,2018,89.5,GP1MFG,Manufacturing,0,"Rate of illness cases per 10,000 full-time workers (Size class 0)",1,Total recordable cases,131,"Private industry, Nebraska",Industry-level data from the Survey of Occupational Injuries and Illnesses (SOII)
ISUMFGGP1MFG01131,2017,103.9,GP1MFG,Manufacturing,0,"Rate of illness cases per 10,000 full-time workers (Size class 0)",1,Total recordable cases,131,"Private industry, Nebraska",Industry-level data from the Survey of Occupational Injuries and Illnesses (SOII)
ISUMFGGP1MFG01131,2016,135.4,GP1MFG,Manufacturing,0,"Rate of illness cases per 10,000 full-time workers (Size class 0)",1,Total recordable cases,131,"Private industry, Nebraska",Industry-level data from the Survey of Occupational Injuries and Illnesses (SOII)
ISUMFGGP1MFG11131,2020,3.2,GP1MFG,Manufacturing,1,Rate of injury cases per 100 full-time workers (Size class 0),1,Total recordable cases,131,"Private industry, Nebraska",Industry-level data from the Survey of Occupational Injuries and Illnesses (SOII)
ISUMFGGP1MFG11131,2019,3.2,GP1MFG,Manufacturing,1,Rate of injury cases per 100 full-time workers (Size class 0),1,Total recordable cases,131,"Private industry, Nebraska",Industry-level data from the Survey of Occupational Injuries and Illnesses (SOII)
ISUMFGGP1MFG11131,2018,3.7,GP1MFG,Manufacturing,1,Rate of injury cases per 100 full-time workers (Size class 0),1,Total recordable cases,131,"Private industry, Nebraska",Industry-level data from the Survey of Occupational Injuries and Illnesses (SOII)
ISUMFGGP1MFG11131,2017,3.7,GP1MFG,Manufacturing,1,Rate of injury cases per 100 full-time workers (Size class 0),1,Total recordable cases,131,"Private industry, Nebraska",Industry-level data from the Survey of Occupational Injuries and Illnesses (SOII)
ISUMFGGP1MFG11131,2016,4.3,GP1MFG,Manufacturing,1,Rate of injury cases per 100 full-time workers (Size class 0),1,Total recordable cases,131,"Private industry, Nebraska",Industry-level data from the Survey of Occupational Injuries and Illnesses (SOII)
ISUMFGGP1MFG31131,2020,5.1,GP1MFG,Manufacturing,3,Rate of injury and illness cases per 100 full-time workers (Size class 0),1,Total recordable cases,131,"Private industry, Nebraska",Industry-level data from the Survey of Occupational Injuries and Illnesses (SOII)
ISUMFGGP1MFG31131,2019,4,GP1MFG,Manufacturing,3,Rate of injury and illness cases per 100 full-time workers (Size class 0),1,Total recordable cases,131,"Private industry, Nebraska",Industry-level data from the Survey of Occupational Injuries and Illnesses (SOII)
ISUMFGGP1MFG31131,2018,4.6,GP1MFG,Manufacturing,3,Rate of injury and illness cases per 100 full-time workers (Size class 0),1,Total recordable cases,131,"Private industry, Nebraska",Industry-level data from the Survey of Occupational Injuries and Illnesses (SOII)
ISUMFGGP1MFG31131,2017,4.7,GP1MFG,Manufacturing,3,Rate of injury and illness cases per 100 full-time workers (Size class 0),1,Total recordable cases,131,"Private industry, Nebraska",Industry-level data from the Survey of Occupational Injuries and Illnesses (SOII)
ISUMFGGP1MFG31131,2016,5.6,GP1MFG,Manufacturing,3,Rate of injury and illness cases per 100 full-time workers (Size class 0),1,Total recordable cases,131,"Private industry, Nebraska",Industry-level data from the Survey of Occupational Injuries and Illnesses (SOII)
ISUMFGGP1MFG32131,2020,3.7,GP1MFG,Manufacturing,3,Rate of injury and illness cases per 100 full-time workers (Size class 0),2,"Cases involving days away from work, job restriction, or transfer",131,"Private industry, Nebraska",Industry-level data from the Survey of Occupational Injuries and Illnesses (SOII)
ISUMFGGP1MFG32131,2019,2.4,GP1MFG,Manufacturing,3,Rate of injury and illness cases per 100 full-time workers (Size class 0),2,"Cases involving days away from work, job restriction, or transfer",131,"Private industry, Nebraska",Industry-level data from the Survey of Occupational Injuries and Illnesses (SOII)
ISUMFGGP1MFG32131,2018,2.9,GP1MFG,Manufacturing,3,Rate of injury and illness cases per 100 full-time workers (Size class 0),2,"Cases involving days away from work, job restriction, or transfer",131,"Private industry, Nebraska",Industry-level data from the Survey of Occupational Injuries and Illnesses (SOII)
ISUMFGGP1MFG32131,2017,3,GP1MFG,Manufacturing,3,Rate of injury and illness cases per 100 full-time workers (Size class 0),2,"Cases involving days away from work, job restriction, or transfer",131,"Private industry, Nebraska",Industry-level data from the Survey of Occupational Injuries and Illnesses (SOII)
ISUMFGGP1MFG32131,2016,3.4,GP1MFG,Manufacturing,3,Rate of injury and illness cases per 100 full-time workers (Size class 0),2,"Cases involving days away from work, job restriction, or transfer",131,"Private industry, Nebraska",Industry-level data from the Survey of Occupational Injuries and Illnesses (SOII)
ISUMFGGP1MFG41131,2020,1.9,GP1MFG,Manufacturing,4,Number of illness cases (thousands) (Size class 0),1,Total recordable cases,131,"Private industry, Nebraska",Industry-level data from the Survey of Occupational Injuries and Illnesses (SOII)
ISUMFGGP1MFG41131,2019,0.8,GP1MFG,Manufacturing,4,Number of illness cases (thousands) (Size class 0),1,Total recordable cases,131,"Private industry, Nebraska",Industry-level data from the Survey of Occupational Injuries and Illnesses (SOII)
ISUMFGGP1MFG41131,2018,0.9,GP1MFG,Manufacturing,4,Number of illness cases (thousands) (Size class 0),1,Total recordable cases,131,"Private industry, Nebraska",Industry-level data from the Survey of Occupational Injuries and Illnesses (SOII)
ISUMFGGP1MFG41131,2017,1.1,GP1MFG,Manufacturing,4,Number of illness cases (thousands) (Size class 0),1,Total recordable cases,131,"Private industry, Nebraska",Industry-level data from the Survey of Occupational Injuries and Illnesses (SOII)
ISUMFGGP1MFG41131,2016,1.4,GP1MFG,Manufacturing,4,Number of illness cases (thousands) (Size class 0),1,Total recordable cases,131,"Private industry, Nebraska",Industry-level data from the Survey of Occupational Injuries and Illnesses (SOII)
ISUMFGGP1MFG51131,2020,3.2,GP1MFG,Manufacturing,5,Number of injury cases (thousands) (Size class 0),1,Total recordable cases,131,"Private industry, Nebraska",Industry-level data from the Survey of Occupational Injuries and Illnesses (SOII)
ISUMFGGP1MFG51131,2019,3.3,GP1MFG,Manufacturing,5,Number of injury cases (thousands) (Size class 0),1,Total recordable cases,131,"Private industry, Nebraska",Industry-level data from the Survey of Occupational Injuries and Illnesses (SOII)
ISUMFGGP1MFG51131,2018,3.8,GP1MFG,Manufacturing,5,Number of injury cases (thousands) (Size class 0),1,Total recordable cases,131,"Private industry, Nebraska",Industry-level data from the Survey of Occupational Injuries and Illnesses (SOII)
ISUMFGGP1MFG51131,2017,3.8,GP1MFG,Manufacturing,5,Number of injury cases (thousands) (Size class 0),1,Total recordable cases,131,"Private industry, Nebraska",Industry-level data from the Survey of Occupational Injuries and Illnesses (SOII)
ISUMFGGP1MFG51131,2016,4.3,GP1MFG,Manufacturing,5,Number of injury cases (thousands) (Size class 0),1,Total recordable cases,131,"Private industry, Nebraska",Industry-level data from the Survey of Occupational Injuries and Illnesses (SOII)
ISUMFGGP2MFG01131,2020,188.7,GP2MFG,Manufacturing,0,"Rate of illness cases per 10,000 full-time workers (Size class 0)",1,Total recordable cases,131,"Private industry, Nebraska",Industry-level data from the Survey of Occupational Injuries and Illnesses (SOII)
ISUMFGGP2MFG01131,2019,76.9,GP2MFG,Manufacturing,0,"Rate of illness cases per 10,000 full-time workers (Size class 0)",1,Total recordable cases,131,"Private industry, Nebraska",Industry-level data from the Survey of Occupational Injuries and Illnesses (SOII)
ISUMFGGP2MFG01131,2018,89.5,GP2MFG,Manufacturing,0,"Rate of illness cases per 10,000 full-time workers (Size class 0)",1,Total recordable cases,131,"Private industry, Nebraska",Industry-level data from the Survey of Occupational Injuries and Illnesses (SOII)
ISUMFGGP2MFG01131,2017,103.9,GP2MFG,Manufacturing,0,"Rate of illness cases per 10,000 full-time workers (Size class 0)",1,Total recordable cases,131,"Private industry, Nebraska",Industry-level data from the Survey of Occupational Injuries and Illnesses (SOII)
ISUMFGGP2MFG01131,2016,135.4,GP2MFG,Manufacturing,0,"Rate of illness cases per 10,000 full-time workers (Size class 0)",1,Total recordable cases,131,"Private industry, Nebraska",Industry-level data from the Survey of Occupational Injuries and Illnesses (SOII)
ISUMFGGP2MFG11131,2020,3.2,GP2MFG,Manufacturing,1,Rate of injury cases per 100 full-time workers (Size class 0),1,Total recordable cases,131,"Private industry, Nebraska",Industry-level data from the Survey of Occupational Injuries and Illnesses (SOII)
ISUMFGGP2MFG11131,2019,3.2,GP2MFG,Manufacturing,1,Rate of injury cases per 100 full-time workers (Size class 0),1,Total recordable cases,131,"Private industry, Nebraska",Industry-level data from the Survey of Occupational Injuries and Illnesses (SOII)
ISUMFGGP2MFG11131,2018,3.7,GP2MFG,Manufacturing,1,Rate of injury cases per 100 full-time workers (Size class 0),1,Total recordable cases,131,"Private industry, Nebraska",Industry-level data from the Survey of Occupational Injuries and Illnesses (SOII)
ISUMFGGP2MFG11131,2017,3.7,GP2MFG,Manufacturing,1,Rate of injury cases per 100 full-time workers (Size class 0),1,Total recordable cases,131,"Private industry, Nebraska",Industry-level data from the Survey of Occupational Injuries and Illnesses (SOII)
ISUMFGGP2MFG11131,2016,4.3,GP2MFG,Manufacturing,1,Rate of injury cases per 100 full-time workers (Size class 0),1,Total recordable cases,131,"Private industry, Nebraska",Industry-level data from the Survey of Occupational Injuries and Illnesses (SOII)
ISUMFGGP2MFG31131,2020,5.1,GP2MFG,Manufacturing,3,Rate of injury and illness cases per 100 full-time workers (Size class 0),1,Total recordable cases,131,"Private industry, Nebraska",Industry-level data from the Survey of Occupational Injuries and Illnesses (SOII)
ISUMFGGP2MFG31131,2019,4,GP2MFG,Manufacturing,3,Rate of injury and illness cases per 100 full-time workers (Size class 0),1,Total recordable cases,131,"Private industry, Nebraska",Industry-level data from the Survey of Occupational Injuries and Illnesses (SOII)
ISUMFGGP2MFG31131,2018,4.6,GP2MFG,Manufacturing,3,Rate of injury and illness cases per 100 full-time workers (Size class 0),1,Total recordable cases,131,"Private industry, Nebraska",Industry-level data from the Survey of Occupational Injuries and Illnesses (SOII)
ISUMFGGP2MFG31131,2017,4.7,GP2MFG,Manufacturing,3,Rate of injury and illness cases per 100 full-time workers (Size class 0),1,Total recordable cases,131,"Private industry, Nebraska",Industry-level data from the Survey of Occupational Injuries and Illnesses (SOII)
ISUMFGGP2MFG31131,2016,5.6,GP2MFG,Manufacturing,3,Rate of injury and illness cases per 100 full-time workers (Size class 0),1,Total recordable cases,131,"Private industry, Nebraska",Industry-level data from the Survey of Occupational Injuries and Illnesses (SOII)
ISUMFGGP2MFG32131,2020,3.7,GP2MFG,Manufacturing,3,Rate of injury and illness cases per 100 full-time workers (Size class 0),2,"Cases involving days away from work, job restriction, or transfer",131,"Private industry, Nebraska",Industry-level data from the Survey of Occupational Injuries and Illnesses (SOII)
ISUMFGGP2MFG32131,2019,2.4,GP2MFG,Manufacturing,3,Rate of injury and illness cases per 100 full-time workers (Size class 0),2,"Cases involving days away from work, job restriction, or transfer",131,"Private industry, Nebraska",Industry-level data from the Survey of Occupational Injuries and Illnesses (SOII)
ISUMFGGP2MFG32131,2018,2.9,GP2MFG,Manufacturing,3,Rate of injury and illness cases per 100 full-time workers (Size class 0),2,"Cases involving days away from work, job restriction, or transfer",131,"Private industry, Nebraska",Industry-level data from the Survey of Occupational Injuries and Illnesses (SOII)
ISUMFGGP2MFG32131,2017,3,GP2MFG,Manufacturing,3,Rate of injury and illness cases per 100 full-time workers (Size class 0),2,"Cases involving days away from work, job restriction, or transfer",131,"Private industry, Nebraska",Industry-level data from the Survey of Occupational Injuries and Illnesses (SOII)
ISUMFGGP2MFG32131,2016,3.4,GP2MFG,Manufacturing,3,Rate of injury and illness cases per 100 full-time workers (Size class 0),2,"Cases involving days away from work, job restriction, or transfer",131,"Private industry, Nebraska",Industry-level data from the Survey of Occupational Injuries and Illnesses (SOII)
ISUMFGGP2MFG41131,2020,1.9,GP2MFG,Manufacturing,4,Number of illness cases (thousands) (Size class 0),1,Total recordable cases,131,"Private industry, Nebraska",Industry-level data from the Survey of Occupational Injuries and Illnesses (SOII)
ISUMFGGP2MFG41131,2019,0.8,GP2MFG,Manufacturing,4,Number of illness cases (thousands) (Size class 0),1,Total recordable cases,131,"Private industry, Nebraska",Industry-level data from the Survey of Occupational Injuries and Illnesses (SOII)
ISUMFGGP2MFG41131,2018,0.9,GP2MFG,Manufacturing,4,Number of illness cases (thousands) (Size class 0),1,Total recordable cases,131,"Private industry, Nebraska",Industry-level data from the Survey of Occupational Injuries and Illnesses (SOII)
ISUMFGGP2MFG41131,2017,1.1,GP2MFG,Manufacturing,4,Number of illness cases (thousands) (Size class 0),1,Total recordable cases,131,"Private industry, Nebraska",Industry-level data from the Survey of Occupational Injuries and Illnesses (SOII)
ISUMFGGP2MFG41131,2016,1.4,GP2MFG,Manufacturing,4,Number of illness cases (thousands) (Size class 0),1,Total recordable cases,131,"Private industry, Nebraska",Industry-level data from the Survey of Occupational Injuries and Illnesses (SOII)
ISUMFGGP2MFG51131,2020,3.2,GP2MFG,Manufacturing,5,Number of injury cases (thousands) (Size class 0),1,Total recordable cases,131,"Private industry, Nebraska",Industry-level data from the Survey of Occupational Injuries and Illnesses (SOII)
ISUMFGGP2MFG51131,2019,3.3,GP2MFG,Manufacturing,5,Number of injury cases (thousands) (Size class 0),1,Total recordable cases,131,"Private industry, Nebraska",Industry-level data from the Survey of Occupational Injuries and Illnesses (SOII)
ISUMFGGP2MFG51131,2018,3.8,GP2MFG,Manufacturing,5,Number of injury cases (thousands) (Size class 0),1,Total recordable cases,131,"Private industry, Nebraska",Industry-level data from the Survey of Occupational Injuries and Illnesses (SOII)
ISUMFGGP2MFG51131,2017,3.8,GP2MFG,Manufacturing,5,Number of injury cases (thousands) (Size class 0),1,Total recordable cases,131,"Private industry, Nebraska",Industry-level data from the Survey of Occupational Injuries and Illnesses (SOII)
ISUMFGGP2MFG51131,2016,4.3,GP2MFG,Manufacturing,5,Number of injury cases (thousands) (Size class 0),1,Total recordable cases,131,"Private industry, Nebraska",Industry-level data from the Survey of Occupational Injuries and Illnesses (SOII)
ISUNRM11100001131,2019,-,111000,Crop production,0,"Rate of illness cases per 10,000 full-time workers (Size class 0)",1,Total recordable cases,131,"Private industry, Nebraska",Industry-level data from the Survey of Occupational Injuries and Illnesses (SOII)
ISUNRM11100001131,2017,-,111000,Crop production,0,"Rate of illness cases per 10,000 full-time workers (Size class 0)",1,Total recordable cases,131,"Private industry, Nebraska",Industry-level data from the Survey of Occupational Injuries and Illnesses (SOII)
ISUNRM11100001131,2016,-,111000,Crop production,0,"Rate of illness cases per 10,000 full-time workers (Size class 0)",1,Total recordable cases,131,"Private industry, Nebraska",Industry-level data from the Survey of Occupational Injuries and Illnesses (SOII)
ISUNRM11100011131,2019,2.9,111000,Crop production,1,Rate of injury cases per 100 full-time workers (Size class 0),1,Total recordable cases,131,"Private industry, Nebraska",Industry-level data from the Survey of Occupational Injuries and Illnesses (SOII)
ISUNRM11100011131,2017,5.4,111000,Crop production,1,Rate of injury cases per 100 full-time workers (Size class 0),1,Total recordable cases,131,"Private industry, Nebraska",Industry-level data from the Survey of Occupational Injuries and Illnesses (SOII)
ISUNRM11100011131,2016,4.9,111000,Crop production,1,Rate of injury cases per 100 full-time workers (Size class 0),1,Total recordable cases,131,"Private industry, Nebraska",Industry-level data from the Survey of Occupational Injuries and Illnesses (SOII)
ISUNRM11100031131,2019,2.9,111000,Crop production,3,Rate of injury and illness cases per 100 full-time workers (Size class 0),1,Total recordable cases,131,"Private industry, Nebraska",Industry-level data from the Survey of Occupational Injuries and Illnesses (SOII)
ISUNRM11100031131,2017,5.4,111000,Crop production,3,Rate of injury and illness cases per 100 full-time workers (Size class 0),1,Total recordable cases,131,"Private industry, Nebraska",Industry-level data from the Survey of Occupational Injuries and Illnesses (SOII)
ISUNRM11100031131,2016,4.9,111000,Crop production,3,Rate of injury and illness cases per 100 full-time workers (Size class 0),1,Total recordable cases,131,"Private industry, Nebraska",Industry-level data from the Survey of Occupational Injuries and Illnesses (SOII)
ISUNRM11100032131,2019,1.9,111000,Crop production,3,Rate of injury and illness cases per 100 full-time workers (Size class 0),2,"Cases involving days away from work, job restriction, or transfer",131,"Private industry, Nebraska",Industry-level data from the Survey of Occupational Injuries and Illnesses (SOII)
ISUNRM11100032131,2017,2.1,111000,Crop production,3,Rate of injury and illness cases per 100 full-time workers (Size class 0),2,"Cases involving days away from work, job restriction, or transfer",131,"Private industry, Nebraska",Industry-level data from the Survey of Occupational Injuries and Illnesses (SOII)
ISUNRM11100032131,2016,2.6,111000,Crop production,3,Rate of injury and illness cases per 100 full-time workers (Size class 0),2,"Cases involving days away from work, job restriction, or transfer",131,"Private industry, Nebraska",Industry-level data from the Survey of Occupational Injuries and Illnesses (SOII)
ISUNRM11100041131,2019,0,111000,Crop production,4,Number of illness cases (thousands) (Size class 0),1,Total recordable cases,131,"Private industry, Nebraska",Industry-level data from the Survey of Occupational Injuries and Illnesses (SOII)
ISUNRM11100041131,2017,0,111000,Crop production,4,Number of illness cases (thousands) (Size class 0),1,Total recordable cases,131,"Private industry, Nebraska",Industry-level data from the Survey of Occupational Injuries and Illnesses (SOII)
ISUNRM11100041131,2016,0,111000,Crop production,4,Number of illness cases (thousands) (Size class 0),1,Total recordable cases,131,"Private industry, Nebraska",Industry-level data from the Survey of Occupational Injuries and Illnesses (SOII)
ISUNRM11100051131,2019,0,111000,Crop production,5,Number of injury cases (thousands) (Size class 0),1,Total recordable cases,131,"Private industry, Nebraska",Industry-level data from the Survey of Occupational Injuries and Illnesses (SOII)
ISUNRM11100051131,2017,0.1,111000,Crop production,5,Number of injury cases (thousands) (Size class 0),1,Total recordable cases,131,"Private industry, Nebraska",Industry-level data from the Survey of Occupational Injuries and Illnesses (SOII)
ISUNRM11100051131,2016,0.1,111000,Crop production,5,Number of injury cases (thousands) (Size class 0),1,Total recordable cases,131,"Private industry, Nebraska",Industry-level data from the Survey of Occupational Injuries and Illnesses (SOII)
ISUNRM11200001131,2018,-,112000,Animal production and aquaculture,0,"Rate of illness cases per 10,000 full-time workers (Size class 0)",1,Total recordable cases,131,"Private industry, Nebraska",Industry-level data from the Survey of Occupational Injuries and Illnesses (SOII)
ISUNRM11200011131,2020,5.4,112000,Animal production and aquaculture,1,Rate of injury cases per 100 full-time workers (Size class 0),1,Total recordable cases,131,"Private industry, Nebraska",Industry-level data from the Survey of Occupational Injuries and Illnesses (SOII)
ISUNRM11200011131,2019,7.2,112000,Animal production and aquaculture,1,Rate of injury cases per 100 full-time workers (Size class 0),1,Total recordable cases,131,"Private industry, Nebraska",Industry-level data from the Survey of Occupational Injuries and Illnesses (SOII)
ISUNRM11200011131,2018,7.1,112000,Animal production and aquaculture,1,Rate of injury cases per 100 full-time workers (Size class 0),1,Total recordable cases,131,"Private industry, Nebraska",Industry-level data from the Survey of Occupational Injuries and Illnesses (SOII)
ISUNRM11200011131,2017,7.9,112000,Animal production and aquaculture,1,Rate of injury cases per 100 full-time workers (Size class 0),1,Total recordable cases,131,"Private industry, Nebraska",Industry-level data from the Survey of Occupational Injuries and Illnesses (SOII)
ISUNRM11200011131,2016,8.1,112000,Animal production and aquaculture,1,Rate of injury cases per 100 full-time workers (Size class 0),1,Total recordable cases,131,"Private industry, Nebraska",Industry-level data from the Survey of Occupational Injuries and Illnesses (SOII)
ISUNRM11200031131,2020,5.4,112000,Animal production and aquaculture,3,Rate of injury and illness cases per 100 full-time workers (Size class 0),1,Total recordable cases,131,"Private industry, Nebraska",Industry-level data from the Survey of Occupational Injuries and Illnesses (SOII)
ISUNRM11200031131,2019,7.4,112000,Animal production and aquaculture,3,Rate of injury and illness cases per 100 full-time workers (Size class 0),1,Total recordable cases,131,"Private industry, Nebraska",Industry-level data from the Survey of Occupational Injuries and Illnesses (SOII)
ISUNRM11200031131,2018,7.1,112000,Animal production and aquaculture,3,Rate of injury and illness cases per 100 full-time workers (Size class 0),1,Total recordable cases,131,"Private industry, Nebraska",Industry-level data from the Survey of Occupational Injuries and Illnesses (SOII)
ISUNRM11200031131,2017,8.2,112000,Animal production and aquaculture,3,Rate of injury and illness cases per 100 full-time workers (Size class 0),1,Total recordable cases,131,"Private industry, Nebraska",Industry-level data from the Survey of Occupational Injuries and Illnesses (SOII)
ISUNRM11200031131,2016,8.3,112000,Animal production and aquaculture,3,Rate of injury and illness cases per 100 full-time workers (Size class 0),1,Total recordable cases,131,"Private industry, Nebraska",Industry-level data from the Survey of Occupational Injuries and Illnesses (SOII)
ISUNRM11200032131,2020,3.1,112000,Animal production and aquaculture,3,Rate of injury and illness cases per 100 full-time workers (Size class 0),2,"Cases involving days away from work, job restriction, or transfer",131,"Private industry, Nebraska",Industry-level data from the Survey of Occupational Injuries and Illnesses (SOII)
ISUNRM11200032131,2019,4,112000,Animal production and aquaculture,3,Rate of injury and illness cases per 100 full-time workers (Size class 0),2,"Cases involving days away from work, job restriction, or transfer",131,"Private industry, Nebraska",Industry-level data from the Survey of Occupational Injuries and Illnesses (SOII)
ISUNRM11200032131,2018,3.8,112000,Animal production and aquaculture,3,Rate of injury and illness cases per 100 full-time workers (Size class 0),2,"Cases involving days away from work, job restriction, or transfer",131,"Private industry, Nebraska",Industry-level data from the Survey of Occupational Injuries and Illnesses (SOII)
ISUNRM11200032131,2017,3.3,112000,Animal production and aquaculture,3,Rate of injury and illness cases per 100 full-time workers (Size class 0),2,"Cases involving days away from work, job restriction, or transfer",131,"Private industry, Nebraska",Industry-level data from the Survey of Occupational Injuries and Illnesses (SOII)
ISUNRM11200032131,2016,5.4,112000,Animal production and aquaculture,3,Rate of injury and illness cases per 100 full-time workers (Size class 0),2,"Cases involving days away from work, job restriction, or transfer",131,"Private industry, Nebraska",Industry-level data from the Survey of Occupational Injuries and Illnesses (SOII)
ISUNRM11200041131,2018,0,112000,Animal production and aquaculture,4,Number of illness cases (thousands) (Size class 0),1,Total recordable cases,131,"Private industry, Nebraska",Industry-level data from the Survey of Occupational Injuries and Illnesses (SOII)
ISUNRM11200051131,2020,0.3,112000,Animal production and aquaculture,5,Number of injury cases (thousands) (Size class 0),1,Total recordable cases,131,"Private industry, Nebraska",Industry-level data from the Survey of Occupational Injuries and Illnesses (SOII)
ISUNRM11200051131,2019,0.4,112000,Animal production and aquaculture,5,Number of injury cases (thousands) (Size class 0),1,Total recordable cases,131,"Private industry, Nebraska",Industry-level data from the Survey of Occupational Injuries and Illnesses (SOII)
ISUNRM11200051131,2018,0.4,112000,Animal production and aquaculture,5,Number of injury cases (thousands) (Size class 0),1,Total recordable cases,131,"Private industry, Nebraska",Industry-level data from the Survey of Occupational Injuries and Illnesses (SOII)
ISUNRM11200051131,2017,0.4,112000,Animal production and aquaculture,5,Number of injury cases (thousands) (Size class 0),1,Total recordable cases,131,"Private industry, Nebraska",Industry-level data from the Survey of Occupational Injuries and Illnesses (SOII)
ISUNRM11200051131,2016,0.4,112000,Animal production and aquaculture,5,Number of injury cases (thousands) (Size class 0),1,Total recordable cases,131,"Private industry, Nebraska",Industry-level data from the Survey of Occupational Injuries and Illnesses (SOII)
ISUNRM21200001131,2020,-,212000,Mining (except oil and gas),0,"Rate of illness cases per 10,000 full-time workers (Size class 0)",1,Total recordable cases,131,"Private industry, Nebraska",Industry-level data from the Survey of Occupational Injuries and Illnesses (SOII)
ISUNRM21200001131,2019,-,212000,Mining (except oil and gas),0,"Rate of illness cases per 10,000 full-time workers (Size class 0)",1,Total recordable cases,131,"Private industry, Nebraska",Industry-level data from the Survey of Occupational Injuries and Illnesses (SOII)
ISUNRM21200001131,2018,-,212000,Mining (except oil and gas),0,"Rate of illness cases per 10,000 full-time workers (Size class 0)",1,Total recordable cases,131,"Private industry, Nebraska",Industry-level data from the Survey of Occupational Injuries and Illnesses (SOII)
ISUNRM21200001131,2017,-,212000,Mining (except oil and gas),0,"Rate of illness cases per 10,000 full-time workers (Size class 0)",1,Total recordable cases,131,"Private industry, Nebraska",Industry-level data from the Survey of Occupational Injuries and Illnesses (SOII)
ISUNRM21200001131,2016,-,212000,Mining (except oil and gas),0,"Rate of illness cases per 10,000 full-time workers (Size class 0)",1,Total recordable cases,131,"Private industry, Nebraska",Industry-level data from the Survey of Occupational Injuries and Illnesses (SOII)
ISUNRM21200011131,2020,2.6,212000,Mining (except oil and gas),1,Rate of injury cases per 100 full-time workers (Size class 0),1,Total recordable cases,131,"Private industry, Nebraska",Industry-level data from the Survey of Occupational Injuries and Illnesses (SOII)
ISUNRM21200011131,2019,-,212000,Mining (except oil and gas),1,Rate of injury cases per 100 full-time workers (Size class 0),1,Total recordable cases,131,"Private industry, Nebraska",Industry-level data from the Survey of Occupational Injuries and Illnesses (SOII)
ISUNRM21200011131,2018,-,212000,Mining (except oil and gas),1,Rate of injury cases per 100 full-time workers (Size class 0),1,Total recordable cases,131,"Private industry, Nebraska",Industry-level data from the Survey of Occupational Injuries and Illnesses (SOII)
ISUNRM21200011131,2017,2.8,212000,Mining (except oil and gas),1,Rate of injury cases per 100 full-time workers (Size class 0),1,Total recordable cases,131,"Private industry, Nebraska",Industry-level data from the Survey of Occupational Injuries and Illnesses (SOII)
ISUNRM21200011131,2016,-,212000,Mining (except oil and gas),1,Rate of injury cases per 100 full-time workers (Size class 0),1,Total recordable cases,131,"Private industry, Nebraska",Industry-level data from the Survey of Occupational Injuries and Illnesses (SOII)
ISUNRM21200031131,2020,2.8,212000,Mining (except oil and gas),3,Rate of injury and illness cases per 100 full-time workers (Size class 0),1,Total recordable cases,131,"Private industry, Nebraska",Industry-level data from the Survey of Occupational Injuries and Illnesses (SOII)
ISUNRM21200031131,2019,-,212000,Mining (except oil and gas),3,Rate of injury and illness cases per 100 full-time workers (Size class 0),1,Total recordable cases,131,"Private industry, Nebraska",Industry-level data from the Survey of Occupational Injuries and Illnesses (SOII)
ISUNRM21200031131,2018,-,212000,Mining (except oil and gas),3,Rate of injury and illness cases per 100 full-time workers (Size class 0),1,Total recordable cases,131,"Private industry, Nebraska",Industry-level data from the Survey of Occupational Injuries and Illnesses (SOII)
ISUNRM21200031131,2017,2.8,212000,Mining (except oil and gas),3,Rate of injury and illness cases per 100 full-time workers (Size class 0),1,Total recordable cases,131,"Private industry, Nebraska",Industry-level data from the Survey of Occupational Injuries and Illnesses (SOII)
ISUNRM21200031131,2016,1.8,212000,Mining (except oil and gas),3,Rate of injury and illness cases per 100 full-time workers (Size class 0),1,Total recordable cases,131,"Private industry, Nebraska",Industry-level data from the Survey of Occupational Injuries and Illnesses (SOII)
ISUNRM21200032131,2020,2.1,212000,Mining (except oil and gas),3,Rate of injury and illness cases per 100 full-time workers (Size class 0),2,"Cases involving days away from work, job restriction, or transfer",131,"Private industry, Nebraska",Industry-level data from the Survey of Occupational Injuries and Illnesses (SOII)
ISUNRM21200032131,2019,-,212000,Mining (except oil and gas),3,Rate of injury and illness cases per 100 full-time workers (Size class 0),2,"Cases involving days away from work, job restriction, or transfer",131,"Private industry, Nebraska",Industry-level data from the Survey of Occupational Injuries and Illnesses (SOII)
ISUNRM21200032131,2018,-,212000,Mining (except oil and gas),3,Rate of injury and illness cases per 100 full-time workers (Size class 0),2,"Cases involving days away from work, job restriction, or transfer",131,"Private industry, Nebraska",Industry-level data from the Survey of Occupational Injuries and Illnesses (SOII)
ISUNRM21200032131,2017,1.7,212000,Mining (except oil and gas),3,Rate of injury and illness cases per 100 full-time workers (Size class 0),2,"Cases involving days away from work, job restriction, or transfer",131,"Private industry, Nebraska",Industry-level data from the Survey of Occupational Injuries and Illnesses (SOII)
ISUNRM21200032131,2016,-,212000,Mining (except oil and gas),3,Rate of injury and illness cases per 100 full-time workers (Size class 0),2,"Cases involving days away from work, job restriction, or transfer",131,"Private industry, Nebraska",Industry-level data from the Survey of Occupational Injuries and Illnesses (SOII)
ISUNRM21200041131,2020,-,212000,Mining (except oil and gas),4,Number of illness cases (thousands) (Size class 0),1,Total recordable cases,131,"Private industry, Nebraska",Industry-level data from the Survey of Occupational Injuries and Illnesses (SOII)
ISUNRM21200041131,2019,0,212000,Mining (except oil and gas),4,Number of illness cases (thousands) (Size class 0),1,Total recordable cases,131,"Private industry, Nebraska",Industry-level data from the Survey of Occupational Injuries and Illnesses (SOII)
ISUNRM21200041131,2018,0,212000,Mining (except oil and gas),4,Number of illness cases (thousands) (Size class 0),1,Total recordable cases,131,"Private industry, Nebraska",Industry-level data from the Survey of Occupational Injuries and Illnesses (SOII)
ISUNRM21200041131,2017,0,212000,Mining (except oil and gas),4,Number of illness cases (thousands) (Size class 0),1,Total recordable cases,131,"Private industry, Nebraska",Industry-level data from the Survey of Occupational Injuries and Illnesses (SOII)
ISUNRM21200041131,2016,0,212000,Mining (except oil and gas),4,Number of illness cases (thousands) (Size class 0),1,Total recordable cases,131,"Private industry, Nebraska",Industry-level data from the Survey of Occupational Injuries and Illnesses (SOII)
ISUNRM21200051131,2020,0,212000,Mining (except oil and gas),5,Number of injury cases (thousands) (Size class 0),1,Total recordable cases,131,"Private industry, Nebraska",Industry-level data from the Survey of Occupational Injuries and Illnesses (SOII)
ISUNRM21200051131,2019,0,212000,Mining (except oil and gas),5,Number of injury cases (thousands) (Size class 0),1,Total recordable cases,131,"Private industry, Nebraska",Industry-level data from the Survey of Occupational Injuries and Illnesses (SOII)
ISUNRM21200051131,2018,0,212000,Mining (except oil and gas),5,Number of injury cases (thousands) (Size class 0),1,Total recordable cases,131,"Private industry, Nebraska",Industry-level data from the Survey of Occupational Injuries and Illnesses (SOII)
ISUNRM21200051131,2017,0,212000,Mining (except oil and gas),5,Number of injury cases (thousands) (Size class 0),1,Total recordable cases,131,"Private industry, Nebraska",Industry-level data from the Survey of Occupational Injuries and Illnesses (SOII)
ISUNRM21200051131,2016,0,212000,Mining (except oil and gas),5,Number of injury cases (thousands) (Size class 0),1,Total recordable cases,131,"Private industry, Nebraska",Industry-level data from the Survey of Occupational Injuries and Illnesses (SOII)
ISUNRM21230001131,2018,-,212300,Nonmetallic mineral mining and quarrying,0,"Rate of illness cases per 10,000 full-time workers (Size class 0)",1,Total recordable cases,131,"Private industry, Nebraska",Industry-level data from the Survey of Occupational Injuries and Illnesses (SOII)
ISUNRM21230001131,2017,-,212300,Nonmetallic mineral mining and quarrying,0,"Rate of illness cases per 10,000 full-time workers (Size class 0)",1,Total recordable cases,131,"Private industry, Nebraska",Industry-level data from the Survey of Occupational Injuries and Illnesses (SOII)
ISUNRM21230001131,2016,-,212300,Nonmetallic mineral mining and quarrying,0,"Rate of illness cases per 10,000 full-time workers (Size class 0)",1,Total recordable cases,131,"Private industry, Nebraska",Industry-level data from the Survey of Occupational Injuries and Illnesses (SOII)
ISUNRM21230011131,2018,-,212300,Nonmetallic mineral mining and quarrying,1,Rate of injury cases per 100 full-time workers (Size class 0),1,Total recordable cases,131,"Private industry, Nebraska",Industry-level data from the Survey of Occupational Injuries and Illnesses (SOII)
ISUNRM21230011131,2017,2.8,212300,Nonmetallic mineral mining and quarrying,1,Rate of injury cases per 100 full-time workers (Size class 0),1,Total recordable cases,131,"Private industry, Nebraska",Industry-level data from the Survey of Occupational Injuries and Illnesses (SOII)
ISUNRM21230011131,2016,-,212300,Nonmetallic mineral mining and quarrying,1,Rate of injury cases per 100 full-time workers (Size class 0),1,Total recordable cases,131,"Private industry, Nebraska",Industry-level data from the Survey of Occupational Injuries and Illnesses (SOII)
ISUNRM21230031131,2018,-,212300,Nonmetallic mineral mining and quarrying,3,Rate of injury and illness cases per 100 full-time workers (Size class 0),1,Total recordable cases,131,"Private industry, Nebraska",Industry-level data from the Survey of Occupational Injuries and Illnesses (SOII)
ISUNRM21230031131,2017,2.8,212300,Nonmetallic mineral mining and quarrying,3,Rate of injury and illness cases per 100 full-time workers (Size class 0),1,Total recordable cases,131,"Private industry, Nebraska",Industry-level data from the Survey of Occupational Injuries and Illnesses (SOII)
ISUNRM21230031131,2016,1.8,212300,Nonmetallic mineral mining and quarrying,3,Rate of injury and illness cases per 100 full-time workers (Size class 0),1,Total recordable cases,131,"Private industry, Nebraska",Industry-level data from the Survey of Occupational Injuries and Illnesses (SOII)
ISUNRM21230032131,2018,-,212300,Nonmetallic mineral mining and quarrying,3,Rate of injury and illness cases per 100 full-time workers (Size class 0),2,"Cases involving days away from work, job restriction, or transfer",131,"Private industry, Nebraska",Industry-level data from the Survey of Occupational Injuries and Illnesses (SOII)
ISUNRM21230032131,2017,1.7,212300,Nonmetallic mineral mining and quarrying,3,Rate of injury and illness cases per 100 full-time workers (Size class 0),2,"Cases involving days away from work, job restriction, or transfer",131,"Private industry, Nebraska",Industry-level data from the Survey of Occupational Injuries and Illnesses (SOII)
ISUNRM21230032131,2016,-,212300,Nonmetallic mineral mining and quarrying,3,Rate of injury and illness cases per 100 full-time workers (Size class 0),2,"Cases involving days away from work, job restriction, or transfer",131,"Private industry, Nebraska",Industry-level data from the Survey of Occupational Injuries and Illnesses (SOII)
ISUNRM21230041131,2018,0,212300,Nonmetallic mineral mining and quarrying,4,Number of illness cases (thousands) (Size class 0),1,Total recordable cases,131,"Private industry, Nebraska",Industry-level data from the Survey of Occupational Injuries and Illnesses (SOII)
ISUNRM21230041131,2017,0,212300,Nonmetallic mineral mining and quarrying,4,Number of illness cases (thousands) (Size class 0),1,Total recordable cases,131,"Private industry, Nebraska",Industry-level data from the Survey of Occupational Injuries and Illnesses (SOII)
ISUNRM21230041131,2016,0,212300,Nonmetallic mineral mining and quarrying,4,Number of illness cases (thousands) (Size class 0),1,Total recordable cases,131,"Private industry, Nebraska",Industry-level data from the Survey of Occupational Injuries and Illnesses (SOII)
ISUNRM21230051131,2018,0,212300,Nonmetallic mineral mining and quarrying,5,Number of injury cases (thousands) (Size class 0),1,Total recordable cases,131,"Private industry, Nebraska",Industry-level data from the Survey of Occupational Injuries and Illnesses (SOII)
ISUNRM21230051131,2017,0,212300,Nonmetallic mineral mining and quarrying,5,Number of injury cases (thousands) (Size class 0),1,Total recordable cases,131,"Private industry, Nebraska",Industry-level data from the Survey of Occupational Injuries and Illnesses (SOII)
ISUNRM21230051131,2016,0,212300,Nonmetallic mineral mining and quarrying,5,Number of injury cases (thousands) (Size class 0),1,Total recordable cases,131,"Private industry, Nebraska",Industry-level data from the Survey of Occupational Injuries and Illnesses (SOII)
ISUNRMGP1NRM01131,2020,-,GP1NRM,Natural resources and mining,0,"Rate of illness cases per 10,000 full-time workers (Size class 0)",1,Total recordable cases,131,"Private industry, Nebraska",Industry-level data from the Survey of Occupational Injuries and Illnesses (SOII)
ISUNRMGP1NRM01131,2018,-,GP1NRM,Natural resources and mining,0,"Rate of illness cases per 10,000 full-time workers (Size class 0)",1,Total recordable cases,131,"Private industry, Nebraska",Industry-level data from the Survey of Occupational Injuries and Illnesses (SOII)
ISUNRMGP1NRM01131,2016,19.6,GP1NRM,Natural resources and mining,0,"Rate of illness cases per 10,000 full-time workers (Size class 0)",1,Total recordable cases,131,"Private industry, Nebraska",Industry-level data from the Survey of Occupational Injuries and Illnesses (SOII)
ISUNRMGP1NRM11131,2020,4.5,GP1NRM,Natural resources and mining,1,Rate of injury cases per 100 full-time workers (Size class 0),1,Total recordable cases,131,"Private industry, Nebraska",Industry-level data from the Survey of Occupational Injuries and Illnesses (SOII)
ISUNRMGP1NRM11131,2019,5.2,GP1NRM,Natural resources and mining,1,Rate of injury cases per 100 full-time workers (Size class 0),1,Total recordable cases,131,"Private industry, Nebraska",Industry-level data from the Survey of Occupational Injuries and Illnesses (SOII)
ISUNRMGP1NRM11131,2018,4.8,GP1NRM,Natural resources and mining,1,Rate of injury cases per 100 full-time workers (Size class 0),1,Total recordable cases,131,"Private industry, Nebraska",Industry-level data from the Survey of Occupational Injuries and Illnesses (SOII)
ISUNRMGP1NRM11131,2017,5.3,GP1NRM,Natural resources and mining,1,Rate of injury cases per 100 full-time workers (Size class 0),1,Total recordable cases,131,"Private industry, Nebraska",Industry-level data from the Survey of Occupational Injuries and Illnesses (SOII)
ISUNRMGP1NRM11131,2016,5.6,GP1NRM,Natural resources and mining,1,Rate of injury cases per 100 full-time workers (Size class 0),1,Total recordable cases,131,"Private industry, Nebraska",Industry-level data from the Survey of Occupational Injuries and Illnesses (SOII)
ISUNRMGP1NRM31131,2020,4.5,GP1NRM,Natural resources and mining,3,Rate of injury and illness cases per 100 full-time workers (Size class 0),1,Total recordable cases,131,"Private industry, Nebraska",Industry-level data from the Survey of Occupational Injuries and Illnesses (SOII)
ISUNRMGP1NRM31131,2019,5.7,GP1NRM,Natural resources and mining,3,Rate of injury and illness cases per 100 full-time workers (Size class 0),1,Total recordable cases,131,"Private industry, Nebraska",Industry-level data from the Survey of Occupational Injuries and Illnesses (SOII)
ISUNRMGP1NRM31131,2018,4.8,GP1NRM,Natural resources and mining,3,Rate of injury and illness cases per 100 full-time workers (Size class 0),1,Total recordable cases,131,"Private industry, Nebraska",Industry-level data from the Survey of Occupational Injuries and Illnesses (SOII)
ISUNRMGP1NRM31131,2017,5.5,GP1NRM,Natural resources and mining,3,Rate of injury and illness cases per 100 full-time workers (Size class 0),1,Total recordable cases,131,"Private industry, Nebraska",Industry-level data from the Survey of Occupational Injuries and Illnesses (SOII)
ISUNRMGP1NRM31131,2016,5.8,GP1NRM,Natural resources and mining,3,Rate of injury and illness cases per 100 full-time workers (Size class 0),1,Total recordable cases,131,"Private industry, Nebraska",Industry-level data from the Survey of Occupational Injuries and Illnesses (SOII)
ISUNRMGP1NRM32131,2020,2.6,GP1NRM,Natural resources and mining,3,Rate of injury and illness cases per 100 full-time workers (Size class 0),2,"Cases involving days away from work, job restriction, or transfer",131,"Private industry, Nebraska",Industry-level data from the Survey of Occupational Injuries and Illnesses (SOII)
ISUNRMGP1NRM32131,2019,3,GP1NRM,Natural resources and mining,3,Rate of injury and illness cases per 100 full-time workers (Size class 0),2,"Cases involving days away from work, job restriction, or transfer",131,"Private industry, Nebraska",Industry-level data from the Survey of Occupational Injuries and Illnesses (SOII)
ISUNRMGP1NRM32131,2018,2.5,GP1NRM,Natural resources and mining,3,Rate of injury and illness cases per 100 full-time workers (Size class 0),2,"Cases involving days away from work, job restriction, or transfer",131,"Private industry, Nebraska",Industry-level data from the Survey of Occupational Injuries and Illnesses (SOII)
ISUNRMGP1NRM32131,2017,2.3,GP1NRM,Natural resources and mining,3,Rate of injury and illness cases per 100 full-time workers (Size class 0),2,"Cases involving days away from work, job restriction, or transfer",131,"Private industry, Nebraska",Industry-level data from the Survey of Occupational Injuries and Illnesses (SOII)
ISUNRMGP1NRM32131,2016,3.6,GP1NRM,Natural resources and mining,3,Rate of injury and illness cases per 100 full-time workers (Size class 0),2,"Cases involving days away from work, job restriction, or transfer",131,"Private industry, Nebraska",Industry-level data from the Survey of Occupational Injuries and Illnesses (SOII)
ISUNRMGP1NRM41131,2020,-,GP1NRM,Natural resources and mining,4,Number of illness cases (thousands) (Size class 0),1,Total recordable cases,131,"Private industry, Nebraska",Industry-level data from the Survey of Occupational Injuries and Illnesses (SOII)
ISUNRMGP1NRM41131,2018,0,GP1NRM,Natural resources and mining,4,Number of illness cases (thousands) (Size class 0),1,Total recordable cases,131,"Private industry, Nebraska",Industry-level data from the Survey of Occupational Injuries and Illnesses (SOII)
ISUNRMGP1NRM41131,2016,0,GP1NRM,Natural resources and mining,4,Number of illness cases (thousands) (Size class 0),1,Total recordable cases,131,"Private industry, Nebraska",Industry-level data from the Survey of Occupational Injuries and Illnesses (SOII)
ISUNRMGP1NRM51131,2020,0.4,GP1NRM,Natural resources and mining,5,Number of injury cases (thousands) (Size class 0),1,Total recordable cases,131,"Private industry, Nebraska",Industry-level data from the Survey of Occupational Injuries and Illnesses (SOII)
ISUNRMGP1NRM51131,2019,0.5,GP1NRM,Natural resources and mining,5,Number of injury cases (thousands) (Size class 0),1,Total recordable cases,131,"Private industry, Nebraska",Industry-level data from the Survey of Occupational Injuries and Illnesses (SOII)
ISUNRMGP1NRM51131,2018,0.5,GP1NRM,Natural resources and mining,5,Number of injury cases (thousands) (Size class 0),1,Total recordable cases,131,"Private industry, Nebraska",Industry-level data from the Survey of Occupational Injuries and Illnesses (SOII)
ISUNRMGP1NRM51131,2017,0.5,GP1NRM,Natural resources and mining,5,Number of injury cases (thousands) (Size class 0),1,Total recordable cases,131,"Private industry, Nebraska",Industry-level data from the Survey of Occupational Injuries and Illnesses (SOII)
ISUNRMGP1NRM51131,2016,0.5,GP1NRM,Natural resources and mining,5,Number of injury cases (thousands) (Size class 0),1,Total recordable cases,131,"Private industry, Nebraska",Industry-level data from the Survey of Occupational Injuries and Illnesses (SOII)
ISUNRMGP2AFH01131,2018,-,GP2AFH,"Agriculture, forestry, fishing and hunting",0,"Rate of illness cases per 10,000 full-time workers (Size class 0)",1,Total recordable cases,131,"Private industry, Nebraska",Industry-level data from the Survey of Occupational Injuries and Illnesses (SOII)
ISUNRMGP2AFH01131,2016,19.5,GP2AFH,"Agriculture, forestry, fishing and hunting",0,"Rate of illness cases per 10,000 full-time workers (Size class 0)",1,Total recordable cases,131,"Private industry, Nebraska",Industry-level data from the Survey of Occupational Injuries and Illnesses (SOII)
ISUNRMGP2AFH11131,2020,4.4,GP2AFH,"Agriculture, forestry, fishing and hunting",1,Rate of injury cases per 100 full-time workers (Size class 0),1,Total recordable cases,131,"Private industry, Nebraska",Industry-level data from the Survey of Occupational Injuries and Illnesses (SOII)
ISUNRMGP2AFH11131,2019,5.6,GP2AFH,"Agriculture, forestry, fishing and hunting",1,Rate of injury cases per 100 full-time workers (Size class 0),1,Total recordable cases,131,"Private industry, Nebraska",Industry-level data from the Survey of Occupational Injuries and Illnesses (SOII)
ISUNRMGP2AFH11131,2018,5.1,GP2AFH,"Agriculture, forestry, fishing and hunting",1,Rate of injury cases per 100 full-time workers (Size class 0),1,Total recordable cases,131,"Private industry, Nebraska",Industry-level data from the Survey of Occupational Injuries and Illnesses (SOII)
ISUNRMGP2AFH11131,2017,5.7,GP2AFH,"Agriculture, forestry, fishing and hunting",1,Rate of injury cases per 100 full-time workers (Size class 0),1,Total recordable cases,131,"Private industry, Nebraska",Industry-level data from the Survey of Occupational Injuries and Illnesses (SOII)
ISUNRMGP2AFH11131,2016,6,GP2AFH,"Agriculture, forestry, fishing and hunting",1,Rate of injury cases per 100 full-time workers (Size class 0),1,Total recordable cases,131,"Private industry, Nebraska",Industry-level data from the Survey of Occupational Injuries and Illnesses (SOII)
ISUMFG33300001131,2020,17,333000,Machinery manufacturing,0,"Rate of illness cases per 10,000 full-time workers (Size class 0)",1,Total recordable cases,131,"Private industry, Nebraska",Industry-level data from the Survey of Occupational Injuries and Illnesses (SOII)
ISUMFG33300001131,2019,-,333000,Machinery manufacturing,0,"Rate of illness cases per 10,000 full-time workers (Size class 0)",1,Total recordable cases,131,"Private industry, Nebraska",Industry-level data from the Survey of Occupational Injuries and Illnesses (SOII)
ISUMFG33300001131,2018,21.7,333000,Machinery manufacturing,0,"Rate of illness cases per 10,000 full-time workers (Size class 0)",1,Total recordable cases,131,"Private industry, Nebraska",Industry-level data from the Survey of Occupational Injuries and Illnesses (SOII)
ISUMFG33300001131,2017,22.4,333000,Machinery manufacturing,0,"Rate of illness cases per 10,000 full-time workers (Size class 0)",1,Total recordable cases,131,"Private industry, Nebraska",Industry-level data from the Survey of Occupational Injuries and Illnesses (SOII)
ISUMFG33300001131,2016,23.8,333000,Machinery manufacturing,0,"Rate of illness cases per 10,000 full-time workers (Size class 0)",1,Total recordable cases,131,"Private industry, Nebraska",Industry-level data from the Survey of Occupational Injuries and Illnesses (SOII)
ISUMFG33300011131,2020,3.3,333000,Machinery manufacturing,1,Rate of injury cases per 100 full-time workers (Size class 0),1,Total recordable cases,131,"Private industry, Nebraska",Industry-level data from the Survey of Occupational Injuries and Illnesses (SOII)
ISUMFG33300011131,2019,2.9,333000,Machinery manufacturing,1,Rate of injury cases per 100 full-time workers (Size class 0),1,Total recordable cases,131,"Private industry, Nebraska",Industry-level data from the Survey of Occupational Injuries and Illnesses (SOII)
ISUMFG33300011131,2018,3.5,333000,Machinery manufacturing,1,Rate of injury cases per 100 full-time workers (Size class 0),1,Total recordable cases,131,"Private industry, Nebraska",Industry-level data from the Survey of Occupational Injuries and Illnesses (SOII)
ISUMFG33300011131,2017,3.2,333000,Machinery manufacturing,1,Rate of injury cases per 100 full-time workers (Size class 0),1,Total recordable cases,131,"Private industry, Nebraska",Industry-level data from the Survey of Occupational Injuries and Illnesses (SOII)
ISUMFG33300011131,2016,4.1,333000,Machinery manufacturing,1,Rate of injury cases per 100 full-time workers (Size class 0),1,Total recordable cases,131,"Private industry, Nebraska",Industry-level data from the Survey of Occupational Injuries and Illnesses (SOII)
ISUMFG33300031131,2020,3.4,333000,Machinery manufacturing,3,Rate of injury and illness cases per 100 full-time workers (Size class 0),1,Total recordable cases,131,"Private industry, Nebraska",Industry-level data from the Survey of Occupational Injuries and Illnesses (SOII)
ISUMFG33300031131,2019,2.9,333000,Machinery manufacturing,3,Rate of injury and illness cases per 100 full-time workers (Size class 0),1,Total recordable cases,131,"Private industry, Nebraska",Industry-level data from the Survey of Occupational Injuries and Illnesses (SOII)
ISUMFG33300031131,2018,3.7,333000,Machinery manufacturing,3,Rate of injury and illness cases per 100 full-time workers (Size class 0),1,Total recordable cases,131,"Private industry, Nebraska",Industry-level data from the Survey of Occupational Injuries and Illnesses (SOII)
ISUMFG33300031131,2017,3.4,333000,Machinery manufacturing,3,Rate of injury and illness cases per 100 full-time workers (Size class 0),1,Total recordable cases,131,"Private industry, Nebraska",Industry-level data from the Survey of Occupational Injuries and Illnesses (SOII)
ISUMFG33300031131,2016,4.3,333000,Machinery manufacturing,3,Rate of injury and illness cases per 100 full-time workers (Size class 0),1,Total recordable cases,131,"Private industry, Nebraska",Industry-level data from the Survey of Occupational Injuries and Illnesses (SOII)
ISUMFG33300032131,2020,1.8,333000,Machinery manufacturing,3,Rate of injury and illness cases per 100 full-time workers (Size class 0),2,"Cases involving days away from work, job restriction, or transfer",131,"Private industry, Nebraska",Industry-level data from the Survey of Occupational Injuries and Illnesses (SOII)
ISUMFG33300032131,2019,1.9,333000,Machinery manufacturing,3,Rate of injury and illness cases per 100 full-time workers (Size class 0),2,"Cases involving days away from work, job restriction, or transfer",131,"Private industry, Nebraska",Industry-level data from the Survey of Occupational Injuries and Illnesses (SOII)
ISUMFG33300032131,2018,2.2,333000,Machinery manufacturing,3,Rate of injury and illness cases per 100 full-time workers (Size class 0),2,"Cases involving days away from work, job restriction, or transfer",131,"Private industry, Nebraska",Industry-level data from the Survey of Occupational Injuries and Illnesses (SOII)
ISUMFG33300032131,2017,1.7,333000,Machinery manufacturing,3,Rate of injury and illness cases per 100 full-time workers (Size class 0),2,"Cases involving days away from work, job restriction, or transfer",131,"Private industry, Nebraska",Industry-level data from the Survey of Occupational Injuries and Illnesses (SOII)
ISUMFG33300032131,2016,2,333000,Machinery manufacturing,3,Rate of injury and illness cases per 100 full-time workers (Size class 0),2,"Cases involving days away from work, job restriction, or transfer",131,"Private industry, Nebraska",Industry-level data from the Survey of Occupational Injuries and Illnesses (SOII)
ISUMFG33300041131,2020,0,333000,Machinery manufacturing,4,Number of illness cases (thousands) (Size class 0),1,Total recordable cases,131,"Private industry, Nebraska",Industry-level data from the Survey of Occupational Injuries and Illnesses (SOII)
ISUMFG33300041131,2019,0,333000,Machinery manufacturing,4,Number of illness cases (thousands) (Size class 0),1,Total recordable cases,131,"Private industry, Nebraska",Industry-level data from the Survey of Occupational Injuries and Illnesses (SOII)
ISUMFG33300041131,2018,0,333000,Machinery manufacturing,4,Number of illness cases (thousands) (Size class 0),1,Total recordable cases,131,"Private industry, Nebraska",Industry-level data from the Survey of Occupational Injuries and Illnesses (SOII)
ISUMFG33300041131,2017,0,333000,Machinery manufacturing,4,Number of illness cases (thousands) (Size class 0),1,Total recordable cases,131,"Private industry, Nebraska",Industry-level data from the Survey of Occupational Injuries and Illnesses (SOII)
ISUMFG33300041131,2016,0,333000,Machinery manufacturing,4,Number of illness cases (thousands) (Size class 0),1,Total recordable cases,131,"Private industry, Nebraska",Industry-level data from the Survey of Occupational Injuries and Illnesses (SOII)
ISUMFG33300051131,2020,0.3,333000,Machinery manufacturing,5,Number of injury cases (thousands) (Size class 0),1,Total recordable cases,131,"Private industry, Nebraska",Industry-level data from the Survey of Occupational Injuries and Illnesses (SOII)
ISUMFG33300051131,2019,0.3,333000,Machinery manufacturing,5,Number of injury cases (thousands) (Size class 0),1,Total recordable cases,131,"Private industry, Nebraska",Industry-level data from the Survey of Occupational Injuries and Illnesses (SOII)
ISUMFG33300051131,2018,0.3,333000,Machinery manufacturing,5,Number of injury cases (thousands) (Size class 0),1,Total recordable cases,131,"Private industry, Nebraska",Industry-level data from the Survey of Occupational Injuries and Illnesses (SOII)
ISUMFG33300051131,2017,0.3,333000,Machinery manufacturing,5,Number of injury cases (thousands) (Size class 0),1,Total recordable cases,131,"Private industry, Nebraska",Industry-level data from the Survey of Occupational Injuries and Illnesses (SOII)
ISUMFG33300051131,2016,0.4,333000,Machinery manufacturing,5,Number of injury cases (thousands) (Size class 0),1,Total recordable cases,131,"Private industry, Nebraska",Industry-level data from the Survey of Occupational Injuries and Illnesses (SOII)
ISUMFG33310001131,2020,-,333100,"Agriculture, construction, and mining machinery manufacturing",0,"Rate of illness cases per 10,000 full-time workers (Size class 0)",1,Total recordable cases,131,"Private industry, Nebraska",Industry-level data from the Survey of Occupational Injuries and Illnesses (SOII)
ISUMFG33310001131,2019,-,333100,"Agriculture, construction, and mining machinery manufacturing",0,"Rate of illness cases per 10,000 full-time workers (Size class 0)",1,Total recordable cases,131,"Private industry, Nebraska",Industry-level data from the Survey of Occupational Injuries and Illnesses (SOII)
ISUMFG33310001131,2018,27.5,333100,"Agriculture, construction, and mining machinery manufacturing",0,"Rate of illness cases per 10,000 full-time workers (Size class 0)",1,Total recordable cases,131,"Private industry, Nebraska",Industry-level data from the Survey of Occupational Injuries and Illnesses (SOII)
ISUMFG33310001131,2017,-,333100,"Agriculture, construction, and mining machinery manufacturing",0,"Rate of illness cases per 10,000 full-time workers (Size class 0)",1,Total recordable cases,131,"Private industry, Nebraska",Industry-level data from the Survey of Occupational Injuries and Illnesses (SOII)
ISUMFG33310001131,2016,-,333100,"Agriculture, construction, and mining machinery manufacturing",0,"Rate of illness cases per 10,000 full-time workers (Size class 0)",1,Total recordable cases,131,"Private industry, Nebraska",Industry-level data from the Survey of Occupational Injuries and Illnesses (SOII)
ISUMFG33310011131,2020,3.2,333100,"Agriculture, construction, and mining machinery manufacturing",1,Rate of injury cases per 100 full-time workers (Size class 0),1,Total recordable cases,131,"Private industry, Nebraska",Industry-level data from the Survey of Occupational Injuries and Illnesses (SOII)
ISUMFG33310011131,2019,3,333100,"Agriculture, construction, and mining machinery manufacturing",1,Rate of injury cases per 100 full-time workers (Size class 0),1,Total recordable cases,131,"Private industry, Nebraska",Industry-level data from the Survey of Occupational Injuries and Illnesses (SOII)
ISUMFG33310011131,2018,3.6,333100,"Agriculture, construction, and mining machinery manufacturing",1,Rate of injury cases per 100 full-time workers (Size class 0),1,Total recordable cases,131,"Private industry, Nebraska",Industry-level data from the Survey of Occupational Injuries and Illnesses (SOII)
ISUMFG33310011131,2017,3.2,333100,"Agriculture, construction, and mining machinery manufacturing",1,Rate of injury cases per 100 full-time workers (Size class 0),1,Total recordable cases,131,"Private industry, Nebraska",Industry-level data from the Survey of Occupational Injuries and Illnesses (SOII)
ISUMFG33310011131,2016,4.6,333100,"Agriculture, construction, and mining machinery manufacturing",1,Rate of injury cases per 100 full-time workers (Size class 0),1,Total recordable cases,131,"Private industry, Nebraska",Industry-level data from the Survey of Occupational Injuries and Illnesses (SOII)
ISUMFG33310031131,2020,3.4,333100,"Agriculture, construction, and mining machinery manufacturing",3,Rate of injury and illness cases per 100 full-time workers (Size class 0),1,Total recordable cases,131,"Private industry, Nebraska",Industry-level data from the Survey of Occupational Injuries and Illnesses (SOII)
ISUMFG33310031131,2019,3,333100,"Agriculture, construction, and mining machinery manufacturing",3,Rate of injury and illness cases per 100 full-time workers (Size class 0),1,Total recordable cases,131,"Private industry, Nebraska",Industry-level data from the Survey of Occupational Injuries and Illnesses (SOII)
ISUMFG33310031131,2018,3.9,333100,"Agriculture, construction, and mining machinery manufacturing",3,Rate of injury and illness cases per 100 full-time workers (Size class 0),1,Total recordable cases,131,"Private industry, Nebraska",Industry-level data from the Survey of Occupational Injuries and Illnesses (SOII)
ISUMFG33310031131,2017,3.5,333100,"Agriculture, construction, and mining machinery manufacturing",3,Rate of injury and illness cases per 100 full-time workers (Size class 0),1,Total recordable cases,131,"Private industry, Nebraska",Industry-level data from the Survey of Occupational Injuries and Illnesses (SOII)
ISUMFG33310031131,2016,4.8,333100,"Agriculture, construction, and mining machinery manufacturing",3,Rate of injury and illness cases per 100 full-time workers (Size class 0),1,Total recordable cases,131,"Private industry, Nebraska",Industry-level data from the Survey of Occupational Injuries and Illnesses (SOII)
ISUMFG33310032131,2020,2,333100,"Agriculture, construction, and mining machinery manufacturing",3,Rate of injury and illness cases per 100 full-time workers (Size class 0),2,"Cases involving days away from work, job restriction, or transfer",131,"Private industry, Nebraska",Industry-level data from the Survey of Occupational Injuries and Illnesses (SOII)
ISUMFG33310032131,2019,2.1,333100,"Agriculture, construction, and mining machinery manufacturing",3,Rate of injury and illness cases per 100 full-time workers (Size class 0),2,"Cases involving days away from work, job restriction, or transfer",131,"Private industry, Nebraska",Industry-level data from the Survey of Occupational Injuries and Illnesses (SOII)
ISUMFG33310032131,2018,2.2,333100,"Agriculture, construction, and mining machinery manufacturing",3,Rate of injury and illness cases per 100 full-time workers (Size class 0),2,"Cases involving days away from work, job restriction, or transfer",131,"Private industry, Nebraska",Industry-level data from the Survey of Occupational Injuries and Illnesses (SOII)
ISUMFG33310032131,2017,1.8,333100,"Agriculture, construction, and mining machinery manufacturing",3,Rate of injury and illness cases per 100 full-time workers (Size class 0),2,"Cases involving days away from work, job restriction, or transfer",131,"Private industry, Nebraska",Industry-level data from the Survey of Occupational Injuries and Illnesses (SOII)
ISUMFG33310032131,2016,2.5,333100,"Agriculture, construction, and mining machinery manufacturing",3,Rate of injury and illness cases per 100 full-time workers (Size class 0),2,"Cases involving days away from work, job restriction, or transfer",131,"Private industry, Nebraska",Industry-level data from the Survey of Occupational Injuries and Illnesses (SOII)
ISUMFG33310041131,2020,-,333100,"Agriculture, construction, and mining machinery manufacturing",4,Number of illness cases (thousands) (Size class 0),1,Total recordable cases,131,"Private industry, Nebraska",Industry-level data from the Survey of Occupational Injuries and Illnesses (SOII)
ISUMFG33310041131,2019,0,333100,"Agriculture, construction, and mining machinery manufacturing",4,Number of illness cases (thousands) (Size class 0),1,Total recordable cases,131,"Private industry, Nebraska",Industry-level data from the Survey of Occupational Injuries and Illnesses (SOII)
ISUMFG33310041131,2018,0,333100,"Agriculture, construction, and mining machinery manufacturing",4,Number of illness cases (thousands) (Size class 0),1,Total recordable cases,131,"Private industry, Nebraska",Industry-level data from the Survey of Occupational Injuries and Illnesses (SOII)
ISUMFG33310041131,2017,0,333100,"Agriculture, construction, and mining machinery manufacturing",4,Number of illness cases (thousands) (Size class 0),1,Total recordable cases,131,"Private industry, Nebraska",Industry-level data from the Survey of Occupational Injuries and Illnesses (SOII)
ISUMFG33310041131,2016,0,333100,"Agriculture, construction, and mining machinery manufacturing",4,Number of illness cases (thousands) (Size class 0),1,Total recordable cases,131,"Private industry, Nebraska",Industry-level data from the Survey of Occupational Injuries and Illnesses (SOII)
ISUMFG33310051131,2020,0.2,333100,"Agriculture, construction, and mining machinery manufacturing",5,Number of injury cases (thousands) (Size class 0),1,Total recordable cases,131,"Private industry, Nebraska",Industry-level data from the Survey of Occupational Injuries and Illnesses (SOII)
ISUMFG33310051131,2019,0.2,333100,"Agriculture, construction, and mining machinery manufacturing",5,Number of injury cases (thousands) (Size class 0),1,Total recordable cases,131,"Private industry, Nebraska",Industry-level data from the Survey of Occupational Injuries and Illnesses (SOII)
ISUMFG33310051131,2018,0.2,333100,"Agriculture, construction, and mining machinery manufacturing",5,Number of injury cases (thousands) (Size class 0),1,Total recordable cases,131,"Private industry, Nebraska",Industry-level data from the Survey of Occupational Injuries and Illnesses (SOII)
ISUMFG33310051131,2017,0.2,333100,"Agriculture, construction, and mining machinery manufacturing",5,Number of injury cases (thousands) (Size class 0),1,Total recordable cases,131,"Private industry, Nebraska",Industry-level data from the Survey of Occupational Injuries and Illnesses (SOII)
ISUMFG33310051131,2016,0.3,333100,"Agriculture, construction, and mining machinery manufacturing",5,Number of injury cases (thousands) (Size class 0),1,Total recordable cases,131,"Private industry, Nebraska",Industry-level data from the Survey of Occupational Injuries and Illnesses (SOII)
ISUMFG33400001131,2020,-,334000,Computer and electronic product manufacturing,0,"Rate of illness cases per 10,000 full-time workers (Size class 0)",1,Total recordable cases,131,"Private industry, Nebraska",Industry-level data from the Survey of Occupational Injuries and Illnesses (SOII)
ISUMFG33400001131,2019,-,334000,Computer and electronic product manufacturing,0,"Rate of illness cases per 10,000 full-time workers (Size class 0)",1,Total recordable cases,131,"Private industry, Nebraska",Industry-level data from the Survey of Occupational Injuries and Illnesses (SOII)
ISUMFG33400001131,2018,-,334000,Computer and electronic product manufacturing,0,"Rate of illness cases per 10,000 full-time workers (Size class 0)",1,Total recordable cases,131,"Private industry, Nebraska",Industry-level data from the Survey of Occupational Injuries and Illnesses (SOII)
ISUMFG33400001131,2017,70.9,334000,Computer and electronic product manufacturing,0,"Rate of illness cases per 10,000 full-time workers (Size class 0)",1,Total recordable cases,131,"Private industry, Nebraska",Industry-level data from the Survey of Occupational Injuries and Illnesses (SOII)
ISUMFG33400001131,2016,79.8,334000,Computer and electronic product manufacturing,0,"Rate of illness cases per 10,000 full-time workers (Size class 0)",1,Total recordable cases,131,"Private industry, Nebraska",Industry-level data from the Survey of Occupational Injuries and Illnesses (SOII)
ISUMFG33400011131,2020,1.1,334000,Computer and electronic product manufacturing,1,Rate of injury cases per 100 full-time workers (Size class 0),1,Total recordable cases,131,"Private industry, Nebraska",Industry-level data from the Survey of Occupational Injuries and Illnesses (SOII)
ISUMFG33400011131,2019,1.8,334000,Computer and electronic product manufacturing,1,Rate of injury cases per 100 full-time workers (Size class 0),1,Total recordable cases,131,"Private industry, Nebraska",Industry-level data from the Survey of Occupational Injuries and Illnesses (SOII)
ISUMFG33400011131,2018,1.9,334000,Computer and electronic product manufacturing,1,Rate of injury cases per 100 full-time workers (Size class 0),1,Total recordable cases,131,"Private industry, Nebraska",Industry-level data from the Survey of Occupational Injuries and Illnesses (SOII)
ISUMFG33400011131,2017,1.9,334000,Computer and electronic product manufacturing,1,Rate of injury cases per 100 full-time workers (Size class 0),1,Total recordable cases,131,"Private industry, Nebraska",Industry-level data from the Survey of Occupational Injuries and Illnesses (SOII)
ISUMFG33400011131,2016,2.1,334000,Computer and electronic product manufacturing,1,Rate of injury cases per 100 full-time workers (Size class 0),1,Total recordable cases,131,"Private industry, Nebraska",Industry-level data from the Survey of Occupational Injuries and Illnesses (SOII)
ISUMFG33400031131,2020,1.3,334000,Computer and electronic product manufacturing,3,Rate of injury and illness cases per 100 full-time workers (Size class 0),1,Total recordable cases,131,"Private industry, Nebraska",Industry-level data from the Survey of Occupational Injuries and Illnesses (SOII)
ISUMFG33400031131,2019,1.9,334000,Computer and electronic product manufacturing,3,Rate of injury and illness cases per 100 full-time workers (Size class 0),1,Total recordable cases,131,"Private industry, Nebraska",Industry-level data from the Survey of Occupational Injuries and Illnesses (SOII)
ISUMFG33400031131,2018,2.1,334000,Computer and electronic product manufacturing,3,Rate of injury and illness cases per 100 full-time workers (Size class 0),1,Total recordable cases,131,"Private industry, Nebraska",Industry-level data from the Survey of Occupational Injuries and Illnesses (SOII)
ISUMFG33400031131,2017,2.7,334000,Computer and electronic product manufacturing,3,Rate of injury and illness cases per 100 full-time workers (Size class 0),1,Total recordable cases,131,"Private industry, Nebraska",Industry-level data from the Survey of Occupational Injuries and Illnesses (SOII)
ISUMFG33400031131,2016,2.9,334000,Computer and electronic product manufacturing,3,Rate of injury and illness cases per 100 full-time workers (Size class 0),1,Total recordable cases,131,"Private industry, Nebraska",Industry-level data from the Survey of Occupational Injuries and Illnesses (SOII)
ISUMFG33400032131,2020,0.8,334000,Computer and electronic product manufacturing,3,Rate of injury and illness cases per 100 full-time workers (Size class 0),2,"Cases involving days away from work, job restriction, or transfer",131,"Private industry, Nebraska",Industry-level data from the Survey of Occupational Injuries and Illnesses (SOII)
ISUMFG33400032131,2019,1.1,334000,Computer and electronic product manufacturing,3,Rate of injury and illness cases per 100 full-time workers (Size class 0),2,"Cases involving days away from work, job restriction, or transfer",131,"Private industry, Nebraska",Industry-level data from the Survey of Occupational Injuries and Illnesses (SOII)
ISUMFG33400032131,2018,1.3,334000,Computer and electronic product manufacturing,3,Rate of injury and illness cases per 100 full-time workers (Size class 0),2,"Cases involving days away from work, job restriction, or transfer",131,"Private industry, Nebraska",Industry-level data from the Survey of Occupational Injuries and Illnesses (SOII)
ISUMFG33400032131,2017,1.4,334000,Computer and electronic product manufacturing,3,Rate of injury and illness cases per 100 full-time workers (Size class 0),2,"Cases involving days away from work, job restriction, or transfer",131,"Private industry, Nebraska",Industry-level data from the Survey of Occupational Injuries and Illnesses (SOII)
ISUMFG33400032131,2016,1.5,334000,Computer and electronic product manufacturing,3,Rate of injury and illness cases per 100 full-time workers (Size class 0),2,"Cases involving days away from work, job restriction, or transfer",131,"Private industry, Nebraska",Industry-level data from the Survey of Occupational Injuries and Illnesses (SOII)
ISUMFG33400041131,2020,-,334000,Computer and electronic product manufacturing,4,Number of illness cases (thousands) (Size class 0),1,Total recordable cases,131,"Private industry, Nebraska",Industry-level data from the Survey of Occupational Injuries and Illnesses (SOII)
ISUMFG33400041131,2019,0,334000,Computer and electronic product manufacturing,4,Number of illness cases (thousands) (Size class 0),1,Total recordable cases,131,"Private industry, Nebraska",Industry-level data from the Survey of Occupational Injuries and Illnesses (SOII)
ISUMFG33400041131,2018,0,334000,Computer and electronic product manufacturing,4,Number of illness cases (thousands) (Size class 0),1,Total recordable cases,131,"Private industry, Nebraska",Industry-level data from the Survey of Occupational Injuries and Illnesses (SOII)
ISUMFG33400041131,2017,0,334000,Computer and electronic product manufacturing,4,Number of illness cases (thousands) (Size class 0),1,Total recordable cases,131,"Private industry, Nebraska",Industry-level data from the Survey of Occupational Injuries and Illnesses (SOII)
ISUMFG33400041131,2016,0,334000,Computer and electronic product manufacturing,4,Number of illness cases (thousands) (Size class 0),1,Total recordable cases,131,"Private industry, Nebraska",Industry-level data from the Survey of Occupational Injuries and Illnesses (SOII)
ISUMFG33400051131,2020,0,334000,Computer and electronic product manufacturing,5,Number of injury cases (thousands) (Size class 0),1,Total recordable cases,131,"Private industry, Nebraska",Industry-level data from the Survey of Occupational Injuries and Illnesses (SOII)
ISUMFG33400051131,2019,0.1,334000,Computer and electronic product manufacturing,5,Number of injury cases (thousands) (Size class 0),1,Total recordable cases,131,"Private industry, Nebraska",Industry-level data from the Survey of Occupational Injuries and Illnesses (SOII)
ISUMFG33400051131,2018,0.1,334000,Computer and electronic product manufacturing,5,Number of injury cases (thousands) (Size class 0),1,Total recordable cases,131,"Private industry, Nebraska",Industry-level data from the Survey of Occupational Injuries and Illnesses (SOII)
ISUMFG33400051131,2017,0.1,334000,Computer and electronic product manufacturing,5,Number of injury cases (thousands) (Size class 0),1,Total recordable cases,131,"Private industry, Nebraska",Industry-level data from the Survey of Occupational Injuries and Illnesses (SOII)
ISUMFG33400051131,2016,0.1,334000,Computer and electronic product manufacturing,5,Number of injury cases (thousands) (Size class 0),1,Total recordable cases,131,"Private industry, Nebraska",Industry-level data from the Survey of Occupational Injuries and Illnesses (SOII)
ISUMFG33420001131,2019,-,334200,Communications equipment manufacturing,0,"Rate of illness cases per 10,000 full-time workers (Size class 0)",1,Total recordable cases,131,"Private industry, Nebraska",Industry-level data from the Survey of Occupational Injuries and Illnesses (SOII)
ISUMFG33420001131,2018,-,334200,Communications equipment manufacturing,0,"Rate of illness cases per 10,000 full-time workers (Size class 0)",1,Total recordable cases,131,"Private industry, Nebraska",Industry-level data from the Survey of Occupational Injuries and Illnesses (SOII)
ISUMFG33420001131,2016,-,334200,Communications equipment manufacturing,0,"Rate of illness cases per 10,000 full-time workers (Size class 0)",1,Total recordable cases,131,"Private industry, Nebraska",Industry-level data from the Survey of Occupational Injuries and Illnesses (SOII)
ISUMFG33420011131,2019,-,334200,Communications equipment manufacturing,1,Rate of injury cases per 100 full-time workers (Size class 0),1,Total recordable cases,131,"Private industry, Nebraska",Industry-level data from the Survey of Occupational Injuries and Illnesses (SOII)
ISUMFG33420011131,2018,-,334200,Communications equipment manufacturing,1,Rate of injury cases per 100 full-time workers (Size class 0),1,Total recordable cases,131,"Private industry, Nebraska",Industry-level data from the Survey of Occupational Injuries and Illnesses (SOII)
ISUMFG33420011131,2016,-,334200,Communications equipment manufacturing,1,Rate of injury cases per 100 full-time workers (Size class 0),1,Total recordable cases,131,"Private industry, Nebraska",Industry-level data from the Survey of Occupational Injuries and Illnesses (SOII)
ISUMFG33420031131,2019,-,334200,Communications equipment manufacturing,3,Rate of injury and illness cases per 100 full-time workers (Size class 0),1,Total recordable cases,131,"Private industry, Nebraska",Industry-level data from the Survey of Occupational Injuries and Illnesses (SOII)
ISUMFG33420031131,2018,-,334200,Communications equipment manufacturing,3,Rate of injury and illness cases per 100 full-time workers (Size class 0),1,Total recordable cases,131,"Private industry, Nebraska",Industry-level data from the Survey of Occupational Injuries and Illnesses (SOII)
ISUMFG33420031131,2016,-,334200,Communications equipment manufacturing,3,Rate of injury and illness cases per 100 full-time workers (Size class 0),1,Total recordable cases,131,"Private industry, Nebraska",Industry-level data from the Survey of Occupational Injuries and Illnesses (SOII)
ISUMFG33420032131,2019,-,334200,Communications equipment manufacturing,3,Rate of injury and illness cases per 100 full-time workers (Size class 0),2,"Cases involving days away from work, job restriction, or transfer",131,"Private industry, Nebraska",Industry-level data from the Survey of Occupational Injuries and Illnesses (SOII)
ISUMFG33420032131,2018,-,334200,Communications equipment manufacturing,3,Rate of injury and illness cases per 100 full-time workers (Size class 0),2,"Cases involving days away from work, job restriction, or transfer",131,"Private industry, Nebraska",Industry-level data from the Survey of Occupational Injuries and Illnesses (SOII)
ISUMFG33420032131,2016,-,334200,Communications equipment manufacturing,3,Rate of injury and illness cases per 100 full-time workers (Size class 0),2,"Cases involving days away from work, job restriction, or transfer",131,"Private industry, Nebraska",Industry-level data from the Survey of Occupational Injuries and Illnesses (SOII)
ISUMFG33420041131,2019,0,334200,Communications equipment manufacturing,4,Number of illness cases (thousands) (Size class 0),1,Total recordable cases,131,"Private industry, Nebraska",Industry-level data from the Survey of Occupational Injuries and Illnesses (SOII)
ISUMFG33420041131,2018,0,334200,Communications equipment manufacturing,4,Number of illness cases (thousands) (Size class 0),1,Total recordable cases,131,"Private industry, Nebraska",Industry-level data from the Survey of Occupational Injuries and Illnesses (SOII)
ISUMFG33420041131,2016,0,334200,Communications equipment manufacturing,4,Number of illness cases (thousands) (Size class 0),1,Total recordable cases,131,"Private industry, Nebraska",Industry-level data from the Survey of Occupational Injuries and Illnesses (SOII)
ISUMFG33420051131,2019,0,334200,Communications equipment manufacturing,5,Number of injury cases (thousands) (Size class 0),1,Total recordable cases,131,"Private industry, Nebraska",Industry-level data from the Survey of Occupational Injuries and Illnesses (SOII)
ISUMFG33420051131,2018,0,334200,Communications equipment manufacturing,5,Number of injury cases (thousands) (Size class 0),1,Total recordable cases,131,"Private industry, Nebraska",Industry-level data from the Survey of Occupational Injuries and Illnesses (SOII)
ISUMFG33420051131,2016,0,334200,Communications equipment manufacturing,5,Number of injury cases (thousands) (Size class 0),1,Total recordable cases,131,"Private industry, Nebraska",Industry-level data from the Survey of Occupational Injuries and Illnesses (SOII)
ISUMFG33600001131,2020,68.5,336000,Transportation equipment manufacturing,0,"Rate of illness cases per 10,000 full-time workers (Size class 0)",1,Total recordable cases,131,"Private industry, Nebraska",Industry-level data from the Survey of Occupational Injuries and Illnesses (SOII)
ISUMFG33600001131,2019,23,336000,Transportation equipment manufacturing,0,"Rate of illness cases per 10,000 full-time workers (Size class 0)",1,Total recordable cases,131,"Private industry, Nebraska",Industry-level data from the Survey of Occupational Injuries and Illnesses (SOII)
ISUMFG33600001131,2018,44.9,336000,Transportation equipment manufacturing,0,"Rate of illness cases per 10,000 full-time workers (Size class 0)",1,Total recordable cases,131,"Private industry, Nebraska",Industry-level data from the Survey of Occupational Injuries and Illnesses (SOII)
ISUMFG33600001131,2017,36.9,336000,Transportation equipment manufacturing,0,"Rate of illness cases per 10,000 full-time workers (Size class 0)",1,Total recordable cases,131,"Private industry, Nebraska",Industry-level data from the Survey of Occupational Injuries and Illnesses (SOII)
ISUMFG33600001131,2016,18.7,336000,Transportation equipment manufacturing,0,"Rate of illness cases per 10,000 full-time workers (Size class 0)",1,Total recordable cases,131,"Private industry, Nebraska",Industry-level data from the Survey of Occupational Injuries and Illnesses (SOII)
ISUMFG33600011131,2020,2.7,336000,Transportation equipment manufacturing,1,Rate of injury cases per 100 full-time workers (Size class 0),1,Total recordable cases,131,"Private industry, Nebraska",Industry-level data from the Survey of Occupational Injuries and Illnesses (SOII)
ISUMFG33600011131,2019,2.9,336000,Transportation equipment manufacturing,1,Rate of injury cases per 100 full-time workers (Size class 0),1,Total recordable cases,131,"Private industry, Nebraska",Industry-level data from the Survey of Occupational Injuries and Illnesses (SOII)
ISUMFG33600011131,2018,2.6,336000,Transportation equipment manufacturing,1,Rate of injury cases per 100 full-time workers (Size class 0),1,Total recordable cases,131,"Private industry, Nebraska",Industry-level data from the Survey of Occupational Injuries and Illnesses (SOII)
ISUMFG33600011131,2017,3.5,336000,Transportation equipment manufacturing,1,Rate of injury cases per 100 full-time workers (Size class 0),1,Total recordable cases,131,"Private industry, Nebraska",Industry-level data from the Survey of Occupational Injuries and Illnesses (SOII)
ISUMFG33600011131,2016,3.9,336000,Transportation equipment manufacturing,1,Rate of injury cases per 100 full-time workers (Size class 0),1,Total recordable cases,131,"Private industry, Nebraska",Industry-level data from the Survey of Occupational Injuries and Illnesses (SOII)
ISUMFG33600031131,2020,3.4,336000,Transportation equipment manufacturing,3,Rate of injury and illness cases per 100 full-time workers (Size class 0),1,Total recordable cases,131,"Private industry, Nebraska",Industry-level data from the Survey of Occupational Injuries and Illnesses (SOII)
ISUMFG33600031131,2019,3.2,336000,Transportation equipment manufacturing,3,Rate of injury and illness cases per 100 full-time workers (Size class 0),1,Total recordable cases,131,"Private industry, Nebraska",Industry-level data from the Survey of Occupational Injuries and Illnesses (SOII)
ISUMFG33600031131,2018,3.1,336000,Transportation equipment manufacturing,3,Rate of injury and illness cases per 100 full-time workers (Size class 0),1,Total recordable cases,131,"Private industry, Nebraska",Industry-level data from the Survey of Occupational Injuries and Illnesses (SOII)
ISUMFG33600031131,2017,3.8,336000,Transportation equipment manufacturing,3,Rate of injury and illness cases per 100 full-time workers (Size class 0),1,Total recordable cases,131,"Private industry, Nebraska",Industry-level data from the Survey of Occupational Injuries and Illnesses (SOII)
ISUMFG33600031131,2016,4.1,336000,Transportation equipment manufacturing,3,Rate of injury and illness cases per 100 full-time workers (Size class 0),1,Total recordable cases,131,"Private industry, Nebraska",Industry-level data from the Survey of Occupational Injuries and Illnesses (SOII)
ISUMFG33600032131,2020,1.9,336000,Transportation equipment manufacturing,3,Rate of injury and illness cases per 100 full-time workers (Size class 0),2,"Cases involving days away from work, job restriction, or transfer",131,"Private industry, Nebraska",Industry-level data from the Survey of Occupational Injuries and Illnesses (SOII)
ISUMFG33600032131,2019,1.7,336000,Transportation equipment manufacturing,3,Rate of injury and illness cases per 100 full-time workers (Size class 0),2,"Cases involving days away from work, job restriction, or transfer",131,"Private industry, Nebraska",Industry-level data from the Survey of Occupational Injuries and Illnesses (SOII)
ISUMFG33600032131,2018,1.3,336000,Transportation equipment manufacturing,3,Rate of injury and illness cases per 100 full-time workers (Size class 0),2,"Cases involving days away from work, job restriction, or transfer",131,"Private industry, Nebraska",Industry-level data from the Survey of Occupational Injuries and Illnesses (SOII)
ISUMFG33600032131,2017,1.8,336000,Transportation equipment manufacturing,3,Rate of injury and illness cases per 100 full-time workers (Size class 0),2,"Cases involving days away from work, job restriction, or transfer",131,"Private industry, Nebraska",Industry-level data from the Survey of Occupational Injuries and Illnesses (SOII)
ISUMFG33600032131,2016,1.9,336000,Transportation equipment manufacturing,3,Rate of injury and illness cases per 100 full-time workers (Size class 0),2,"Cases involving days away from work, job restriction, or transfer",131,"Private industry, Nebraska",Industry-level data from the Survey of Occupational Injuries and Illnesses (SOII)
ISUMFG33600041131,2020,0.1,336000,Transportation equipment manufacturing,4,Number of illness cases (thousands) (Size class 0),1,Total recordable cases,131,"Private industry, Nebraska",Industry-level data from the Survey of Occupational Injuries and Illnesses (SOII)
ISUMFG33600041131,2019,0,336000,Transportation equipment manufacturing,4,Number of illness cases (thousands) (Size class 0),1,Total recordable cases,131,"Private industry, Nebraska",Industry-level data from the Survey of Occupational Injuries and Illnesses (SOII)
ISUMFG33600041131,2018,0,336000,Transportation equipment manufacturing,4,Number of illness cases (thousands) (Size class 0),1,Total recordable cases,131,"Private industry, Nebraska",Industry-level data from the Survey of Occupational Injuries and Illnesses (SOII)
ISUMFG33600041131,2017,0,336000,Transportation equipment manufacturing,4,Number of illness cases (thousands) (Size class 0),1,Total recordable cases,131,"Private industry, Nebraska",Industry-level data from the Survey of Occupational Injuries and Illnesses (SOII)
ISUMFG33600041131,2016,0,336000,Transportation equipment manufacturing,4,Number of illness cases (thousands) (Size class 0),1,Total recordable cases,131,"Private industry, Nebraska",Industry-level data from the Survey of Occupational Injuries and Illnesses (SOII)
ISUMFG33600051131,2020,0.2,336000,Transportation equipment manufacturing,5,Number of injury cases (thousands) (Size class 0),1,Total recordable cases,131,"Private industry, Nebraska",Industry-level data from the Survey of Occupational Injuries and Illnesses (SOII)
ISUMFG33600051131,2019,0.3,336000,Transportation equipment manufacturing,5,Number of injury cases (thousands) (Size class 0),1,Total recordable cases,131,"Private industry, Nebraska",Industry-level data from the Survey of Occupational Injuries and Illnesses (SOII)
ISUMFG33600051131,2018,0.2,336000,Transportation equipment manufacturing,5,Number of injury cases (thousands) (Size class 0),1,Total recordable cases,131,"Private industry, Nebraska",Industry-level data from the Survey of Occupational Injuries and Illnesses (SOII)
ISUMFG33600051131,2017,0.3,336000,Transportation equipment manufacturing,5,Number of injury cases (thousands) (Size class 0),1,Total recordable cases,131,"Private industry, Nebraska",Industry-level data from the Survey of Occupational Injuries and Illnesses (SOII)
ISUMFG33600051131,2016,0.3,336000,Transportation equipment manufacturing,5,Number of injury cases (thousands) (Size class 0),1,Total recordable cases,131,"Private industry, Nebraska",Industry-level data from the Survey of Occupational Injuries and Illnesses (SOII)
ISUMFG33620001131,2019,-,336200,Motor vehicle body and trailer manufacturing,0,"Rate of illness cases per 10,000 full-time workers (Size class 0)",1,Total recordable cases,131,"Private industry, Nebraska",Industry-level data from the Survey of Occupational Injuries and Illnesses (SOII)
ISUMFG33620001131,2018,106.3,336200,Motor vehicle body and trailer manufacturing,0,"Rate of illness cases per 10,000 full-time workers (Size class 0)",1,Total recordable cases,131,"Private industry, Nebraska",Industry-level data from the Survey of Occupational Injuries and Illnesses (SOII)
ISUMFG33620001131,2017,134.9,336200,Motor vehicle body and trailer manufacturing,0,"Rate of illness cases per 10,000 full-time workers (Size class 0)",1,Total recordable cases,131,"Private industry, Nebraska",Industry-level data from the Survey of Occupational Injuries and Illnesses (SOII)
ISUMFG33620001131,2016,-,336200,Motor vehicle body and trailer manufacturing,0,"Rate of illness cases per 10,000 full-time workers (Size class 0)",1,Total recordable cases,131,"Private industry, Nebraska",Industry-level data from the Survey of Occupational Injuries and Illnesses (SOII)
ISUMFG33620011131,2019,4.4,336200,Motor vehicle body and trailer manufacturing,1,Rate of injury cases per 100 full-time workers (Size class 0),1,Total recordable cases,131,"Private industry, Nebraska",Industry-level data from the Survey of Occupational Injuries and Illnesses (SOII)
ISUMFG33620011131,2018,3.5,336200,Motor vehicle body and trailer manufacturing,1,Rate of injury cases per 100 full-time workers (Size class 0),1,Total recordable cases,131,"Private industry, Nebraska",Industry-level data from the Survey of Occupational Injuries and Illnesses (SOII)
ISUMFG33620011131,2017,6.4,336200,Motor vehicle body and trailer manufacturing,1,Rate of injury cases per 100 full-time workers (Size class 0),1,Total recordable cases,131,"Private industry, Nebraska",Industry-level data from the Survey of Occupational Injuries and Illnesses (SOII)
ISUMFG33620011131,2016,4.7,336200,Motor vehicle body and trailer manufacturing,1,Rate of injury cases per 100 full-time workers (Size class 0),1,Total recordable cases,131,"Private industry, Nebraska",Industry-level data from the Survey of Occupational Injuries and Illnesses (SOII)
ISUMFG33620031131,2019,5.2,336200,Motor vehicle body and trailer manufacturing,3,Rate of injury and illness cases per 100 full-time workers (Size class 0),1,Total recordable cases,131,"Private industry, Nebraska",Industry-level data from the Survey of Occupational Injuries and Illnesses (SOII)
ISUMFG33620031131,2018,4.6,336200,Motor vehicle body and trailer manufacturing,3,Rate of injury and illness cases per 100 full-time workers (Size class 0),1,Total recordable cases,131,"Private industry, Nebraska",Industry-level data from the Survey of Occupational Injuries and Illnesses (SOII)
ISUMFG33620031131,2017,7.7,336200,Motor vehicle body and trailer manufacturing,3,Rate of injury and illness cases per 100 full-time workers (Size class 0),1,Total recordable cases,131,"Private industry, Nebraska",Industry-level data from the Survey of Occupational Injuries and Illnesses (SOII)
ISUMFG33620031131,2016,4.8,336200,Motor vehicle body and trailer manufacturing,3,Rate of injury and illness cases per 100 full-time workers (Size class 0),1,Total recordable cases,131,"Private industry, Nebraska",Industry-level data from the Survey of Occupational Injuries and Illnesses (SOII)
ISUMFG33620032131,2019,3.1,336200,Motor vehicle body and trailer manufacturing,3,Rate of injury and illness cases per 100 full-time workers (Size class 0),2,"Cases involving days away from work, job restriction, or transfer",131,"Private industry, Nebraska",Industry-level data from the Survey of Occupational Injuries and Illnesses (SOII)
ISUMFG33620032131,2018,2.2,336200,Motor vehicle body and trailer manufacturing,3,Rate of injury and illness cases per 100 full-time workers (Size class 0),2,"Cases involving days away from work, job restriction, or transfer",131,"Private industry, Nebraska",Industry-level data from the Survey of Occupational Injuries and Illnesses (SOII)
ISUMFG33620032131,2017,3.4,336200,Motor vehicle body and trailer manufacturing,3,Rate of injury and illness cases per 100 full-time workers (Size class 0),2,"Cases involving days away from work, job restriction, or transfer",131,"Private industry, Nebraska",Industry-level data from the Survey of Occupational Injuries and Illnesses (SOII)
ISUMFG33620032131,2016,2.4,336200,Motor vehicle body and trailer manufacturing,3,Rate of injury and illness cases per 100 full-time workers (Size class 0),2,"Cases involving days away from work, job restriction, or transfer",131,"Private industry, Nebraska",Industry-level data from the Survey of Occupational Injuries and Illnesses (SOII)
ISUMFG33620041131,2019,0,336200,Motor vehicle body and trailer manufacturing,4,Number of illness cases (thousands) (Size class 0),1,Total recordable cases,131,"Private industry, Nebraska",Industry-level data from the Survey of Occupational Injuries and Illnesses (SOII)
ISUMFG33620041131,2018,0,336200,Motor vehicle body and trailer manufacturing,4,Number of illness cases (thousands) (Size class 0),1,Total recordable cases,131,"Private industry, Nebraska",Industry-level data from the Survey of Occupational Injuries and Illnesses (SOII)
ISUMFG33620041131,2017,0,336200,Motor vehicle body and trailer manufacturing,4,Number of illness cases (thousands) (Size class 0),1,Total recordable cases,131,"Private industry, Nebraska",Industry-level data from the Survey of Occupational Injuries and Illnesses (SOII)
ISUMFG33620041131,2016,0,336200,Motor vehicle body and trailer manufacturing,4,Number of illness cases (thousands) (Size class 0),1,Total recordable cases,131,"Private industry, Nebraska",Industry-level data from the Survey of Occupational Injuries and Illnesses (SOII)
ISUMFG33620051131,2019,0.1,336200,Motor vehicle body and trailer manufacturing,5,Number of injury cases (thousands) (Size class 0),1,Total recordable cases,131,"Private industry, Nebraska",Industry-level data from the Survey of Occupational Injuries and Illnesses (SOII)
ISUMFG33620051131,2018,0.1,336200,Motor vehicle body and trailer manufacturing,5,Number of injury cases (thousands) (Size class 0),1,Total recordable cases,131,"Private industry, Nebraska",Industry-level data from the Survey of Occupational Injuries and Illnesses (SOII)
ISUMFG33620051131,2017,0.1,336200,Motor vehicle body and trailer manufacturing,5,Number of injury cases (thousands) (Size class 0),1,Total recordable cases,131,"Private industry, Nebraska",Industry-level data from the Survey of Occupational Injuries and Illnesses (SOII)
ISUMFG33620051131,2016,0.1,336200,Motor vehicle body and trailer manufacturing,5,Number of injury cases (thousands) (Size class 0),1,Total recordable cases,131,"Private industry, Nebraska",Industry-level data from the Survey of Occupational Injuries and Illnesses (SOII)
ISUMFG33630001131,2020,-,336300,Motor vehicle parts manufacturing,0,"Rate of illness cases per 10,000 full-time workers (Size class 0)",1,Total recordable cases,131,"Private industry, Nebraska",Industry-level data from the Survey of Occupational Injuries and Illnesses (SOII)
ISUMFG33630001131,2019,-,336300,Motor vehicle parts manufacturing,0,"Rate of illness cases per 10,000 full-time workers (Size class 0)",1,Total recordable cases,131,"Private industry, Nebraska",Industry-level data from the Survey of Occupational Injuries and Illnesses (SOII)
ISUMFG33630001131,2018,40.4,336300,Motor vehicle parts manufacturing,0,"Rate of illness cases per 10,000 full-time workers (Size class 0)",1,Total recordable cases,131,"Private industry, Nebraska",Industry-level data from the Survey of Occupational Injuries and Illnesses (SOII)
ISUMFG33630001131,2017,-,336300,Motor vehicle parts manufacturing,0,"Rate of illness cases per 10,000 full-time workers (Size class 0)",1,Total recordable cases,131,"Private industry, Nebraska",Industry-level data from the Survey of Occupational Injuries and Illnesses (SOII)
ISUMFG33630001131,2016,-,336300,Motor vehicle parts manufacturing,0,"Rate of illness cases per 10,000 full-time workers (Size class 0)",1,Total recordable cases,131,"Private industry, Nebraska",Industry-level data from the Survey of Occupational Injuries and Illnesses (SOII)
ISUMFG33630011131,2020,2.5,336300,Motor vehicle parts manufacturing,1,Rate of injury cases per 100 full-time workers (Size class 0),1,Total recordable cases,131,"Private industry, Nebraska",Industry-level data from the Survey of Occupational Injuries and Illnesses (SOII)
ISUMFG33630011131,2019,2.5,336300,Motor vehicle parts manufacturing,1,Rate of injury cases per 100 full-time workers (Size class 0),1,Total recordable cases,131,"Private industry, Nebraska",Industry-level data from the Survey of Occupational Injuries and Illnesses (SOII)
ISUMFG33630011131,2018,2.3,336300,Motor vehicle parts manufacturing,1,Rate of injury cases per 100 full-time workers (Size class 0),1,Total recordable cases,131,"Private industry, Nebraska",Industry-level data from the Survey of Occupational Injuries and Illnesses (SOII)
ISUMFG33630011131,2017,2.7,336300,Motor vehicle parts manufacturing,1,Rate of injury cases per 100 full-time workers (Size class 0),1,Total recordable cases,131,"Private industry, Nebraska",Industry-level data from the Survey of Occupational Injuries and Illnesses (SOII)
ISUMFG33630011131,2016,3.5,336300,Motor vehicle parts manufacturing,1,Rate of injury cases per 100 full-time workers (Size class 0),1,Total recordable cases,131,"Private industry, Nebraska",Industry-level data from the Survey of Occupational Injuries and Illnesses (SOII)
ISUMFG33630031131,2020,2.6,336300,Motor vehicle parts manufacturing,3,Rate of injury and illness cases per 100 full-time workers (Size class 0),1,Total recordable cases,131,"Private industry, Nebraska",Industry-level data from the Survey of Occupational Injuries and Illnesses (SOII)
ISUMFG33630031131,2019,2.6,336300,Motor vehicle parts manufacturing,3,Rate of injury and illness cases per 100 full-time workers (Size class 0),1,Total recordable cases,131,"Private industry, Nebraska",Industry-level data from the Survey of Occupational Injuries and Illnesses (SOII)
ISUMFG33630031131,2018,2.7,336300,Motor vehicle parts manufacturing,3,Rate of injury and illness cases per 100 full-time workers (Size class 0),1,Total recordable cases,131,"Private industry, Nebraska",Industry-level data from the Survey of Occupational Injuries and Illnesses (SOII)
ISUMFG33630031131,2017,2.8,336300,Motor vehicle parts manufacturing,3,Rate of injury and illness cases per 100 full-time workers (Size class 0),1,Total recordable cases,131,"Private industry, Nebraska",Industry-level data from the Survey of Occupational Injuries and Illnesses (SOII)
ISUMFG33630031131,2016,3.6,336300,Motor vehicle parts manufacturing,3,Rate of injury and illness cases per 100 full-time workers (Size class 0),1,Total recordable cases,131,"Private industry, Nebraska",Industry-level data from the Survey of Occupational Injuries and Illnesses (SOII)
ISUMFG33630032131,2020,1.5,336300,Motor vehicle parts manufacturing,3,Rate of injury and illness cases per 100 full-time workers (Size class 0),2,"Cases involving days away from work, job restriction, or transfer",131,"Private industry, Nebraska",Industry-level data from the Survey of Occupational Injuries and Illnesses (SOII)
ISUMFG33630032131,2019,1.4,336300,Motor vehicle parts manufacturing,3,Rate of injury and illness cases per 100 full-time workers (Size class 0),2,"Cases involving days away from work, job restriction, or transfer",131,"Private industry, Nebraska",Industry-level data from the Survey of Occupational Injuries and Illnesses (SOII)
ISUMFG33630032131,2018,1,336300,Motor vehicle parts manufacturing,3,Rate of injury and illness cases per 100 full-time workers (Size class 0),2,"Cases involving days away from work, job restriction, or transfer",131,"Private industry, Nebraska",Industry-level data from the Survey of Occupational Injuries and Illnesses (SOII)
ISUMFG33630032131,2017,1.2,336300,Motor vehicle parts manufacturing,3,Rate of injury and illness cases per 100 full-time workers (Size class 0),2,"Cases involving days away from work, job restriction, or transfer",131,"Private industry, Nebraska",Industry-level data from the Survey of Occupational Injuries and Illnesses (SOII)
ISUMFG33630032131,2016,1.6,336300,Motor vehicle parts manufacturing,3,Rate of injury and illness cases per 100 full-time workers (Size class 0),2,"Cases involving days away from work, job restriction, or transfer",131,"Private industry, Nebraska",Industry-level data from the Survey of Occupational Injuries and Illnesses (SOII)
ISUMFG33630041131,2020,-,336300,Motor vehicle parts manufacturing,4,Number of illness cases (thousands) (Size class 0),1,Total recordable cases,131,"Private industry, Nebraska",Industry-level data from the Survey of Occupational Injuries and Illnesses (SOII)
ISUMFG33630041131,2019,0,336300,Motor vehicle parts manufacturing,4,Number of illness cases (thousands) (Size class 0),1,Total recordable cases,131,"Private industry, Nebraska",Industry-level data from the Survey of Occupational Injuries and Illnesses (SOII)
ISUMFG33630041131,2018,0,336300,Motor vehicle parts manufacturing,4,Number of illness cases (thousands) (Size class 0),1,Total recordable cases,131,"Private industry, Nebraska",Industry-level data from the Survey of Occupational Injuries and Illnesses (SOII)
ISUMFG33630041131,2017,0,336300,Motor vehicle parts manufacturing,4,Number of illness cases (thousands) (Size class 0),1,Total recordable cases,131,"Private industry, Nebraska",Industry-level data from the Survey of Occupational Injuries and Illnesses (SOII)
ISUMFG33630041131,2016,0,336300,Motor vehicle parts manufacturing,4,Number of illness cases (thousands) (Size class 0),1,Total recordable cases,131,"Private industry, Nebraska",Industry-level data from the Survey of Occupational Injuries and Illnesses (SOII)
ISUMFG33630051131,2020,0.1,336300,Motor vehicle parts manufacturing,5,Number of injury cases (thousands) (Size class 0),1,Total recordable cases,131,"Private industry, Nebraska",Industry-level data from the Survey of Occupational Injuries and Illnesses (SOII)
ISUMFG33630051131,2019,0.1,336300,Motor vehicle parts manufacturing,5,Number of injury cases (thousands) (Size class 0),1,Total recordable cases,131,"Private industry, Nebraska",Industry-level data from the Survey of Occupational Injuries and Illnesses (SOII)
ISUMFG33630051131,2018,0.1,336300,Motor vehicle parts manufacturing,5,Number of injury cases (thousands) (Size class 0),1,Total recordable cases,131,"Private industry, Nebraska",Industry-level data from the Survey of Occupational Injuries and Illnesses (SOII)
ISUMFG33630051131,2017,0.1,336300,Motor vehicle parts manufacturing,5,Number of injury cases (thousands) (Size class 0),1,Total recordable cases,131,"Private industry, Nebraska",Industry-level data from the Survey of Occupational Injuries and Illnesses (SOII)
ISUMFG33630051131,2016,0.2,336300,Motor vehicle parts manufacturing,5,Number of injury cases (thousands) (Size class 0),1,Total recordable cases,131,"Private industry, Nebraska",Industry-level data from the Survey of Occupational Injuries and Illnesses (SOII)
ISUMFG33700001131,2019,-,337000,Furniture and related product manufacturing,0,"Rate of illness cases per 10,000 full-time workers (Size class 0)",1,Total recordable cases,131,"Private industry, Nebraska",Industry-level data from the Survey of Occupational Injuries and Illnesses (SOII)
ISUMFG33700001131,2017,-,337000,Furniture and related product manufacturing,0,"Rate of illness cases per 10,000 full-time workers (Size class 0)",1,Total recordable cases,131,"Private industry, Nebraska",Industry-level data from the Survey of Occupational Injuries and Illnesses (SOII)
ISUMFG33700001131,2016,-,337000,Furniture and related product manufacturing,0,"Rate of illness cases per 10,000 full-time workers (Size class 0)",1,Total recordable cases,131,"Private industry, Nebraska",Industry-level data from the Survey of Occupational Injuries and Illnesses (SOII)
ISUMFG33700011131,2019,4.1,337000,Furniture and related product manufacturing,1,Rate of injury cases per 100 full-time workers (Size class 0),1,Total recordable cases,131,"Private industry, Nebraska",Industry-level data from the Survey of Occupational Injuries and Illnesses (SOII)
ISUMFG33700011131,2017,6.3,337000,Furniture and related product manufacturing,1,Rate of injury cases per 100 full-time workers (Size class 0),1,Total recordable cases,131,"Private industry, Nebraska",Industry-level data from the Survey of Occupational Injuries and Illnesses (SOII)
ISUMFG33700011131,2016,13.3,337000,Furniture and related product manufacturing,1,Rate of injury cases per 100 full-time workers (Size class 0),1,Total recordable cases,131,"Private industry, Nebraska",Industry-level data from the Survey of Occupational Injuries and Illnesses (SOII)
ISUMFG33700031131,2019,4.1,337000,Furniture and related product manufacturing,3,Rate of injury and illness cases per 100 full-time workers (Size class 0),1,Total recordable cases,131,"Private industry, Nebraska",Industry-level data from the Survey of Occupational Injuries and Illnesses (SOII)
ISUMFG33700031131,2017,6.3,337000,Furniture and related product manufacturing,3,Rate of injury and illness cases per 100 full-time workers (Size class 0),1,Total recordable cases,131,"Private industry, Nebraska",Industry-level data from the Survey of Occupational Injuries and Illnesses (SOII)
ISUMFG33700031131,2016,13.3,337000,Furniture and related product manufacturing,3,Rate of injury and illness cases per 100 full-time workers (Size class 0),1,Total recordable cases,131,"Private industry, Nebraska",Industry-level data from the Survey of Occupational Injuries and Illnesses (SOII)
ISUMFG33700032131,2019,2.3,337000,Furniture and related product manufacturing,3,Rate of injury and illness cases per 100 full-time workers (Size class 0),2,"Cases involving days away from work, job restriction, or transfer",131,"Private industry, Nebraska",Industry-level data from the Survey of Occupational Injuries and Illnesses (SOII)
ISUMFG33700032131,2017,4.4,337000,Furniture and related product manufacturing,3,Rate of injury and illness cases per 100 full-time workers (Size class 0),2,"Cases involving days away from work, job restriction, or transfer",131,"Private industry, Nebraska",Industry-level data from the Survey of Occupational Injuries and Illnesses (SOII)
ISUMFG33700032131,2016,8.9,337000,Furniture and related product manufacturing,3,Rate of injury and illness cases per 100 full-time workers (Size class 0),2,"Cases involving days away from work, job restriction, or transfer",131,"Private industry, Nebraska",Industry-level data from the Survey of Occupational Injuries and Illnesses (SOII)
ISUMFG33700041131,2019,0,337000,Furniture and related product manufacturing,4,Number of illness cases (thousands) (Size class 0),1,Total recordable cases,131,"Private industry, Nebraska",Industry-level data from the Survey of Occupational Injuries and Illnesses (SOII)
ISUMFG33700041131,2017,0,337000,Furniture and related product manufacturing,4,Number of illness cases (thousands) (Size class 0),1,Total recordable cases,131,"Private industry, Nebraska",Industry-level data from the Survey of Occupational Injuries and Illnesses (SOII)
ISUMFG33700041131,2016,0,337000,Furniture and related product manufacturing,4,Number of illness cases (thousands) (Size class 0),1,Total recordable cases,131,"Private industry, Nebraska",Industry-level data from the Survey of Occupational Injuries and Illnesses (SOII)
ISUMFG33700051131,2019,0.1,337000,Furniture and related product manufacturing,5,Number of injury cases (thousands) (Size class 0),1,Total recordable cases,131,"Private industry, Nebraska",Industry-level data from the Survey of Occupational Injuries and Illnesses (SOII)
ISUMFG33700051131,2017,0.1,337000,Furniture and related product manufacturing,5,Number of injury cases (thousands) (Size class 0),1,Total recordable cases,131,"Private industry, Nebraska",Industry-level data from the Survey of Occupational Injuries and Illnesses (SOII)
ISUMFG33700051131,2016,0.2,337000,Furniture and related product manufacturing,5,Number of injury cases (thousands) (Size class 0),1,Total recordable cases,131,"Private industry, Nebraska",Industry-level data from the Survey of Occupational Injuries and Illnesses (SOII)
ISUMFG33900001131,2020,-,339000,Miscellaneous manufacturing,0,"Rate of illness cases per 10,000 full-time workers (Size class 0)",1,Total recordable cases,131,"Private industry, Nebraska",Industry-level data from the Survey of Occupational Injuries and Illnesses (SOII)
ISUMFG33900001131,2019,-,339000,Miscellaneous manufacturing,0,"Rate of illness cases per 10,000 full-time workers (Size class 0)",1,Total recordable cases,131,"Private industry, Nebraska",Industry-level data from the Survey of Occupational Injuries and Illnesses (SOII)
ISUMFG33900001131,2018,-,339000,Miscellaneous manufacturing,0,"Rate of illness cases per 10,000 full-time workers (Size class 0)",1,Total recordable cases,131,"Private industry, Nebraska",Industry-level data from the Survey of Occupational Injuries and Illnesses (SOII)
ISUMFG33900001131,2017,-,339000,Miscellaneous manufacturing,0,"Rate of illness cases per 10,000 full-time workers (Size class 0)",1,Total recordable cases,131,"Private industry, Nebraska",Industry-level data from the Survey of Occupational Injuries and Illnesses (SOII)
ISUMFG33900001131,2016,-,339000,Miscellaneous manufacturing,0,"Rate of illness cases per 10,000 full-time workers (Size class 0)",1,Total recordable cases,131,"Private industry, Nebraska",Industry-level data from the Survey of Occupational Injuries and Illnesses (SOII)
ISUMFG32500051131,2020,0.2,325000,Chemical manufacturing,5,Number of injury cases (thousands) (Size class 0),1,Total recordable cases,131,"Private industry, Nebraska",Industry-level data from the Survey of Occupational Injuries and Illnesses (SOII)
ISUMFG32500051131,2019,0.1,325000,Chemical manufacturing,5,Number of injury cases (thousands) (Size class 0),1,Total recordable cases,131,"Private industry, Nebraska",Industry-level data from the Survey of Occupational Injuries and Illnesses (SOII)
ISUMFG32500051131,2018,0.1,325000,Chemical manufacturing,5,Number of injury cases (thousands) (Size class 0),1,Total recordable cases,131,"Private industry, Nebraska",Industry-level data from the Survey of Occupational Injuries and Illnesses (SOII)
ISUMFG32500051131,2017,0.1,325000,Chemical manufacturing,5,Number of injury cases (thousands) (Size class 0),1,Total recordable cases,131,"Private industry, Nebraska",Industry-level data from the Survey of Occupational Injuries and Illnesses (SOII)
ISUMFG32500051131,2016,0.1,325000,Chemical manufacturing,5,Number of injury cases (thousands) (Size class 0),1,Total recordable cases,131,"Private industry, Nebraska",Industry-level data from the Survey of Occupational Injuries and Illnesses (SOII)
ISUMFG32600001131,2020,-,326000,Plastics and rubber products manufacturing,0,"Rate of illness cases per 10,000 full-time workers (Size class 0)",1,Total recordable cases,131,"Private industry, Nebraska",Industry-level data from the Survey of Occupational Injuries and Illnesses (SOII)
ISUMFG32600001131,2019,-,326000,Plastics and rubber products manufacturing,0,"Rate of illness cases per 10,000 full-time workers (Size class 0)",1,Total recordable cases,131,"Private industry, Nebraska",Industry-level data from the Survey of Occupational Injuries and Illnesses (SOII)
ISUMFG32600001131,2018,-,326000,Plastics and rubber products manufacturing,0,"Rate of illness cases per 10,000 full-time workers (Size class 0)",1,Total recordable cases,131,"Private industry, Nebraska",Industry-level data from the Survey of Occupational Injuries and Illnesses (SOII)
ISUMFG32600001131,2017,-,326000,Plastics and rubber products manufacturing,0,"Rate of illness cases per 10,000 full-time workers (Size class 0)",1,Total recordable cases,131,"Private industry, Nebraska",Industry-level data from the Survey of Occupational Injuries and Illnesses (SOII)
ISUMFG32600001131,2016,-,326000,Plastics and rubber products manufacturing,0,"Rate of illness cases per 10,000 full-time workers (Size class 0)",1,Total recordable cases,131,"Private industry, Nebraska",Industry-level data from the Survey of Occupational Injuries and Illnesses (SOII)
ISUMFG32600011131,2020,2.8,326000,Plastics and rubber products manufacturing,1,Rate of injury cases per 100 full-time workers (Size class 0),1,Total recordable cases,131,"Private industry, Nebraska",Industry-level data from the Survey of Occupational Injuries and Illnesses (SOII)
ISUMFG32600011131,2019,4.8,326000,Plastics and rubber products manufacturing,1,Rate of injury cases per 100 full-time workers (Size class 0),1,Total recordable cases,131,"Private industry, Nebraska",Industry-level data from the Survey of Occupational Injuries and Illnesses (SOII)
ISUMFG32600011131,2018,4.7,326000,Plastics and rubber products manufacturing,1,Rate of injury cases per 100 full-time workers (Size class 0),1,Total recordable cases,131,"Private industry, Nebraska",Industry-level data from the Survey of Occupational Injuries and Illnesses (SOII)
ISUMFG32600011131,2017,4.9,326000,Plastics and rubber products manufacturing,1,Rate of injury cases per 100 full-time workers (Size class 0),1,Total recordable cases,131,"Private industry, Nebraska",Industry-level data from the Survey of Occupational Injuries and Illnesses (SOII)
ISUMFG32600011131,2016,4.6,326000,Plastics and rubber products manufacturing,1,Rate of injury cases per 100 full-time workers (Size class 0),1,Total recordable cases,131,"Private industry, Nebraska",Industry-level data from the Survey of Occupational Injuries and Illnesses (SOII)
ISUMFG32600031131,2020,2.9,326000,Plastics and rubber products manufacturing,3,Rate of injury and illness cases per 100 full-time workers (Size class 0),1,Total recordable cases,131,"Private industry, Nebraska",Industry-level data from the Survey of Occupational Injuries and Illnesses (SOII)
ISUMFG32600031131,2019,4.9,326000,Plastics and rubber products manufacturing,3,Rate of injury and illness cases per 100 full-time workers (Size class 0),1,Total recordable cases,131,"Private industry, Nebraska",Industry-level data from the Survey of Occupational Injuries and Illnesses (SOII)
ISUMFG32600031131,2018,4.9,326000,Plastics and rubber products manufacturing,3,Rate of injury and illness cases per 100 full-time workers (Size class 0),1,Total recordable cases,131,"Private industry, Nebraska",Industry-level data from the Survey of Occupational Injuries and Illnesses (SOII)
ISUMFG32600031131,2017,4.9,326000,Plastics and rubber products manufacturing,3,Rate of injury and illness cases per 100 full-time workers (Size class 0),1,Total recordable cases,131,"Private industry, Nebraska",Industry-level data from the Survey of Occupational Injuries and Illnesses (SOII)
ISUMFG32600031131,2016,4.7,326000,Plastics and rubber products manufacturing,3,Rate of injury and illness cases per 100 full-time workers (Size class 0),1,Total recordable cases,131,"Private industry, Nebraska",Industry-level data from the Survey of Occupational Injuries and Illnesses (SOII)
ISUMFG32600032131,2020,2.1,326000,Plastics and rubber products manufacturing,3,Rate of injury and illness cases per 100 full-time workers (Size class 0),2,"Cases involving days away from work, job restriction, or transfer",131,"Private industry, Nebraska",Industry-level data from the Survey of Occupational Injuries and Illnesses (SOII)
ISUMFG32600032131,2019,3.2,326000,Plastics and rubber products manufacturing,3,Rate of injury and illness cases per 100 full-time workers (Size class 0),2,"Cases involving days away from work, job restriction, or transfer",131,"Private industry, Nebraska",Industry-level data from the Survey of Occupational Injuries and Illnesses (SOII)
ISUMFG32600032131,2018,3,326000,Plastics and rubber products manufacturing,3,Rate of injury and illness cases per 100 full-time workers (Size class 0),2,"Cases involving days away from work, job restriction, or transfer",131,"Private industry, Nebraska",Industry-level data from the Survey of Occupational Injuries and Illnesses (SOII)
ISUMFG32600032131,2017,3.1,326000,Plastics and rubber products manufacturing,3,Rate of injury and illness cases per 100 full-time workers (Size class 0),2,"Cases involving days away from work, job restriction, or transfer",131,"Private industry, Nebraska",Industry-level data from the Survey of Occupational Injuries and Illnesses (SOII)
ISUMFG32600032131,2016,2.7,326000,Plastics and rubber products manufacturing,3,Rate of injury and illness cases per 100 full-time workers (Size class 0),2,"Cases involving days away from work, job restriction, or transfer",131,"Private industry, Nebraska",Industry-level data from the Survey of Occupational Injuries and Illnesses (SOII)
ISUMFG32600041131,2020,-,326000,Plastics and rubber products manufacturing,4,Number of illness cases (thousands) (Size class 0),1,Total recordable cases,131,"Private industry, Nebraska",Industry-level data from the Survey of Occupational Injuries and Illnesses (SOII)
ISUMFG32600041131,2019,0,326000,Plastics and rubber products manufacturing,4,Number of illness cases (thousands) (Size class 0),1,Total recordable cases,131,"Private industry, Nebraska",Industry-level data from the Survey of Occupational Injuries and Illnesses (SOII)
ISUMFG32600041131,2018,0,326000,Plastics and rubber products manufacturing,4,Number of illness cases (thousands) (Size class 0),1,Total recordable cases,131,"Private industry, Nebraska",Industry-level data from the Survey of Occupational Injuries and Illnesses (SOII)
ISUMFG32600041131,2017,0,326000,Plastics and rubber products manufacturing,4,Number of illness cases (thousands) (Size class 0),1,Total recordable cases,131,"Private industry, Nebraska",Industry-level data from the Survey of Occupational Injuries and Illnesses (SOII)
ISUMFG32600041131,2016,0,326000,Plastics and rubber products manufacturing,4,Number of illness cases (thousands) (Size class 0),1,Total recordable cases,131,"Private industry, Nebraska",Industry-level data from the Survey of Occupational Injuries and Illnesses (SOII)
ISUMFG32600051131,2020,0.1,326000,Plastics and rubber products manufacturing,5,Number of injury cases (thousands) (Size class 0),1,Total recordable cases,131,"Private industry, Nebraska",Industry-level data from the Survey of Occupational Injuries and Illnesses (SOII)
ISUMFG32600051131,2019,0.3,326000,Plastics and rubber products manufacturing,5,Number of injury cases (thousands) (Size class 0),1,Total recordable cases,131,"Private industry, Nebraska",Industry-level data from the Survey of Occupational Injuries and Illnesses (SOII)
ISUMFG32600051131,2018,0.3,326000,Plastics and rubber products manufacturing,5,Number of injury cases (thousands) (Size class 0),1,Total recordable cases,131,"Private industry, Nebraska",Industry-level data from the Survey of Occupational Injuries and Illnesses (SOII)
ISUMFG32600051131,2017,0.3,326000,Plastics and rubber products manufacturing,5,Number of injury cases (thousands) (Size class 0),1,Total recordable cases,131,"Private industry, Nebraska",Industry-level data from the Survey of Occupational Injuries and Illnesses (SOII)
ISUMFG32600051131,2016,0.2,326000,Plastics and rubber products manufacturing,5,Number of injury cases (thousands) (Size class 0),1,Total recordable cases,131,"Private industry, Nebraska",Industry-level data from the Survey of Occupational Injuries and Illnesses (SOII)
ISUMFG32610001131,2020,-,326100,Plastics product manufacturing,0,"Rate of illness cases per 10,000 full-time workers (Size class 0)",1,Total recordable cases,131,"Private industry, Nebraska",Industry-level data from the Survey of Occupational Injuries and Illnesses (SOII)
ISUMFG32610001131,2017,-,326100,Plastics product manufacturing,0,"Rate of illness cases per 10,000 full-time workers (Size class 0)",1,Total recordable cases,131,"Private industry, Nebraska",Industry-level data from the Survey of Occupational Injuries and Illnesses (SOII)
ISUMFG32610001131,2016,-,326100,Plastics product manufacturing,0,"Rate of illness cases per 10,000 full-time workers (Size class 0)",1,Total recordable cases,131,"Private industry, Nebraska",Industry-level data from the Survey of Occupational Injuries and Illnesses (SOII)
ISUMFG32610011131,2020,2.6,326100,Plastics product manufacturing,1,Rate of injury cases per 100 full-time workers (Size class 0),1,Total recordable cases,131,"Private industry, Nebraska",Industry-level data from the Survey of Occupational Injuries and Illnesses (SOII)
ISUMFG32610011131,2017,5.5,326100,Plastics product manufacturing,1,Rate of injury cases per 100 full-time workers (Size class 0),1,Total recordable cases,131,"Private industry, Nebraska",Industry-level data from the Survey of Occupational Injuries and Illnesses (SOII)
ISUMFG32610011131,2016,5,326100,Plastics product manufacturing,1,Rate of injury cases per 100 full-time workers (Size class 0),1,Total recordable cases,131,"Private industry, Nebraska",Industry-level data from the Survey of Occupational Injuries and Illnesses (SOII)
ISUMFG32610031131,2020,2.7,326100,Plastics product manufacturing,3,Rate of injury and illness cases per 100 full-time workers (Size class 0),1,Total recordable cases,131,"Private industry, Nebraska",Industry-level data from the Survey of Occupational Injuries and Illnesses (SOII)
ISUMFG32610031131,2017,5.6,326100,Plastics product manufacturing,3,Rate of injury and illness cases per 100 full-time workers (Size class 0),1,Total recordable cases,131,"Private industry, Nebraska",Industry-level data from the Survey of Occupational Injuries and Illnesses (SOII)
ISUMFG32610031131,2016,5.2,326100,Plastics product manufacturing,3,Rate of injury and illness cases per 100 full-time workers (Size class 0),1,Total recordable cases,131,"Private industry, Nebraska",Industry-level data from the Survey of Occupational Injuries and Illnesses (SOII)
ISUMFG32610032131,2020,2,326100,Plastics product manufacturing,3,Rate of injury and illness cases per 100 full-time workers (Size class 0),2,"Cases involving days away from work, job restriction, or transfer",131,"Private industry, Nebraska",Industry-level data from the Survey of Occupational Injuries and Illnesses (SOII)
ISUMFG32610032131,2017,3.5,326100,Plastics product manufacturing,3,Rate of injury and illness cases per 100 full-time workers (Size class 0),2,"Cases involving days away from work, job restriction, or transfer",131,"Private industry, Nebraska",Industry-level data from the Survey of Occupational Injuries and Illnesses (SOII)
ISUMFG32610032131,2016,2.7,326100,Plastics product manufacturing,3,Rate of injury and illness cases per 100 full-time workers (Size class 0),2,"Cases involving days away from work, job restriction, or transfer",131,"Private industry, Nebraska",Industry-level data from the Survey of Occupational Injuries and Illnesses (SOII)
ISUMFG32610041131,2020,-,326100,Plastics product manufacturing,4,Number of illness cases (thousands) (Size class 0),1,Total recordable cases,131,"Private industry, Nebraska",Industry-level data from the Survey of Occupational Injuries and Illnesses (SOII)
ISUMFG32610041131,2017,0,326100,Plastics product manufacturing,4,Number of illness cases (thousands) (Size class 0),1,Total recordable cases,131,"Private industry, Nebraska",Industry-level data from the Survey of Occupational Injuries and Illnesses (SOII)
ISUMFG32610041131,2016,0,326100,Plastics product manufacturing,4,Number of illness cases (thousands) (Size class 0),1,Total recordable cases,131,"Private industry, Nebraska",Industry-level data from the Survey of Occupational Injuries and Illnesses (SOII)
ISUMFG32610051131,2020,0.1,326100,Plastics product manufacturing,5,Number of injury cases (thousands) (Size class 0),1,Total recordable cases,131,"Private industry, Nebraska",Industry-level data from the Survey of Occupational Injuries and Illnesses (SOII)
ISUMFG32610051131,2017,0.2,326100,Plastics product manufacturing,5,Number of injury cases (thousands) (Size class 0),1,Total recordable cases,131,"Private industry, Nebraska",Industry-level data from the Survey of Occupational Injuries and Illnesses (SOII)
ISUMFG32610051131,2016,0.2,326100,Plastics product manufacturing,5,Number of injury cases (thousands) (Size class 0),1,Total recordable cases,131,"Private industry, Nebraska",Industry-level data from the Survey of Occupational Injuries and Illnesses (SOII)
ISUMFG32620001131,2020,-,326200,Rubber product manufacturing,0,"Rate of illness cases per 10,000 full-time workers (Size class 0)",1,Total recordable cases,131,"Private industry, Nebraska",Industry-level data from the Survey of Occupational Injuries and Illnesses (SOII)
ISUMFG32620001131,2017,-,326200,Rubber product manufacturing,0,"Rate of illness cases per 10,000 full-time workers (Size class 0)",1,Total recordable cases,131,"Private industry, Nebraska",Industry-level data from the Survey of Occupational Injuries and Illnesses (SOII)
ISUMFG32620001131,2016,-,326200,Rubber product manufacturing,0,"Rate of illness cases per 10,000 full-time workers (Size class 0)",1,Total recordable cases,131,"Private industry, Nebraska",Industry-level data from the Survey of Occupational Injuries and Illnesses (SOII)
ISUMFG32620011131,2020,3,326200,Rubber product manufacturing,1,Rate of injury cases per 100 full-time workers (Size class 0),1,Total recordable cases,131,"Private industry, Nebraska",Industry-level data from the Survey of Occupational Injuries and Illnesses (SOII)
ISUMFG32620011131,2017,3.5,326200,Rubber product manufacturing,1,Rate of injury cases per 100 full-time workers (Size class 0),1,Total recordable cases,131,"Private industry, Nebraska",Industry-level data from the Survey of Occupational Injuries and Illnesses (SOII)
ISUMFG32620011131,2016,3.9,326200,Rubber product manufacturing,1,Rate of injury cases per 100 full-time workers (Size class 0),1,Total recordable cases,131,"Private industry, Nebraska",Industry-level data from the Survey of Occupational Injuries and Illnesses (SOII)
ISUMFG32620031131,2020,3.3,326200,Rubber product manufacturing,3,Rate of injury and illness cases per 100 full-time workers (Size class 0),1,Total recordable cases,131,"Private industry, Nebraska",Industry-level data from the Survey of Occupational Injuries and Illnesses (SOII)
ISUMFG32620031131,2017,3.5,326200,Rubber product manufacturing,3,Rate of injury and illness cases per 100 full-time workers (Size class 0),1,Total recordable cases,131,"Private industry, Nebraska",Industry-level data from the Survey of Occupational Injuries and Illnesses (SOII)
ISUMFG32620031131,2016,3.9,326200,Rubber product manufacturing,3,Rate of injury and illness cases per 100 full-time workers (Size class 0),1,Total recordable cases,131,"Private industry, Nebraska",Industry-level data from the Survey of Occupational Injuries and Illnesses (SOII)
ISUMFG32620032131,2020,2.4,326200,Rubber product manufacturing,3,Rate of injury and illness cases per 100 full-time workers (Size class 0),2,"Cases involving days away from work, job restriction, or transfer",131,"Private industry, Nebraska",Industry-level data from the Survey of Occupational Injuries and Illnesses (SOII)
ISUMFG32620032131,2017,2.3,326200,Rubber product manufacturing,3,Rate of injury and illness cases per 100 full-time workers (Size class 0),2,"Cases involving days away from work, job restriction, or transfer",131,"Private industry, Nebraska",Industry-level data from the Survey of Occupational Injuries and Illnesses (SOII)
ISUMFG32620032131,2016,2.5,326200,Rubber product manufacturing,3,Rate of injury and illness cases per 100 full-time workers (Size class 0),2,"Cases involving days away from work, job restriction, or transfer",131,"Private industry, Nebraska",Industry-level data from the Survey of Occupational Injuries and Illnesses (SOII)
ISUMFG32620041131,2020,-,326200,Rubber product manufacturing,4,Number of illness cases (thousands) (Size class 0),1,Total recordable cases,131,"Private industry, Nebraska",Industry-level data from the Survey of Occupational Injuries and Illnesses (SOII)
ISUMFG32620041131,2017,0,326200,Rubber product manufacturing,4,Number of illness cases (thousands) (Size class 0),1,Total recordable cases,131,"Private industry, Nebraska",Industry-level data from the Survey of Occupational Injuries and Illnesses (SOII)
ISUMFG32620041131,2016,0,326200,Rubber product manufacturing,4,Number of illness cases (thousands) (Size class 0),1,Total recordable cases,131,"Private industry, Nebraska",Industry-level data from the Survey of Occupational Injuries and Illnesses (SOII)
ISUMFG32620051131,2020,0,326200,Rubber product manufacturing,5,Number of injury cases (thousands) (Size class 0),1,Total recordable cases,131,"Private industry, Nebraska",Industry-level data from the Survey of Occupational Injuries and Illnesses (SOII)
ISUMFG32620051131,2017,0.1,326200,Rubber product manufacturing,5,Number of injury cases (thousands) (Size class 0),1,Total recordable cases,131,"Private industry, Nebraska",Industry-level data from the Survey of Occupational Injuries and Illnesses (SOII)
ISUMFG32620051131,2016,0.1,326200,Rubber product manufacturing,5,Number of injury cases (thousands) (Size class 0),1,Total recordable cases,131,"Private industry, Nebraska",Industry-level data from the Survey of Occupational Injuries and Illnesses (SOII)
ISUMFG32629001131,2019,-,326290,Other rubber product manufacturing,0,"Rate of illness cases per 10,000 full-time workers (Size class 0)",1,Total recordable cases,131,"Private industry, Nebraska",Industry-level data from the Survey of Occupational Injuries and Illnesses (SOII)
ISUMFG32629001131,2016,-,326290,Other rubber product manufacturing,0,"Rate of illness cases per 10,000 full-time workers (Size class 0)",1,Total recordable cases,131,"Private industry, Nebraska",Industry-level data from the Survey of Occupational Injuries and Illnesses (SOII)
ISUMFG32629011131,2019,5.7,326290,Other rubber product manufacturing,1,Rate of injury cases per 100 full-time workers (Size class 0),1,Total recordable cases,131,"Private industry, Nebraska",Industry-level data from the Survey of Occupational Injuries and Illnesses (SOII)
ISUMFG32629011131,2016,4.5,326290,Other rubber product manufacturing,1,Rate of injury cases per 100 full-time workers (Size class 0),1,Total recordable cases,131,"Private industry, Nebraska",Industry-level data from the Survey of Occupational Injuries and Illnesses (SOII)
ISUMFG32629031131,2019,6,326290,Other rubber product manufacturing,3,Rate of injury and illness cases per 100 full-time workers (Size class 0),1,Total recordable cases,131,"Private industry, Nebraska",Industry-level data from the Survey of Occupational Injuries and Illnesses (SOII)
ISUMFG32629031131,2016,4.5,326290,Other rubber product manufacturing,3,Rate of injury and illness cases per 100 full-time workers (Size class 0),1,Total recordable cases,131,"Private industry, Nebraska",Industry-level data from the Survey of Occupational Injuries and Illnesses (SOII)
ISUMFG32629032131,2019,3.2,326290,Other rubber product manufacturing,3,Rate of injury and illness cases per 100 full-time workers (Size class 0),2,"Cases involving days away from work, job restriction, or transfer",131,"Private industry, Nebraska",Industry-level data from the Survey of Occupational Injuries and Illnesses (SOII)
ISUMFG32629032131,2016,2.8,326290,Other rubber product manufacturing,3,Rate of injury and illness cases per 100 full-time workers (Size class 0),2,"Cases involving days away from work, job restriction, or transfer",131,"Private industry, Nebraska",Industry-level data from the Survey of Occupational Injuries and Illnesses (SOII)
ISUMFG32629041131,2019,0,326290,Other rubber product manufacturing,4,Number of illness cases (thousands) (Size class 0),1,Total recordable cases,131,"Private industry, Nebraska",Industry-level data from the Survey of Occupational Injuries and Illnesses (SOII)
ISUMFG32629041131,2016,0,326290,Other rubber product manufacturing,4,Number of illness cases (thousands) (Size class 0),1,Total recordable cases,131,"Private industry, Nebraska",Industry-level data from the Survey of Occupational Injuries and Illnesses (SOII)
ISUMFG32629051131,2019,0,326290,Other rubber product manufacturing,5,Number of injury cases (thousands) (Size class 0),1,Total recordable cases,131,"Private industry, Nebraska",Industry-level data from the Survey of Occupational Injuries and Illnesses (SOII)
ISUMFG32629051131,2016,0,326290,Other rubber product manufacturing,5,Number of injury cases (thousands) (Size class 0),1,Total recordable cases,131,"Private industry, Nebraska",Industry-level data from the Survey of Occupational Injuries and Illnesses (SOII)
ISUMFG32700001131,2019,-,327000,Nonmetallic mineral product manufacturing,0,"Rate of illness cases per 10,000 full-time workers (Size class 0)",1,Total recordable cases,131,"Private industry, Nebraska",Industry-level data from the Survey of Occupational Injuries and Illnesses (SOII)
ISUMFG32700001131,2018,-,327000,Nonmetallic mineral product manufacturing,0,"Rate of illness cases per 10,000 full-time workers (Size class 0)",1,Total recordable cases,131,"Private industry, Nebraska",Industry-level data from the Survey of Occupational Injuries and Illnesses (SOII)
ISUMFG32700001131,2017,-,327000,Nonmetallic mineral product manufacturing,0,"Rate of illness cases per 10,000 full-time workers (Size class 0)",1,Total recordable cases,131,"Private industry, Nebraska",Industry-level data from the Survey of Occupational Injuries and Illnesses (SOII)
ISUMFG32700001131,2016,-,327000,Nonmetallic mineral product manufacturing,0,"Rate of illness cases per 10,000 full-time workers (Size class 0)",1,Total recordable cases,131,"Private industry, Nebraska",Industry-level data from the Survey of Occupational Injuries and Illnesses (SOII)
ISUMFG32700011131,2020,3,327000,Nonmetallic mineral product manufacturing,1,Rate of injury cases per 100 full-time workers (Size class 0),1,Total recordable cases,131,"Private industry, Nebraska",Industry-level data from the Survey of Occupational Injuries and Illnesses (SOII)
ISUMFG32700011131,2019,4.4,327000,Nonmetallic mineral product manufacturing,1,Rate of injury cases per 100 full-time workers (Size class 0),1,Total recordable cases,131,"Private industry, Nebraska",Industry-level data from the Survey of Occupational Injuries and Illnesses (SOII)
ISUMFG32700011131,2018,5.8,327000,Nonmetallic mineral product manufacturing,1,Rate of injury cases per 100 full-time workers (Size class 0),1,Total recordable cases,131,"Private industry, Nebraska",Industry-level data from the Survey of Occupational Injuries and Illnesses (SOII)
ISUMFG32700011131,2017,6.7,327000,Nonmetallic mineral product manufacturing,1,Rate of injury cases per 100 full-time workers (Size class 0),1,Total recordable cases,131,"Private industry, Nebraska",Industry-level data from the Survey of Occupational Injuries and Illnesses (SOII)
ISUMFG32700011131,2016,4.3,327000,Nonmetallic mineral product manufacturing,1,Rate of injury cases per 100 full-time workers (Size class 0),1,Total recordable cases,131,"Private industry, Nebraska",Industry-level data from the Survey of Occupational Injuries and Illnesses (SOII)
ISUMFG32700031131,2020,3,327000,Nonmetallic mineral product manufacturing,3,Rate of injury and illness cases per 100 full-time workers (Size class 0),1,Total recordable cases,131,"Private industry, Nebraska",Industry-level data from the Survey of Occupational Injuries and Illnesses (SOII)
ISUMFG32700031131,2019,4.4,327000,Nonmetallic mineral product manufacturing,3,Rate of injury and illness cases per 100 full-time workers (Size class 0),1,Total recordable cases,131,"Private industry, Nebraska",Industry-level data from the Survey of Occupational Injuries and Illnesses (SOII)
ISUMFG32700031131,2018,5.9,327000,Nonmetallic mineral product manufacturing,3,Rate of injury and illness cases per 100 full-time workers (Size class 0),1,Total recordable cases,131,"Private industry, Nebraska",Industry-level data from the Survey of Occupational Injuries and Illnesses (SOII)
ISUMFG32700031131,2017,6.7,327000,Nonmetallic mineral product manufacturing,3,Rate of injury and illness cases per 100 full-time workers (Size class 0),1,Total recordable cases,131,"Private industry, Nebraska",Industry-level data from the Survey of Occupational Injuries and Illnesses (SOII)
ISUMFG32700031131,2016,4.4,327000,Nonmetallic mineral product manufacturing,3,Rate of injury and illness cases per 100 full-time workers (Size class 0),1,Total recordable cases,131,"Private industry, Nebraska",Industry-level data from the Survey of Occupational Injuries and Illnesses (SOII)
ISUMFG32700032131,2020,1.2,327000,Nonmetallic mineral product manufacturing,3,Rate of injury and illness cases per 100 full-time workers (Size class 0),2,"Cases involving days away from work, job restriction, or transfer",131,"Private industry, Nebraska",Industry-level data from the Survey of Occupational Injuries and Illnesses (SOII)
ISUMFG32700032131,2019,2.2,327000,Nonmetallic mineral product manufacturing,3,Rate of injury and illness cases per 100 full-time workers (Size class 0),2,"Cases involving days away from work, job restriction, or transfer",131,"Private industry, Nebraska",Industry-level data from the Survey of Occupational Injuries and Illnesses (SOII)
ISUMFG32700032131,2018,4.2,327000,Nonmetallic mineral product manufacturing,3,Rate of injury and illness cases per 100 full-time workers (Size class 0),2,"Cases involving days away from work, job restriction, or transfer",131,"Private industry, Nebraska",Industry-level data from the Survey of Occupational Injuries and Illnesses (SOII)
ISUMFG32700032131,2017,4.3,327000,Nonmetallic mineral product manufacturing,3,Rate of injury and illness cases per 100 full-time workers (Size class 0),2,"Cases involving days away from work, job restriction, or transfer",131,"Private industry, Nebraska",Industry-level data from the Survey of Occupational Injuries and Illnesses (SOII)
ISUMFG32700032131,2016,2.5,327000,Nonmetallic mineral product manufacturing,3,Rate of injury and illness cases per 100 full-time workers (Size class 0),2,"Cases involving days away from work, job restriction, or transfer",131,"Private industry, Nebraska",Industry-level data from the Survey of Occupational Injuries and Illnesses (SOII)
ISUMFG32700041131,2019,0,327000,Nonmetallic mineral product manufacturing,4,Number of illness cases (thousands) (Size class 0),1,Total recordable cases,131,"Private industry, Nebraska",Industry-level data from the Survey of Occupational Injuries and Illnesses (SOII)
ISUMFG32700041131,2018,0,327000,Nonmetallic mineral product manufacturing,4,Number of illness cases (thousands) (Size class 0),1,Total recordable cases,131,"Private industry, Nebraska",Industry-level data from the Survey of Occupational Injuries and Illnesses (SOII)
ISUMFG32700041131,2017,0,327000,Nonmetallic mineral product manufacturing,4,Number of illness cases (thousands) (Size class 0),1,Total recordable cases,131,"Private industry, Nebraska",Industry-level data from the Survey of Occupational Injuries and Illnesses (SOII)
ISUMFG32700041131,2016,0,327000,Nonmetallic mineral product manufacturing,4,Number of illness cases (thousands) (Size class 0),1,Total recordable cases,131,"Private industry, Nebraska",Industry-level data from the Survey of Occupational Injuries and Illnesses (SOII)
ISUMFG32700051131,2020,0.1,327000,Nonmetallic mineral product manufacturing,5,Number of injury cases (thousands) (Size class 0),1,Total recordable cases,131,"Private industry, Nebraska",Industry-level data from the Survey of Occupational Injuries and Illnesses (SOII)
ISUMFG32700051131,2019,0.1,327000,Nonmetallic mineral product manufacturing,5,Number of injury cases (thousands) (Size class 0),1,Total recordable cases,131,"Private industry, Nebraska",Industry-level data from the Survey of Occupational Injuries and Illnesses (SOII)
ISUMFG32700051131,2018,0.2,327000,Nonmetallic mineral product manufacturing,5,Number of injury cases (thousands) (Size class 0),1,Total recordable cases,131,"Private industry, Nebraska",Industry-level data from the Survey of Occupational Injuries and Illnesses (SOII)
ISUMFG32700051131,2017,0.2,327000,Nonmetallic mineral product manufacturing,5,Number of injury cases (thousands) (Size class 0),1,Total recordable cases,131,"Private industry, Nebraska",Industry-level data from the Survey of Occupational Injuries and Illnesses (SOII)
ISUMFG32700051131,2016,0.1,327000,Nonmetallic mineral product manufacturing,5,Number of injury cases (thousands) (Size class 0),1,Total recordable cases,131,"Private industry, Nebraska",Industry-level data from the Survey of Occupational Injuries and Illnesses (SOII)
ISUMFG33200001131,2020,-,332000,Fabricated metal product manufacturing,0,"Rate of illness cases per 10,000 full-time workers (Size class 0)",1,Total recordable cases,131,"Private industry, Nebraska",Industry-level data from the Survey of Occupational Injuries and Illnesses (SOII)
ISUMFG33200001131,2019,44.3,332000,Fabricated metal product manufacturing,0,"Rate of illness cases per 10,000 full-time workers (Size class 0)",1,Total recordable cases,131,"Private industry, Nebraska",Industry-level data from the Survey of Occupational Injuries and Illnesses (SOII)
ISUMFG33200001131,2018,32.8,332000,Fabricated metal product manufacturing,0,"Rate of illness cases per 10,000 full-time workers (Size class 0)",1,Total recordable cases,131,"Private industry, Nebraska",Industry-level data from the Survey of Occupational Injuries and Illnesses (SOII)
ISUMFG33200001131,2017,-,332000,Fabricated metal product manufacturing,0,"Rate of illness cases per 10,000 full-time workers (Size class 0)",1,Total recordable cases,131,"Private industry, Nebraska",Industry-level data from the Survey of Occupational Injuries and Illnesses (SOII)
ISUMFG33200001131,2016,19.8,332000,Fabricated metal product manufacturing,0,"Rate of illness cases per 10,000 full-time workers (Size class 0)",1,Total recordable cases,131,"Private industry, Nebraska",Industry-level data from the Survey of Occupational Injuries and Illnesses (SOII)
ISUMFG33200011131,2020,3.9,332000,Fabricated metal product manufacturing,1,Rate of injury cases per 100 full-time workers (Size class 0),1,Total recordable cases,131,"Private industry, Nebraska",Industry-level data from the Survey of Occupational Injuries and Illnesses (SOII)
ISUMFG33200011131,2019,3.9,332000,Fabricated metal product manufacturing,1,Rate of injury cases per 100 full-time workers (Size class 0),1,Total recordable cases,131,"Private industry, Nebraska",Industry-level data from the Survey of Occupational Injuries and Illnesses (SOII)
ISUMFG33200011131,2018,5,332000,Fabricated metal product manufacturing,1,Rate of injury cases per 100 full-time workers (Size class 0),1,Total recordable cases,131,"Private industry, Nebraska",Industry-level data from the Survey of Occupational Injuries and Illnesses (SOII)
ISUMFG33200011131,2017,3.7,332000,Fabricated metal product manufacturing,1,Rate of injury cases per 100 full-time workers (Size class 0),1,Total recordable cases,131,"Private industry, Nebraska",Industry-level data from the Survey of Occupational Injuries and Illnesses (SOII)
ISUMFG33200011131,2016,4.7,332000,Fabricated metal product manufacturing,1,Rate of injury cases per 100 full-time workers (Size class 0),1,Total recordable cases,131,"Private industry, Nebraska",Industry-level data from the Survey of Occupational Injuries and Illnesses (SOII)
ISUMFG33200031131,2020,4,332000,Fabricated metal product manufacturing,3,Rate of injury and illness cases per 100 full-time workers (Size class 0),1,Total recordable cases,131,"Private industry, Nebraska",Industry-level data from the Survey of Occupational Injuries and Illnesses (SOII)
ISUMFG33200031131,2019,4.4,332000,Fabricated metal product manufacturing,3,Rate of injury and illness cases per 100 full-time workers (Size class 0),1,Total recordable cases,131,"Private industry, Nebraska",Industry-level data from the Survey of Occupational Injuries and Illnesses (SOII)
ISUMFG33200031131,2018,5.3,332000,Fabricated metal product manufacturing,3,Rate of injury and illness cases per 100 full-time workers (Size class 0),1,Total recordable cases,131,"Private industry, Nebraska",Industry-level data from the Survey of Occupational Injuries and Illnesses (SOII)
ISUMFG33200031131,2017,3.8,332000,Fabricated metal product manufacturing,3,Rate of injury and illness cases per 100 full-time workers (Size class 0),1,Total recordable cases,131,"Private industry, Nebraska",Industry-level data from the Survey of Occupational Injuries and Illnesses (SOII)
ISUMFG33200031131,2016,4.9,332000,Fabricated metal product manufacturing,3,Rate of injury and illness cases per 100 full-time workers (Size class 0),1,Total recordable cases,131,"Private industry, Nebraska",Industry-level data from the Survey of Occupational Injuries and Illnesses (SOII)
ISUMFG33200032131,2020,1.8,332000,Fabricated metal product manufacturing,3,Rate of injury and illness cases per 100 full-time workers (Size class 0),2,"Cases involving days away from work, job restriction, or transfer",131,"Private industry, Nebraska",Industry-level data from the Survey of Occupational Injuries and Illnesses (SOII)
ISUMFG33200032131,2019,2.4,332000,Fabricated metal product manufacturing,3,Rate of injury and illness cases per 100 full-time workers (Size class 0),2,"Cases involving days away from work, job restriction, or transfer",131,"Private industry, Nebraska",Industry-level data from the Survey of Occupational Injuries and Illnesses (SOII)
ISUMFG33200032131,2018,2.6,332000,Fabricated metal product manufacturing,3,Rate of injury and illness cases per 100 full-time workers (Size class 0),2,"Cases involving days away from work, job restriction, or transfer",131,"Private industry, Nebraska",Industry-level data from the Survey of Occupational Injuries and Illnesses (SOII)
ISUMFG33200032131,2017,1.7,332000,Fabricated metal product manufacturing,3,Rate of injury and illness cases per 100 full-time workers (Size class 0),2,"Cases involving days away from work, job restriction, or transfer",131,"Private industry, Nebraska",Industry-level data from the Survey of Occupational Injuries and Illnesses (SOII)
ISUMFG33200032131,2016,2.4,332000,Fabricated metal product manufacturing,3,Rate of injury and illness cases per 100 full-time workers (Size class 0),2,"Cases involving days away from work, job restriction, or transfer",131,"Private industry, Nebraska",Industry-level data from the Survey of Occupational Injuries and Illnesses (SOII)
ISUMFG33200041131,2020,-,332000,Fabricated metal product manufacturing,4,Number of illness cases (thousands) (Size class 0),1,Total recordable cases,131,"Private industry, Nebraska",Industry-level data from the Survey of Occupational Injuries and Illnesses (SOII)
ISUMFG33200041131,2019,0,332000,Fabricated metal product manufacturing,4,Number of illness cases (thousands) (Size class 0),1,Total recordable cases,131,"Private industry, Nebraska",Industry-level data from the Survey of Occupational Injuries and Illnesses (SOII)
ISUMFG33200041131,2018,0,332000,Fabricated metal product manufacturing,4,Number of illness cases (thousands) (Size class 0),1,Total recordable cases,131,"Private industry, Nebraska",Industry-level data from the Survey of Occupational Injuries and Illnesses (SOII)
ISUMFG33200041131,2017,0,332000,Fabricated metal product manufacturing,4,Number of illness cases (thousands) (Size class 0),1,Total recordable cases,131,"Private industry, Nebraska",Industry-level data from the Survey of Occupational Injuries and Illnesses (SOII)
ISUMFG33200041131,2016,0,332000,Fabricated metal product manufacturing,4,Number of illness cases (thousands) (Size class 0),1,Total recordable cases,131,"Private industry, Nebraska",Industry-level data from the Survey of Occupational Injuries and Illnesses (SOII)
ISUMFG33200051131,2020,0.3,332000,Fabricated metal product manufacturing,5,Number of injury cases (thousands) (Size class 0),1,Total recordable cases,131,"Private industry, Nebraska",Industry-level data from the Survey of Occupational Injuries and Illnesses (SOII)
ISUMFG33200051131,2019,0.3,332000,Fabricated metal product manufacturing,5,Number of injury cases (thousands) (Size class 0),1,Total recordable cases,131,"Private industry, Nebraska",Industry-level data from the Survey of Occupational Injuries and Illnesses (SOII)
ISUMFG33200051131,2018,0.4,332000,Fabricated metal product manufacturing,5,Number of injury cases (thousands) (Size class 0),1,Total recordable cases,131,"Private industry, Nebraska",Industry-level data from the Survey of Occupational Injuries and Illnesses (SOII)
ISUMFG33200051131,2017,0.3,332000,Fabricated metal product manufacturing,5,Number of injury cases (thousands) (Size class 0),1,Total recordable cases,131,"Private industry, Nebraska",Industry-level data from the Survey of Occupational Injuries and Illnesses (SOII)
ISUMFG33200051131,2016,0.4,332000,Fabricated metal product manufacturing,5,Number of injury cases (thousands) (Size class 0),1,Total recordable cases,131,"Private industry, Nebraska",Industry-level data from the Survey of Occupational Injuries and Illnesses (SOII)
ISUMFG33230001131,2019,61.3,332300,Architectural and structural metals manufacturing,0,"Rate of illness cases per 10,000 full-time workers (Size class 0)",1,Total recordable cases,131,"Private industry, Nebraska",Industry-level data from the Survey of Occupational Injuries and Illnesses (SOII)
ISUMFG33230001131,2018,-,332300,Architectural and structural metals manufacturing,0,"Rate of illness cases per 10,000 full-time workers (Size class 0)",1,Total recordable cases,131,"Private industry, Nebraska",Industry-level data from the Survey of Occupational Injuries and Illnesses (SOII)
ISUMFG33230001131,2017,-,332300,Architectural and structural metals manufacturing,0,"Rate of illness cases per 10,000 full-time workers (Size class 0)",1,Total recordable cases,131,"Private industry, Nebraska",Industry-level data from the Survey of Occupational Injuries and Illnesses (SOII)
ISUMFG33230001131,2016,-,332300,Architectural and structural metals manufacturing,0,"Rate of illness cases per 10,000 full-time workers (Size class 0)",1,Total recordable cases,131,"Private industry, Nebraska",Industry-level data from the Survey of Occupational Injuries and Illnesses (SOII)
ISUMFG33230011131,2020,3.5,332300,Architectural and structural metals manufacturing,1,Rate of injury cases per 100 full-time workers (Size class 0),1,Total recordable cases,131,"Private industry, Nebraska",Industry-level data from the Survey of Occupational Injuries and Illnesses (SOII)
ISUMFG33230011131,2019,5,332300,Architectural and structural metals manufacturing,1,Rate of injury cases per 100 full-time workers (Size class 0),1,Total recordable cases,131,"Private industry, Nebraska",Industry-level data from the Survey of Occupational Injuries and Illnesses (SOII)
ISUMFG33230011131,2018,4.9,332300,Architectural and structural metals manufacturing,1,Rate of injury cases per 100 full-time workers (Size class 0),1,Total recordable cases,131,"Private industry, Nebraska",Industry-level data from the Survey of Occupational Injuries and Illnesses (SOII)
ISUMFG33230011131,2017,3.7,332300,Architectural and structural metals manufacturing,1,Rate of injury cases per 100 full-time workers (Size class 0),1,Total recordable cases,131,"Private industry, Nebraska",Industry-level data from the Survey of Occupational Injuries and Illnesses (SOII)
ISUMFG33230011131,2016,4.6,332300,Architectural and structural metals manufacturing,1,Rate of injury cases per 100 full-time workers (Size class 0),1,Total recordable cases,131,"Private industry, Nebraska",Industry-level data from the Survey of Occupational Injuries and Illnesses (SOII)
ISUMFG33230031131,2020,3.8,332300,Architectural and structural metals manufacturing,3,Rate of injury and illness cases per 100 full-time workers (Size class 0),1,Total recordable cases,131,"Private industry, Nebraska",Industry-level data from the Survey of Occupational Injuries and Illnesses (SOII)
ISUMFG33230031131,2019,5.6,332300,Architectural and structural metals manufacturing,3,Rate of injury and illness cases per 100 full-time workers (Size class 0),1,Total recordable cases,131,"Private industry, Nebraska",Industry-level data from the Survey of Occupational Injuries and Illnesses (SOII)
ISUMFG33230031131,2018,5.2,332300,Architectural and structural metals manufacturing,3,Rate of injury and illness cases per 100 full-time workers (Size class 0),1,Total recordable cases,131,"Private industry, Nebraska",Industry-level data from the Survey of Occupational Injuries and Illnesses (SOII)
ISUMFG33230031131,2017,3.8,332300,Architectural and structural metals manufacturing,3,Rate of injury and illness cases per 100 full-time workers (Size class 0),1,Total recordable cases,131,"Private industry, Nebraska",Industry-level data from the Survey of Occupational Injuries and Illnesses (SOII)
ISUMFG33230031131,2016,4.7,332300,Architectural and structural metals manufacturing,3,Rate of injury and illness cases per 100 full-time workers (Size class 0),1,Total recordable cases,131,"Private industry, Nebraska",Industry-level data from the Survey of Occupational Injuries and Illnesses (SOII)
ISUMFG33230032131,2020,1.8,332300,Architectural and structural metals manufacturing,3,Rate of injury and illness cases per 100 full-time workers (Size class 0),2,"Cases involving days away from work, job restriction, or transfer",131,"Private industry, Nebraska",Industry-level data from the Survey of Occupational Injuries and Illnesses (SOII)
ISUMFG33230032131,2019,3.1,332300,Architectural and structural metals manufacturing,3,Rate of injury and illness cases per 100 full-time workers (Size class 0),2,"Cases involving days away from work, job restriction, or transfer",131,"Private industry, Nebraska",Industry-level data from the Survey of Occupational Injuries and Illnesses (SOII)
ISUMFG33230032131,2018,2.8,332300,Architectural and structural metals manufacturing,3,Rate of injury and illness cases per 100 full-time workers (Size class 0),2,"Cases involving days away from work, job restriction, or transfer",131,"Private industry, Nebraska",Industry-level data from the Survey of Occupational Injuries and Illnesses (SOII)
ISUMFG33230032131,2017,2.3,332300,Architectural and structural metals manufacturing,3,Rate of injury and illness cases per 100 full-time workers (Size class 0),2,"Cases involving days away from work, job restriction, or transfer",131,"Private industry, Nebraska",Industry-level data from the Survey of Occupational Injuries and Illnesses (SOII)
ISUMFG33230032131,2016,2.1,332300,Architectural and structural metals manufacturing,3,Rate of injury and illness cases per 100 full-time workers (Size class 0),2,"Cases involving days away from work, job restriction, or transfer",131,"Private industry, Nebraska",Industry-level data from the Survey of Occupational Injuries and Illnesses (SOII)
ISUMFG33230041131,2019,0,332300,Architectural and structural metals manufacturing,4,Number of illness cases (thousands) (Size class 0),1,Total recordable cases,131,"Private industry, Nebraska",Industry-level data from the Survey of Occupational Injuries and Illnesses (SOII)
ISUMFG33230041131,2018,0,332300,Architectural and structural metals manufacturing,4,Number of illness cases (thousands) (Size class 0),1,Total recordable cases,131,"Private industry, Nebraska",Industry-level data from the Survey of Occupational Injuries and Illnesses (SOII)
ISUMFG33230041131,2017,0,332300,Architectural and structural metals manufacturing,4,Number of illness cases (thousands) (Size class 0),1,Total recordable cases,131,"Private industry, Nebraska",Industry-level data from the Survey of Occupational Injuries and Illnesses (SOII)
ISUMFG33230041131,2016,0,332300,Architectural and structural metals manufacturing,4,Number of illness cases (thousands) (Size class 0),1,Total recordable cases,131,"Private industry, Nebraska",Industry-level data from the Survey of Occupational Injuries and Illnesses (SOII)
ISUMFG33230051131,2020,0.1,332300,Architectural and structural metals manufacturing,5,Number of injury cases (thousands) (Size class 0),1,Total recordable cases,131,"Private industry, Nebraska",Industry-level data from the Survey of Occupational Injuries and Illnesses (SOII)
ISUMFG33230051131,2019,0.2,332300,Architectural and structural metals manufacturing,5,Number of injury cases (thousands) (Size class 0),1,Total recordable cases,131,"Private industry, Nebraska",Industry-level data from the Survey of Occupational Injuries and Illnesses (SOII)
ISUMFG33230051131,2018,0.2,332300,Architectural and structural metals manufacturing,5,Number of injury cases (thousands) (Size class 0),1,Total recordable cases,131,"Private industry, Nebraska",Industry-level data from the Survey of Occupational Injuries and Illnesses (SOII)
ISUMFG33230051131,2017,0.1,332300,Architectural and structural metals manufacturing,5,Number of injury cases (thousands) (Size class 0),1,Total recordable cases,131,"Private industry, Nebraska",Industry-level data from the Survey of Occupational Injuries and Illnesses (SOII)
ISUMFG33230051131,2016,0.2,332300,Architectural and structural metals manufacturing,5,Number of injury cases (thousands) (Size class 0),1,Total recordable cases,131,"Private industry, Nebraska",Industry-level data from the Survey of Occupational Injuries and Illnesses (SOII)
ISUMFG33240001131,2017,-,332400,"Boiler, tank, and shipping container manufacturing",0,"Rate of illness cases per 10,000 full-time workers (Size class 0)",1,Total recordable cases,131,"Private industry, Nebraska",Industry-level data from the Survey of Occupational Injuries and Illnesses (SOII)
ISUMFG33240011131,2020,14.6,332400,"Boiler, tank, and shipping container manufacturing",1,Rate of injury cases per 100 full-time workers (Size class 0),1,Total recordable cases,131,"Private industry, Nebraska",Industry-level data from the Survey of Occupational Injuries and Illnesses (SOII)
ISUMFG33240011131,2018,-,332400,"Boiler, tank, and shipping container manufacturing",1,Rate of injury cases per 100 full-time workers (Size class 0),1,Total recordable cases,131,"Private industry, Nebraska",Industry-level data from the Survey of Occupational Injuries and Illnesses (SOII)
ISUMFG33240011131,2017,-,332400,"Boiler, tank, and shipping container manufacturing",1,Rate of injury cases per 100 full-time workers (Size class 0),1,Total recordable cases,131,"Private industry, Nebraska",Industry-level data from the Survey of Occupational Injuries and Illnesses (SOII)
ISUMFG33240011131,2016,4.3,332400,"Boiler, tank, and shipping container manufacturing",1,Rate of injury cases per 100 full-time workers (Size class 0),1,Total recordable cases,131,"Private industry, Nebraska",Industry-level data from the Survey of Occupational Injuries and Illnesses (SOII)
ISUMFG33240031131,2020,14.6,332400,"Boiler, tank, and shipping container manufacturing",3,Rate of injury and illness cases per 100 full-time workers (Size class 0),1,Total recordable cases,131,"Private industry, Nebraska",Industry-level data from the Survey of Occupational Injuries and Illnesses (SOII)
ISUMFG33240031131,2018,6.1,332400,"Boiler, tank, and shipping container manufacturing",3,Rate of injury and illness cases per 100 full-time workers (Size class 0),1,Total recordable cases,131,"Private industry, Nebraska",Industry-level data from the Survey of Occupational Injuries and Illnesses (SOII)
ISUMFG33240031131,2017,-,332400,"Boiler, tank, and shipping container manufacturing",3,Rate of injury and illness cases per 100 full-time workers (Size class 0),1,Total recordable cases,131,"Private industry, Nebraska",Industry-level data from the Survey of Occupational Injuries and Illnesses (SOII)
ISUMFG33240031131,2016,5.6,332400,"Boiler, tank, and shipping container manufacturing",3,Rate of injury and illness cases per 100 full-time workers (Size class 0),1,Total recordable cases,131,"Private industry, Nebraska",Industry-level data from the Survey of Occupational Injuries and Illnesses (SOII)
ISUMFG33240032131,2020,4.6,332400,"Boiler, tank, and shipping container manufacturing",3,Rate of injury and illness cases per 100 full-time workers (Size class 0),2,"Cases involving days away from work, job restriction, or transfer",131,"Private industry, Nebraska",Industry-level data from the Survey of Occupational Injuries and Illnesses (SOII)
ISUMFG33240032131,2018,-,332400,"Boiler, tank, and shipping container manufacturing",3,Rate of injury and illness cases per 100 full-time workers (Size class 0),2,"Cases involving days away from work, job restriction, or transfer",131,"Private industry, Nebraska",Industry-level data from the Survey of Occupational Injuries and Illnesses (SOII)
ISUMFG33240032131,2017,-,332400,"Boiler, tank, and shipping container manufacturing",3,Rate of injury and illness cases per 100 full-time workers (Size class 0),2,"Cases involving days away from work, job restriction, or transfer",131,"Private industry, Nebraska",Industry-level data from the Survey of Occupational Injuries and Illnesses (SOII)
ISUMFG33240032131,2016,4.3,332400,"Boiler, tank, and shipping container manufacturing",3,Rate of injury and illness cases per 100 full-time workers (Size class 0),2,"Cases involving days away from work, job restriction, or transfer",131,"Private industry, Nebraska",Industry-level data from the Survey of Occupational Injuries and Illnesses (SOII)
ISUMFG33240041131,2017,0,332400,"Boiler, tank, and shipping container manufacturing",4,Number of illness cases (thousands) (Size class 0),1,Total recordable cases,131,"Private industry, Nebraska",Industry-level data from the Survey of Occupational Injuries and Illnesses (SOII)
ISUMFG33240051131,2020,0.1,332400,"Boiler, tank, and shipping container manufacturing",5,Number of injury cases (thousands) (Size class 0),1,Total recordable cases,131,"Private industry, Nebraska",Industry-level data from the Survey of Occupational Injuries and Illnesses (SOII)
ISUMFG33240051131,2018,0,332400,"Boiler, tank, and shipping container manufacturing",5,Number of injury cases (thousands) (Size class 0),1,Total recordable cases,131,"Private industry, Nebraska",Industry-level data from the Survey of Occupational Injuries and Illnesses (SOII)
ISUMFG33240051131,2017,0,332400,"Boiler, tank, and shipping container manufacturing",5,Number of injury cases (thousands) (Size class 0),1,Total recordable cases,131,"Private industry, Nebraska",Industry-level data from the Survey of Occupational Injuries and Illnesses (SOII)
ISUMFG33240051131,2016,0,332400,"Boiler, tank, and shipping container manufacturing",5,Number of injury cases (thousands) (Size class 0),1,Total recordable cases,131,"Private industry, Nebraska",Industry-level data from the Survey of Occupational Injuries and Illnesses (SOII)
ISUMFG31110041131,2019,0,311100,Animal food manufacturing,4,Number of illness cases (thousands) (Size class 0),1,Total recordable cases,131,"Private industry, Nebraska",Industry-level data from the Survey of Occupational Injuries and Illnesses (SOII)
ISUMFG31110041131,2018,0,311100,Animal food manufacturing,4,Number of illness cases (thousands) (Size class 0),1,Total recordable cases,131,"Private industry, Nebraska",Industry-level data from the Survey of Occupational Injuries and Illnesses (SOII)
ISUMFG31110041131,2017,0,311100,Animal food manufacturing,4,Number of illness cases (thousands) (Size class 0),1,Total recordable cases,131,"Private industry, Nebraska",Industry-level data from the Survey of Occupational Injuries and Illnesses (SOII)
ISUMFG31110041131,2016,0,311100,Animal food manufacturing,4,Number of illness cases (thousands) (Size class 0),1,Total recordable cases,131,"Private industry, Nebraska",Industry-level data from the Survey of Occupational Injuries and Illnesses (SOII)
ISUMFG31110051131,2020,0.1,311100,Animal food manufacturing,5,Number of injury cases (thousands) (Size class 0),1,Total recordable cases,131,"Private industry, Nebraska",Industry-level data from the Survey of Occupational Injuries and Illnesses (SOII)
ISUMFG31110051131,2019,0.1,311100,Animal food manufacturing,5,Number of injury cases (thousands) (Size class 0),1,Total recordable cases,131,"Private industry, Nebraska",Industry-level data from the Survey of Occupational Injuries and Illnesses (SOII)
ISUMFG31110051131,2018,0.1,311100,Animal food manufacturing,5,Number of injury cases (thousands) (Size class 0),1,Total recordable cases,131,"Private industry, Nebraska",Industry-level data from the Survey of Occupational Injuries and Illnesses (SOII)
ISUMFG31110051131,2017,0.1,311100,Animal food manufacturing,5,Number of injury cases (thousands) (Size class 0),1,Total recordable cases,131,"Private industry, Nebraska",Industry-level data from the Survey of Occupational Injuries and Illnesses (SOII)
ISUMFG31110051131,2016,0.1,311100,Animal food manufacturing,5,Number of injury cases (thousands) (Size class 0),1,Total recordable cases,131,"Private industry, Nebraska",Industry-level data from the Survey of Occupational Injuries and Illnesses (SOII)
ISUMFG31120001131,2020,-,311200,Grain and oilseed milling,0,"Rate of illness cases per 10,000 full-time workers (Size class 0)",1,Total recordable cases,131,"Private industry, Nebraska",Industry-level data from the Survey of Occupational Injuries and Illnesses (SOII)
ISUMFG31120001131,2019,-,311200,Grain and oilseed milling,0,"Rate of illness cases per 10,000 full-time workers (Size class 0)",1,Total recordable cases,131,"Private industry, Nebraska",Industry-level data from the Survey of Occupational Injuries and Illnesses (SOII)
ISUMFG31120001131,2017,-,311200,Grain and oilseed milling,0,"Rate of illness cases per 10,000 full-time workers (Size class 0)",1,Total recordable cases,131,"Private industry, Nebraska",Industry-level data from the Survey of Occupational Injuries and Illnesses (SOII)
ISUMFG31120001131,2016,-,311200,Grain and oilseed milling,0,"Rate of illness cases per 10,000 full-time workers (Size class 0)",1,Total recordable cases,131,"Private industry, Nebraska",Industry-level data from the Survey of Occupational Injuries and Illnesses (SOII)
ISUMFG31120011131,2020,2,311200,Grain and oilseed milling,1,Rate of injury cases per 100 full-time workers (Size class 0),1,Total recordable cases,131,"Private industry, Nebraska",Industry-level data from the Survey of Occupational Injuries and Illnesses (SOII)
ISUMFG31120011131,2019,1.4,311200,Grain and oilseed milling,1,Rate of injury cases per 100 full-time workers (Size class 0),1,Total recordable cases,131,"Private industry, Nebraska",Industry-level data from the Survey of Occupational Injuries and Illnesses (SOII)
ISUMFG31120011131,2017,2.7,311200,Grain and oilseed milling,1,Rate of injury cases per 100 full-time workers (Size class 0),1,Total recordable cases,131,"Private industry, Nebraska",Industry-level data from the Survey of Occupational Injuries and Illnesses (SOII)
ISUMFG31120011131,2016,1.1,311200,Grain and oilseed milling,1,Rate of injury cases per 100 full-time workers (Size class 0),1,Total recordable cases,131,"Private industry, Nebraska",Industry-level data from the Survey of Occupational Injuries and Illnesses (SOII)
ISUMFG31120031131,2020,2.5,311200,Grain and oilseed milling,3,Rate of injury and illness cases per 100 full-time workers (Size class 0),1,Total recordable cases,131,"Private industry, Nebraska",Industry-level data from the Survey of Occupational Injuries and Illnesses (SOII)
ISUMFG31120031131,2019,1.8,311200,Grain and oilseed milling,3,Rate of injury and illness cases per 100 full-time workers (Size class 0),1,Total recordable cases,131,"Private industry, Nebraska",Industry-level data from the Survey of Occupational Injuries and Illnesses (SOII)
ISUMFG31120031131,2017,3.1,311200,Grain and oilseed milling,3,Rate of injury and illness cases per 100 full-time workers (Size class 0),1,Total recordable cases,131,"Private industry, Nebraska",Industry-level data from the Survey of Occupational Injuries and Illnesses (SOII)
ISUMFG31120031131,2016,1.4,311200,Grain and oilseed milling,3,Rate of injury and illness cases per 100 full-time workers (Size class 0),1,Total recordable cases,131,"Private industry, Nebraska",Industry-level data from the Survey of Occupational Injuries and Illnesses (SOII)
ISUMFG31120032131,2020,1.3,311200,Grain and oilseed milling,3,Rate of injury and illness cases per 100 full-time workers (Size class 0),2,"Cases involving days away from work, job restriction, or transfer",131,"Private industry, Nebraska",Industry-level data from the Survey of Occupational Injuries and Illnesses (SOII)
ISUMFG31120032131,2019,1,311200,Grain and oilseed milling,3,Rate of injury and illness cases per 100 full-time workers (Size class 0),2,"Cases involving days away from work, job restriction, or transfer",131,"Private industry, Nebraska",Industry-level data from the Survey of Occupational Injuries and Illnesses (SOII)
ISUMFG31120032131,2017,1.9,311200,Grain and oilseed milling,3,Rate of injury and illness cases per 100 full-time workers (Size class 0),2,"Cases involving days away from work, job restriction, or transfer",131,"Private industry, Nebraska",Industry-level data from the Survey of Occupational Injuries and Illnesses (SOII)
ISUMFG31120032131,2016,-,311200,Grain and oilseed milling,3,Rate of injury and illness cases per 100 full-time workers (Size class 0),2,"Cases involving days away from work, job restriction, or transfer",131,"Private industry, Nebraska",Industry-level data from the Survey of Occupational Injuries and Illnesses (SOII)
ISUMFG31120041131,2020,-,311200,Grain and oilseed milling,4,Number of illness cases (thousands) (Size class 0),1,Total recordable cases,131,"Private industry, Nebraska",Industry-level data from the Survey of Occupational Injuries and Illnesses (SOII)
ISUMFG31120041131,2019,0,311200,Grain and oilseed milling,4,Number of illness cases (thousands) (Size class 0),1,Total recordable cases,131,"Private industry, Nebraska",Industry-level data from the Survey of Occupational Injuries and Illnesses (SOII)
ISUMFG31120041131,2017,0,311200,Grain and oilseed milling,4,Number of illness cases (thousands) (Size class 0),1,Total recordable cases,131,"Private industry, Nebraska",Industry-level data from the Survey of Occupational Injuries and Illnesses (SOII)
ISUMFG31120041131,2016,0,311200,Grain and oilseed milling,4,Number of illness cases (thousands) (Size class 0),1,Total recordable cases,131,"Private industry, Nebraska",Industry-level data from the Survey of Occupational Injuries and Illnesses (SOII)
ISUMFG31120051131,2020,0,311200,Grain and oilseed milling,5,Number of injury cases (thousands) (Size class 0),1,Total recordable cases,131,"Private industry, Nebraska",Industry-level data from the Survey of Occupational Injuries and Illnesses (SOII)
ISUMFG31120051131,2019,0,311200,Grain and oilseed milling,5,Number of injury cases (thousands) (Size class 0),1,Total recordable cases,131,"Private industry, Nebraska",Industry-level data from the Survey of Occupational Injuries and Illnesses (SOII)
ISUMFG31120051131,2017,0.1,311200,Grain and oilseed milling,5,Number of injury cases (thousands) (Size class 0),1,Total recordable cases,131,"Private industry, Nebraska",Industry-level data from the Survey of Occupational Injuries and Illnesses (SOII)
ISUMFG31120051131,2016,0,311200,Grain and oilseed milling,5,Number of injury cases (thousands) (Size class 0),1,Total recordable cases,131,"Private industry, Nebraska",Industry-level data from the Survey of Occupational Injuries and Illnesses (SOII)
ISUMFG31160001131,2020,566.2,311600,Animal slaughtering and processing,0,"Rate of illness cases per 10,000 full-time workers (Size class 0)",1,Total recordable cases,131,"Private industry, Nebraska",Industry-level data from the Survey of Occupational Injuries and Illnesses (SOII)
ISUMFG31160001131,2019,215.8,311600,Animal slaughtering and processing,0,"Rate of illness cases per 10,000 full-time workers (Size class 0)",1,Total recordable cases,131,"Private industry, Nebraska",Industry-level data from the Survey of Occupational Injuries and Illnesses (SOII)
ISUMFG31160001131,2018,248.9,311600,Animal slaughtering and processing,0,"Rate of illness cases per 10,000 full-time workers (Size class 0)",1,Total recordable cases,131,"Private industry, Nebraska",Industry-level data from the Survey of Occupational Injuries and Illnesses (SOII)
ISUMFG31160001131,2017,301.1,311600,Animal slaughtering and processing,0,"Rate of illness cases per 10,000 full-time workers (Size class 0)",1,Total recordable cases,131,"Private industry, Nebraska",Industry-level data from the Survey of Occupational Injuries and Illnesses (SOII)
ISUMFG31160001131,2016,411.1,311600,Animal slaughtering and processing,0,"Rate of illness cases per 10,000 full-time workers (Size class 0)",1,Total recordable cases,131,"Private industry, Nebraska",Industry-level data from the Survey of Occupational Injuries and Illnesses (SOII)
ISUMFG31160011131,2020,3.9,311600,Animal slaughtering and processing,1,Rate of injury cases per 100 full-time workers (Size class 0),1,Total recordable cases,131,"Private industry, Nebraska",Industry-level data from the Survey of Occupational Injuries and Illnesses (SOII)
ISUMFG31160011131,2019,3.5,311600,Animal slaughtering and processing,1,Rate of injury cases per 100 full-time workers (Size class 0),1,Total recordable cases,131,"Private industry, Nebraska",Industry-level data from the Survey of Occupational Injuries and Illnesses (SOII)
ISUMFG31160011131,2018,4,311600,Animal slaughtering and processing,1,Rate of injury cases per 100 full-time workers (Size class 0),1,Total recordable cases,131,"Private industry, Nebraska",Industry-level data from the Survey of Occupational Injuries and Illnesses (SOII)
ISUMFG31160011131,2017,4,311600,Animal slaughtering and processing,1,Rate of injury cases per 100 full-time workers (Size class 0),1,Total recordable cases,131,"Private industry, Nebraska",Industry-level data from the Survey of Occupational Injuries and Illnesses (SOII)
ISUMFG31160011131,2016,5.1,311600,Animal slaughtering and processing,1,Rate of injury cases per 100 full-time workers (Size class 0),1,Total recordable cases,131,"Private industry, Nebraska",Industry-level data from the Survey of Occupational Injuries and Illnesses (SOII)
ISUMFG31160031131,2020,9.5,311600,Animal slaughtering and processing,3,Rate of injury and illness cases per 100 full-time workers (Size class 0),1,Total recordable cases,131,"Private industry, Nebraska",Industry-level data from the Survey of Occupational Injuries and Illnesses (SOII)
ISUMFG31160031131,2019,5.7,311600,Animal slaughtering and processing,3,Rate of injury and illness cases per 100 full-time workers (Size class 0),1,Total recordable cases,131,"Private industry, Nebraska",Industry-level data from the Survey of Occupational Injuries and Illnesses (SOII)
ISUMFG31160031131,2018,6.5,311600,Animal slaughtering and processing,3,Rate of injury and illness cases per 100 full-time workers (Size class 0),1,Total recordable cases,131,"Private industry, Nebraska",Industry-level data from the Survey of Occupational Injuries and Illnesses (SOII)
ISUMFG31160031131,2017,7,311600,Animal slaughtering and processing,3,Rate of injury and illness cases per 100 full-time workers (Size class 0),1,Total recordable cases,131,"Private industry, Nebraska",Industry-level data from the Survey of Occupational Injuries and Illnesses (SOII)
ISUMFG31160031131,2016,9.2,311600,Animal slaughtering and processing,3,Rate of injury and illness cases per 100 full-time workers (Size class 0),1,Total recordable cases,131,"Private industry, Nebraska",Industry-level data from the Survey of Occupational Injuries and Illnesses (SOII)
ISUMFG31160032131,2020,8,311600,Animal slaughtering and processing,3,Rate of injury and illness cases per 100 full-time workers (Size class 0),2,"Cases involving days away from work, job restriction, or transfer",131,"Private industry, Nebraska",Industry-level data from the Survey of Occupational Injuries and Illnesses (SOII)
ISUMFG31160032131,2019,3.8,311600,Animal slaughtering and processing,3,Rate of injury and illness cases per 100 full-time workers (Size class 0),2,"Cases involving days away from work, job restriction, or transfer",131,"Private industry, Nebraska",Industry-level data from the Survey of Occupational Injuries and Illnesses (SOII)
ISUMFG31160032131,2018,4.7,311600,Animal slaughtering and processing,3,Rate of injury and illness cases per 100 full-time workers (Size class 0),2,"Cases involving days away from work, job restriction, or transfer",131,"Private industry, Nebraska",Industry-level data from the Survey of Occupational Injuries and Illnesses (SOII)
ISUMFG31160032131,2017,5.1,311600,Animal slaughtering and processing,3,Rate of injury and illness cases per 100 full-time workers (Size class 0),2,"Cases involving days away from work, job restriction, or transfer",131,"Private industry, Nebraska",Industry-level data from the Survey of Occupational Injuries and Illnesses (SOII)
ISUMFG31160032131,2016,6.4,311600,Animal slaughtering and processing,3,Rate of injury and illness cases per 100 full-time workers (Size class 0),2,"Cases involving days away from work, job restriction, or transfer",131,"Private industry, Nebraska",Industry-level data from the Survey of Occupational Injuries and Illnesses (SOII)
ISUMFG31160041131,2020,1.7,311600,Animal slaughtering and processing,4,Number of illness cases (thousands) (Size class 0),1,Total recordable cases,131,"Private industry, Nebraska",Industry-level data from the Survey of Occupational Injuries and Illnesses (SOII)
ISUMFG31160041131,2019,0.7,311600,Animal slaughtering and processing,4,Number of illness cases (thousands) (Size class 0),1,Total recordable cases,131,"Private industry, Nebraska",Industry-level data from the Survey of Occupational Injuries and Illnesses (SOII)
ISUMFG31160041131,2018,0.7,311600,Animal slaughtering and processing,4,Number of illness cases (thousands) (Size class 0),1,Total recordable cases,131,"Private industry, Nebraska",Industry-level data from the Survey of Occupational Injuries and Illnesses (SOII)
ISUMFG31160041131,2017,0.9,311600,Animal slaughtering and processing,4,Number of illness cases (thousands) (Size class 0),1,Total recordable cases,131,"Private industry, Nebraska",Industry-level data from the Survey of Occupational Injuries and Illnesses (SOII)
ISUMFG31160041131,2016,1.1,311600,Animal slaughtering and processing,4,Number of illness cases (thousands) (Size class 0),1,Total recordable cases,131,"Private industry, Nebraska",Industry-level data from the Survey of Occupational Injuries and Illnesses (SOII)
ISUMFG31160051131,2020,1.2,311600,Animal slaughtering and processing,5,Number of injury cases (thousands) (Size class 0),1,Total recordable cases,131,"Private industry, Nebraska",Industry-level data from the Survey of Occupational Injuries and Illnesses (SOII)
ISUMFG31160051131,2019,1.1,311600,Animal slaughtering and processing,5,Number of injury cases (thousands) (Size class 0),1,Total recordable cases,131,"Private industry, Nebraska",Industry-level data from the Survey of Occupational Injuries and Illnesses (SOII)
ISUMFG31160051131,2018,1.2,311600,Animal slaughtering and processing,5,Number of injury cases (thousands) (Size class 0),1,Total recordable cases,131,"Private industry, Nebraska",Industry-level data from the Survey of Occupational Injuries and Illnesses (SOII)
ISUMFG31160051131,2017,1.2,311600,Animal slaughtering and processing,5,Number of injury cases (thousands) (Size class 0),1,Total recordable cases,131,"Private industry, Nebraska",Industry-level data from the Survey of Occupational Injuries and Illnesses (SOII)
ISUMFG31160051131,2016,1.4,311600,Animal slaughtering and processing,5,Number of injury cases (thousands) (Size class 0),1,Total recordable cases,131,"Private industry, Nebraska",Industry-level data from the Survey of Occupational Injuries and Illnesses (SOII)
ISUMFG31161001131,2020,566.2,311610,Animal slaughtering and processing,0,"Rate of illness cases per 10,000 full-time workers (Size class 0)",1,Total recordable cases,131,"Private industry, Nebraska",Industry-level data from the Survey of Occupational Injuries and Illnesses (SOII)
ISUMFG31161001131,2019,215.8,311610,Animal slaughtering and processing,0,"Rate of illness cases per 10,000 full-time workers (Size class 0)",1,Total recordable cases,131,"Private industry, Nebraska",Industry-level data from the Survey of Occupational Injuries and Illnesses (SOII)
ISUMFG31161001131,2018,248.9,311610,Animal slaughtering and processing,0,"Rate of illness cases per 10,000 full-time workers (Size class 0)",1,Total recordable cases,131,"Private industry, Nebraska",Industry-level data from the Survey of Occupational Injuries and Illnesses (SOII)
ISUMFG31161001131,2017,301.1,311610,Animal slaughtering and processing,0,"Rate of illness cases per 10,000 full-time workers (Size class 0)",1,Total recordable cases,131,"Private industry, Nebraska",Industry-level data from the Survey of Occupational Injuries and Illnesses (SOII)
ISUMFG31161001131,2016,411.1,311610,Animal slaughtering and processing,0,"Rate of illness cases per 10,000 full-time workers (Size class 0)",1,Total recordable cases,131,"Private industry, Nebraska",Industry-level data from the Survey of Occupational Injuries and Illnesses (SOII)
ISUMFG31161011131,2020,3.9,311610,Animal slaughtering and processing,1,Rate of injury cases per 100 full-time workers (Size class 0),1,Total recordable cases,131,"Private industry, Nebraska",Industry-level data from the Survey of Occupational Injuries and Illnesses (SOII)
ISUMFG31161011131,2019,3.5,311610,Animal slaughtering and processing,1,Rate of injury cases per 100 full-time workers (Size class 0),1,Total recordable cases,131,"Private industry, Nebraska",Industry-level data from the Survey of Occupational Injuries and Illnesses (SOII)
ISUMFG31161011131,2018,4,311610,Animal slaughtering and processing,1,Rate of injury cases per 100 full-time workers (Size class 0),1,Total recordable cases,131,"Private industry, Nebraska",Industry-level data from the Survey of Occupational Injuries and Illnesses (SOII)
ISUMFG31161011131,2017,4,311610,Animal slaughtering and processing,1,Rate of injury cases per 100 full-time workers (Size class 0),1,Total recordable cases,131,"Private industry, Nebraska",Industry-level data from the Survey of Occupational Injuries and Illnesses (SOII)
ISUMFG31161011131,2016,5.1,311610,Animal slaughtering and processing,1,Rate of injury cases per 100 full-time workers (Size class 0),1,Total recordable cases,131,"Private industry, Nebraska",Industry-level data from the Survey of Occupational Injuries and Illnesses (SOII)
ISUMFG31161031131,2020,9.5,311610,Animal slaughtering and processing,3,Rate of injury and illness cases per 100 full-time workers (Size class 0),1,Total recordable cases,131,"Private industry, Nebraska",Industry-level data from the Survey of Occupational Injuries and Illnesses (SOII)
ISUMFG31161031131,2019,5.7,311610,Animal slaughtering and processing,3,Rate of injury and illness cases per 100 full-time workers (Size class 0),1,Total recordable cases,131,"Private industry, Nebraska",Industry-level data from the Survey of Occupational Injuries and Illnesses (SOII)
ISUMFG31161031131,2018,6.5,311610,Animal slaughtering and processing,3,Rate of injury and illness cases per 100 full-time workers (Size class 0),1,Total recordable cases,131,"Private industry, Nebraska",Industry-level data from the Survey of Occupational Injuries and Illnesses (SOII)
ISUMFG31161031131,2017,7,311610,Animal slaughtering and processing,3,Rate of injury and illness cases per 100 full-time workers (Size class 0),1,Total recordable cases,131,"Private industry, Nebraska",Industry-level data from the Survey of Occupational Injuries and Illnesses (SOII)
ISUMFG31161031131,2016,9.2,311610,Animal slaughtering and processing,3,Rate of injury and illness cases per 100 full-time workers (Size class 0),1,Total recordable cases,131,"Private industry, Nebraska",Industry-level data from the Survey of Occupational Injuries and Illnesses (SOII)
ISUMFG31161032131,2020,8,311610,Animal slaughtering and processing,3,Rate of injury and illness cases per 100 full-time workers (Size class 0),2,"Cases involving days away from work, job restriction, or transfer",131,"Private industry, Nebraska",Industry-level data from the Survey of Occupational Injuries and Illnesses (SOII)
ISUMFG31161032131,2019,3.8,311610,Animal slaughtering and processing,3,Rate of injury and illness cases per 100 full-time workers (Size class 0),2,"Cases involving days away from work, job restriction, or transfer",131,"Private industry, Nebraska",Industry-level data from the Survey of Occupational Injuries and Illnesses (SOII)
ISUMFG31161032131,2018,4.7,311610,Animal slaughtering and processing,3,Rate of injury and illness cases per 100 full-time workers (Size class 0),2,"Cases involving days away from work, job restriction, or transfer",131,"Private industry, Nebraska",Industry-level data from the Survey of Occupational Injuries and Illnesses (SOII)
ISUMFG31161032131,2017,5.1,311610,Animal slaughtering and processing,3,Rate of injury and illness cases per 100 full-time workers (Size class 0),2,"Cases involving days away from work, job restriction, or transfer",131,"Private industry, Nebraska",Industry-level data from the Survey of Occupational Injuries and Illnesses (SOII)
ISUMFG31161032131,2016,6.4,311610,Animal slaughtering and processing,3,Rate of injury and illness cases per 100 full-time workers (Size class 0),2,"Cases involving days away from work, job restriction, or transfer",131,"Private industry, Nebraska",Industry-level data from the Survey of Occupational Injuries and Illnesses (SOII)
ISUMFG31161041131,2020,1.7,311610,Animal slaughtering and processing,4,Number of illness cases (thousands) (Size class 0),1,Total recordable cases,131,"Private industry, Nebraska",Industry-level data from the Survey of Occupational Injuries and Illnesses (SOII)
ISUMFG31161041131,2019,0.7,311610,Animal slaughtering and processing,4,Number of illness cases (thousands) (Size class 0),1,Total recordable cases,131,"Private industry, Nebraska",Industry-level data from the Survey of Occupational Injuries and Illnesses (SOII)
ISUMFG31161041131,2018,0.7,311610,Animal slaughtering and processing,4,Number of illness cases (thousands) (Size class 0),1,Total recordable cases,131,"Private industry, Nebraska",Industry-level data from the Survey of Occupational Injuries and Illnesses (SOII)
ISUMFG31161041131,2017,0.9,311610,Animal slaughtering and processing,4,Number of illness cases (thousands) (Size class 0),1,Total recordable cases,131,"Private industry, Nebraska",Industry-level data from the Survey of Occupational Injuries and Illnesses (SOII)
ISUMFG31161041131,2016,1.1,311610,Animal slaughtering and processing,4,Number of illness cases (thousands) (Size class 0),1,Total recordable cases,131,"Private industry, Nebraska",Industry-level data from the Survey of Occupational Injuries and Illnesses (SOII)
ISUMFG31161051131,2020,1.2,311610,Animal slaughtering and processing,5,Number of injury cases (thousands) (Size class 0),1,Total recordable cases,131,"Private industry, Nebraska",Industry-level data from the Survey of Occupational Injuries and Illnesses (SOII)
ISUMFG31161051131,2019,1.1,311610,Animal slaughtering and processing,5,Number of injury cases (thousands) (Size class 0),1,Total recordable cases,131,"Private industry, Nebraska",Industry-level data from the Survey of Occupational Injuries and Illnesses (SOII)
ISUMFG31161051131,2018,1.2,311610,Animal slaughtering and processing,5,Number of injury cases (thousands) (Size class 0),1,Total recordable cases,131,"Private industry, Nebraska",Industry-level data from the Survey of Occupational Injuries and Illnesses (SOII)
ISUMFG31161051131,2017,1.2,311610,Animal slaughtering and processing,5,Number of injury cases (thousands) (Size class 0),1,Total recordable cases,131,"Private industry, Nebraska",Industry-level data from the Survey of Occupational Injuries and Illnesses (SOII)
ISUMFG31161051131,2016,1.4,311610,Animal slaughtering and processing,5,Number of injury cases (thousands) (Size class 0),1,Total recordable cases,131,"Private industry, Nebraska",Industry-level data from the Survey of Occupational Injuries and Illnesses (SOII)
ISUMFG31161101131,2020,607,311611,Animal (except poultry) slaughtering,0,"Rate of illness cases per 10,000 full-time workers (Size class 0)",1,Total recordable cases,131,"Private industry, Nebraska",Industry-level data from the Survey of Occupational Injuries and Illnesses (SOII)
ISUMFG31161101131,2019,243.4,311611,Animal (except poultry) slaughtering,0,"Rate of illness cases per 10,000 full-time workers (Size class 0)",1,Total recordable cases,131,"Private industry, Nebraska",Industry-level data from the Survey of Occupational Injuries and Illnesses (SOII)
ISUMFG31161101131,2018,293.6,311611,Animal (except poultry) slaughtering,0,"Rate of illness cases per 10,000 full-time workers (Size class 0)",1,Total recordable cases,131,"Private industry, Nebraska",Industry-level data from the Survey of Occupational Injuries and Illnesses (SOII)
ISUMFG31161101131,2017,367.8,311611,Animal (except poultry) slaughtering,0,"Rate of illness cases per 10,000 full-time workers (Size class 0)",1,Total recordable cases,131,"Private industry, Nebraska",Industry-level data from the Survey of Occupational Injuries and Illnesses (SOII)
ISUMFG31161101131,2016,510.1,311611,Animal (except poultry) slaughtering,0,"Rate of illness cases per 10,000 full-time workers (Size class 0)",1,Total recordable cases,131,"Private industry, Nebraska",Industry-level data from the Survey of Occupational Injuries and Illnesses (SOII)
ISUMFG31161111131,2020,3.7,311611,Animal (except poultry) slaughtering,1,Rate of injury cases per 100 full-time workers (Size class 0),1,Total recordable cases,131,"Private industry, Nebraska",Industry-level data from the Survey of Occupational Injuries and Illnesses (SOII)
ISUMFG31161111131,2019,3.7,311611,Animal (except poultry) slaughtering,1,Rate of injury cases per 100 full-time workers (Size class 0),1,Total recordable cases,131,"Private industry, Nebraska",Industry-level data from the Survey of Occupational Injuries and Illnesses (SOII)
ISUMFG31161111131,2018,4.2,311611,Animal (except poultry) slaughtering,1,Rate of injury cases per 100 full-time workers (Size class 0),1,Total recordable cases,131,"Private industry, Nebraska",Industry-level data from the Survey of Occupational Injuries and Illnesses (SOII)
ISUMFG31161111131,2017,4,311611,Animal (except poultry) slaughtering,1,Rate of injury cases per 100 full-time workers (Size class 0),1,Total recordable cases,131,"Private industry, Nebraska",Industry-level data from the Survey of Occupational Injuries and Illnesses (SOII)
ISUMFG31161111131,2016,5.4,311611,Animal (except poultry) slaughtering,1,Rate of injury cases per 100 full-time workers (Size class 0),1,Total recordable cases,131,"Private industry, Nebraska",Industry-level data from the Survey of Occupational Injuries and Illnesses (SOII)
ISUMFG31161131131,2020,9.8,311611,Animal (except poultry) slaughtering,3,Rate of injury and illness cases per 100 full-time workers (Size class 0),1,Total recordable cases,131,"Private industry, Nebraska",Industry-level data from the Survey of Occupational Injuries and Illnesses (SOII)
ISUMFG31161131131,2019,6.1,311611,Animal (except poultry) slaughtering,3,Rate of injury and illness cases per 100 full-time workers (Size class 0),1,Total recordable cases,131,"Private industry, Nebraska",Industry-level data from the Survey of Occupational Injuries and Illnesses (SOII)
ISUMFG31161131131,2018,7.1,311611,Animal (except poultry) slaughtering,3,Rate of injury and illness cases per 100 full-time workers (Size class 0),1,Total recordable cases,131,"Private industry, Nebraska",Industry-level data from the Survey of Occupational Injuries and Illnesses (SOII)
ISUMFG31161131131,2017,7.7,311611,Animal (except poultry) slaughtering,3,Rate of injury and illness cases per 100 full-time workers (Size class 0),1,Total recordable cases,131,"Private industry, Nebraska",Industry-level data from the Survey of Occupational Injuries and Illnesses (SOII)
ISUMFG31161131131,2016,10.5,311611,Animal (except poultry) slaughtering,3,Rate of injury and illness cases per 100 full-time workers (Size class 0),1,Total recordable cases,131,"Private industry, Nebraska",Industry-level data from the Survey of Occupational Injuries and Illnesses (SOII)
ISUMFG31161132131,2020,8.4,311611,Animal (except poultry) slaughtering,3,Rate of injury and illness cases per 100 full-time workers (Size class 0),2,"Cases involving days away from work, job restriction, or transfer",131,"Private industry, Nebraska",Industry-level data from the Survey of Occupational Injuries and Illnesses (SOII)
ISUMFG31161132131,2019,4.2,311611,Animal (except poultry) slaughtering,3,Rate of injury and illness cases per 100 full-time workers (Size class 0),2,"Cases involving days away from work, job restriction, or transfer",131,"Private industry, Nebraska",Industry-level data from the Survey of Occupational Injuries and Illnesses (SOII)
ISUMFG31161132131,2018,5.2,311611,Animal (except poultry) slaughtering,3,Rate of injury and illness cases per 100 full-time workers (Size class 0),2,"Cases involving days away from work, job restriction, or transfer",131,"Private industry, Nebraska",Industry-level data from the Survey of Occupational Injuries and Illnesses (SOII)
ISUMFG31161132131,2017,5.7,311611,Animal (except poultry) slaughtering,3,Rate of injury and illness cases per 100 full-time workers (Size class 0),2,"Cases involving days away from work, job restriction, or transfer",131,"Private industry, Nebraska",Industry-level data from the Survey of Occupational Injuries and Illnesses (SOII)
ISUMFG31161132131,2016,7.3,311611,Animal (except poultry) slaughtering,3,Rate of injury and illness cases per 100 full-time workers (Size class 0),2,"Cases involving days away from work, job restriction, or transfer",131,"Private industry, Nebraska",Industry-level data from the Survey of Occupational Injuries and Illnesses (SOII)
ISUMFG31161141131,2020,1.3,311611,Animal (except poultry) slaughtering,4,Number of illness cases (thousands) (Size class 0),1,Total recordable cases,131,"Private industry, Nebraska",Industry-level data from the Survey of Occupational Injuries and Illnesses (SOII)
ISUMFG31161141131,2019,0.6,311611,Animal (except poultry) slaughtering,4,Number of illness cases (thousands) (Size class 0),1,Total recordable cases,131,"Private industry, Nebraska",Industry-level data from the Survey of Occupational Injuries and Illnesses (SOII)
ISUMFG31161141131,2018,0.7,311611,Animal (except poultry) slaughtering,4,Number of illness cases (thousands) (Size class 0),1,Total recordable cases,131,"Private industry, Nebraska",Industry-level data from the Survey of Occupational Injuries and Illnesses (SOII)
ISUMFG31161141131,2017,0.8,311611,Animal (except poultry) slaughtering,4,Number of illness cases (thousands) (Size class 0),1,Total recordable cases,131,"Private industry, Nebraska",Industry-level data from the Survey of Occupational Injuries and Illnesses (SOII)
ISUMFG31161141131,2016,1.1,311611,Animal (except poultry) slaughtering,4,Number of illness cases (thousands) (Size class 0),1,Total recordable cases,131,"Private industry, Nebraska",Industry-level data from the Survey of Occupational Injuries and Illnesses (SOII)
ISUMFG31161151131,2020,0.8,311611,Animal (except poultry) slaughtering,5,Number of injury cases (thousands) (Size class 0),1,Total recordable cases,131,"Private industry, Nebraska",Industry-level data from the Survey of Occupational Injuries and Illnesses (SOII)
ISUMFG31161151131,2019,0.9,311611,Animal (except poultry) slaughtering,5,Number of injury cases (thousands) (Size class 0),1,Total recordable cases,131,"Private industry, Nebraska",Industry-level data from the Survey of Occupational Injuries and Illnesses (SOII)
ISUMFG31161151131,2018,1,311611,Animal (except poultry) slaughtering,5,Number of injury cases (thousands) (Size class 0),1,Total recordable cases,131,"Private industry, Nebraska",Industry-level data from the Survey of Occupational Injuries and Illnesses (SOII)
ISUMFG31161151131,2017,0.9,311611,Animal (except poultry) slaughtering,5,Number of injury cases (thousands) (Size class 0),1,Total recordable cases,131,"Private industry, Nebraska",Industry-level data from the Survey of Occupational Injuries and Illnesses (SOII)
ISUMFG31161151131,2016,1.2,311611,Animal (except poultry) slaughtering,5,Number of injury cases (thousands) (Size class 0),1,Total recordable cases,131,"Private industry, Nebraska",Industry-level data from the Survey of Occupational Injuries and Illnesses (SOII)
ISUMFG31500001131,2019,-,315000,Apparel manufacturing,0,"Rate of illness cases per 10,000 full-time workers (Size class 0)",1,Total recordable cases,131,"Private industry, Nebraska",Industry-level data from the Survey of Occupational Injuries and Illnesses (SOII)
ISUMFG31500001131,2018,-,315000,Apparel manufacturing,0,"Rate of illness cases per 10,000 full-time workers (Size class 0)",1,Total recordable cases,131,"Private industry, Nebraska",Industry-level data from the Survey of Occupational Injuries and Illnesses (SOII)
ISUMFG31500001131,2016,-,315000,Apparel manufacturing,0,"Rate of illness cases per 10,000 full-time workers (Size class 0)",1,Total recordable cases,131,"Private industry, Nebraska",Industry-level data from the Survey of Occupational Injuries and Illnesses (SOII)
ISUMFG31500011131,2019,-,315000,Apparel manufacturing,1,Rate of injury cases per 100 full-time workers (Size class 0),1,Total recordable cases,131,"Private industry, Nebraska",Industry-level data from the Survey of Occupational Injuries and Illnesses (SOII)
ISUMFG31500011131,2018,-,315000,Apparel manufacturing,1,Rate of injury cases per 100 full-time workers (Size class 0),1,Total recordable cases,131,"Private industry, Nebraska",Industry-level data from the Survey of Occupational Injuries and Illnesses (SOII)
ISUMFG31500011131,2016,-,315000,Apparel manufacturing,1,Rate of injury cases per 100 full-time workers (Size class 0),1,Total recordable cases,131,"Private industry, Nebraska",Industry-level data from the Survey of Occupational Injuries and Illnesses (SOII)
ISUMFG31500031131,2019,-,315000,Apparel manufacturing,3,Rate of injury and illness cases per 100 full-time workers (Size class 0),1,Total recordable cases,131,"Private industry, Nebraska",Industry-level data from the Survey of Occupational Injuries and Illnesses (SOII)
ISUMFG31500031131,2018,-,315000,Apparel manufacturing,3,Rate of injury and illness cases per 100 full-time workers (Size class 0),1,Total recordable cases,131,"Private industry, Nebraska",Industry-level data from the Survey of Occupational Injuries and Illnesses (SOII)
ISUMFG31500031131,2016,-,315000,Apparel manufacturing,3,Rate of injury and illness cases per 100 full-time workers (Size class 0),1,Total recordable cases,131,"Private industry, Nebraska",Industry-level data from the Survey of Occupational Injuries and Illnesses (SOII)
ISUMFG31500032131,2019,-,315000,Apparel manufacturing,3,Rate of injury and illness cases per 100 full-time workers (Size class 0),2,"Cases involving days away from work, job restriction, or transfer",131,"Private industry, Nebraska",Industry-level data from the Survey of Occupational Injuries and Illnesses (SOII)
ISUMFG31500032131,2018,-,315000,Apparel manufacturing,3,Rate of injury and illness cases per 100 full-time workers (Size class 0),2,"Cases involving days away from work, job restriction, or transfer",131,"Private industry, Nebraska",Industry-level data from the Survey of Occupational Injuries and Illnesses (SOII)
ISUMFG31500032131,2016,-,315000,Apparel manufacturing,3,Rate of injury and illness cases per 100 full-time workers (Size class 0),2,"Cases involving days away from work, job restriction, or transfer",131,"Private industry, Nebraska",Industry-level data from the Survey of Occupational Injuries and Illnesses (SOII)
ISUMFG31500041131,2019,0,315000,Apparel manufacturing,4,Number of illness cases (thousands) (Size class 0),1,Total recordable cases,131,"Private industry, Nebraska",Industry-level data from the Survey of Occupational Injuries and Illnesses (SOII)
ISUMFG31500041131,2018,0,315000,Apparel manufacturing,4,Number of illness cases (thousands) (Size class 0),1,Total recordable cases,131,"Private industry, Nebraska",Industry-level data from the Survey of Occupational Injuries and Illnesses (SOII)
ISUMFG31500041131,2016,0,315000,Apparel manufacturing,4,Number of illness cases (thousands) (Size class 0),1,Total recordable cases,131,"Private industry, Nebraska",Industry-level data from the Survey of Occupational Injuries and Illnesses (SOII)
ISUMFG31500051131,2019,0,315000,Apparel manufacturing,5,Number of injury cases (thousands) (Size class 0),1,Total recordable cases,131,"Private industry, Nebraska",Industry-level data from the Survey of Occupational Injuries and Illnesses (SOII)
ISUMFG31500051131,2018,0,315000,Apparel manufacturing,5,Number of injury cases (thousands) (Size class 0),1,Total recordable cases,131,"Private industry, Nebraska",Industry-level data from the Survey of Occupational Injuries and Illnesses (SOII)
ISUMFG31500051131,2016,0,315000,Apparel manufacturing,5,Number of injury cases (thousands) (Size class 0),1,Total recordable cases,131,"Private industry, Nebraska",Industry-level data from the Survey of Occupational Injuries and Illnesses (SOII)
ISUMFG32100001131,2020,-,321000,Wood product manufacturing,0,"Rate of illness cases per 10,000 full-time workers (Size class 0)",1,Total recordable cases,131,"Private industry, Nebraska",Industry-level data from the Survey of Occupational Injuries and Illnesses (SOII)
ISUMFG32100001131,2019,-,321000,Wood product manufacturing,0,"Rate of illness cases per 10,000 full-time workers (Size class 0)",1,Total recordable cases,131,"Private industry, Nebraska",Industry-level data from the Survey of Occupational Injuries and Illnesses (SOII)
ISUMFG32100001131,2018,-,321000,Wood product manufacturing,0,"Rate of illness cases per 10,000 full-time workers (Size class 0)",1,Total recordable cases,131,"Private industry, Nebraska",Industry-level data from the Survey of Occupational Injuries and Illnesses (SOII)
ISUMFG32100001131,2017,-,321000,Wood product manufacturing,0,"Rate of illness cases per 10,000 full-time workers (Size class 0)",1,Total recordable cases,131,"Private industry, Nebraska",Industry-level data from the Survey of Occupational Injuries and Illnesses (SOII)
ISUMFG32100001131,2016,-,321000,Wood product manufacturing,0,"Rate of illness cases per 10,000 full-time workers (Size class 0)",1,Total recordable cases,131,"Private industry, Nebraska",Industry-level data from the Survey of Occupational Injuries and Illnesses (SOII)
ISUMFG32100011131,2020,6.9,321000,Wood product manufacturing,1,Rate of injury cases per 100 full-time workers (Size class 0),1,Total recordable cases,131,"Private industry, Nebraska",Industry-level data from the Survey of Occupational Injuries and Illnesses (SOII)
ISUMFG32100011131,2019,6.9,321000,Wood product manufacturing,1,Rate of injury cases per 100 full-time workers (Size class 0),1,Total recordable cases,131,"Private industry, Nebraska",Industry-level data from the Survey of Occupational Injuries and Illnesses (SOII)
ISUMFG32100011131,2018,6.2,321000,Wood product manufacturing,1,Rate of injury cases per 100 full-time workers (Size class 0),1,Total recordable cases,131,"Private industry, Nebraska",Industry-level data from the Survey of Occupational Injuries and Illnesses (SOII)
ISUMFG32100011131,2017,6.2,321000,Wood product manufacturing,1,Rate of injury cases per 100 full-time workers (Size class 0),1,Total recordable cases,131,"Private industry, Nebraska",Industry-level data from the Survey of Occupational Injuries and Illnesses (SOII)
ISUMFG32100011131,2016,6.7,321000,Wood product manufacturing,1,Rate of injury cases per 100 full-time workers (Size class 0),1,Total recordable cases,131,"Private industry, Nebraska",Industry-level data from the Survey of Occupational Injuries and Illnesses (SOII)
ISUMFG32100031131,2020,7.4,321000,Wood product manufacturing,3,Rate of injury and illness cases per 100 full-time workers (Size class 0),1,Total recordable cases,131,"Private industry, Nebraska",Industry-level data from the Survey of Occupational Injuries and Illnesses (SOII)
ISUMFG32100031131,2019,7.5,321000,Wood product manufacturing,3,Rate of injury and illness cases per 100 full-time workers (Size class 0),1,Total recordable cases,131,"Private industry, Nebraska",Industry-level data from the Survey of Occupational Injuries and Illnesses (SOII)
ISUMFG32100031131,2018,6.6,321000,Wood product manufacturing,3,Rate of injury and illness cases per 100 full-time workers (Size class 0),1,Total recordable cases,131,"Private industry, Nebraska",Industry-level data from the Survey of Occupational Injuries and Illnesses (SOII)
ISUMFG32100031131,2017,6.3,321000,Wood product manufacturing,3,Rate of injury and illness cases per 100 full-time workers (Size class 0),1,Total recordable cases,131,"Private industry, Nebraska",Industry-level data from the Survey of Occupational Injuries and Illnesses (SOII)
ISUMFG32100031131,2016,7,321000,Wood product manufacturing,3,Rate of injury and illness cases per 100 full-time workers (Size class 0),1,Total recordable cases,131,"Private industry, Nebraska",Industry-level data from the Survey of Occupational Injuries and Illnesses (SOII)
ISUMFG32100032131,2020,3.3,321000,Wood product manufacturing,3,Rate of injury and illness cases per 100 full-time workers (Size class 0),2,"Cases involving days away from work, job restriction, or transfer",131,"Private industry, Nebraska",Industry-level data from the Survey of Occupational Injuries and Illnesses (SOII)
ISUMFG32100032131,2019,1.8,321000,Wood product manufacturing,3,Rate of injury and illness cases per 100 full-time workers (Size class 0),2,"Cases involving days away from work, job restriction, or transfer",131,"Private industry, Nebraska",Industry-level data from the Survey of Occupational Injuries and Illnesses (SOII)
ISUMFG32100032131,2018,2.9,321000,Wood product manufacturing,3,Rate of injury and illness cases per 100 full-time workers (Size class 0),2,"Cases involving days away from work, job restriction, or transfer",131,"Private industry, Nebraska",Industry-level data from the Survey of Occupational Injuries and Illnesses (SOII)
ISUMFG32100032131,2017,3.5,321000,Wood product manufacturing,3,Rate of injury and illness cases per 100 full-time workers (Size class 0),2,"Cases involving days away from work, job restriction, or transfer",131,"Private industry, Nebraska",Industry-level data from the Survey of Occupational Injuries and Illnesses (SOII)
ISUMFG32100032131,2016,3.5,321000,Wood product manufacturing,3,Rate of injury and illness cases per 100 full-time workers (Size class 0),2,"Cases involving days away from work, job restriction, or transfer",131,"Private industry, Nebraska",Industry-level data from the Survey of Occupational Injuries and Illnesses (SOII)
ISUMFG32100041131,2020,-,321000,Wood product manufacturing,4,Number of illness cases (thousands) (Size class 0),1,Total recordable cases,131,"Private industry, Nebraska",Industry-level data from the Survey of Occupational Injuries and Illnesses (SOII)
ISUMFG32100041131,2019,0,321000,Wood product manufacturing,4,Number of illness cases (thousands) (Size class 0),1,Total recordable cases,131,"Private industry, Nebraska",Industry-level data from the Survey of Occupational Injuries and Illnesses (SOII)
ISUMFG32100041131,2018,0,321000,Wood product manufacturing,4,Number of illness cases (thousands) (Size class 0),1,Total recordable cases,131,"Private industry, Nebraska",Industry-level data from the Survey of Occupational Injuries and Illnesses (SOII)
ISUMFG32100041131,2017,0,321000,Wood product manufacturing,4,Number of illness cases (thousands) (Size class 0),1,Total recordable cases,131,"Private industry, Nebraska",Industry-level data from the Survey of Occupational Injuries and Illnesses (SOII)
ISUMFG32100041131,2016,0,321000,Wood product manufacturing,4,Number of illness cases (thousands) (Size class 0),1,Total recordable cases,131,"Private industry, Nebraska",Industry-level data from the Survey of Occupational Injuries and Illnesses (SOII)
ISUMFG32100051131,2020,0.1,321000,Wood product manufacturing,5,Number of injury cases (thousands) (Size class 0),1,Total recordable cases,131,"Private industry, Nebraska",Industry-level data from the Survey of Occupational Injuries and Illnesses (SOII)
ISUMFG32100051131,2019,0.1,321000,Wood product manufacturing,5,Number of injury cases (thousands) (Size class 0),1,Total recordable cases,131,"Private industry, Nebraska",Industry-level data from the Survey of Occupational Injuries and Illnesses (SOII)
ISUMFG32100051131,2018,0.1,321000,Wood product manufacturing,5,Number of injury cases (thousands) (Size class 0),1,Total recordable cases,131,"Private industry, Nebraska",Industry-level data from the Survey of Occupational Injuries and Illnesses (SOII)
ISUMFG32100051131,2017,0.1,321000,Wood product manufacturing,5,Number of injury cases (thousands) (Size class 0),1,Total recordable cases,131,"Private industry, Nebraska",Industry-level data from the Survey of Occupational Injuries and Illnesses (SOII)
ISUMFG32100051131,2016,0.1,321000,Wood product manufacturing,5,Number of injury cases (thousands) (Size class 0),1,Total recordable cases,131,"Private industry, Nebraska",Industry-level data from the Survey of Occupational Injuries and Illnesses (SOII)
ISUMFG32200001131,2020,-,322000,Paper manufacturing,0,"Rate of illness cases per 10,000 full-time workers (Size class 0)",1,Total recordable cases,131,"Private industry, Nebraska",Industry-level data from the Survey of Occupational Injuries and Illnesses (SOII)
ISUMFG32200001131,2019,-,322000,Paper manufacturing,0,"Rate of illness cases per 10,000 full-time workers (Size class 0)",1,Total recordable cases,131,"Private industry, Nebraska",Industry-level data from the Survey of Occupational Injuries and Illnesses (SOII)
ISUMFG32200001131,2018,-,322000,Paper manufacturing,0,"Rate of illness cases per 10,000 full-time workers (Size class 0)",1,Total recordable cases,131,"Private industry, Nebraska",Industry-level data from the Survey of Occupational Injuries and Illnesses (SOII)
ISUMFG32200001131,2017,-,322000,Paper manufacturing,0,"Rate of illness cases per 10,000 full-time workers (Size class 0)",1,Total recordable cases,131,"Private industry, Nebraska",Industry-level data from the Survey of Occupational Injuries and Illnesses (SOII)
ISUMFG32200001131,2016,-,322000,Paper manufacturing,0,"Rate of illness cases per 10,000 full-time workers (Size class 0)",1,Total recordable cases,131,"Private industry, Nebraska",Industry-level data from the Survey of Occupational Injuries and Illnesses (SOII)
ISUMFG32200011131,2020,2.9,322000,Paper manufacturing,1,Rate of injury cases per 100 full-time workers (Size class 0),1,Total recordable cases,131,"Private industry, Nebraska",Industry-level data from the Survey of Occupational Injuries and Illnesses (SOII)
ISUMFG32200011131,2019,3.1,322000,Paper manufacturing,1,Rate of injury cases per 100 full-time workers (Size class 0),1,Total recordable cases,131,"Private industry, Nebraska",Industry-level data from the Survey of Occupational Injuries and Illnesses (SOII)
ISUMFG32200011131,2018,3.1,322000,Paper manufacturing,1,Rate of injury cases per 100 full-time workers (Size class 0),1,Total recordable cases,131,"Private industry, Nebraska",Industry-level data from the Survey of Occupational Injuries and Illnesses (SOII)
ISUMFG32200011131,2017,4.3,322000,Paper manufacturing,1,Rate of injury cases per 100 full-time workers (Size class 0),1,Total recordable cases,131,"Private industry, Nebraska",Industry-level data from the Survey of Occupational Injuries and Illnesses (SOII)
ISUMFG32200011131,2016,5.4,322000,Paper manufacturing,1,Rate of injury cases per 100 full-time workers (Size class 0),1,Total recordable cases,131,"Private industry, Nebraska",Industry-level data from the Survey of Occupational Injuries and Illnesses (SOII)
ISUMFG32200031131,2020,3,322000,Paper manufacturing,3,Rate of injury and illness cases per 100 full-time workers (Size class 0),1,Total recordable cases,131,"Private industry, Nebraska",Industry-level data from the Survey of Occupational Injuries and Illnesses (SOII)
ISUMFG32200031131,2019,3.2,322000,Paper manufacturing,3,Rate of injury and illness cases per 100 full-time workers (Size class 0),1,Total recordable cases,131,"Private industry, Nebraska",Industry-level data from the Survey of Occupational Injuries and Illnesses (SOII)
ISUMFG32200031131,2018,3.1,322000,Paper manufacturing,3,Rate of injury and illness cases per 100 full-time workers (Size class 0),1,Total recordable cases,131,"Private industry, Nebraska",Industry-level data from the Survey of Occupational Injuries and Illnesses (SOII)
ISUMFG32200031131,2017,4.7,322000,Paper manufacturing,3,Rate of injury and illness cases per 100 full-time workers (Size class 0),1,Total recordable cases,131,"Private industry, Nebraska",Industry-level data from the Survey of Occupational Injuries and Illnesses (SOII)
ISUMFG32200031131,2016,5.8,322000,Paper manufacturing,3,Rate of injury and illness cases per 100 full-time workers (Size class 0),1,Total recordable cases,131,"Private industry, Nebraska",Industry-level data from the Survey of Occupational Injuries and Illnesses (SOII)
ISUMFG32200032131,2020,1.9,322000,Paper manufacturing,3,Rate of injury and illness cases per 100 full-time workers (Size class 0),2,"Cases involving days away from work, job restriction, or transfer",131,"Private industry, Nebraska",Industry-level data from the Survey of Occupational Injuries and Illnesses (SOII)
ISUMFG32200032131,2019,2.2,322000,Paper manufacturing,3,Rate of injury and illness cases per 100 full-time workers (Size class 0),2,"Cases involving days away from work, job restriction, or transfer",131,"Private industry, Nebraska",Industry-level data from the Survey of Occupational Injuries and Illnesses (SOII)
ISUMFG32200032131,2018,2.3,322000,Paper manufacturing,3,Rate of injury and illness cases per 100 full-time workers (Size class 0),2,"Cases involving days away from work, job restriction, or transfer",131,"Private industry, Nebraska",Industry-level data from the Survey of Occupational Injuries and Illnesses (SOII)
ISUMFG32200032131,2017,2.3,322000,Paper manufacturing,3,Rate of injury and illness cases per 100 full-time workers (Size class 0),2,"Cases involving days away from work, job restriction, or transfer",131,"Private industry, Nebraska",Industry-level data from the Survey of Occupational Injuries and Illnesses (SOII)
ISUMFG32200032131,2016,3.8,322000,Paper manufacturing,3,Rate of injury and illness cases per 100 full-time workers (Size class 0),2,"Cases involving days away from work, job restriction, or transfer",131,"Private industry, Nebraska",Industry-level data from the Survey of Occupational Injuries and Illnesses (SOII)
ISUMFG32200041131,2020,-,322000,Paper manufacturing,4,Number of illness cases (thousands) (Size class 0),1,Total recordable cases,131,"Private industry, Nebraska",Industry-level data from the Survey of Occupational Injuries and Illnesses (SOII)
ISUMFG32200041131,2019,0,322000,Paper manufacturing,4,Number of illness cases (thousands) (Size class 0),1,Total recordable cases,131,"Private industry, Nebraska",Industry-level data from the Survey of Occupational Injuries and Illnesses (SOII)
ISUMFG32200041131,2018,0,322000,Paper manufacturing,4,Number of illness cases (thousands) (Size class 0),1,Total recordable cases,131,"Private industry, Nebraska",Industry-level data from the Survey of Occupational Injuries and Illnesses (SOII)
ISUMFG32200041131,2017,0,322000,Paper manufacturing,4,Number of illness cases (thousands) (Size class 0),1,Total recordable cases,131,"Private industry, Nebraska",Industry-level data from the Survey of Occupational Injuries and Illnesses (SOII)
ISUMFG32200041131,2016,0,322000,Paper manufacturing,4,Number of illness cases (thousands) (Size class 0),1,Total recordable cases,131,"Private industry, Nebraska",Industry-level data from the Survey of Occupational Injuries and Illnesses (SOII)
ISUMFG32200051131,2020,0,322000,Paper manufacturing,5,Number of injury cases (thousands) (Size class 0),1,Total recordable cases,131,"Private industry, Nebraska",Industry-level data from the Survey of Occupational Injuries and Illnesses (SOII)
ISUMFG32200051131,2019,0,322000,Paper manufacturing,5,Number of injury cases (thousands) (Size class 0),1,Total recordable cases,131,"Private industry, Nebraska",Industry-level data from the Survey of Occupational Injuries and Illnesses (SOII)
ISUMFG32200051131,2018,0,322000,Paper manufacturing,5,Number of injury cases (thousands) (Size class 0),1,Total recordable cases,131,"Private industry, Nebraska",Industry-level data from the Survey of Occupational Injuries and Illnesses (SOII)
ISUMFG32200051131,2017,0.1,322000,Paper manufacturing,5,Number of injury cases (thousands) (Size class 0),1,Total recordable cases,131,"Private industry, Nebraska",Industry-level data from the Survey of Occupational Injuries and Illnesses (SOII)
ISUMFG32200051131,2016,0.1,322000,Paper manufacturing,5,Number of injury cases (thousands) (Size class 0),1,Total recordable cases,131,"Private industry, Nebraska",Industry-level data from the Survey of Occupational Injuries and Illnesses (SOII)
ISUMFG32500001131,2019,-,325000,Chemical manufacturing,0,"Rate of illness cases per 10,000 full-time workers (Size class 0)",1,Total recordable cases,131,"Private industry, Nebraska",Industry-level data from the Survey of Occupational Injuries and Illnesses (SOII)
ISUMFG32500001131,2018,29.8,325000,Chemical manufacturing,0,"Rate of illness cases per 10,000 full-time workers (Size class 0)",1,Total recordable cases,131,"Private industry, Nebraska",Industry-level data from the Survey of Occupational Injuries and Illnesses (SOII)
ISUMFG32500001131,2017,37.4,325000,Chemical manufacturing,0,"Rate of illness cases per 10,000 full-time workers (Size class 0)",1,Total recordable cases,131,"Private industry, Nebraska",Industry-level data from the Survey of Occupational Injuries and Illnesses (SOII)
ISUMFG32500001131,2016,-,325000,Chemical manufacturing,0,"Rate of illness cases per 10,000 full-time workers (Size class 0)",1,Total recordable cases,131,"Private industry, Nebraska",Industry-level data from the Survey of Occupational Injuries and Illnesses (SOII)
ISUMFG32500011131,2020,2.9,325000,Chemical manufacturing,1,Rate of injury cases per 100 full-time workers (Size class 0),1,Total recordable cases,131,"Private industry, Nebraska",Industry-level data from the Survey of Occupational Injuries and Illnesses (SOII)
ISUMFG32500011131,2019,2,325000,Chemical manufacturing,1,Rate of injury cases per 100 full-time workers (Size class 0),1,Total recordable cases,131,"Private industry, Nebraska",Industry-level data from the Survey of Occupational Injuries and Illnesses (SOII)
ISUMFG32500011131,2018,2.6,325000,Chemical manufacturing,1,Rate of injury cases per 100 full-time workers (Size class 0),1,Total recordable cases,131,"Private industry, Nebraska",Industry-level data from the Survey of Occupational Injuries and Illnesses (SOII)
ISUMFG32500011131,2017,1.7,325000,Chemical manufacturing,1,Rate of injury cases per 100 full-time workers (Size class 0),1,Total recordable cases,131,"Private industry, Nebraska",Industry-level data from the Survey of Occupational Injuries and Illnesses (SOII)
ISUMFG32500011131,2016,2.3,325000,Chemical manufacturing,1,Rate of injury cases per 100 full-time workers (Size class 0),1,Total recordable cases,131,"Private industry, Nebraska",Industry-level data from the Survey of Occupational Injuries and Illnesses (SOII)
ISUMFG32500031131,2020,3.1,325000,Chemical manufacturing,3,Rate of injury and illness cases per 100 full-time workers (Size class 0),1,Total recordable cases,131,"Private industry, Nebraska",Industry-level data from the Survey of Occupational Injuries and Illnesses (SOII)
ISUMFG32500031131,2019,2.1,325000,Chemical manufacturing,3,Rate of injury and illness cases per 100 full-time workers (Size class 0),1,Total recordable cases,131,"Private industry, Nebraska",Industry-level data from the Survey of Occupational Injuries and Illnesses (SOII)
ISUMFG32500031131,2018,2.9,325000,Chemical manufacturing,3,Rate of injury and illness cases per 100 full-time workers (Size class 0),1,Total recordable cases,131,"Private industry, Nebraska",Industry-level data from the Survey of Occupational Injuries and Illnesses (SOII)
ISUMFG32500031131,2017,2.1,325000,Chemical manufacturing,3,Rate of injury and illness cases per 100 full-time workers (Size class 0),1,Total recordable cases,131,"Private industry, Nebraska",Industry-level data from the Survey of Occupational Injuries and Illnesses (SOII)
ISUMFG32500031131,2016,2.5,325000,Chemical manufacturing,3,Rate of injury and illness cases per 100 full-time workers (Size class 0),1,Total recordable cases,131,"Private industry, Nebraska",Industry-level data from the Survey of Occupational Injuries and Illnesses (SOII)
ISUMFG32500032131,2020,1.3,325000,Chemical manufacturing,3,Rate of injury and illness cases per 100 full-time workers (Size class 0),2,"Cases involving days away from work, job restriction, or transfer",131,"Private industry, Nebraska",Industry-level data from the Survey of Occupational Injuries and Illnesses (SOII)
ISUMFG32500032131,2019,1,325000,Chemical manufacturing,3,Rate of injury and illness cases per 100 full-time workers (Size class 0),2,"Cases involving days away from work, job restriction, or transfer",131,"Private industry, Nebraska",Industry-level data from the Survey of Occupational Injuries and Illnesses (SOII)
ISUMFG32500032131,2018,1.6,325000,Chemical manufacturing,3,Rate of injury and illness cases per 100 full-time workers (Size class 0),2,"Cases involving days away from work, job restriction, or transfer",131,"Private industry, Nebraska",Industry-level data from the Survey of Occupational Injuries and Illnesses (SOII)
ISUMFG32500032131,2017,1,325000,Chemical manufacturing,3,Rate of injury and illness cases per 100 full-time workers (Size class 0),2,"Cases involving days away from work, job restriction, or transfer",131,"Private industry, Nebraska",Industry-level data from the Survey of Occupational Injuries and Illnesses (SOII)
ISUMFG32500032131,2016,1.4,325000,Chemical manufacturing,3,Rate of injury and illness cases per 100 full-time workers (Size class 0),2,"Cases involving days away from work, job restriction, or transfer",131,"Private industry, Nebraska",Industry-level data from the Survey of Occupational Injuries and Illnesses (SOII)
ISUMFG32500041131,2019,0,325000,Chemical manufacturing,4,Number of illness cases (thousands) (Size class 0),1,Total recordable cases,131,"Private industry, Nebraska",Industry-level data from the Survey of Occupational Injuries and Illnesses (SOII)
ISUMFG32500041131,2018,0,325000,Chemical manufacturing,4,Number of illness cases (thousands) (Size class 0),1,Total recordable cases,131,"Private industry, Nebraska",Industry-level data from the Survey of Occupational Injuries and Illnesses (SOII)
ISUMFG32500041131,2017,0,325000,Chemical manufacturing,4,Number of illness cases (thousands) (Size class 0),1,Total recordable cases,131,"Private industry, Nebraska",Industry-level data from the Survey of Occupational Injuries and Illnesses (SOII)
ISUMFG32500041131,2016,0,325000,Chemical manufacturing,4,Number of illness cases (thousands) (Size class 0),1,Total recordable cases,131,"Private industry, Nebraska",Industry-level data from the Survey of Occupational Injuries and Illnesses (SOII)
ISULEH71200032131,2020,3.2,712000,"Museums, historical sites, and similar institutions",3,Rate of injury and illness cases per 100 full-time workers (Size class 0),2,"Cases involving days away from work, job restriction, or transfer",131,"Private industry, Nebraska",Industry-level data from the Survey of Occupational Injuries and Illnesses (SOII)
ISULEH71200032131,2019,3.2,712000,"Museums, historical sites, and similar institutions",3,Rate of injury and illness cases per 100 full-time workers (Size class 0),2,"Cases involving days away from work, job restriction, or transfer",131,"Private industry, Nebraska",Industry-level data from the Survey of Occupational Injuries and Illnesses (SOII)
ISULEH71200032131,2018,2.3,712000,"Museums, historical sites, and similar institutions",3,Rate of injury and illness cases per 100 full-time workers (Size class 0),2,"Cases involving days away from work, job restriction, or transfer",131,"Private industry, Nebraska",Industry-level data from the Survey of Occupational Injuries and Illnesses (SOII)
ISULEH71200032131,2016,2.8,712000,"Museums, historical sites, and similar institutions",3,Rate of injury and illness cases per 100 full-time workers (Size class 0),2,"Cases involving days away from work, job restriction, or transfer",131,"Private industry, Nebraska",Industry-level data from the Survey of Occupational Injuries and Illnesses (SOII)
ISULEH71200041131,2019,0,712000,"Museums, historical sites, and similar institutions",4,Number of illness cases (thousands) (Size class 0),1,Total recordable cases,131,"Private industry, Nebraska",Industry-level data from the Survey of Occupational Injuries and Illnesses (SOII)
ISULEH71200041131,2018,0,712000,"Museums, historical sites, and similar institutions",4,Number of illness cases (thousands) (Size class 0),1,Total recordable cases,131,"Private industry, Nebraska",Industry-level data from the Survey of Occupational Injuries and Illnesses (SOII)
ISULEH71200051131,2020,0.1,712000,"Museums, historical sites, and similar institutions",5,Number of injury cases (thousands) (Size class 0),1,Total recordable cases,131,"Private industry, Nebraska",Industry-level data from the Survey of Occupational Injuries and Illnesses (SOII)
ISULEH71200051131,2019,0,712000,"Museums, historical sites, and similar institutions",5,Number of injury cases (thousands) (Size class 0),1,Total recordable cases,131,"Private industry, Nebraska",Industry-level data from the Survey of Occupational Injuries and Illnesses (SOII)
ISULEH71200051131,2018,0.1,712000,"Museums, historical sites, and similar institutions",5,Number of injury cases (thousands) (Size class 0),1,Total recordable cases,131,"Private industry, Nebraska",Industry-level data from the Survey of Occupational Injuries and Illnesses (SOII)
ISULEH71200051131,2016,0,712000,"Museums, historical sites, and similar institutions",5,Number of injury cases (thousands) (Size class 0),1,Total recordable cases,131,"Private industry, Nebraska",Industry-level data from the Survey of Occupational Injuries and Illnesses (SOII)
ISULEH71300001131,2019,-,713000,"Amusement, gambling, and recreation industries",0,"Rate of illness cases per 10,000 full-time workers (Size class 0)",1,Total recordable cases,131,"Private industry, Nebraska",Industry-level data from the Survey of Occupational Injuries and Illnesses (SOII)
ISULEH71300001131,2017,-,713000,"Amusement, gambling, and recreation industries",0,"Rate of illness cases per 10,000 full-time workers (Size class 0)",1,Total recordable cases,131,"Private industry, Nebraska",Industry-level data from the Survey of Occupational Injuries and Illnesses (SOII)
ISULEH71300011131,2020,1.3,713000,"Amusement, gambling, and recreation industries",1,Rate of injury cases per 100 full-time workers (Size class 0),1,Total recordable cases,131,"Private industry, Nebraska",Industry-level data from the Survey of Occupational Injuries and Illnesses (SOII)
ISULEH71300011131,2019,1.6,713000,"Amusement, gambling, and recreation industries",1,Rate of injury cases per 100 full-time workers (Size class 0),1,Total recordable cases,131,"Private industry, Nebraska",Industry-level data from the Survey of Occupational Injuries and Illnesses (SOII)
ISULEH71300011131,2018,1.3,713000,"Amusement, gambling, and recreation industries",1,Rate of injury cases per 100 full-time workers (Size class 0),1,Total recordable cases,131,"Private industry, Nebraska",Industry-level data from the Survey of Occupational Injuries and Illnesses (SOII)
ISULEH71300011131,2017,1,713000,"Amusement, gambling, and recreation industries",1,Rate of injury cases per 100 full-time workers (Size class 0),1,Total recordable cases,131,"Private industry, Nebraska",Industry-level data from the Survey of Occupational Injuries and Illnesses (SOII)
ISULEH71300011131,2016,1.9,713000,"Amusement, gambling, and recreation industries",1,Rate of injury cases per 100 full-time workers (Size class 0),1,Total recordable cases,131,"Private industry, Nebraska",Industry-level data from the Survey of Occupational Injuries and Illnesses (SOII)
ISULEH71300031131,2020,1.3,713000,"Amusement, gambling, and recreation industries",3,Rate of injury and illness cases per 100 full-time workers (Size class 0),1,Total recordable cases,131,"Private industry, Nebraska",Industry-level data from the Survey of Occupational Injuries and Illnesses (SOII)
ISULEH71300031131,2019,1.6,713000,"Amusement, gambling, and recreation industries",3,Rate of injury and illness cases per 100 full-time workers (Size class 0),1,Total recordable cases,131,"Private industry, Nebraska",Industry-level data from the Survey of Occupational Injuries and Illnesses (SOII)
ISULEH71300031131,2018,1.7,713000,"Amusement, gambling, and recreation industries",3,Rate of injury and illness cases per 100 full-time workers (Size class 0),1,Total recordable cases,131,"Private industry, Nebraska",Industry-level data from the Survey of Occupational Injuries and Illnesses (SOII)
ISULEH71300031131,2017,1.2,713000,"Amusement, gambling, and recreation industries",3,Rate of injury and illness cases per 100 full-time workers (Size class 0),1,Total recordable cases,131,"Private industry, Nebraska",Industry-level data from the Survey of Occupational Injuries and Illnesses (SOII)
ISULEH71300031131,2016,2,713000,"Amusement, gambling, and recreation industries",3,Rate of injury and illness cases per 100 full-time workers (Size class 0),1,Total recordable cases,131,"Private industry, Nebraska",Industry-level data from the Survey of Occupational Injuries and Illnesses (SOII)
ISULEH71300032131,2020,0.9,713000,"Amusement, gambling, and recreation industries",3,Rate of injury and illness cases per 100 full-time workers (Size class 0),2,"Cases involving days away from work, job restriction, or transfer",131,"Private industry, Nebraska",Industry-level data from the Survey of Occupational Injuries and Illnesses (SOII)
ISULEH71300032131,2019,0.4,713000,"Amusement, gambling, and recreation industries",3,Rate of injury and illness cases per 100 full-time workers (Size class 0),2,"Cases involving days away from work, job restriction, or transfer",131,"Private industry, Nebraska",Industry-level data from the Survey of Occupational Injuries and Illnesses (SOII)
ISULEH71300032131,2018,0.5,713000,"Amusement, gambling, and recreation industries",3,Rate of injury and illness cases per 100 full-time workers (Size class 0),2,"Cases involving days away from work, job restriction, or transfer",131,"Private industry, Nebraska",Industry-level data from the Survey of Occupational Injuries and Illnesses (SOII)
ISULEH71300032131,2017,-,713000,"Amusement, gambling, and recreation industries",3,Rate of injury and illness cases per 100 full-time workers (Size class 0),2,"Cases involving days away from work, job restriction, or transfer",131,"Private industry, Nebraska",Industry-level data from the Survey of Occupational Injuries and Illnesses (SOII)
ISULEH71300032131,2016,0.4,713000,"Amusement, gambling, and recreation industries",3,Rate of injury and illness cases per 100 full-time workers (Size class 0),2,"Cases involving days away from work, job restriction, or transfer",131,"Private industry, Nebraska",Industry-level data from the Survey of Occupational Injuries and Illnesses (SOII)
ISULEH71300041131,2019,0,713000,"Amusement, gambling, and recreation industries",4,Number of illness cases (thousands) (Size class 0),1,Total recordable cases,131,"Private industry, Nebraska",Industry-level data from the Survey of Occupational Injuries and Illnesses (SOII)
ISULEH71300041131,2017,0,713000,"Amusement, gambling, and recreation industries",4,Number of illness cases (thousands) (Size class 0),1,Total recordable cases,131,"Private industry, Nebraska",Industry-level data from the Survey of Occupational Injuries and Illnesses (SOII)
ISULEH71300051131,2020,0,713000,"Amusement, gambling, and recreation industries",5,Number of injury cases (thousands) (Size class 0),1,Total recordable cases,131,"Private industry, Nebraska",Industry-level data from the Survey of Occupational Injuries and Illnesses (SOII)
ISULEH71300051131,2019,0.1,713000,"Amusement, gambling, and recreation industries",5,Number of injury cases (thousands) (Size class 0),1,Total recordable cases,131,"Private industry, Nebraska",Industry-level data from the Survey of Occupational Injuries and Illnesses (SOII)
ISULEH71300051131,2018,0.1,713000,"Amusement, gambling, and recreation industries",5,Number of injury cases (thousands) (Size class 0),1,Total recordable cases,131,"Private industry, Nebraska",Industry-level data from the Survey of Occupational Injuries and Illnesses (SOII)
ISULEH71300051131,2017,0.1,713000,"Amusement, gambling, and recreation industries",5,Number of injury cases (thousands) (Size class 0),1,Total recordable cases,131,"Private industry, Nebraska",Industry-level data from the Survey of Occupational Injuries and Illnesses (SOII)
ISULEH71300051131,2016,0.1,713000,"Amusement, gambling, and recreation industries",5,Number of injury cases (thousands) (Size class 0),1,Total recordable cases,131,"Private industry, Nebraska",Industry-level data from the Survey of Occupational Injuries and Illnesses (SOII)
ISULEH72100001131,2019,-,721000,Accommodation,0,"Rate of illness cases per 10,000 full-time workers (Size class 0)",1,Total recordable cases,131,"Private industry, Nebraska",Industry-level data from the Survey of Occupational Injuries and Illnesses (SOII)
ISULEH72100001131,2017,-,721000,Accommodation,0,"Rate of illness cases per 10,000 full-time workers (Size class 0)",1,Total recordable cases,131,"Private industry, Nebraska",Industry-level data from the Survey of Occupational Injuries and Illnesses (SOII)
ISULEH72100001131,2016,-,721000,Accommodation,0,"Rate of illness cases per 10,000 full-time workers (Size class 0)",1,Total recordable cases,131,"Private industry, Nebraska",Industry-level data from the Survey of Occupational Injuries and Illnesses (SOII)
ISULEH72100011131,2019,1.5,721000,Accommodation,1,Rate of injury cases per 100 full-time workers (Size class 0),1,Total recordable cases,131,"Private industry, Nebraska",Industry-level data from the Survey of Occupational Injuries and Illnesses (SOII)
ISULEH72100011131,2018,2.1,721000,Accommodation,1,Rate of injury cases per 100 full-time workers (Size class 0),1,Total recordable cases,131,"Private industry, Nebraska",Industry-level data from the Survey of Occupational Injuries and Illnesses (SOII)
ISULEH72100011131,2017,3.9,721000,Accommodation,1,Rate of injury cases per 100 full-time workers (Size class 0),1,Total recordable cases,131,"Private industry, Nebraska",Industry-level data from the Survey of Occupational Injuries and Illnesses (SOII)
ISULEH72100011131,2016,3.9,721000,Accommodation,1,Rate of injury cases per 100 full-time workers (Size class 0),1,Total recordable cases,131,"Private industry, Nebraska",Industry-level data from the Survey of Occupational Injuries and Illnesses (SOII)
ISULEH72100031131,2019,1.7,721000,Accommodation,3,Rate of injury and illness cases per 100 full-time workers (Size class 0),1,Total recordable cases,131,"Private industry, Nebraska",Industry-level data from the Survey of Occupational Injuries and Illnesses (SOII)
ISULEH72100031131,2018,2.4,721000,Accommodation,3,Rate of injury and illness cases per 100 full-time workers (Size class 0),1,Total recordable cases,131,"Private industry, Nebraska",Industry-level data from the Survey of Occupational Injuries and Illnesses (SOII)
ISULEH72100031131,2017,3.9,721000,Accommodation,3,Rate of injury and illness cases per 100 full-time workers (Size class 0),1,Total recordable cases,131,"Private industry, Nebraska",Industry-level data from the Survey of Occupational Injuries and Illnesses (SOII)
ISULEH72100031131,2016,4,721000,Accommodation,3,Rate of injury and illness cases per 100 full-time workers (Size class 0),1,Total recordable cases,131,"Private industry, Nebraska",Industry-level data from the Survey of Occupational Injuries and Illnesses (SOII)
ISULEH72100032131,2019,0.7,721000,Accommodation,3,Rate of injury and illness cases per 100 full-time workers (Size class 0),2,"Cases involving days away from work, job restriction, or transfer",131,"Private industry, Nebraska",Industry-level data from the Survey of Occupational Injuries and Illnesses (SOII)
ISULEH72100032131,2018,1.5,721000,Accommodation,3,Rate of injury and illness cases per 100 full-time workers (Size class 0),2,"Cases involving days away from work, job restriction, or transfer",131,"Private industry, Nebraska",Industry-level data from the Survey of Occupational Injuries and Illnesses (SOII)
ISULEH72100032131,2017,1.3,721000,Accommodation,3,Rate of injury and illness cases per 100 full-time workers (Size class 0),2,"Cases involving days away from work, job restriction, or transfer",131,"Private industry, Nebraska",Industry-level data from the Survey of Occupational Injuries and Illnesses (SOII)
ISULEH72100032131,2016,1.4,721000,Accommodation,3,Rate of injury and illness cases per 100 full-time workers (Size class 0),2,"Cases involving days away from work, job restriction, or transfer",131,"Private industry, Nebraska",Industry-level data from the Survey of Occupational Injuries and Illnesses (SOII)
ISULEH72100041131,2019,0,721000,Accommodation,4,Number of illness cases (thousands) (Size class 0),1,Total recordable cases,131,"Private industry, Nebraska",Industry-level data from the Survey of Occupational Injuries and Illnesses (SOII)
ISULEH72100041131,2017,0,721000,Accommodation,4,Number of illness cases (thousands) (Size class 0),1,Total recordable cases,131,"Private industry, Nebraska",Industry-level data from the Survey of Occupational Injuries and Illnesses (SOII)
ISULEH72100041131,2016,0,721000,Accommodation,4,Number of illness cases (thousands) (Size class 0),1,Total recordable cases,131,"Private industry, Nebraska",Industry-level data from the Survey of Occupational Injuries and Illnesses (SOII)
ISULEH72100051131,2019,0.1,721000,Accommodation,5,Number of injury cases (thousands) (Size class 0),1,Total recordable cases,131,"Private industry, Nebraska",Industry-level data from the Survey of Occupational Injuries and Illnesses (SOII)
ISULEH72100051131,2018,0.1,721000,Accommodation,5,Number of injury cases (thousands) (Size class 0),1,Total recordable cases,131,"Private industry, Nebraska",Industry-level data from the Survey of Occupational Injuries and Illnesses (SOII)
ISULEH72100051131,2017,0.2,721000,Accommodation,5,Number of injury cases (thousands) (Size class 0),1,Total recordable cases,131,"Private industry, Nebraska",Industry-level data from the Survey of Occupational Injuries and Illnesses (SOII)
ISULEH72100051131,2016,0.2,721000,Accommodation,5,Number of injury cases (thousands) (Size class 0),1,Total recordable cases,131,"Private industry, Nebraska",Industry-level data from the Survey of Occupational Injuries and Illnesses (SOII)
ISULEH72200001131,2020,13.4,722000,Food services and drinking places,0,"Rate of illness cases per 10,000 full-time workers (Size class 0)",1,Total recordable cases,131,"Private industry, Nebraska",Industry-level data from the Survey of Occupational Injuries and Illnesses (SOII)
ISULEH72200001131,2019,-,722000,Food services and drinking places,0,"Rate of illness cases per 10,000 full-time workers (Size class 0)",1,Total recordable cases,131,"Private industry, Nebraska",Industry-level data from the Survey of Occupational Injuries and Illnesses (SOII)
ISULEH72200001131,2018,6,722000,Food services and drinking places,0,"Rate of illness cases per 10,000 full-time workers (Size class 0)",1,Total recordable cases,131,"Private industry, Nebraska",Industry-level data from the Survey of Occupational Injuries and Illnesses (SOII)
ISULEH72200001131,2017,-,722000,Food services and drinking places,0,"Rate of illness cases per 10,000 full-time workers (Size class 0)",1,Total recordable cases,131,"Private industry, Nebraska",Industry-level data from the Survey of Occupational Injuries and Illnesses (SOII)
ISULEH72200011131,2020,2.7,722000,Food services and drinking places,1,Rate of injury cases per 100 full-time workers (Size class 0),1,Total recordable cases,131,"Private industry, Nebraska",Industry-level data from the Survey of Occupational Injuries and Illnesses (SOII)
ISULEH72200011131,2019,3.3,722000,Food services and drinking places,1,Rate of injury cases per 100 full-time workers (Size class 0),1,Total recordable cases,131,"Private industry, Nebraska",Industry-level data from the Survey of Occupational Injuries and Illnesses (SOII)
ISULEH72200011131,2018,3.7,722000,Food services and drinking places,1,Rate of injury cases per 100 full-time workers (Size class 0),1,Total recordable cases,131,"Private industry, Nebraska",Industry-level data from the Survey of Occupational Injuries and Illnesses (SOII)
ISULEH72200011131,2017,2.9,722000,Food services and drinking places,1,Rate of injury cases per 100 full-time workers (Size class 0),1,Total recordable cases,131,"Private industry, Nebraska",Industry-level data from the Survey of Occupational Injuries and Illnesses (SOII)
ISULEH72200011131,2016,3.1,722000,Food services and drinking places,1,Rate of injury cases per 100 full-time workers (Size class 0),1,Total recordable cases,131,"Private industry, Nebraska",Industry-level data from the Survey of Occupational Injuries and Illnesses (SOII)
ISULEH72200031131,2020,2.8,722000,Food services and drinking places,3,Rate of injury and illness cases per 100 full-time workers (Size class 0),1,Total recordable cases,131,"Private industry, Nebraska",Industry-level data from the Survey of Occupational Injuries and Illnesses (SOII)
ISULEH72200031131,2019,3.3,722000,Food services and drinking places,3,Rate of injury and illness cases per 100 full-time workers (Size class 0),1,Total recordable cases,131,"Private industry, Nebraska",Industry-level data from the Survey of Occupational Injuries and Illnesses (SOII)
ISULEH72200031131,2018,3.8,722000,Food services and drinking places,3,Rate of injury and illness cases per 100 full-time workers (Size class 0),1,Total recordable cases,131,"Private industry, Nebraska",Industry-level data from the Survey of Occupational Injuries and Illnesses (SOII)
ISULEH72200031131,2017,2.9,722000,Food services and drinking places,3,Rate of injury and illness cases per 100 full-time workers (Size class 0),1,Total recordable cases,131,"Private industry, Nebraska",Industry-level data from the Survey of Occupational Injuries and Illnesses (SOII)
ISULEH72200031131,2016,3.2,722000,Food services and drinking places,3,Rate of injury and illness cases per 100 full-time workers (Size class 0),1,Total recordable cases,131,"Private industry, Nebraska",Industry-level data from the Survey of Occupational Injuries and Illnesses (SOII)
ISULEH72200032131,2020,0.9,722000,Food services and drinking places,3,Rate of injury and illness cases per 100 full-time workers (Size class 0),2,"Cases involving days away from work, job restriction, or transfer",131,"Private industry, Nebraska",Industry-level data from the Survey of Occupational Injuries and Illnesses (SOII)
ISULEH72200032131,2019,1.2,722000,Food services and drinking places,3,Rate of injury and illness cases per 100 full-time workers (Size class 0),2,"Cases involving days away from work, job restriction, or transfer",131,"Private industry, Nebraska",Industry-level data from the Survey of Occupational Injuries and Illnesses (SOII)
ISULEH72200032131,2018,1.1,722000,Food services and drinking places,3,Rate of injury and illness cases per 100 full-time workers (Size class 0),2,"Cases involving days away from work, job restriction, or transfer",131,"Private industry, Nebraska",Industry-level data from the Survey of Occupational Injuries and Illnesses (SOII)
ISULEH72200032131,2017,0.6,722000,Food services and drinking places,3,Rate of injury and illness cases per 100 full-time workers (Size class 0),2,"Cases involving days away from work, job restriction, or transfer",131,"Private industry, Nebraska",Industry-level data from the Survey of Occupational Injuries and Illnesses (SOII)
ISULEH72200032131,2016,0.9,722000,Food services and drinking places,3,Rate of injury and illness cases per 100 full-time workers (Size class 0),2,"Cases involving days away from work, job restriction, or transfer",131,"Private industry, Nebraska",Industry-level data from the Survey of Occupational Injuries and Illnesses (SOII)
ISULEH72200041131,2020,0,722000,Food services and drinking places,4,Number of illness cases (thousands) (Size class 0),1,Total recordable cases,131,"Private industry, Nebraska",Industry-level data from the Survey of Occupational Injuries and Illnesses (SOII)
ISULEH72200041131,2019,0,722000,Food services and drinking places,4,Number of illness cases (thousands) (Size class 0),1,Total recordable cases,131,"Private industry, Nebraska",Industry-level data from the Survey of Occupational Injuries and Illnesses (SOII)
ISULEH72200041131,2018,0,722000,Food services and drinking places,4,Number of illness cases (thousands) (Size class 0),1,Total recordable cases,131,"Private industry, Nebraska",Industry-level data from the Survey of Occupational Injuries and Illnesses (SOII)
ISULEH72200041131,2017,0,722000,Food services and drinking places,4,Number of illness cases (thousands) (Size class 0),1,Total recordable cases,131,"Private industry, Nebraska",Industry-level data from the Survey of Occupational Injuries and Illnesses (SOII)
ISULEH72200051131,2020,0.9,722000,Food services and drinking places,5,Number of injury cases (thousands) (Size class 0),1,Total recordable cases,131,"Private industry, Nebraska",Industry-level data from the Survey of Occupational Injuries and Illnesses (SOII)
ISULEH72200051131,2019,1.3,722000,Food services and drinking places,5,Number of injury cases (thousands) (Size class 0),1,Total recordable cases,131,"Private industry, Nebraska",Industry-level data from the Survey of Occupational Injuries and Illnesses (SOII)
ISULEH72200051131,2018,1.4,722000,Food services and drinking places,5,Number of injury cases (thousands) (Size class 0),1,Total recordable cases,131,"Private industry, Nebraska",Industry-level data from the Survey of Occupational Injuries and Illnesses (SOII)
ISULEH72200051131,2017,1.1,722000,Food services and drinking places,5,Number of injury cases (thousands) (Size class 0),1,Total recordable cases,131,"Private industry, Nebraska",Industry-level data from the Survey of Occupational Injuries and Illnesses (SOII)
ISULEH72200051131,2016,1.1,722000,Food services and drinking places,5,Number of injury cases (thousands) (Size class 0),1,Total recordable cases,131,"Private industry, Nebraska",Industry-level data from the Survey of Occupational Injuries and Illnesses (SOII)
ISULEHSP1LEH01131,2020,12.5,SP1LEH,"Leisure, entertainment, and hospitality",0,"Rate of illness cases per 10,000 full-time workers (Size class 0)",1,Total recordable cases,131,"Private industry, Nebraska",Industry-level data from the Survey of Occupational Injuries and Illnesses (SOII)
ISULEHSP1LEH01131,2019,3.1,SP1LEH,"Leisure, entertainment, and hospitality",0,"Rate of illness cases per 10,000 full-time workers (Size class 0)",1,Total recordable cases,131,"Private industry, Nebraska",Industry-level data from the Survey of Occupational Injuries and Illnesses (SOII)
ISULEHSP1LEH01131,2018,12.5,SP1LEH,"Leisure, entertainment, and hospitality",0,"Rate of illness cases per 10,000 full-time workers (Size class 0)",1,Total recordable cases,131,"Private industry, Nebraska",Industry-level data from the Survey of Occupational Injuries and Illnesses (SOII)
ISULEHSP1LEH01131,2017,5.3,SP1LEH,"Leisure, entertainment, and hospitality",0,"Rate of illness cases per 10,000 full-time workers (Size class 0)",1,Total recordable cases,131,"Private industry, Nebraska",Industry-level data from the Survey of Occupational Injuries and Illnesses (SOII)
ISULEHSP1LEH01131,2016,5.4,SP1LEH,"Leisure, entertainment, and hospitality",0,"Rate of illness cases per 10,000 full-time workers (Size class 0)",1,Total recordable cases,131,"Private industry, Nebraska",Industry-level data from the Survey of Occupational Injuries and Illnesses (SOII)
ISULEHSP1LEH11131,2020,2.5,SP1LEH,"Leisure, entertainment, and hospitality",1,Rate of injury cases per 100 full-time workers (Size class 0),1,Total recordable cases,131,"Private industry, Nebraska",Industry-level data from the Survey of Occupational Injuries and Illnesses (SOII)
ISULEHSP1LEH11131,2019,3,SP1LEH,"Leisure, entertainment, and hospitality",1,Rate of injury cases per 100 full-time workers (Size class 0),1,Total recordable cases,131,"Private industry, Nebraska",Industry-level data from the Survey of Occupational Injuries and Illnesses (SOII)
ISULEHSP1LEH11131,2018,3.4,SP1LEH,"Leisure, entertainment, and hospitality",1,Rate of injury cases per 100 full-time workers (Size class 0),1,Total recordable cases,131,"Private industry, Nebraska",Industry-level data from the Survey of Occupational Injuries and Illnesses (SOII)
ISULEHSP1LEH11131,2017,2.8,SP1LEH,"Leisure, entertainment, and hospitality",1,Rate of injury cases per 100 full-time workers (Size class 0),1,Total recordable cases,131,"Private industry, Nebraska",Industry-level data from the Survey of Occupational Injuries and Illnesses (SOII)
ISULEHSP1LEH11131,2016,3.2,SP1LEH,"Leisure, entertainment, and hospitality",1,Rate of injury cases per 100 full-time workers (Size class 0),1,Total recordable cases,131,"Private industry, Nebraska",Industry-level data from the Survey of Occupational Injuries and Illnesses (SOII)
ISULEHSP1LEH31131,2020,2.6,SP1LEH,"Leisure, entertainment, and hospitality",3,Rate of injury and illness cases per 100 full-time workers (Size class 0),1,Total recordable cases,131,"Private industry, Nebraska",Industry-level data from the Survey of Occupational Injuries and Illnesses (SOII)
ISULEHSP1LEH31131,2019,3,SP1LEH,"Leisure, entertainment, and hospitality",3,Rate of injury and illness cases per 100 full-time workers (Size class 0),1,Total recordable cases,131,"Private industry, Nebraska",Industry-level data from the Survey of Occupational Injuries and Illnesses (SOII)
ISULEHSP1LEH31131,2018,3.5,SP1LEH,"Leisure, entertainment, and hospitality",3,Rate of injury and illness cases per 100 full-time workers (Size class 0),1,Total recordable cases,131,"Private industry, Nebraska",Industry-level data from the Survey of Occupational Injuries and Illnesses (SOII)
ISULEHSP1LEH31131,2017,2.9,SP1LEH,"Leisure, entertainment, and hospitality",3,Rate of injury and illness cases per 100 full-time workers (Size class 0),1,Total recordable cases,131,"Private industry, Nebraska",Industry-level data from the Survey of Occupational Injuries and Illnesses (SOII)
ISULEHSP1LEH31131,2016,3.2,SP1LEH,"Leisure, entertainment, and hospitality",3,Rate of injury and illness cases per 100 full-time workers (Size class 0),1,Total recordable cases,131,"Private industry, Nebraska",Industry-level data from the Survey of Occupational Injuries and Illnesses (SOII)
ISULEHSP1LEH32131,2020,0.9,SP1LEH,"Leisure, entertainment, and hospitality",3,Rate of injury and illness cases per 100 full-time workers (Size class 0),2,"Cases involving days away from work, job restriction, or transfer",131,"Private industry, Nebraska",Industry-level data from the Survey of Occupational Injuries and Illnesses (SOII)
ISULEHSP1LEH32131,2019,1.1,SP1LEH,"Leisure, entertainment, and hospitality",3,Rate of injury and illness cases per 100 full-time workers (Size class 0),2,"Cases involving days away from work, job restriction, or transfer",131,"Private industry, Nebraska",Industry-level data from the Survey of Occupational Injuries and Illnesses (SOII)
ISULEHSP1LEH32131,2018,1.1,SP1LEH,"Leisure, entertainment, and hospitality",3,Rate of injury and illness cases per 100 full-time workers (Size class 0),2,"Cases involving days away from work, job restriction, or transfer",131,"Private industry, Nebraska",Industry-level data from the Survey of Occupational Injuries and Illnesses (SOII)
ISULEHSP1LEH32131,2017,0.6,SP1LEH,"Leisure, entertainment, and hospitality",3,Rate of injury and illness cases per 100 full-time workers (Size class 0),2,"Cases involving days away from work, job restriction, or transfer",131,"Private industry, Nebraska",Industry-level data from the Survey of Occupational Injuries and Illnesses (SOII)
ISULEHSP1LEH32131,2016,1,SP1LEH,"Leisure, entertainment, and hospitality",3,Rate of injury and illness cases per 100 full-time workers (Size class 0),2,"Cases involving days away from work, job restriction, or transfer",131,"Private industry, Nebraska",Industry-level data from the Survey of Occupational Injuries and Illnesses (SOII)
ISULEHSP1LEH41131,2020,0.1,SP1LEH,"Leisure, entertainment, and hospitality",4,Number of illness cases (thousands) (Size class 0),1,Total recordable cases,131,"Private industry, Nebraska",Industry-level data from the Survey of Occupational Injuries and Illnesses (SOII)
ISULEHSP1LEH41131,2019,0,SP1LEH,"Leisure, entertainment, and hospitality",4,Number of illness cases (thousands) (Size class 0),1,Total recordable cases,131,"Private industry, Nebraska",Industry-level data from the Survey of Occupational Injuries and Illnesses (SOII)
ISULEHSP1LEH41131,2018,0.1,SP1LEH,"Leisure, entertainment, and hospitality",4,Number of illness cases (thousands) (Size class 0),1,Total recordable cases,131,"Private industry, Nebraska",Industry-level data from the Survey of Occupational Injuries and Illnesses (SOII)
ISULEHSP1LEH41131,2017,0,SP1LEH,"Leisure, entertainment, and hospitality",4,Number of illness cases (thousands) (Size class 0),1,Total recordable cases,131,"Private industry, Nebraska",Industry-level data from the Survey of Occupational Injuries and Illnesses (SOII)
ISULEHSP1LEH41131,2016,0,SP1LEH,"Leisure, entertainment, and hospitality",4,Number of illness cases (thousands) (Size class 0),1,Total recordable cases,131,"Private industry, Nebraska",Industry-level data from the Survey of Occupational Injuries and Illnesses (SOII)
ISULEHSP1LEH51131,2020,1.1,SP1LEH,"Leisure, entertainment, and hospitality",5,Number of injury cases (thousands) (Size class 0),1,Total recordable cases,131,"Private industry, Nebraska",Industry-level data from the Survey of Occupational Injuries and Illnesses (SOII)
ISULEHSP1LEH51131,2019,1.5,SP1LEH,"Leisure, entertainment, and hospitality",5,Number of injury cases (thousands) (Size class 0),1,Total recordable cases,131,"Private industry, Nebraska",Industry-level data from the Survey of Occupational Injuries and Illnesses (SOII)
ISULEHSP1LEH51131,2018,1.7,SP1LEH,"Leisure, entertainment, and hospitality",5,Number of injury cases (thousands) (Size class 0),1,Total recordable cases,131,"Private industry, Nebraska",Industry-level data from the Survey of Occupational Injuries and Illnesses (SOII)
ISULEHSP1LEH51131,2017,1.5,SP1LEH,"Leisure, entertainment, and hospitality",5,Number of injury cases (thousands) (Size class 0),1,Total recordable cases,131,"Private industry, Nebraska",Industry-level data from the Survey of Occupational Injuries and Illnesses (SOII)
ISULEHSP1LEH51131,2016,1.5,SP1LEH,"Leisure, entertainment, and hospitality",5,Number of injury cases (thousands) (Size class 0),1,Total recordable cases,131,"Private industry, Nebraska",Industry-level data from the Survey of Occupational Injuries and Illnesses (SOII)
ISULEHSP2AER01131,2019,-,SP2AER,"Arts, entertainment, and recreation",0,"Rate of illness cases per 10,000 full-time workers (Size class 0)",1,Total recordable cases,131,"Private industry, Nebraska",Industry-level data from the Survey of Occupational Injuries and Illnesses (SOII)
ISULEHSP2AER01131,2018,40.3,SP2AER,"Arts, entertainment, and recreation",0,"Rate of illness cases per 10,000 full-time workers (Size class 0)",1,Total recordable cases,131,"Private industry, Nebraska",Industry-level data from the Survey of Occupational Injuries and Illnesses (SOII)
ISULEHSP2AER01131,2017,32.2,SP2AER,"Arts, entertainment, and recreation",0,"Rate of illness cases per 10,000 full-time workers (Size class 0)",1,Total recordable cases,131,"Private industry, Nebraska",Industry-level data from the Survey of Occupational Injuries and Illnesses (SOII)
ISULEHSP2AER01131,2016,-,SP2AER,"Arts, entertainment, and recreation",0,"Rate of illness cases per 10,000 full-time workers (Size class 0)",1,Total recordable cases,131,"Private industry, Nebraska",Industry-level data from the Survey of Occupational Injuries and Illnesses (SOII)
ISULEHSP2AER11131,2020,2.2,SP2AER,"Arts, entertainment, and recreation",1,Rate of injury cases per 100 full-time workers (Size class 0),1,Total recordable cases,131,"Private industry, Nebraska",Industry-level data from the Survey of Occupational Injuries and Illnesses (SOII)
ISULEHSP2AER11131,2019,2.5,SP2AER,"Arts, entertainment, and recreation",1,Rate of injury cases per 100 full-time workers (Size class 0),1,Total recordable cases,131,"Private industry, Nebraska",Industry-level data from the Survey of Occupational Injuries and Illnesses (SOII)
ISULEHSP2AER11131,2018,2.3,SP2AER,"Arts, entertainment, and recreation",1,Rate of injury cases per 100 full-time workers (Size class 0),1,Total recordable cases,131,"Private industry, Nebraska",Industry-level data from the Survey of Occupational Injuries and Illnesses (SOII)
ISULEHSP2AER11131,2017,1.6,SP2AER,"Arts, entertainment, and recreation",1,Rate of injury cases per 100 full-time workers (Size class 0),1,Total recordable cases,131,"Private industry, Nebraska",Industry-level data from the Survey of Occupational Injuries and Illnesses (SOII)
ISULEHSP2AER11131,2016,2.8,SP2AER,"Arts, entertainment, and recreation",1,Rate of injury cases per 100 full-time workers (Size class 0),1,Total recordable cases,131,"Private industry, Nebraska",Industry-level data from the Survey of Occupational Injuries and Illnesses (SOII)
ISULEHSP2AER31131,2020,2.2,SP2AER,"Arts, entertainment, and recreation",3,Rate of injury and illness cases per 100 full-time workers (Size class 0),1,Total recordable cases,131,"Private industry, Nebraska",Industry-level data from the Survey of Occupational Injuries and Illnesses (SOII)
ISULEHSP2AER31131,2019,2.5,SP2AER,"Arts, entertainment, and recreation",3,Rate of injury and illness cases per 100 full-time workers (Size class 0),1,Total recordable cases,131,"Private industry, Nebraska",Industry-level data from the Survey of Occupational Injuries and Illnesses (SOII)
ISULEHSP2AER31131,2018,2.7,SP2AER,"Arts, entertainment, and recreation",3,Rate of injury and illness cases per 100 full-time workers (Size class 0),1,Total recordable cases,131,"Private industry, Nebraska",Industry-level data from the Survey of Occupational Injuries and Illnesses (SOII)
ISULEHSP2AER31131,2017,1.9,SP2AER,"Arts, entertainment, and recreation",3,Rate of injury and illness cases per 100 full-time workers (Size class 0),1,Total recordable cases,131,"Private industry, Nebraska",Industry-level data from the Survey of Occupational Injuries and Illnesses (SOII)
ISULEHSP2AER31131,2016,2.9,SP2AER,"Arts, entertainment, and recreation",3,Rate of injury and illness cases per 100 full-time workers (Size class 0),1,Total recordable cases,131,"Private industry, Nebraska",Industry-level data from the Survey of Occupational Injuries and Illnesses (SOII)
ISULEHSP2AER32131,2020,1.1,SP2AER,"Arts, entertainment, and recreation",3,Rate of injury and illness cases per 100 full-time workers (Size class 0),2,"Cases involving days away from work, job restriction, or transfer",131,"Private industry, Nebraska",Industry-level data from the Survey of Occupational Injuries and Illnesses (SOII)
ISULEHSP2AER32131,2019,0.8,SP2AER,"Arts, entertainment, and recreation",3,Rate of injury and illness cases per 100 full-time workers (Size class 0),2,"Cases involving days away from work, job restriction, or transfer",131,"Private industry, Nebraska",Industry-level data from the Survey of Occupational Injuries and Illnesses (SOII)
ISULEHSP2AER32131,2018,0.8,SP2AER,"Arts, entertainment, and recreation",3,Rate of injury and illness cases per 100 full-time workers (Size class 0),2,"Cases involving days away from work, job restriction, or transfer",131,"Private industry, Nebraska",Industry-level data from the Survey of Occupational Injuries and Illnesses (SOII)
ISULEHSP2AER32131,2017,0.3,SP2AER,"Arts, entertainment, and recreation",3,Rate of injury and illness cases per 100 full-time workers (Size class 0),2,"Cases involving days away from work, job restriction, or transfer",131,"Private industry, Nebraska",Industry-level data from the Survey of Occupational Injuries and Illnesses (SOII)
ISULEHSP2AER32131,2016,1.1,SP2AER,"Arts, entertainment, and recreation",3,Rate of injury and illness cases per 100 full-time workers (Size class 0),2,"Cases involving days away from work, job restriction, or transfer",131,"Private industry, Nebraska",Industry-level data from the Survey of Occupational Injuries and Illnesses (SOII)
ISULEHSP2AER41131,2019,0,SP2AER,"Arts, entertainment, and recreation",4,Number of illness cases (thousands) (Size class 0),1,Total recordable cases,131,"Private industry, Nebraska",Industry-level data from the Survey of Occupational Injuries and Illnesses (SOII)
ISULEHSP2AER41131,2018,0,SP2AER,"Arts, entertainment, and recreation",4,Number of illness cases (thousands) (Size class 0),1,Total recordable cases,131,"Private industry, Nebraska",Industry-level data from the Survey of Occupational Injuries and Illnesses (SOII)
ISULEHSP2AER41131,2017,0,SP2AER,"Arts, entertainment, and recreation",4,Number of illness cases (thousands) (Size class 0),1,Total recordable cases,131,"Private industry, Nebraska",Industry-level data from the Survey of Occupational Injuries and Illnesses (SOII)
ISULEHSP2AER41131,2016,0,SP2AER,"Arts, entertainment, and recreation",4,Number of illness cases (thousands) (Size class 0),1,Total recordable cases,131,"Private industry, Nebraska",Industry-level data from the Survey of Occupational Injuries and Illnesses (SOII)
ISULEHSP2AER51131,2020,0.1,SP2AER,"Arts, entertainment, and recreation",5,Number of injury cases (thousands) (Size class 0),1,Total recordable cases,131,"Private industry, Nebraska",Industry-level data from the Survey of Occupational Injuries and Illnesses (SOII)
ISULEHSP2AER51131,2019,0.2,SP2AER,"Arts, entertainment, and recreation",5,Number of injury cases (thousands) (Size class 0),1,Total recordable cases,131,"Private industry, Nebraska",Industry-level data from the Survey of Occupational Injuries and Illnesses (SOII)
ISULEHSP2AER51131,2018,0.2,SP2AER,"Arts, entertainment, and recreation",5,Number of injury cases (thousands) (Size class 0),1,Total recordable cases,131,"Private industry, Nebraska",Industry-level data from the Survey of Occupational Injuries and Illnesses (SOII)
ISULEHSP2AER51131,2017,0.1,SP2AER,"Arts, entertainment, and recreation",5,Number of injury cases (thousands) (Size class 0),1,Total recordable cases,131,"Private industry, Nebraska",Industry-level data from the Survey of Occupational Injuries and Illnesses (SOII)
ISULEHSP2AER51131,2016,0.2,SP2AER,"Arts, entertainment, and recreation",5,Number of injury cases (thousands) (Size class 0),1,Total recordable cases,131,"Private industry, Nebraska",Industry-level data from the Survey of Occupational Injuries and Illnesses (SOII)
ISULEHSP2AFS01131,2020,14.5,SP2AFS,Accommodation and food services,0,"Rate of illness cases per 10,000 full-time workers (Size class 0)",1,Total recordable cases,131,"Private industry, Nebraska",Industry-level data from the Survey of Occupational Injuries and Illnesses (SOII)
ISULEHSP2AFS01131,2019,-,SP2AFS,Accommodation and food services,0,"Rate of illness cases per 10,000 full-time workers (Size class 0)",1,Total recordable cases,131,"Private industry, Nebraska",Industry-level data from the Survey of Occupational Injuries and Illnesses (SOII)
ISULEHSP2AFS01131,2018,8.1,SP2AFS,Accommodation and food services,0,"Rate of illness cases per 10,000 full-time workers (Size class 0)",1,Total recordable cases,131,"Private industry, Nebraska",Industry-level data from the Survey of Occupational Injuries and Illnesses (SOII)
ISULEHSP2AFS01131,2017,-,SP2AFS,Accommodation and food services,0,"Rate of illness cases per 10,000 full-time workers (Size class 0)",1,Total recordable cases,131,"Private industry, Nebraska",Industry-level data from the Survey of Occupational Injuries and Illnesses (SOII)
ISULEHSP2AFS01131,2016,4,SP2AFS,Accommodation and food services,0,"Rate of illness cases per 10,000 full-time workers (Size class 0)",1,Total recordable cases,131,"Private industry, Nebraska",Industry-level data from the Survey of Occupational Injuries and Illnesses (SOII)
ISULEHSP2AFS11131,2020,2.5,SP2AFS,Accommodation and food services,1,Rate of injury cases per 100 full-time workers (Size class 0),1,Total recordable cases,131,"Private industry, Nebraska",Industry-level data from the Survey of Occupational Injuries and Illnesses (SOII)
ISULEHSP2AFS11131,2019,3.1,SP2AFS,Accommodation and food services,1,Rate of injury cases per 100 full-time workers (Size class 0),1,Total recordable cases,131,"Private industry, Nebraska",Industry-level data from the Survey of Occupational Injuries and Illnesses (SOII)
ISULEHSP2AFS11131,2018,3.5,SP2AFS,Accommodation and food services,1,Rate of injury cases per 100 full-time workers (Size class 0),1,Total recordable cases,131,"Private industry, Nebraska",Industry-level data from the Survey of Occupational Injuries and Illnesses (SOII)
ISULEHSP2AFS11131,2017,3,SP2AFS,Accommodation and food services,1,Rate of injury cases per 100 full-time workers (Size class 0),1,Total recordable cases,131,"Private industry, Nebraska",Industry-level data from the Survey of Occupational Injuries and Illnesses (SOII)
ISULEHSP2AFS11131,2016,3.2,SP2AFS,Accommodation and food services,1,Rate of injury cases per 100 full-time workers (Size class 0),1,Total recordable cases,131,"Private industry, Nebraska",Industry-level data from the Survey of Occupational Injuries and Illnesses (SOII)
ISULEHSP2AFS31131,2020,2.7,SP2AFS,Accommodation and food services,3,Rate of injury and illness cases per 100 full-time workers (Size class 0),1,Total recordable cases,131,"Private industry, Nebraska",Industry-level data from the Survey of Occupational Injuries and Illnesses (SOII)
ISULEHSP2AFS31131,2019,3.1,SP2AFS,Accommodation and food services,3,Rate of injury and illness cases per 100 full-time workers (Size class 0),1,Total recordable cases,131,"Private industry, Nebraska",Industry-level data from the Survey of Occupational Injuries and Illnesses (SOII)
ISULEHSP2AFS31131,2018,3.6,SP2AFS,Accommodation and food services,3,Rate of injury and illness cases per 100 full-time workers (Size class 0),1,Total recordable cases,131,"Private industry, Nebraska",Industry-level data from the Survey of Occupational Injuries and Illnesses (SOII)
ISULEHSP2AFS31131,2017,3,SP2AFS,Accommodation and food services,3,Rate of injury and illness cases per 100 full-time workers (Size class 0),1,Total recordable cases,131,"Private industry, Nebraska",Industry-level data from the Survey of Occupational Injuries and Illnesses (SOII)
ISULEHSP2AFS31131,2016,3.3,SP2AFS,Accommodation and food services,3,Rate of injury and illness cases per 100 full-time workers (Size class 0),1,Total recordable cases,131,"Private industry, Nebraska",Industry-level data from the Survey of Occupational Injuries and Illnesses (SOII)
ISULEHSP2AFS32131,2020,0.8,SP2AFS,Accommodation and food services,3,Rate of injury and illness cases per 100 full-time workers (Size class 0),2,"Cases involving days away from work, job restriction, or transfer",131,"Private industry, Nebraska",Industry-level data from the Survey of Occupational Injuries and Illnesses (SOII)
ISULEHSP2AFS32131,2019,1.1,SP2AFS,Accommodation and food services,3,Rate of injury and illness cases per 100 full-time workers (Size class 0),2,"Cases involving days away from work, job restriction, or transfer",131,"Private industry, Nebraska",Industry-level data from the Survey of Occupational Injuries and Illnesses (SOII)
ISULEHSP2AFS32131,2018,1.1,SP2AFS,Accommodation and food services,3,Rate of injury and illness cases per 100 full-time workers (Size class 0),2,"Cases involving days away from work, job restriction, or transfer",131,"Private industry, Nebraska",Industry-level data from the Survey of Occupational Injuries and Illnesses (SOII)
ISULEHSP2AFS32131,2017,0.7,SP2AFS,Accommodation and food services,3,Rate of injury and illness cases per 100 full-time workers (Size class 0),2,"Cases involving days away from work, job restriction, or transfer",131,"Private industry, Nebraska",Industry-level data from the Survey of Occupational Injuries and Illnesses (SOII)
ISULEHSP2AFS32131,2016,0.9,SP2AFS,Accommodation and food services,3,Rate of injury and illness cases per 100 full-time workers (Size class 0),2,"Cases involving days away from work, job restriction, or transfer",131,"Private industry, Nebraska",Industry-level data from the Survey of Occupational Injuries and Illnesses (SOII)
ISULEHSP2AFS41131,2020,0.1,SP2AFS,Accommodation and food services,4,Number of illness cases (thousands) (Size class 0),1,Total recordable cases,131,"Private industry, Nebraska",Industry-level data from the Survey of Occupational Injuries and Illnesses (SOII)
ISULEHSP2AFS41131,2019,0,SP2AFS,Accommodation and food services,4,Number of illness cases (thousands) (Size class 0),1,Total recordable cases,131,"Private industry, Nebraska",Industry-level data from the Survey of Occupational Injuries and Illnesses (SOII)
ISULEHSP2AFS41131,2018,0,SP2AFS,Accommodation and food services,4,Number of illness cases (thousands) (Size class 0),1,Total recordable cases,131,"Private industry, Nebraska",Industry-level data from the Survey of Occupational Injuries and Illnesses (SOII)
ISULEHSP2AFS41131,2017,0,SP2AFS,Accommodation and food services,4,Number of illness cases (thousands) (Size class 0),1,Total recordable cases,131,"Private industry, Nebraska",Industry-level data from the Survey of Occupational Injuries and Illnesses (SOII)
ISULEHSP2AFS41131,2016,0,SP2AFS,Accommodation and food services,4,Number of illness cases (thousands) (Size class 0),1,Total recordable cases,131,"Private industry, Nebraska",Industry-level data from the Survey of Occupational Injuries and Illnesses (SOII)
ISULEHSP2AFS51131,2020,1,SP2AFS,Accommodation and food services,5,Number of injury cases (thousands) (Size class 0),1,Total recordable cases,131,"Private industry, Nebraska",Industry-level data from the Survey of Occupational Injuries and Illnesses (SOII)
ISULEHSP2AFS51131,2019,1.4,SP2AFS,Accommodation and food services,5,Number of injury cases (thousands) (Size class 0),1,Total recordable cases,131,"Private industry, Nebraska",Industry-level data from the Survey of Occupational Injuries and Illnesses (SOII)
ISULEHSP2AFS51131,2018,1.5,SP2AFS,Accommodation and food services,5,Number of injury cases (thousands) (Size class 0),1,Total recordable cases,131,"Private industry, Nebraska",Industry-level data from the Survey of Occupational Injuries and Illnesses (SOII)
ISULEHSP2AFS51131,2017,1.3,SP2AFS,Accommodation and food services,5,Number of injury cases (thousands) (Size class 0),1,Total recordable cases,131,"Private industry, Nebraska",Industry-level data from the Survey of Occupational Injuries and Illnesses (SOII)
ISULEHSP2AFS51131,2016,1.3,SP2AFS,Accommodation and food services,5,Number of injury cases (thousands) (Size class 0),1,Total recordable cases,131,"Private industry, Nebraska",Industry-level data from the Survey of Occupational Injuries and Illnesses (SOII)
ISUMFG31100001131,2020,437.3,311000,Food manufacturing,0,"Rate of illness cases per 10,000 full-time workers (Size class 0)",1,Total recordable cases,131,"Private industry, Nebraska",Industry-level data from the Survey of Occupational Injuries and Illnesses (SOII)
ISUMFG31100001131,2019,169,311000,Food manufacturing,0,"Rate of illness cases per 10,000 full-time workers (Size class 0)",1,Total recordable cases,131,"Private industry, Nebraska",Industry-level data from the Survey of Occupational Injuries and Illnesses (SOII)
ISUMFG31100001131,2018,188.7,311000,Food manufacturing,0,"Rate of illness cases per 10,000 full-time workers (Size class 0)",1,Total recordable cases,131,"Private industry, Nebraska",Industry-level data from the Survey of Occupational Injuries and Illnesses (SOII)
ISUMFG31100001131,2017,232.2,311000,Food manufacturing,0,"Rate of illness cases per 10,000 full-time workers (Size class 0)",1,Total recordable cases,131,"Private industry, Nebraska",Industry-level data from the Survey of Occupational Injuries and Illnesses (SOII)
ISUMFG31100001131,2016,313.5,311000,Food manufacturing,0,"Rate of illness cases per 10,000 full-time workers (Size class 0)",1,Total recordable cases,131,"Private industry, Nebraska",Industry-level data from the Survey of Occupational Injuries and Illnesses (SOII)
ISUMFG31100011131,2020,3.6,311000,Food manufacturing,1,Rate of injury cases per 100 full-time workers (Size class 0),1,Total recordable cases,131,"Private industry, Nebraska",Industry-level data from the Survey of Occupational Injuries and Illnesses (SOII)
ISUMFG31100011131,2019,3.4,311000,Food manufacturing,1,Rate of injury cases per 100 full-time workers (Size class 0),1,Total recordable cases,131,"Private industry, Nebraska",Industry-level data from the Survey of Occupational Injuries and Illnesses (SOII)
ISUMFG31100011131,2018,4,311000,Food manufacturing,1,Rate of injury cases per 100 full-time workers (Size class 0),1,Total recordable cases,131,"Private industry, Nebraska",Industry-level data from the Survey of Occupational Injuries and Illnesses (SOII)
ISUMFG31100011131,2017,4,311000,Food manufacturing,1,Rate of injury cases per 100 full-time workers (Size class 0),1,Total recordable cases,131,"Private industry, Nebraska",Industry-level data from the Survey of Occupational Injuries and Illnesses (SOII)
ISUMFG31100011131,2016,4.8,311000,Food manufacturing,1,Rate of injury cases per 100 full-time workers (Size class 0),1,Total recordable cases,131,"Private industry, Nebraska",Industry-level data from the Survey of Occupational Injuries and Illnesses (SOII)
ISUMFG31100031131,2020,8,311000,Food manufacturing,3,Rate of injury and illness cases per 100 full-time workers (Size class 0),1,Total recordable cases,131,"Private industry, Nebraska",Industry-level data from the Survey of Occupational Injuries and Illnesses (SOII)
ISUMFG31100031131,2019,5.1,311000,Food manufacturing,3,Rate of injury and illness cases per 100 full-time workers (Size class 0),1,Total recordable cases,131,"Private industry, Nebraska",Industry-level data from the Survey of Occupational Injuries and Illnesses (SOII)
ISUMFG31100031131,2018,5.9,311000,Food manufacturing,3,Rate of injury and illness cases per 100 full-time workers (Size class 0),1,Total recordable cases,131,"Private industry, Nebraska",Industry-level data from the Survey of Occupational Injuries and Illnesses (SOII)
ISUMFG31100031131,2017,6.3,311000,Food manufacturing,3,Rate of injury and illness cases per 100 full-time workers (Size class 0),1,Total recordable cases,131,"Private industry, Nebraska",Industry-level data from the Survey of Occupational Injuries and Illnesses (SOII)
ISUMFG31100031131,2016,8,311000,Food manufacturing,3,Rate of injury and illness cases per 100 full-time workers (Size class 0),1,Total recordable cases,131,"Private industry, Nebraska",Industry-level data from the Survey of Occupational Injuries and Illnesses (SOII)
ISUMFG31100032131,2020,6.6,311000,Food manufacturing,3,Rate of injury and illness cases per 100 full-time workers (Size class 0),2,"Cases involving days away from work, job restriction, or transfer",131,"Private industry, Nebraska",Industry-level data from the Survey of Occupational Injuries and Illnesses (SOII)
ISUMFG31100032131,2019,3.4,311000,Food manufacturing,3,Rate of injury and illness cases per 100 full-time workers (Size class 0),2,"Cases involving days away from work, job restriction, or transfer",131,"Private industry, Nebraska",Industry-level data from the Survey of Occupational Injuries and Illnesses (SOII)
ISUMFG31100032131,2018,4.2,311000,Food manufacturing,3,Rate of injury and illness cases per 100 full-time workers (Size class 0),2,"Cases involving days away from work, job restriction, or transfer",131,"Private industry, Nebraska",Industry-level data from the Survey of Occupational Injuries and Illnesses (SOII)
ISUMFG31100032131,2017,4.5,311000,Food manufacturing,3,Rate of injury and illness cases per 100 full-time workers (Size class 0),2,"Cases involving days away from work, job restriction, or transfer",131,"Private industry, Nebraska",Industry-level data from the Survey of Occupational Injuries and Illnesses (SOII)
ISUMFG31100032131,2016,5.4,311000,Food manufacturing,3,Rate of injury and illness cases per 100 full-time workers (Size class 0),2,"Cases involving days away from work, job restriction, or transfer",131,"Private industry, Nebraska",Industry-level data from the Survey of Occupational Injuries and Illnesses (SOII)
ISUMFG31100041131,2020,1.7,311000,Food manufacturing,4,Number of illness cases (thousands) (Size class 0),1,Total recordable cases,131,"Private industry, Nebraska",Industry-level data from the Survey of Occupational Injuries and Illnesses (SOII)
ISUMFG31100041131,2019,0.7,311000,Food manufacturing,4,Number of illness cases (thousands) (Size class 0),1,Total recordable cases,131,"Private industry, Nebraska",Industry-level data from the Survey of Occupational Injuries and Illnesses (SOII)
ISUMFG31100041131,2018,0.8,311000,Food manufacturing,4,Number of illness cases (thousands) (Size class 0),1,Total recordable cases,131,"Private industry, Nebraska",Industry-level data from the Survey of Occupational Injuries and Illnesses (SOII)
ISUMFG31100041131,2017,0.9,311000,Food manufacturing,4,Number of illness cases (thousands) (Size class 0),1,Total recordable cases,131,"Private industry, Nebraska",Industry-level data from the Survey of Occupational Injuries and Illnesses (SOII)
ISUMFG31100041131,2016,1.2,311000,Food manufacturing,4,Number of illness cases (thousands) (Size class 0),1,Total recordable cases,131,"Private industry, Nebraska",Industry-level data from the Survey of Occupational Injuries and Illnesses (SOII)
ISUMFG31100051131,2020,1.4,311000,Food manufacturing,5,Number of injury cases (thousands) (Size class 0),1,Total recordable cases,131,"Private industry, Nebraska",Industry-level data from the Survey of Occupational Injuries and Illnesses (SOII)
ISUMFG31100051131,2019,1.4,311000,Food manufacturing,5,Number of injury cases (thousands) (Size class 0),1,Total recordable cases,131,"Private industry, Nebraska",Industry-level data from the Survey of Occupational Injuries and Illnesses (SOII)
ISUMFG31100051131,2018,1.6,311000,Food manufacturing,5,Number of injury cases (thousands) (Size class 0),1,Total recordable cases,131,"Private industry, Nebraska",Industry-level data from the Survey of Occupational Injuries and Illnesses (SOII)
ISUMFG31100051131,2017,1.6,311000,Food manufacturing,5,Number of injury cases (thousands) (Size class 0),1,Total recordable cases,131,"Private industry, Nebraska",Industry-level data from the Survey of Occupational Injuries and Illnesses (SOII)
ISUMFG31100051131,2016,1.8,311000,Food manufacturing,5,Number of injury cases (thousands) (Size class 0),1,Total recordable cases,131,"Private industry, Nebraska",Industry-level data from the Survey of Occupational Injuries and Illnesses (SOII)
ISUMFG31110001131,2019,-,311100,Animal food manufacturing,0,"Rate of illness cases per 10,000 full-time workers (Size class 0)",1,Total recordable cases,131,"Private industry, Nebraska",Industry-level data from the Survey of Occupational Injuries and Illnesses (SOII)
ISUMFG31110001131,2018,-,311100,Animal food manufacturing,0,"Rate of illness cases per 10,000 full-time workers (Size class 0)",1,Total recordable cases,131,"Private industry, Nebraska",Industry-level data from the Survey of Occupational Injuries and Illnesses (SOII)
ISUMFG31110001131,2017,58.2,311100,Animal food manufacturing,0,"Rate of illness cases per 10,000 full-time workers (Size class 0)",1,Total recordable cases,131,"Private industry, Nebraska",Industry-level data from the Survey of Occupational Injuries and Illnesses (SOII)
ISUMFG31110001131,2016,-,311100,Animal food manufacturing,0,"Rate of illness cases per 10,000 full-time workers (Size class 0)",1,Total recordable cases,131,"Private industry, Nebraska",Industry-level data from the Survey of Occupational Injuries and Illnesses (SOII)
ISUMFG31110011131,2020,2.1,311100,Animal food manufacturing,1,Rate of injury cases per 100 full-time workers (Size class 0),1,Total recordable cases,131,"Private industry, Nebraska",Industry-level data from the Survey of Occupational Injuries and Illnesses (SOII)
ISUMFG31110011131,2019,2.5,311100,Animal food manufacturing,1,Rate of injury cases per 100 full-time workers (Size class 0),1,Total recordable cases,131,"Private industry, Nebraska",Industry-level data from the Survey of Occupational Injuries and Illnesses (SOII)
ISUMFG31110011131,2018,4.1,311100,Animal food manufacturing,1,Rate of injury cases per 100 full-time workers (Size class 0),1,Total recordable cases,131,"Private industry, Nebraska",Industry-level data from the Survey of Occupational Injuries and Illnesses (SOII)
ISUMFG31110011131,2017,3.4,311100,Animal food manufacturing,1,Rate of injury cases per 100 full-time workers (Size class 0),1,Total recordable cases,131,"Private industry, Nebraska",Industry-level data from the Survey of Occupational Injuries and Illnesses (SOII)
ISUMFG31110011131,2016,2.5,311100,Animal food manufacturing,1,Rate of injury cases per 100 full-time workers (Size class 0),1,Total recordable cases,131,"Private industry, Nebraska",Industry-level data from the Survey of Occupational Injuries and Illnesses (SOII)
ISUMFG31110031131,2020,2.3,311100,Animal food manufacturing,3,Rate of injury and illness cases per 100 full-time workers (Size class 0),1,Total recordable cases,131,"Private industry, Nebraska",Industry-level data from the Survey of Occupational Injuries and Illnesses (SOII)
ISUMFG31110031131,2019,2.8,311100,Animal food manufacturing,3,Rate of injury and illness cases per 100 full-time workers (Size class 0),1,Total recordable cases,131,"Private industry, Nebraska",Industry-level data from the Survey of Occupational Injuries and Illnesses (SOII)
ISUMFG31110031131,2018,4.3,311100,Animal food manufacturing,3,Rate of injury and illness cases per 100 full-time workers (Size class 0),1,Total recordable cases,131,"Private industry, Nebraska",Industry-level data from the Survey of Occupational Injuries and Illnesses (SOII)
ISUMFG31110031131,2017,4,311100,Animal food manufacturing,3,Rate of injury and illness cases per 100 full-time workers (Size class 0),1,Total recordable cases,131,"Private industry, Nebraska",Industry-level data from the Survey of Occupational Injuries and Illnesses (SOII)
ISUMFG31110031131,2016,2.5,311100,Animal food manufacturing,3,Rate of injury and illness cases per 100 full-time workers (Size class 0),1,Total recordable cases,131,"Private industry, Nebraska",Industry-level data from the Survey of Occupational Injuries and Illnesses (SOII)
ISUMFG31110032131,2020,1.7,311100,Animal food manufacturing,3,Rate of injury and illness cases per 100 full-time workers (Size class 0),2,"Cases involving days away from work, job restriction, or transfer",131,"Private industry, Nebraska",Industry-level data from the Survey of Occupational Injuries and Illnesses (SOII)
ISUMFG31110032131,2019,1.9,311100,Animal food manufacturing,3,Rate of injury and illness cases per 100 full-time workers (Size class 0),2,"Cases involving days away from work, job restriction, or transfer",131,"Private industry, Nebraska",Industry-level data from the Survey of Occupational Injuries and Illnesses (SOII)
ISUMFG31110032131,2018,2.1,311100,Animal food manufacturing,3,Rate of injury and illness cases per 100 full-time workers (Size class 0),2,"Cases involving days away from work, job restriction, or transfer",131,"Private industry, Nebraska",Industry-level data from the Survey of Occupational Injuries and Illnesses (SOII)
ISUMFG31110032131,2017,1.8,311100,Animal food manufacturing,3,Rate of injury and illness cases per 100 full-time workers (Size class 0),2,"Cases involving days away from work, job restriction, or transfer",131,"Private industry, Nebraska",Industry-level data from the Survey of Occupational Injuries and Illnesses (SOII)
ISUMFG31110032131,2016,1.7,311100,Animal food manufacturing,3,Rate of injury and illness cases per 100 full-time workers (Size class 0),2,"Cases involving days away from work, job restriction, or transfer",131,"Private industry, Nebraska",Industry-level data from the Survey of Occupational Injuries and Illnesses (SOII)
ISUGP1GP1AAA41131,2020,1.9,GP1AAA,Goods-producing,4,Number of illness cases (thousands) (Size class 0),1,Total recordable cases,131,"Private industry, Nebraska",Industry-level data from the Survey of Occupational Injuries and Illnesses (SOII)
ISUGP1GP1AAA41131,2019,0.9,GP1AAA,Goods-producing,4,Number of illness cases (thousands) (Size class 0),1,Total recordable cases,131,"Private industry, Nebraska",Industry-level data from the Survey of Occupational Injuries and Illnesses (SOII)
ISUGP1GP1AAA41131,2018,0.9,GP1AAA,Goods-producing,4,Number of illness cases (thousands) (Size class 0),1,Total recordable cases,131,"Private industry, Nebraska",Industry-level data from the Survey of Occupational Injuries and Illnesses (SOII)
ISUGP1GP1AAA41131,2017,1.1,GP1AAA,Goods-producing,4,Number of illness cases (thousands) (Size class 0),1,Total recordable cases,131,"Private industry, Nebraska",Industry-level data from the Survey of Occupational Injuries and Illnesses (SOII)
ISUGP1GP1AAA41131,2016,1.4,GP1AAA,Goods-producing,4,Number of illness cases (thousands) (Size class 0),1,Total recordable cases,131,"Private industry, Nebraska",Industry-level data from the Survey of Occupational Injuries and Illnesses (SOII)
ISUGP1GP1AAA41831,2019,0,GP1AAA,Goods-producing,4,Number of illness cases (thousands) (Size class 0),1,Total recordable cases,831,"Local government, Nebraska",Industry-level data from the Survey of Occupational Injuries and Illnesses (SOII)
ISUGP1GP1AAA41831,2018,0,GP1AAA,Goods-producing,4,Number of illness cases (thousands) (Size class 0),1,Total recordable cases,831,"Local government, Nebraska",Industry-level data from the Survey of Occupational Injuries and Illnesses (SOII)
ISUGP1GP1AAA41831,2017,0,GP1AAA,Goods-producing,4,Number of illness cases (thousands) (Size class 0),1,Total recordable cases,831,"Local government, Nebraska",Industry-level data from the Survey of Occupational Injuries and Illnesses (SOII)
ISUGP1GP1AAA51131,2020,5.1,GP1AAA,Goods-producing,5,Number of injury cases (thousands) (Size class 0),1,Total recordable cases,131,"Private industry, Nebraska",Industry-level data from the Survey of Occupational Injuries and Illnesses (SOII)
ISUGP1GP1AAA51131,2019,5.8,GP1AAA,Goods-producing,5,Number of injury cases (thousands) (Size class 0),1,Total recordable cases,131,"Private industry, Nebraska",Industry-level data from the Survey of Occupational Injuries and Illnesses (SOII)
ISUGP1GP1AAA51131,2018,6,GP1AAA,Goods-producing,5,Number of injury cases (thousands) (Size class 0),1,Total recordable cases,131,"Private industry, Nebraska",Industry-level data from the Survey of Occupational Injuries and Illnesses (SOII)
ISUGP1GP1AAA51131,2017,5.6,GP1AAA,Goods-producing,5,Number of injury cases (thousands) (Size class 0),1,Total recordable cases,131,"Private industry, Nebraska",Industry-level data from the Survey of Occupational Injuries and Illnesses (SOII)
ISUGP1GP1AAA51131,2016,6.5,GP1AAA,Goods-producing,5,Number of injury cases (thousands) (Size class 0),1,Total recordable cases,131,"Private industry, Nebraska",Industry-level data from the Survey of Occupational Injuries and Illnesses (SOII)
ISUGP1GP1AAA51831,2019,0,GP1AAA,Goods-producing,5,Number of injury cases (thousands) (Size class 0),1,Total recordable cases,831,"Local government, Nebraska",Industry-level data from the Survey of Occupational Injuries and Illnesses (SOII)
ISUGP1GP1AAA51831,2018,0,GP1AAA,Goods-producing,5,Number of injury cases (thousands) (Size class 0),1,Total recordable cases,831,"Local government, Nebraska",Industry-level data from the Survey of Occupational Injuries and Illnesses (SOII)
ISUGP1GP1AAA51831,2017,0,GP1AAA,Goods-producing,5,Number of injury cases (thousands) (Size class 0),1,Total recordable cases,831,"Local government, Nebraska",Industry-level data from the Survey of Occupational Injuries and Illnesses (SOII)
ISUINF51100001131,2019,-,511000,Publishing industries (except internet),0,"Rate of illness cases per 10,000 full-time workers (Size class 0)",1,Total recordable cases,131,"Private industry, Nebraska",Industry-level data from the Survey of Occupational Injuries and Illnesses (SOII)
ISUINF51100001131,2018,-,511000,Publishing industries (except internet),0,"Rate of illness cases per 10,000 full-time workers (Size class 0)",1,Total recordable cases,131,"Private industry, Nebraska",Industry-level data from the Survey of Occupational Injuries and Illnesses (SOII)
ISUINF51100001131,2017,-,511000,Publishing industries (except internet),0,"Rate of illness cases per 10,000 full-time workers (Size class 0)",1,Total recordable cases,131,"Private industry, Nebraska",Industry-level data from the Survey of Occupational Injuries and Illnesses (SOII)
ISUINF51100001131,2016,-,511000,Publishing industries (except internet),0,"Rate of illness cases per 10,000 full-time workers (Size class 0)",1,Total recordable cases,131,"Private industry, Nebraska",Industry-level data from the Survey of Occupational Injuries and Illnesses (SOII)
ISUINF51100011131,2019,1.1,511000,Publishing industries (except internet),1,Rate of injury cases per 100 full-time workers (Size class 0),1,Total recordable cases,131,"Private industry, Nebraska",Industry-level data from the Survey of Occupational Injuries and Illnesses (SOII)
ISUINF51100011131,2018,0.8,511000,Publishing industries (except internet),1,Rate of injury cases per 100 full-time workers (Size class 0),1,Total recordable cases,131,"Private industry, Nebraska",Industry-level data from the Survey of Occupational Injuries and Illnesses (SOII)
ISUINF51100011131,2017,0.8,511000,Publishing industries (except internet),1,Rate of injury cases per 100 full-time workers (Size class 0),1,Total recordable cases,131,"Private industry, Nebraska",Industry-level data from the Survey of Occupational Injuries and Illnesses (SOII)
ISUINF51100011131,2016,1.1,511000,Publishing industries (except internet),1,Rate of injury cases per 100 full-time workers (Size class 0),1,Total recordable cases,131,"Private industry, Nebraska",Industry-level data from the Survey of Occupational Injuries and Illnesses (SOII)
ISUINF51100031131,2019,1.1,511000,Publishing industries (except internet),3,Rate of injury and illness cases per 100 full-time workers (Size class 0),1,Total recordable cases,131,"Private industry, Nebraska",Industry-level data from the Survey of Occupational Injuries and Illnesses (SOII)
ISUINF51100031131,2018,0.8,511000,Publishing industries (except internet),3,Rate of injury and illness cases per 100 full-time workers (Size class 0),1,Total recordable cases,131,"Private industry, Nebraska",Industry-level data from the Survey of Occupational Injuries and Illnesses (SOII)
ISUINF51100031131,2017,0.8,511000,Publishing industries (except internet),3,Rate of injury and illness cases per 100 full-time workers (Size class 0),1,Total recordable cases,131,"Private industry, Nebraska",Industry-level data from the Survey of Occupational Injuries and Illnesses (SOII)
ISUINF51100031131,2016,1.1,511000,Publishing industries (except internet),3,Rate of injury and illness cases per 100 full-time workers (Size class 0),1,Total recordable cases,131,"Private industry, Nebraska",Industry-level data from the Survey of Occupational Injuries and Illnesses (SOII)
ISUINF51100032131,2019,0.5,511000,Publishing industries (except internet),3,Rate of injury and illness cases per 100 full-time workers (Size class 0),2,"Cases involving days away from work, job restriction, or transfer",131,"Private industry, Nebraska",Industry-level data from the Survey of Occupational Injuries and Illnesses (SOII)
ISUINF51100032131,2018,0.5,511000,Publishing industries (except internet),3,Rate of injury and illness cases per 100 full-time workers (Size class 0),2,"Cases involving days away from work, job restriction, or transfer",131,"Private industry, Nebraska",Industry-level data from the Survey of Occupational Injuries and Illnesses (SOII)
ISUINF51100032131,2017,0.4,511000,Publishing industries (except internet),3,Rate of injury and illness cases per 100 full-time workers (Size class 0),2,"Cases involving days away from work, job restriction, or transfer",131,"Private industry, Nebraska",Industry-level data from the Survey of Occupational Injuries and Illnesses (SOII)
ISUINF51100032131,2016,0.6,511000,Publishing industries (except internet),3,Rate of injury and illness cases per 100 full-time workers (Size class 0),2,"Cases involving days away from work, job restriction, or transfer",131,"Private industry, Nebraska",Industry-level data from the Survey of Occupational Injuries and Illnesses (SOII)
ISUINF51100041131,2019,0,511000,Publishing industries (except internet),4,Number of illness cases (thousands) (Size class 0),1,Total recordable cases,131,"Private industry, Nebraska",Industry-level data from the Survey of Occupational Injuries and Illnesses (SOII)
ISUINF51100041131,2018,0,511000,Publishing industries (except internet),4,Number of illness cases (thousands) (Size class 0),1,Total recordable cases,131,"Private industry, Nebraska",Industry-level data from the Survey of Occupational Injuries and Illnesses (SOII)
ISUINF51100041131,2017,0,511000,Publishing industries (except internet),4,Number of illness cases (thousands) (Size class 0),1,Total recordable cases,131,"Private industry, Nebraska",Industry-level data from the Survey of Occupational Injuries and Illnesses (SOII)
ISUINF51100041131,2016,0,511000,Publishing industries (except internet),4,Number of illness cases (thousands) (Size class 0),1,Total recordable cases,131,"Private industry, Nebraska",Industry-level data from the Survey of Occupational Injuries and Illnesses (SOII)
ISUINF51100051131,2019,0.1,511000,Publishing industries (except internet),5,Number of injury cases (thousands) (Size class 0),1,Total recordable cases,131,"Private industry, Nebraska",Industry-level data from the Survey of Occupational Injuries and Illnesses (SOII)
ISUINF51100051131,2018,0,511000,Publishing industries (except internet),5,Number of injury cases (thousands) (Size class 0),1,Total recordable cases,131,"Private industry, Nebraska",Industry-level data from the Survey of Occupational Injuries and Illnesses (SOII)
ISUINF51100051131,2017,0,511000,Publishing industries (except internet),5,Number of injury cases (thousands) (Size class 0),1,Total recordable cases,131,"Private industry, Nebraska",Industry-level data from the Survey of Occupational Injuries and Illnesses (SOII)
ISUINF51100051131,2016,0,511000,Publishing industries (except internet),5,Number of injury cases (thousands) (Size class 0),1,Total recordable cases,131,"Private industry, Nebraska",Industry-level data from the Survey of Occupational Injuries and Illnesses (SOII)
ISUINF51110001131,2019,-,511100,"Newspaper, periodical, book, and directory publishers",0,"Rate of illness cases per 10,000 full-time workers (Size class 0)",1,Total recordable cases,131,"Private industry, Nebraska",Industry-level data from the Survey of Occupational Injuries and Illnesses (SOII)
ISUINF51110001131,2018,-,511100,"Newspaper, periodical, book, and directory publishers",0,"Rate of illness cases per 10,000 full-time workers (Size class 0)",1,Total recordable cases,131,"Private industry, Nebraska",Industry-level data from the Survey of Occupational Injuries and Illnesses (SOII)
ISUINF51110001131,2017,-,511100,"Newspaper, periodical, book, and directory publishers",0,"Rate of illness cases per 10,000 full-time workers (Size class 0)",1,Total recordable cases,131,"Private industry, Nebraska",Industry-level data from the Survey of Occupational Injuries and Illnesses (SOII)
ISUINF51110001131,2016,-,511100,"Newspaper, periodical, book, and directory publishers",0,"Rate of illness cases per 10,000 full-time workers (Size class 0)",1,Total recordable cases,131,"Private industry, Nebraska",Industry-level data from the Survey of Occupational Injuries and Illnesses (SOII)
ISUINF51110011131,2019,1.5,511100,"Newspaper, periodical, book, and directory publishers",1,Rate of injury cases per 100 full-time workers (Size class 0),1,Total recordable cases,131,"Private industry, Nebraska",Industry-level data from the Survey of Occupational Injuries and Illnesses (SOII)
ISUINF51110011131,2018,1,511100,"Newspaper, periodical, book, and directory publishers",1,Rate of injury cases per 100 full-time workers (Size class 0),1,Total recordable cases,131,"Private industry, Nebraska",Industry-level data from the Survey of Occupational Injuries and Illnesses (SOII)
ISUINF51110011131,2017,1.1,511100,"Newspaper, periodical, book, and directory publishers",1,Rate of injury cases per 100 full-time workers (Size class 0),1,Total recordable cases,131,"Private industry, Nebraska",Industry-level data from the Survey of Occupational Injuries and Illnesses (SOII)
ISUINF51110011131,2016,1.3,511100,"Newspaper, periodical, book, and directory publishers",1,Rate of injury cases per 100 full-time workers (Size class 0),1,Total recordable cases,131,"Private industry, Nebraska",Industry-level data from the Survey of Occupational Injuries and Illnesses (SOII)
ISUINF51110031131,2019,1.5,511100,"Newspaper, periodical, book, and directory publishers",3,Rate of injury and illness cases per 100 full-time workers (Size class 0),1,Total recordable cases,131,"Private industry, Nebraska",Industry-level data from the Survey of Occupational Injuries and Illnesses (SOII)
ISUINF51110031131,2018,1,511100,"Newspaper, periodical, book, and directory publishers",3,Rate of injury and illness cases per 100 full-time workers (Size class 0),1,Total recordable cases,131,"Private industry, Nebraska",Industry-level data from the Survey of Occupational Injuries and Illnesses (SOII)
ISUINF51110031131,2017,1.1,511100,"Newspaper, periodical, book, and directory publishers",3,Rate of injury and illness cases per 100 full-time workers (Size class 0),1,Total recordable cases,131,"Private industry, Nebraska",Industry-level data from the Survey of Occupational Injuries and Illnesses (SOII)
ISUINF51110031131,2016,1.3,511100,"Newspaper, periodical, book, and directory publishers",3,Rate of injury and illness cases per 100 full-time workers (Size class 0),1,Total recordable cases,131,"Private industry, Nebraska",Industry-level data from the Survey of Occupational Injuries and Illnesses (SOII)
ISUINF51110032131,2019,0.8,511100,"Newspaper, periodical, book, and directory publishers",3,Rate of injury and illness cases per 100 full-time workers (Size class 0),2,"Cases involving days away from work, job restriction, or transfer",131,"Private industry, Nebraska",Industry-level data from the Survey of Occupational Injuries and Illnesses (SOII)
ISUINF51110032131,2018,0.7,511100,"Newspaper, periodical, book, and directory publishers",3,Rate of injury and illness cases per 100 full-time workers (Size class 0),2,"Cases involving days away from work, job restriction, or transfer",131,"Private industry, Nebraska",Industry-level data from the Survey of Occupational Injuries and Illnesses (SOII)
ISUINF51110032131,2017,0.5,511100,"Newspaper, periodical, book, and directory publishers",3,Rate of injury and illness cases per 100 full-time workers (Size class 0),2,"Cases involving days away from work, job restriction, or transfer",131,"Private industry, Nebraska",Industry-level data from the Survey of Occupational Injuries and Illnesses (SOII)
ISUINF51110032131,2016,0.8,511100,"Newspaper, periodical, book, and directory publishers",3,Rate of injury and illness cases per 100 full-time workers (Size class 0),2,"Cases involving days away from work, job restriction, or transfer",131,"Private industry, Nebraska",Industry-level data from the Survey of Occupational Injuries and Illnesses (SOII)
ISUINF51110041131,2019,0,511100,"Newspaper, periodical, book, and directory publishers",4,Number of illness cases (thousands) (Size class 0),1,Total recordable cases,131,"Private industry, Nebraska",Industry-level data from the Survey of Occupational Injuries and Illnesses (SOII)
ISUINF51110041131,2018,0,511100,"Newspaper, periodical, book, and directory publishers",4,Number of illness cases (thousands) (Size class 0),1,Total recordable cases,131,"Private industry, Nebraska",Industry-level data from the Survey of Occupational Injuries and Illnesses (SOII)
ISUINF51110041131,2017,0,511100,"Newspaper, periodical, book, and directory publishers",4,Number of illness cases (thousands) (Size class 0),1,Total recordable cases,131,"Private industry, Nebraska",Industry-level data from the Survey of Occupational Injuries and Illnesses (SOII)
ISUINF51110041131,2016,0,511100,"Newspaper, periodical, book, and directory publishers",4,Number of illness cases (thousands) (Size class 0),1,Total recordable cases,131,"Private industry, Nebraska",Industry-level data from the Survey of Occupational Injuries and Illnesses (SOII)
ISUINF51110051131,2019,0,511100,"Newspaper, periodical, book, and directory publishers",5,Number of injury cases (thousands) (Size class 0),1,Total recordable cases,131,"Private industry, Nebraska",Industry-level data from the Survey of Occupational Injuries and Illnesses (SOII)
ISUINF51110051131,2018,0,511100,"Newspaper, periodical, book, and directory publishers",5,Number of injury cases (thousands) (Size class 0),1,Total recordable cases,131,"Private industry, Nebraska",Industry-level data from the Survey of Occupational Injuries and Illnesses (SOII)
ISUINF51110051131,2017,0,511100,"Newspaper, periodical, book, and directory publishers",5,Number of injury cases (thousands) (Size class 0),1,Total recordable cases,131,"Private industry, Nebraska",Industry-level data from the Survey of Occupational Injuries and Illnesses (SOII)
ISUINF51110051131,2016,0,511100,"Newspaper, periodical, book, and directory publishers",5,Number of injury cases (thousands) (Size class 0),1,Total recordable cases,131,"Private industry, Nebraska",Industry-level data from the Survey of Occupational Injuries and Illnesses (SOII)
ISUINF51111001131,2019,-,511110,Newspaper publishers,0,"Rate of illness cases per 10,000 full-time workers (Size class 0)",1,Total recordable cases,131,"Private industry, Nebraska",Industry-level data from the Survey of Occupational Injuries and Illnesses (SOII)
ISUINF51111001131,2017,-,511110,Newspaper publishers,0,"Rate of illness cases per 10,000 full-time workers (Size class 0)",1,Total recordable cases,131,"Private industry, Nebraska",Industry-level data from the Survey of Occupational Injuries and Illnesses (SOII)
ISUINF51111001131,2016,-,511110,Newspaper publishers,0,"Rate of illness cases per 10,000 full-time workers (Size class 0)",1,Total recordable cases,131,"Private industry, Nebraska",Industry-level data from the Survey of Occupational Injuries and Illnesses (SOII)
ISUINF51111011131,2019,2.8,511110,Newspaper publishers,1,Rate of injury cases per 100 full-time workers (Size class 0),1,Total recordable cases,131,"Private industry, Nebraska",Industry-level data from the Survey of Occupational Injuries and Illnesses (SOII)
ISUINF51111011131,2017,1.6,511110,Newspaper publishers,1,Rate of injury cases per 100 full-time workers (Size class 0),1,Total recordable cases,131,"Private industry, Nebraska",Industry-level data from the Survey of Occupational Injuries and Illnesses (SOII)
ISUINF51111011131,2016,2.2,511110,Newspaper publishers,1,Rate of injury cases per 100 full-time workers (Size class 0),1,Total recordable cases,131,"Private industry, Nebraska",Industry-level data from the Survey of Occupational Injuries and Illnesses (SOII)
ISUINF51111031131,2019,2.8,511110,Newspaper publishers,3,Rate of injury and illness cases per 100 full-time workers (Size class 0),1,Total recordable cases,131,"Private industry, Nebraska",Industry-level data from the Survey of Occupational Injuries and Illnesses (SOII)
ISUINF51111031131,2017,1.6,511110,Newspaper publishers,3,Rate of injury and illness cases per 100 full-time workers (Size class 0),1,Total recordable cases,131,"Private industry, Nebraska",Industry-level data from the Survey of Occupational Injuries and Illnesses (SOII)
ISUINF51111031131,2016,2.2,511110,Newspaper publishers,3,Rate of injury and illness cases per 100 full-time workers (Size class 0),1,Total recordable cases,131,"Private industry, Nebraska",Industry-level data from the Survey of Occupational Injuries and Illnesses (SOII)
ISUINF51111032131,2019,1.8,511110,Newspaper publishers,3,Rate of injury and illness cases per 100 full-time workers (Size class 0),2,"Cases involving days away from work, job restriction, or transfer",131,"Private industry, Nebraska",Industry-level data from the Survey of Occupational Injuries and Illnesses (SOII)
ISUINF51111032131,2017,0.9,511110,Newspaper publishers,3,Rate of injury and illness cases per 100 full-time workers (Size class 0),2,"Cases involving days away from work, job restriction, or transfer",131,"Private industry, Nebraska",Industry-level data from the Survey of Occupational Injuries and Illnesses (SOII)
ISUINF51111032131,2016,1.7,511110,Newspaper publishers,3,Rate of injury and illness cases per 100 full-time workers (Size class 0),2,"Cases involving days away from work, job restriction, or transfer",131,"Private industry, Nebraska",Industry-level data from the Survey of Occupational Injuries and Illnesses (SOII)
ISUINF51111041131,2019,0,511110,Newspaper publishers,4,Number of illness cases (thousands) (Size class 0),1,Total recordable cases,131,"Private industry, Nebraska",Industry-level data from the Survey of Occupational Injuries and Illnesses (SOII)
ISUINF51111041131,2017,0,511110,Newspaper publishers,4,Number of illness cases (thousands) (Size class 0),1,Total recordable cases,131,"Private industry, Nebraska",Industry-level data from the Survey of Occupational Injuries and Illnesses (SOII)
ISUINF51111041131,2016,0,511110,Newspaper publishers,4,Number of illness cases (thousands) (Size class 0),1,Total recordable cases,131,"Private industry, Nebraska",Industry-level data from the Survey of Occupational Injuries and Illnesses (SOII)
ISUINF51111051131,2019,0,511110,Newspaper publishers,5,Number of injury cases (thousands) (Size class 0),1,Total recordable cases,131,"Private industry, Nebraska",Industry-level data from the Survey of Occupational Injuries and Illnesses (SOII)
ISUINF51111051131,2017,0,511110,Newspaper publishers,5,Number of injury cases (thousands) (Size class 0),1,Total recordable cases,131,"Private industry, Nebraska",Industry-level data from the Survey of Occupational Injuries and Illnesses (SOII)
ISUINF51111051131,2016,0,511110,Newspaper publishers,5,Number of injury cases (thousands) (Size class 0),1,Total recordable cases,131,"Private industry, Nebraska",Industry-level data from the Survey of Occupational Injuries and Illnesses (SOII)
ISUINF51119001131,2018,-,511190,Other publishers,0,"Rate of illness cases per 10,000 full-time workers (Size class 0)",1,Total recordable cases,131,"Private industry, Nebraska",Industry-level data from the Survey of Occupational Injuries and Illnesses (SOII)
ISUINF51119011131,2018,-,511190,Other publishers,1,Rate of injury cases per 100 full-time workers (Size class 0),1,Total recordable cases,131,"Private industry, Nebraska",Industry-level data from the Survey of Occupational Injuries and Illnesses (SOII)
ISUINF51119031131,2018,-,511190,Other publishers,3,Rate of injury and illness cases per 100 full-time workers (Size class 0),1,Total recordable cases,131,"Private industry, Nebraska",Industry-level data from the Survey of Occupational Injuries and Illnesses (SOII)
ISUINF51119032131,2018,-,511190,Other publishers,3,Rate of injury and illness cases per 100 full-time workers (Size class 0),2,"Cases involving days away from work, job restriction, or transfer",131,"Private industry, Nebraska",Industry-level data from the Survey of Occupational Injuries and Illnesses (SOII)
ISUINF51119041131,2018,0,511190,Other publishers,4,Number of illness cases (thousands) (Size class 0),1,Total recordable cases,131,"Private industry, Nebraska",Industry-level data from the Survey of Occupational Injuries and Illnesses (SOII)
ISUINF51119051131,2018,0,511190,Other publishers,5,Number of injury cases (thousands) (Size class 0),1,Total recordable cases,131,"Private industry, Nebraska",Industry-level data from the Survey of Occupational Injuries and Illnesses (SOII)
ISUINF51120001131,2017,-,511200,Software publishers,0,"Rate of illness cases per 10,000 full-time workers (Size class 0)",1,Total recordable cases,131,"Private industry, Nebraska",Industry-level data from the Survey of Occupational Injuries and Illnesses (SOII)
ISUINF51120011131,2017,-,511200,Software publishers,1,Rate of injury cases per 100 full-time workers (Size class 0),1,Total recordable cases,131,"Private industry, Nebraska",Industry-level data from the Survey of Occupational Injuries and Illnesses (SOII)
ISUINF51120031131,2017,-,511200,Software publishers,3,Rate of injury and illness cases per 100 full-time workers (Size class 0),1,Total recordable cases,131,"Private industry, Nebraska",Industry-level data from the Survey of Occupational Injuries and Illnesses (SOII)
ISUINF51120032131,2017,-,511200,Software publishers,3,Rate of injury and illness cases per 100 full-time workers (Size class 0),2,"Cases involving days away from work, job restriction, or transfer",131,"Private industry, Nebraska",Industry-level data from the Survey of Occupational Injuries and Illnesses (SOII)
ISUINF51120041131,2017,0,511200,Software publishers,4,Number of illness cases (thousands) (Size class 0),1,Total recordable cases,131,"Private industry, Nebraska",Industry-level data from the Survey of Occupational Injuries and Illnesses (SOII)
ISUINF51120051131,2017,0,511200,Software publishers,5,Number of injury cases (thousands) (Size class 0),1,Total recordable cases,131,"Private industry, Nebraska",Industry-level data from the Survey of Occupational Injuries and Illnesses (SOII)
ISUINFSP1INF01131,2019,-,SP1INF,Information,0,"Rate of illness cases per 10,000 full-time workers (Size class 0)",1,Total recordable cases,131,"Private industry, Nebraska",Industry-level data from the Survey of Occupational Injuries and Illnesses (SOII)
ISUINFSP1INF01131,2017,-,SP1INF,Information,0,"Rate of illness cases per 10,000 full-time workers (Size class 0)",1,Total recordable cases,131,"Private industry, Nebraska",Industry-level data from the Survey of Occupational Injuries and Illnesses (SOII)
ISUINFSP1INF01131,2016,-,SP1INF,Information,0,"Rate of illness cases per 10,000 full-time workers (Size class 0)",1,Total recordable cases,131,"Private industry, Nebraska",Industry-level data from the Survey of Occupational Injuries and Illnesses (SOII)
ISUINFSP1INF11131,2020,0.6,SP1INF,Information,1,Rate of injury cases per 100 full-time workers (Size class 0),1,Total recordable cases,131,"Private industry, Nebraska",Industry-level data from the Survey of Occupational Injuries and Illnesses (SOII)
ISUINFSP1INF11131,2019,1.7,SP1INF,Information,1,Rate of injury cases per 100 full-time workers (Size class 0),1,Total recordable cases,131,"Private industry, Nebraska",Industry-level data from the Survey of Occupational Injuries and Illnesses (SOII)
ISUINFSP1INF11131,2018,1.4,SP1INF,Information,1,Rate of injury cases per 100 full-time workers (Size class 0),1,Total recordable cases,131,"Private industry, Nebraska",Industry-level data from the Survey of Occupational Injuries and Illnesses (SOII)
ISUINFSP1INF11131,2017,1.9,SP1INF,Information,1,Rate of injury cases per 100 full-time workers (Size class 0),1,Total recordable cases,131,"Private industry, Nebraska",Industry-level data from the Survey of Occupational Injuries and Illnesses (SOII)
ISUINFSP1INF11131,2016,1.8,SP1INF,Information,1,Rate of injury cases per 100 full-time workers (Size class 0),1,Total recordable cases,131,"Private industry, Nebraska",Industry-level data from the Survey of Occupational Injuries and Illnesses (SOII)
ISUINFSP1INF31131,2020,0.6,SP1INF,Information,3,Rate of injury and illness cases per 100 full-time workers (Size class 0),1,Total recordable cases,131,"Private industry, Nebraska",Industry-level data from the Survey of Occupational Injuries and Illnesses (SOII)
ISUINFSP1INF31131,2019,1.7,SP1INF,Information,3,Rate of injury and illness cases per 100 full-time workers (Size class 0),1,Total recordable cases,131,"Private industry, Nebraska",Industry-level data from the Survey of Occupational Injuries and Illnesses (SOII)
ISUINFSP1INF31131,2018,1.5,SP1INF,Information,3,Rate of injury and illness cases per 100 full-time workers (Size class 0),1,Total recordable cases,131,"Private industry, Nebraska",Industry-level data from the Survey of Occupational Injuries and Illnesses (SOII)
ISUINFSP1INF31131,2017,1.9,SP1INF,Information,3,Rate of injury and illness cases per 100 full-time workers (Size class 0),1,Total recordable cases,131,"Private industry, Nebraska",Industry-level data from the Survey of Occupational Injuries and Illnesses (SOII)
ISUINFSP1INF31131,2016,1.8,SP1INF,Information,3,Rate of injury and illness cases per 100 full-time workers (Size class 0),1,Total recordable cases,131,"Private industry, Nebraska",Industry-level data from the Survey of Occupational Injuries and Illnesses (SOII)
ISUINFSP1INF32131,2020,0.3,SP1INF,Information,3,Rate of injury and illness cases per 100 full-time workers (Size class 0),2,"Cases involving days away from work, job restriction, or transfer",131,"Private industry, Nebraska",Industry-level data from the Survey of Occupational Injuries and Illnesses (SOII)
ISUINFSP1INF32131,2019,0.9,SP1INF,Information,3,Rate of injury and illness cases per 100 full-time workers (Size class 0),2,"Cases involving days away from work, job restriction, or transfer",131,"Private industry, Nebraska",Industry-level data from the Survey of Occupational Injuries and Illnesses (SOII)
ISUINFSP1INF32131,2018,0.8,SP1INF,Information,3,Rate of injury and illness cases per 100 full-time workers (Size class 0),2,"Cases involving days away from work, job restriction, or transfer",131,"Private industry, Nebraska",Industry-level data from the Survey of Occupational Injuries and Illnesses (SOII)
ISUINFSP1INF32131,2017,1.1,SP1INF,Information,3,Rate of injury and illness cases per 100 full-time workers (Size class 0),2,"Cases involving days away from work, job restriction, or transfer",131,"Private industry, Nebraska",Industry-level data from the Survey of Occupational Injuries and Illnesses (SOII)
ISUINFSP1INF32131,2016,0.9,SP1INF,Information,3,Rate of injury and illness cases per 100 full-time workers (Size class 0),2,"Cases involving days away from work, job restriction, or transfer",131,"Private industry, Nebraska",Industry-level data from the Survey of Occupational Injuries and Illnesses (SOII)
ISUINFSP1INF41131,2019,0,SP1INF,Information,4,Number of illness cases (thousands) (Size class 0),1,Total recordable cases,131,"Private industry, Nebraska",Industry-level data from the Survey of Occupational Injuries and Illnesses (SOII)
ISUINFSP1INF41131,2017,0,SP1INF,Information,4,Number of illness cases (thousands) (Size class 0),1,Total recordable cases,131,"Private industry, Nebraska",Industry-level data from the Survey of Occupational Injuries and Illnesses (SOII)
ISUINFSP1INF41131,2016,0,SP1INF,Information,4,Number of illness cases (thousands) (Size class 0),1,Total recordable cases,131,"Private industry, Nebraska",Industry-level data from the Survey of Occupational Injuries and Illnesses (SOII)
ISUINFSP1INF51131,2020,0.1,SP1INF,Information,5,Number of injury cases (thousands) (Size class 0),1,Total recordable cases,131,"Private industry, Nebraska",Industry-level data from the Survey of Occupational Injuries and Illnesses (SOII)
ISUINFSP1INF51131,2019,0.3,SP1INF,Information,5,Number of injury cases (thousands) (Size class 0),1,Total recordable cases,131,"Private industry, Nebraska",Industry-level data from the Survey of Occupational Injuries and Illnesses (SOII)
ISUINFSP1INF51131,2018,0.2,SP1INF,Information,5,Number of injury cases (thousands) (Size class 0),1,Total recordable cases,131,"Private industry, Nebraska",Industry-level data from the Survey of Occupational Injuries and Illnesses (SOII)
ISUINFSP1INF51131,2017,0.3,SP1INF,Information,5,Number of injury cases (thousands) (Size class 0),1,Total recordable cases,131,"Private industry, Nebraska",Industry-level data from the Survey of Occupational Injuries and Illnesses (SOII)
ISUINFSP1INF51131,2016,0.3,SP1INF,Information,5,Number of injury cases (thousands) (Size class 0),1,Total recordable cases,131,"Private industry, Nebraska",Industry-level data from the Survey of Occupational Injuries and Illnesses (SOII)
ISUINFSP2INF01131,2019,-,SP2INF,Information,0,"Rate of illness cases per 10,000 full-time workers (Size class 0)",1,Total recordable cases,131,"Private industry, Nebraska",Industry-level data from the Survey of Occupational Injuries and Illnesses (SOII)
ISUINFSP2INF01131,2017,-,SP2INF,Information,0,"Rate of illness cases per 10,000 full-time workers (Size class 0)",1,Total recordable cases,131,"Private industry, Nebraska",Industry-level data from the Survey of Occupational Injuries and Illnesses (SOII)
ISUINFSP2INF01131,2016,-,SP2INF,Information,0,"Rate of illness cases per 10,000 full-time workers (Size class 0)",1,Total recordable cases,131,"Private industry, Nebraska",Industry-level data from the Survey of Occupational Injuries and Illnesses (SOII)
ISUINFSP2INF11131,2020,0.6,SP2INF,Information,1,Rate of injury cases per 100 full-time workers (Size class 0),1,Total recordable cases,131,"Private industry, Nebraska",Industry-level data from the Survey of Occupational Injuries and Illnesses (SOII)
ISUINFSP2INF11131,2019,1.7,SP2INF,Information,1,Rate of injury cases per 100 full-time workers (Size class 0),1,Total recordable cases,131,"Private industry, Nebraska",Industry-level data from the Survey of Occupational Injuries and Illnesses (SOII)
ISUINFSP2INF11131,2018,1.4,SP2INF,Information,1,Rate of injury cases per 100 full-time workers (Size class 0),1,Total recordable cases,131,"Private industry, Nebraska",Industry-level data from the Survey of Occupational Injuries and Illnesses (SOII)
ISUINFSP2INF11131,2017,1.9,SP2INF,Information,1,Rate of injury cases per 100 full-time workers (Size class 0),1,Total recordable cases,131,"Private industry, Nebraska",Industry-level data from the Survey of Occupational Injuries and Illnesses (SOII)
ISUINFSP2INF11131,2016,1.8,SP2INF,Information,1,Rate of injury cases per 100 full-time workers (Size class 0),1,Total recordable cases,131,"Private industry, Nebraska",Industry-level data from the Survey of Occupational Injuries and Illnesses (SOII)
ISUINFSP2INF31131,2020,0.6,SP2INF,Information,3,Rate of injury and illness cases per 100 full-time workers (Size class 0),1,Total recordable cases,131,"Private industry, Nebraska",Industry-level data from the Survey of Occupational Injuries and Illnesses (SOII)
ISUINFSP2INF31131,2019,1.7,SP2INF,Information,3,Rate of injury and illness cases per 100 full-time workers (Size class 0),1,Total recordable cases,131,"Private industry, Nebraska",Industry-level data from the Survey of Occupational Injuries and Illnesses (SOII)
ISUINFSP2INF31131,2018,1.5,SP2INF,Information,3,Rate of injury and illness cases per 100 full-time workers (Size class 0),1,Total recordable cases,131,"Private industry, Nebraska",Industry-level data from the Survey of Occupational Injuries and Illnesses (SOII)
ISUINFSP2INF31131,2017,1.9,SP2INF,Information,3,Rate of injury and illness cases per 100 full-time workers (Size class 0),1,Total recordable cases,131,"Private industry, Nebraska",Industry-level data from the Survey of Occupational Injuries and Illnesses (SOII)
ISUINFSP2INF31131,2016,1.8,SP2INF,Information,3,Rate of injury and illness cases per 100 full-time workers (Size class 0),1,Total recordable cases,131,"Private industry, Nebraska",Industry-level data from the Survey of Occupational Injuries and Illnesses (SOII)
ISUINFSP2INF32131,2020,0.3,SP2INF,Information,3,Rate of injury and illness cases per 100 full-time workers (Size class 0),2,"Cases involving days away from work, job restriction, or transfer",131,"Private industry, Nebraska",Industry-level data from the Survey of Occupational Injuries and Illnesses (SOII)
ISUINFSP2INF32131,2019,0.9,SP2INF,Information,3,Rate of injury and illness cases per 100 full-time workers (Size class 0),2,"Cases involving days away from work, job restriction, or transfer",131,"Private industry, Nebraska",Industry-level data from the Survey of Occupational Injuries and Illnesses (SOII)
ISUINFSP2INF32131,2018,0.8,SP2INF,Information,3,Rate of injury and illness cases per 100 full-time workers (Size class 0),2,"Cases involving days away from work, job restriction, or transfer",131,"Private industry, Nebraska",Industry-level data from the Survey of Occupational Injuries and Illnesses (SOII)
ISUINFSP2INF32131,2017,1.1,SP2INF,Information,3,Rate of injury and illness cases per 100 full-time workers (Size class 0),2,"Cases involving days away from work, job restriction, or transfer",131,"Private industry, Nebraska",Industry-level data from the Survey of Occupational Injuries and Illnesses (SOII)
ISUINFSP2INF32131,2016,0.9,SP2INF,Information,3,Rate of injury and illness cases per 100 full-time workers (Size class 0),2,"Cases involving days away from work, job restriction, or transfer",131,"Private industry, Nebraska",Industry-level data from the Survey of Occupational Injuries and Illnesses (SOII)
ISUINFSP2INF41131,2019,0,SP2INF,Information,4,Number of illness cases (thousands) (Size class 0),1,Total recordable cases,131,"Private industry, Nebraska",Industry-level data from the Survey of Occupational Injuries and Illnesses (SOII)
ISUINFSP2INF41131,2017,0,SP2INF,Information,4,Number of illness cases (thousands) (Size class 0),1,Total recordable cases,131,"Private industry, Nebraska",Industry-level data from the Survey of Occupational Injuries and Illnesses (SOII)
ISUINFSP2INF41131,2016,0,SP2INF,Information,4,Number of illness cases (thousands) (Size class 0),1,Total recordable cases,131,"Private industry, Nebraska",Industry-level data from the Survey of Occupational Injuries and Illnesses (SOII)
ISUINFSP2INF51131,2020,0.1,SP2INF,Information,5,Number of injury cases (thousands) (Size class 0),1,Total recordable cases,131,"Private industry, Nebraska",Industry-level data from the Survey of Occupational Injuries and Illnesses (SOII)
ISUINFSP2INF51131,2019,0.3,SP2INF,Information,5,Number of injury cases (thousands) (Size class 0),1,Total recordable cases,131,"Private industry, Nebraska",Industry-level data from the Survey of Occupational Injuries and Illnesses (SOII)
ISUINFSP2INF51131,2018,0.2,SP2INF,Information,5,Number of injury cases (thousands) (Size class 0),1,Total recordable cases,131,"Private industry, Nebraska",Industry-level data from the Survey of Occupational Injuries and Illnesses (SOII)
ISUINFSP2INF51131,2017,0.3,SP2INF,Information,5,Number of injury cases (thousands) (Size class 0),1,Total recordable cases,131,"Private industry, Nebraska",Industry-level data from the Survey of Occupational Injuries and Illnesses (SOII)
ISUINFSP2INF51131,2016,0.3,SP2INF,Information,5,Number of injury cases (thousands) (Size class 0),1,Total recordable cases,131,"Private industry, Nebraska",Industry-level data from the Survey of Occupational Injuries and Illnesses (SOII)
ISULEH71200001131,2019,-,712000,"Museums, historical sites, and similar institutions",0,"Rate of illness cases per 10,000 full-time workers (Size class 0)",1,Total recordable cases,131,"Private industry, Nebraska",Industry-level data from the Survey of Occupational Injuries and Illnesses (SOII)
ISULEH71200001131,2018,-,712000,"Museums, historical sites, and similar institutions",0,"Rate of illness cases per 10,000 full-time workers (Size class 0)",1,Total recordable cases,131,"Private industry, Nebraska",Industry-level data from the Survey of Occupational Injuries and Illnesses (SOII)
ISULEH71200011131,2020,6.2,712000,"Museums, historical sites, and similar institutions",1,Rate of injury cases per 100 full-time workers (Size class 0),1,Total recordable cases,131,"Private industry, Nebraska",Industry-level data from the Survey of Occupational Injuries and Illnesses (SOII)
ISULEH71200011131,2019,5.2,712000,"Museums, historical sites, and similar institutions",1,Rate of injury cases per 100 full-time workers (Size class 0),1,Total recordable cases,131,"Private industry, Nebraska",Industry-level data from the Survey of Occupational Injuries and Illnesses (SOII)
ISULEH71200011131,2018,5.8,712000,"Museums, historical sites, and similar institutions",1,Rate of injury cases per 100 full-time workers (Size class 0),1,Total recordable cases,131,"Private industry, Nebraska",Industry-level data from the Survey of Occupational Injuries and Illnesses (SOII)
ISULEH71200011131,2016,3.2,712000,"Museums, historical sites, and similar institutions",1,Rate of injury cases per 100 full-time workers (Size class 0),1,Total recordable cases,131,"Private industry, Nebraska",Industry-level data from the Survey of Occupational Injuries and Illnesses (SOII)
ISULEH71200031131,2020,6.2,712000,"Museums, historical sites, and similar institutions",3,Rate of injury and illness cases per 100 full-time workers (Size class 0),1,Total recordable cases,131,"Private industry, Nebraska",Industry-level data from the Survey of Occupational Injuries and Illnesses (SOII)
ISULEH71200031131,2019,5.4,712000,"Museums, historical sites, and similar institutions",3,Rate of injury and illness cases per 100 full-time workers (Size class 0),1,Total recordable cases,131,"Private industry, Nebraska",Industry-level data from the Survey of Occupational Injuries and Illnesses (SOII)
ISULEH71200031131,2018,6.8,712000,"Museums, historical sites, and similar institutions",3,Rate of injury and illness cases per 100 full-time workers (Size class 0),1,Total recordable cases,131,"Private industry, Nebraska",Industry-level data from the Survey of Occupational Injuries and Illnesses (SOII)
ISULEH71200031131,2016,3.7,712000,"Museums, historical sites, and similar institutions",3,Rate of injury and illness cases per 100 full-time workers (Size class 0),1,Total recordable cases,131,"Private industry, Nebraska",Industry-level data from the Survey of Occupational Injuries and Illnesses (SOII)
ISUEHSSP2HSA32831,2020,2.3,SP2HSA,Health care and social assistance,3,Rate of injury and illness cases per 100 full-time workers (Size class 0),2,"Cases involving days away from work, job restriction, or transfer",831,"Local government, Nebraska",Industry-level data from the Survey of Occupational Injuries and Illnesses (SOII)
ISUEHSSP2HSA32831,2019,1.4,SP2HSA,Health care and social assistance,3,Rate of injury and illness cases per 100 full-time workers (Size class 0),2,"Cases involving days away from work, job restriction, or transfer",831,"Local government, Nebraska",Industry-level data from the Survey of Occupational Injuries and Illnesses (SOII)
ISUEHSSP2HSA32831,2018,1.8,SP2HSA,Health care and social assistance,3,Rate of injury and illness cases per 100 full-time workers (Size class 0),2,"Cases involving days away from work, job restriction, or transfer",831,"Local government, Nebraska",Industry-level data from the Survey of Occupational Injuries and Illnesses (SOII)
ISUEHSSP2HSA32831,2017,1.5,SP2HSA,Health care and social assistance,3,Rate of injury and illness cases per 100 full-time workers (Size class 0),2,"Cases involving days away from work, job restriction, or transfer",831,"Local government, Nebraska",Industry-level data from the Survey of Occupational Injuries and Illnesses (SOII)
ISUEHSSP2HSA32831,2016,4.6,SP2HSA,Health care and social assistance,3,Rate of injury and illness cases per 100 full-time workers (Size class 0),2,"Cases involving days away from work, job restriction, or transfer",831,"Local government, Nebraska",Industry-level data from the Survey of Occupational Injuries and Illnesses (SOII)
ISUEHSSP2HSA41131,2020,1.7,SP2HSA,Health care and social assistance,4,Number of illness cases (thousands) (Size class 0),1,Total recordable cases,131,"Private industry, Nebraska",Industry-level data from the Survey of Occupational Injuries and Illnesses (SOII)
ISUEHSSP2HSA41131,2019,0.2,SP2HSA,Health care and social assistance,4,Number of illness cases (thousands) (Size class 0),1,Total recordable cases,131,"Private industry, Nebraska",Industry-level data from the Survey of Occupational Injuries and Illnesses (SOII)
ISUEHSSP2HSA41131,2018,0.4,SP2HSA,Health care and social assistance,4,Number of illness cases (thousands) (Size class 0),1,Total recordable cases,131,"Private industry, Nebraska",Industry-level data from the Survey of Occupational Injuries and Illnesses (SOII)
ISUEHSSP2HSA41131,2017,0.4,SP2HSA,Health care and social assistance,4,Number of illness cases (thousands) (Size class 0),1,Total recordable cases,131,"Private industry, Nebraska",Industry-level data from the Survey of Occupational Injuries and Illnesses (SOII)
ISUEHSSP2HSA41131,2016,0.2,SP2HSA,Health care and social assistance,4,Number of illness cases (thousands) (Size class 0),1,Total recordable cases,131,"Private industry, Nebraska",Industry-level data from the Survey of Occupational Injuries and Illnesses (SOII)
ISUEHSSP2HSA41831,2019,0,SP2HSA,Health care and social assistance,4,Number of illness cases (thousands) (Size class 0),1,Total recordable cases,831,"Local government, Nebraska",Industry-level data from the Survey of Occupational Injuries and Illnesses (SOII)
ISUEHSSP2HSA41831,2018,0,SP2HSA,Health care and social assistance,4,Number of illness cases (thousands) (Size class 0),1,Total recordable cases,831,"Local government, Nebraska",Industry-level data from the Survey of Occupational Injuries and Illnesses (SOII)
ISUEHSSP2HSA41831,2017,0,SP2HSA,Health care and social assistance,4,Number of illness cases (thousands) (Size class 0),1,Total recordable cases,831,"Local government, Nebraska",Industry-level data from the Survey of Occupational Injuries and Illnesses (SOII)
ISUEHSSP2HSA41831,2016,0,SP2HSA,Health care and social assistance,4,Number of illness cases (thousands) (Size class 0),1,Total recordable cases,831,"Local government, Nebraska",Industry-level data from the Survey of Occupational Injuries and Illnesses (SOII)
ISUEHSSP2HSA51131,2020,2.8,SP2HSA,Health care and social assistance,5,Number of injury cases (thousands) (Size class 0),1,Total recordable cases,131,"Private industry, Nebraska",Industry-level data from the Survey of Occupational Injuries and Illnesses (SOII)
ISUEHSSP2HSA51131,2019,3.4,SP2HSA,Health care and social assistance,5,Number of injury cases (thousands) (Size class 0),1,Total recordable cases,131,"Private industry, Nebraska",Industry-level data from the Survey of Occupational Injuries and Illnesses (SOII)
ISUEHSSP2HSA51131,2018,3.6,SP2HSA,Health care and social assistance,5,Number of injury cases (thousands) (Size class 0),1,Total recordable cases,131,"Private industry, Nebraska",Industry-level data from the Survey of Occupational Injuries and Illnesses (SOII)
ISUEHSSP2HSA51131,2017,3.3,SP2HSA,Health care and social assistance,5,Number of injury cases (thousands) (Size class 0),1,Total recordable cases,131,"Private industry, Nebraska",Industry-level data from the Survey of Occupational Injuries and Illnesses (SOII)
ISUEHSSP2HSA51131,2016,3.7,SP2HSA,Health care and social assistance,5,Number of injury cases (thousands) (Size class 0),1,Total recordable cases,131,"Private industry, Nebraska",Industry-level data from the Survey of Occupational Injuries and Illnesses (SOII)
ISUEHSSP2HSA51831,2020,0.2,SP2HSA,Health care and social assistance,5,Number of injury cases (thousands) (Size class 0),1,Total recordable cases,831,"Local government, Nebraska",Industry-level data from the Survey of Occupational Injuries and Illnesses (SOII)
ISUEHSSP2HSA51831,2019,0.5,SP2HSA,Health care and social assistance,5,Number of injury cases (thousands) (Size class 0),1,Total recordable cases,831,"Local government, Nebraska",Industry-level data from the Survey of Occupational Injuries and Illnesses (SOII)
ISUEHSSP2HSA51831,2018,0.4,SP2HSA,Health care and social assistance,5,Number of injury cases (thousands) (Size class 0),1,Total recordable cases,831,"Local government, Nebraska",Industry-level data from the Survey of Occupational Injuries and Illnesses (SOII)
ISUEHSSP2HSA51831,2017,0.3,SP2HSA,Health care and social assistance,5,Number of injury cases (thousands) (Size class 0),1,Total recordable cases,831,"Local government, Nebraska",Industry-level data from the Survey of Occupational Injuries and Illnesses (SOII)
ISUEHSSP2HSA51831,2016,0.7,SP2HSA,Health care and social assistance,5,Number of injury cases (thousands) (Size class 0),1,Total recordable cases,831,"Local government, Nebraska",Industry-level data from the Survey of Occupational Injuries and Illnesses (SOII)
ISUFIA53100001131,2020,-,531000,Real estate,0,"Rate of illness cases per 10,000 full-time workers (Size class 0)",1,Total recordable cases,131,"Private industry, Nebraska",Industry-level data from the Survey of Occupational Injuries and Illnesses (SOII)
ISUFIA53100001131,2019,-,531000,Real estate,0,"Rate of illness cases per 10,000 full-time workers (Size class 0)",1,Total recordable cases,131,"Private industry, Nebraska",Industry-level data from the Survey of Occupational Injuries and Illnesses (SOII)
ISUFIA53100001131,2017,-,531000,Real estate,0,"Rate of illness cases per 10,000 full-time workers (Size class 0)",1,Total recordable cases,131,"Private industry, Nebraska",Industry-level data from the Survey of Occupational Injuries and Illnesses (SOII)
ISUFIA53100001131,2016,-,531000,Real estate,0,"Rate of illness cases per 10,000 full-time workers (Size class 0)",1,Total recordable cases,131,"Private industry, Nebraska",Industry-level data from the Survey of Occupational Injuries and Illnesses (SOII)
ISUFIA53100011131,2019,3.6,531000,Real estate,1,Rate of injury cases per 100 full-time workers (Size class 0),1,Total recordable cases,131,"Private industry, Nebraska",Industry-level data from the Survey of Occupational Injuries and Illnesses (SOII)
ISUFIA53100011131,2018,5.1,531000,Real estate,1,Rate of injury cases per 100 full-time workers (Size class 0),1,Total recordable cases,131,"Private industry, Nebraska",Industry-level data from the Survey of Occupational Injuries and Illnesses (SOII)
ISUFIA53100011131,2017,1.1,531000,Real estate,1,Rate of injury cases per 100 full-time workers (Size class 0),1,Total recordable cases,131,"Private industry, Nebraska",Industry-level data from the Survey of Occupational Injuries and Illnesses (SOII)
ISUFIA53100031131,2019,3.6,531000,Real estate,3,Rate of injury and illness cases per 100 full-time workers (Size class 0),1,Total recordable cases,131,"Private industry, Nebraska",Industry-level data from the Survey of Occupational Injuries and Illnesses (SOII)
ISUFIA53100031131,2018,5.3,531000,Real estate,3,Rate of injury and illness cases per 100 full-time workers (Size class 0),1,Total recordable cases,131,"Private industry, Nebraska",Industry-level data from the Survey of Occupational Injuries and Illnesses (SOII)
ISUFIA53100031131,2017,1.2,531000,Real estate,3,Rate of injury and illness cases per 100 full-time workers (Size class 0),1,Total recordable cases,131,"Private industry, Nebraska",Industry-level data from the Survey of Occupational Injuries and Illnesses (SOII)
ISUFIA53100032131,2020,0.3,531000,Real estate,3,Rate of injury and illness cases per 100 full-time workers (Size class 0),2,"Cases involving days away from work, job restriction, or transfer",131,"Private industry, Nebraska",Industry-level data from the Survey of Occupational Injuries and Illnesses (SOII)
ISUFIA53100032131,2019,1.9,531000,Real estate,3,Rate of injury and illness cases per 100 full-time workers (Size class 0),2,"Cases involving days away from work, job restriction, or transfer",131,"Private industry, Nebraska",Industry-level data from the Survey of Occupational Injuries and Illnesses (SOII)
ISUFIA53100032131,2018,2,531000,Real estate,3,Rate of injury and illness cases per 100 full-time workers (Size class 0),2,"Cases involving days away from work, job restriction, or transfer",131,"Private industry, Nebraska",Industry-level data from the Survey of Occupational Injuries and Illnesses (SOII)
ISUFIA53100032131,2017,0.8,531000,Real estate,3,Rate of injury and illness cases per 100 full-time workers (Size class 0),2,"Cases involving days away from work, job restriction, or transfer",131,"Private industry, Nebraska",Industry-level data from the Survey of Occupational Injuries and Illnesses (SOII)
ISUFIA53100032131,2016,0.6,531000,Real estate,3,Rate of injury and illness cases per 100 full-time workers (Size class 0),2,"Cases involving days away from work, job restriction, or transfer",131,"Private industry, Nebraska",Industry-level data from the Survey of Occupational Injuries and Illnesses (SOII)
ISUFIA53100041131,2020,-,531000,Real estate,4,Number of illness cases (thousands) (Size class 0),1,Total recordable cases,131,"Private industry, Nebraska",Industry-level data from the Survey of Occupational Injuries and Illnesses (SOII)
ISUFIA53100041131,2019,0,531000,Real estate,4,Number of illness cases (thousands) (Size class 0),1,Total recordable cases,131,"Private industry, Nebraska",Industry-level data from the Survey of Occupational Injuries and Illnesses (SOII)
ISUFIA53100041131,2017,0,531000,Real estate,4,Number of illness cases (thousands) (Size class 0),1,Total recordable cases,131,"Private industry, Nebraska",Industry-level data from the Survey of Occupational Injuries and Illnesses (SOII)
ISUFIA53100041131,2016,0,531000,Real estate,4,Number of illness cases (thousands) (Size class 0),1,Total recordable cases,131,"Private industry, Nebraska",Industry-level data from the Survey of Occupational Injuries and Illnesses (SOII)
ISUFIA53100051131,2019,0.2,531000,Real estate,5,Number of injury cases (thousands) (Size class 0),1,Total recordable cases,131,"Private industry, Nebraska",Industry-level data from the Survey of Occupational Injuries and Illnesses (SOII)
ISUFIA53100051131,2018,0.4,531000,Real estate,5,Number of injury cases (thousands) (Size class 0),1,Total recordable cases,131,"Private industry, Nebraska",Industry-level data from the Survey of Occupational Injuries and Illnesses (SOII)
ISUFIA53100051131,2017,0.1,531000,Real estate,5,Number of injury cases (thousands) (Size class 0),1,Total recordable cases,131,"Private industry, Nebraska",Industry-level data from the Survey of Occupational Injuries and Illnesses (SOII)
ISUFIA53200001131,2018,-,532000,Rental and leasing services,0,"Rate of illness cases per 10,000 full-time workers (Size class 0)",1,Total recordable cases,131,"Private industry, Nebraska",Industry-level data from the Survey of Occupational Injuries and Illnesses (SOII)
ISUFIA53200001131,2017,-,532000,Rental and leasing services,0,"Rate of illness cases per 10,000 full-time workers (Size class 0)",1,Total recordable cases,131,"Private industry, Nebraska",Industry-level data from the Survey of Occupational Injuries and Illnesses (SOII)
ISUFIA53200011131,2018,1.5,532000,Rental and leasing services,1,Rate of injury cases per 100 full-time workers (Size class 0),1,Total recordable cases,131,"Private industry, Nebraska",Industry-level data from the Survey of Occupational Injuries and Illnesses (SOII)
ISUFIA53200011131,2017,1.3,532000,Rental and leasing services,1,Rate of injury cases per 100 full-time workers (Size class 0),1,Total recordable cases,131,"Private industry, Nebraska",Industry-level data from the Survey of Occupational Injuries and Illnesses (SOII)
ISUFIA53200031131,2018,1.5,532000,Rental and leasing services,3,Rate of injury and illness cases per 100 full-time workers (Size class 0),1,Total recordable cases,131,"Private industry, Nebraska",Industry-level data from the Survey of Occupational Injuries and Illnesses (SOII)
ISUFIA53200031131,2017,1.3,532000,Rental and leasing services,3,Rate of injury and illness cases per 100 full-time workers (Size class 0),1,Total recordable cases,131,"Private industry, Nebraska",Industry-level data from the Survey of Occupational Injuries and Illnesses (SOII)
ISUFIA53200032131,2018,1.2,532000,Rental and leasing services,3,Rate of injury and illness cases per 100 full-time workers (Size class 0),2,"Cases involving days away from work, job restriction, or transfer",131,"Private industry, Nebraska",Industry-level data from the Survey of Occupational Injuries and Illnesses (SOII)
ISUFIA53200032131,2017,1.1,532000,Rental and leasing services,3,Rate of injury and illness cases per 100 full-time workers (Size class 0),2,"Cases involving days away from work, job restriction, or transfer",131,"Private industry, Nebraska",Industry-level data from the Survey of Occupational Injuries and Illnesses (SOII)
ISUFIA53200041131,2018,0,532000,Rental and leasing services,4,Number of illness cases (thousands) (Size class 0),1,Total recordable cases,131,"Private industry, Nebraska",Industry-level data from the Survey of Occupational Injuries and Illnesses (SOII)
ISUFIA53200041131,2017,0,532000,Rental and leasing services,4,Number of illness cases (thousands) (Size class 0),1,Total recordable cases,131,"Private industry, Nebraska",Industry-level data from the Survey of Occupational Injuries and Illnesses (SOII)
ISUFIA53200051131,2018,0,532000,Rental and leasing services,5,Number of injury cases (thousands) (Size class 0),1,Total recordable cases,131,"Private industry, Nebraska",Industry-level data from the Survey of Occupational Injuries and Illnesses (SOII)
ISUFIA53200051131,2017,0,532000,Rental and leasing services,5,Number of injury cases (thousands) (Size class 0),1,Total recordable cases,131,"Private industry, Nebraska",Industry-level data from the Survey of Occupational Injuries and Illnesses (SOII)
ISUFIA53300001131,2018,-,533000,Lessors of nonfinancial intangible assets (except copyrighted works),0,"Rate of illness cases per 10,000 full-time workers (Size class 0)",1,Total recordable cases,131,"Private industry, Nebraska",Industry-level data from the Survey of Occupational Injuries and Illnesses (SOII)
ISUFIA53300001131,2017,-,533000,Lessors of nonfinancial intangible assets (except copyrighted works),0,"Rate of illness cases per 10,000 full-time workers (Size class 0)",1,Total recordable cases,131,"Private industry, Nebraska",Industry-level data from the Survey of Occupational Injuries and Illnesses (SOII)
ISUFIA53300001131,2016,-,533000,Lessors of nonfinancial intangible assets (except copyrighted works),0,"Rate of illness cases per 10,000 full-time workers (Size class 0)",1,Total recordable cases,131,"Private industry, Nebraska",Industry-level data from the Survey of Occupational Injuries and Illnesses (SOII)
ISUFIA53300011131,2018,-,533000,Lessors of nonfinancial intangible assets (except copyrighted works),1,Rate of injury cases per 100 full-time workers (Size class 0),1,Total recordable cases,131,"Private industry, Nebraska",Industry-level data from the Survey of Occupational Injuries and Illnesses (SOII)
ISUFIA53300011131,2017,-,533000,Lessors of nonfinancial intangible assets (except copyrighted works),1,Rate of injury cases per 100 full-time workers (Size class 0),1,Total recordable cases,131,"Private industry, Nebraska",Industry-level data from the Survey of Occupational Injuries and Illnesses (SOII)
ISUFIA53300011131,2016,-,533000,Lessors of nonfinancial intangible assets (except copyrighted works),1,Rate of injury cases per 100 full-time workers (Size class 0),1,Total recordable cases,131,"Private industry, Nebraska",Industry-level data from the Survey of Occupational Injuries and Illnesses (SOII)
ISUFIA53300031131,2018,-,533000,Lessors of nonfinancial intangible assets (except copyrighted works),3,Rate of injury and illness cases per 100 full-time workers (Size class 0),1,Total recordable cases,131,"Private industry, Nebraska",Industry-level data from the Survey of Occupational Injuries and Illnesses (SOII)
ISUFIA53300031131,2017,-,533000,Lessors of nonfinancial intangible assets (except copyrighted works),3,Rate of injury and illness cases per 100 full-time workers (Size class 0),1,Total recordable cases,131,"Private industry, Nebraska",Industry-level data from the Survey of Occupational Injuries and Illnesses (SOII)
ISUFIA53300031131,2016,-,533000,Lessors of nonfinancial intangible assets (except copyrighted works),3,Rate of injury and illness cases per 100 full-time workers (Size class 0),1,Total recordable cases,131,"Private industry, Nebraska",Industry-level data from the Survey of Occupational Injuries and Illnesses (SOII)
ISUFIA53300032131,2018,-,533000,Lessors of nonfinancial intangible assets (except copyrighted works),3,Rate of injury and illness cases per 100 full-time workers (Size class 0),2,"Cases involving days away from work, job restriction, or transfer",131,"Private industry, Nebraska",Industry-level data from the Survey of Occupational Injuries and Illnesses (SOII)
ISUFIA53300032131,2017,-,533000,Lessors of nonfinancial intangible assets (except copyrighted works),3,Rate of injury and illness cases per 100 full-time workers (Size class 0),2,"Cases involving days away from work, job restriction, or transfer",131,"Private industry, Nebraska",Industry-level data from the Survey of Occupational Injuries and Illnesses (SOII)
ISUFIA53300032131,2016,-,533000,Lessors of nonfinancial intangible assets (except copyrighted works),3,Rate of injury and illness cases per 100 full-time workers (Size class 0),2,"Cases involving days away from work, job restriction, or transfer",131,"Private industry, Nebraska",Industry-level data from the Survey of Occupational Injuries and Illnesses (SOII)
ISUFIA53300041131,2018,0,533000,Lessors of nonfinancial intangible assets (except copyrighted works),4,Number of illness cases (thousands) (Size class 0),1,Total recordable cases,131,"Private industry, Nebraska",Industry-level data from the Survey of Occupational Injuries and Illnesses (SOII)
ISUFIA53300041131,2017,0,533000,Lessors of nonfinancial intangible assets (except copyrighted works),4,Number of illness cases (thousands) (Size class 0),1,Total recordable cases,131,"Private industry, Nebraska",Industry-level data from the Survey of Occupational Injuries and Illnesses (SOII)
ISUFIA53300041131,2016,0,533000,Lessors of nonfinancial intangible assets (except copyrighted works),4,Number of illness cases (thousands) (Size class 0),1,Total recordable cases,131,"Private industry, Nebraska",Industry-level data from the Survey of Occupational Injuries and Illnesses (SOII)
ISUFIA53300051131,2018,0,533000,Lessors of nonfinancial intangible assets (except copyrighted works),5,Number of injury cases (thousands) (Size class 0),1,Total recordable cases,131,"Private industry, Nebraska",Industry-level data from the Survey of Occupational Injuries and Illnesses (SOII)
ISUFIA53300051131,2017,0,533000,Lessors of nonfinancial intangible assets (except copyrighted works),5,Number of injury cases (thousands) (Size class 0),1,Total recordable cases,131,"Private industry, Nebraska",Industry-level data from the Survey of Occupational Injuries and Illnesses (SOII)
ISUFIA53300051131,2016,0,533000,Lessors of nonfinancial intangible assets (except copyrighted works),5,Number of injury cases (thousands) (Size class 0),1,Total recordable cases,131,"Private industry, Nebraska",Industry-level data from the Survey of Occupational Injuries and Illnesses (SOII)
ISUFIASP1FIA01131,2020,10,SP1FIA,"Finance, insurance, and real estate",0,"Rate of illness cases per 10,000 full-time workers (Size class 0)",1,Total recordable cases,131,"Private industry, Nebraska",Industry-level data from the Survey of Occupational Injuries and Illnesses (SOII)
ISUFIASP1FIA01131,2019,-,SP1FIA,"Finance, insurance, and real estate",0,"Rate of illness cases per 10,000 full-time workers (Size class 0)",1,Total recordable cases,131,"Private industry, Nebraska",Industry-level data from the Survey of Occupational Injuries and Illnesses (SOII)
ISUFIASP1FIA01131,2018,6.1,SP1FIA,"Finance, insurance, and real estate",0,"Rate of illness cases per 10,000 full-time workers (Size class 0)",1,Total recordable cases,131,"Private industry, Nebraska",Industry-level data from the Survey of Occupational Injuries and Illnesses (SOII)
ISUFIASP1FIA01131,2017,5.6,SP1FIA,"Finance, insurance, and real estate",0,"Rate of illness cases per 10,000 full-time workers (Size class 0)",1,Total recordable cases,131,"Private industry, Nebraska",Industry-level data from the Survey of Occupational Injuries and Illnesses (SOII)
ISUFIASP1FIA01131,2016,5.3,SP1FIA,"Finance, insurance, and real estate",0,"Rate of illness cases per 10,000 full-time workers (Size class 0)",1,Total recordable cases,131,"Private industry, Nebraska",Industry-level data from the Survey of Occupational Injuries and Illnesses (SOII)
ISUFIASP1FIA11131,2019,0.8,SP1FIA,"Finance, insurance, and real estate",1,Rate of injury cases per 100 full-time workers (Size class 0),1,Total recordable cases,131,"Private industry, Nebraska",Industry-level data from the Survey of Occupational Injuries and Illnesses (SOII)
ISUFIASP1FIA11131,2018,1.1,SP1FIA,"Finance, insurance, and real estate",1,Rate of injury cases per 100 full-time workers (Size class 0),1,Total recordable cases,131,"Private industry, Nebraska",Industry-level data from the Survey of Occupational Injuries and Illnesses (SOII)
ISUFIASP1FIA11131,2017,0.5,SP1FIA,"Finance, insurance, and real estate",1,Rate of injury cases per 100 full-time workers (Size class 0),1,Total recordable cases,131,"Private industry, Nebraska",Industry-level data from the Survey of Occupational Injuries and Illnesses (SOII)
ISUFIASP1FIA11131,2016,1,SP1FIA,"Finance, insurance, and real estate",1,Rate of injury cases per 100 full-time workers (Size class 0),1,Total recordable cases,131,"Private industry, Nebraska",Industry-level data from the Survey of Occupational Injuries and Illnesses (SOII)
ISUFIASP1FIA31131,2019,0.9,SP1FIA,"Finance, insurance, and real estate",3,Rate of injury and illness cases per 100 full-time workers (Size class 0),1,Total recordable cases,131,"Private industry, Nebraska",Industry-level data from the Survey of Occupational Injuries and Illnesses (SOII)
ISUFIASP1FIA31131,2018,1.1,SP1FIA,"Finance, insurance, and real estate",3,Rate of injury and illness cases per 100 full-time workers (Size class 0),1,Total recordable cases,131,"Private industry, Nebraska",Industry-level data from the Survey of Occupational Injuries and Illnesses (SOII)
ISUFIASP1FIA31131,2017,0.6,SP1FIA,"Finance, insurance, and real estate",3,Rate of injury and illness cases per 100 full-time workers (Size class 0),1,Total recordable cases,131,"Private industry, Nebraska",Industry-level data from the Survey of Occupational Injuries and Illnesses (SOII)
ISUFIASP1FIA31131,2016,1.1,SP1FIA,"Finance, insurance, and real estate",3,Rate of injury and illness cases per 100 full-time workers (Size class 0),1,Total recordable cases,131,"Private industry, Nebraska",Industry-level data from the Survey of Occupational Injuries and Illnesses (SOII)
ISUFIASP1FIA32131,2020,0.2,SP1FIA,"Finance, insurance, and real estate",3,Rate of injury and illness cases per 100 full-time workers (Size class 0),2,"Cases involving days away from work, job restriction, or transfer",131,"Private industry, Nebraska",Industry-level data from the Survey of Occupational Injuries and Illnesses (SOII)
ISUFIASP1FIA32131,2019,0.4,SP1FIA,"Finance, insurance, and real estate",3,Rate of injury and illness cases per 100 full-time workers (Size class 0),2,"Cases involving days away from work, job restriction, or transfer",131,"Private industry, Nebraska",Industry-level data from the Survey of Occupational Injuries and Illnesses (SOII)
ISUFIASP1FIA32131,2018,0.3,SP1FIA,"Finance, insurance, and real estate",3,Rate of injury and illness cases per 100 full-time workers (Size class 0),2,"Cases involving days away from work, job restriction, or transfer",131,"Private industry, Nebraska",Industry-level data from the Survey of Occupational Injuries and Illnesses (SOII)
ISUFIASP1FIA32131,2017,0.2,SP1FIA,"Finance, insurance, and real estate",3,Rate of injury and illness cases per 100 full-time workers (Size class 0),2,"Cases involving days away from work, job restriction, or transfer",131,"Private industry, Nebraska",Industry-level data from the Survey of Occupational Injuries and Illnesses (SOII)
ISUFIASP1FIA32131,2016,0.3,SP1FIA,"Finance, insurance, and real estate",3,Rate of injury and illness cases per 100 full-time workers (Size class 0),2,"Cases involving days away from work, job restriction, or transfer",131,"Private industry, Nebraska",Industry-level data from the Survey of Occupational Injuries and Illnesses (SOII)
ISUFIASP1FIA41131,2020,0.1,SP1FIA,"Finance, insurance, and real estate",4,Number of illness cases (thousands) (Size class 0),1,Total recordable cases,131,"Private industry, Nebraska",Industry-level data from the Survey of Occupational Injuries and Illnesses (SOII)
ISUFIASP1FIA41131,2019,0,SP1FIA,"Finance, insurance, and real estate",4,Number of illness cases (thousands) (Size class 0),1,Total recordable cases,131,"Private industry, Nebraska",Industry-level data from the Survey of Occupational Injuries and Illnesses (SOII)
ISUFIASP1FIA41131,2018,0,SP1FIA,"Finance, insurance, and real estate",4,Number of illness cases (thousands) (Size class 0),1,Total recordable cases,131,"Private industry, Nebraska",Industry-level data from the Survey of Occupational Injuries and Illnesses (SOII)
ISUFIASP1FIA41131,2017,0,SP1FIA,"Finance, insurance, and real estate",4,Number of illness cases (thousands) (Size class 0),1,Total recordable cases,131,"Private industry, Nebraska",Industry-level data from the Survey of Occupational Injuries and Illnesses (SOII)
ISUFIASP1FIA41131,2016,0,SP1FIA,"Finance, insurance, and real estate",4,Number of illness cases (thousands) (Size class 0),1,Total recordable cases,131,"Private industry, Nebraska",Industry-level data from the Survey of Occupational Injuries and Illnesses (SOII)
ISUFIASP1FIA51131,2019,0.5,SP1FIA,"Finance, insurance, and real estate",5,Number of injury cases (thousands) (Size class 0),1,Total recordable cases,131,"Private industry, Nebraska",Industry-level data from the Survey of Occupational Injuries and Illnesses (SOII)
ISUFIASP1FIA51131,2018,0.7,SP1FIA,"Finance, insurance, and real estate",5,Number of injury cases (thousands) (Size class 0),1,Total recordable cases,131,"Private industry, Nebraska",Industry-level data from the Survey of Occupational Injuries and Illnesses (SOII)
ISUFIASP1FIA51131,2017,0.3,SP1FIA,"Finance, insurance, and real estate",5,Number of injury cases (thousands) (Size class 0),1,Total recordable cases,131,"Private industry, Nebraska",Industry-level data from the Survey of Occupational Injuries and Illnesses (SOII)
ISUFIASP1FIA51131,2016,0.6,SP1FIA,"Finance, insurance, and real estate",5,Number of injury cases (thousands) (Size class 0),1,Total recordable cases,131,"Private industry, Nebraska",Industry-level data from the Survey of Occupational Injuries and Illnesses (SOII)
ISUFIASP2FIN01131,2020,11.2,SP2FIN,Finance and insurance,0,"Rate of illness cases per 10,000 full-time workers (Size class 0)",1,Total recordable cases,131,"Private industry, Nebraska",Industry-level data from the Survey of Occupational Injuries and Illnesses (SOII)
ISUFIASP2FIN01131,2019,-,SP2FIN,Finance and insurance,0,"Rate of illness cases per 10,000 full-time workers (Size class 0)",1,Total recordable cases,131,"Private industry, Nebraska",Industry-level data from the Survey of Occupational Injuries and Illnesses (SOII)
ISUFIASP2FIN01131,2018,5.1,SP2FIN,Finance and insurance,0,"Rate of illness cases per 10,000 full-time workers (Size class 0)",1,Total recordable cases,131,"Private industry, Nebraska",Industry-level data from the Survey of Occupational Injuries and Illnesses (SOII)
ISUFIASP2FIN01131,2017,6.1,SP2FIN,Finance and insurance,0,"Rate of illness cases per 10,000 full-time workers (Size class 0)",1,Total recordable cases,131,"Private industry, Nebraska",Industry-level data from the Survey of Occupational Injuries and Illnesses (SOII)
ISUFIASP2FIN01131,2016,6,SP2FIN,Finance and insurance,0,"Rate of illness cases per 10,000 full-time workers (Size class 0)",1,Total recordable cases,131,"Private industry, Nebraska",Industry-level data from the Survey of Occupational Injuries and Illnesses (SOII)
ISUFIASP2FIN11131,2019,0.5,SP2FIN,Finance and insurance,1,Rate of injury cases per 100 full-time workers (Size class 0),1,Total recordable cases,131,"Private industry, Nebraska",Industry-level data from the Survey of Occupational Injuries and Illnesses (SOII)
ISUFIASP2FIN11131,2018,0.5,SP2FIN,Finance and insurance,1,Rate of injury cases per 100 full-time workers (Size class 0),1,Total recordable cases,131,"Private industry, Nebraska",Industry-level data from the Survey of Occupational Injuries and Illnesses (SOII)
ISUFIASP2FIN11131,2017,0.4,SP2FIN,Finance and insurance,1,Rate of injury cases per 100 full-time workers (Size class 0),1,Total recordable cases,131,"Private industry, Nebraska",Industry-level data from the Survey of Occupational Injuries and Illnesses (SOII)
ISUFIASP2FIN11131,2016,0.3,SP2FIN,Finance and insurance,1,Rate of injury cases per 100 full-time workers (Size class 0),1,Total recordable cases,131,"Private industry, Nebraska",Industry-level data from the Survey of Occupational Injuries and Illnesses (SOII)
ISUFIASP2FIN31131,2019,0.5,SP2FIN,Finance and insurance,3,Rate of injury and illness cases per 100 full-time workers (Size class 0),1,Total recordable cases,131,"Private industry, Nebraska",Industry-level data from the Survey of Occupational Injuries and Illnesses (SOII)
ISUFIASP2FIN31131,2018,0.6,SP2FIN,Finance and insurance,3,Rate of injury and illness cases per 100 full-time workers (Size class 0),1,Total recordable cases,131,"Private industry, Nebraska",Industry-level data from the Survey of Occupational Injuries and Illnesses (SOII)
ISUFIASP2FIN31131,2017,0.5,SP2FIN,Finance and insurance,3,Rate of injury and illness cases per 100 full-time workers (Size class 0),1,Total recordable cases,131,"Private industry, Nebraska",Industry-level data from the Survey of Occupational Injuries and Illnesses (SOII)
ISUFIASP2FIN31131,2016,0.4,SP2FIN,Finance and insurance,3,Rate of injury and illness cases per 100 full-time workers (Size class 0),1,Total recordable cases,131,"Private industry, Nebraska",Industry-level data from the Survey of Occupational Injuries and Illnesses (SOII)
ISUFIASP2FIN32131,2020,0.1,SP2FIN,Finance and insurance,3,Rate of injury and illness cases per 100 full-time workers (Size class 0),2,"Cases involving days away from work, job restriction, or transfer",131,"Private industry, Nebraska",Industry-level data from the Survey of Occupational Injuries and Illnesses (SOII)
ISUFIASP2FIN32131,2019,0.2,SP2FIN,Finance and insurance,3,Rate of injury and illness cases per 100 full-time workers (Size class 0),2,"Cases involving days away from work, job restriction, or transfer",131,"Private industry, Nebraska",Industry-level data from the Survey of Occupational Injuries and Illnesses (SOII)
ISUFIASP2FIN32131,2018,0.1,SP2FIN,Finance and insurance,3,Rate of injury and illness cases per 100 full-time workers (Size class 0),2,"Cases involving days away from work, job restriction, or transfer",131,"Private industry, Nebraska",Industry-level data from the Survey of Occupational Injuries and Illnesses (SOII)
ISUFIASP2FIN32131,2017,0.1,SP2FIN,Finance and insurance,3,Rate of injury and illness cases per 100 full-time workers (Size class 0),2,"Cases involving days away from work, job restriction, or transfer",131,"Private industry, Nebraska",Industry-level data from the Survey of Occupational Injuries and Illnesses (SOII)
ISUFIASP2FIN32131,2016,0.1,SP2FIN,Finance and insurance,3,Rate of injury and illness cases per 100 full-time workers (Size class 0),2,"Cases involving days away from work, job restriction, or transfer",131,"Private industry, Nebraska",Industry-level data from the Survey of Occupational Injuries and Illnesses (SOII)
ISUFIASP2FIN41131,2020,0.1,SP2FIN,Finance and insurance,4,Number of illness cases (thousands) (Size class 0),1,Total recordable cases,131,"Private industry, Nebraska",Industry-level data from the Survey of Occupational Injuries and Illnesses (SOII)
ISUFIASP2FIN41131,2019,0,SP2FIN,Finance and insurance,4,Number of illness cases (thousands) (Size class 0),1,Total recordable cases,131,"Private industry, Nebraska",Industry-level data from the Survey of Occupational Injuries and Illnesses (SOII)
ISUFIASP2FIN41131,2018,0,SP2FIN,Finance and insurance,4,Number of illness cases (thousands) (Size class 0),1,Total recordable cases,131,"Private industry, Nebraska",Industry-level data from the Survey of Occupational Injuries and Illnesses (SOII)
ISUFIASP2FIN41131,2017,0,SP2FIN,Finance and insurance,4,Number of illness cases (thousands) (Size class 0),1,Total recordable cases,131,"Private industry, Nebraska",Industry-level data from the Survey of Occupational Injuries and Illnesses (SOII)
ISUFIASP2FIN41131,2016,0,SP2FIN,Finance and insurance,4,Number of illness cases (thousands) (Size class 0),1,Total recordable cases,131,"Private industry, Nebraska",Industry-level data from the Survey of Occupational Injuries and Illnesses (SOII)
ISUFIASP2FIN51131,2019,0.3,SP2FIN,Finance and insurance,5,Number of injury cases (thousands) (Size class 0),1,Total recordable cases,131,"Private industry, Nebraska",Industry-level data from the Survey of Occupational Injuries and Illnesses (SOII)
ISUFIASP2FIN51131,2018,0.3,SP2FIN,Finance and insurance,5,Number of injury cases (thousands) (Size class 0),1,Total recordable cases,131,"Private industry, Nebraska",Industry-level data from the Survey of Occupational Injuries and Illnesses (SOII)
ISUFIASP2FIN51131,2017,0.2,SP2FIN,Finance and insurance,5,Number of injury cases (thousands) (Size class 0),1,Total recordable cases,131,"Private industry, Nebraska",Industry-level data from the Survey of Occupational Injuries and Illnesses (SOII)
ISUFIASP2FIN51131,2016,0.2,SP2FIN,Finance and insurance,5,Number of injury cases (thousands) (Size class 0),1,Total recordable cases,131,"Private industry, Nebraska",Industry-level data from the Survey of Occupational Injuries and Illnesses (SOII)
ISUFIASP2RRL01131,2019,-,SP2RRL,Real estate and rental and leasing,0,"Rate of illness cases per 10,000 full-time workers (Size class 0)",1,Total recordable cases,131,"Private industry, Nebraska",Industry-level data from the Survey of Occupational Injuries and Illnesses (SOII)
ISUFIASP2RRL01131,2017,-,SP2RRL,Real estate and rental and leasing,0,"Rate of illness cases per 10,000 full-time workers (Size class 0)",1,Total recordable cases,131,"Private industry, Nebraska",Industry-level data from the Survey of Occupational Injuries and Illnesses (SOII)
ISUFIASP2RRL11131,2019,3,SP2RRL,Real estate and rental and leasing,1,Rate of injury cases per 100 full-time workers (Size class 0),1,Total recordable cases,131,"Private industry, Nebraska",Industry-level data from the Survey of Occupational Injuries and Illnesses (SOII)
ISUFIASP2RRL11131,2018,4.2,SP2RRL,Real estate and rental and leasing,1,Rate of injury cases per 100 full-time workers (Size class 0),1,Total recordable cases,131,"Private industry, Nebraska",Industry-level data from the Survey of Occupational Injuries and Illnesses (SOII)
ISUFIASP2RRL11131,2017,1.1,SP2RRL,Real estate and rental and leasing,1,Rate of injury cases per 100 full-time workers (Size class 0),1,Total recordable cases,131,"Private industry, Nebraska",Industry-level data from the Survey of Occupational Injuries and Illnesses (SOII)
ISUFIASP2RRL31131,2019,3,SP2RRL,Real estate and rental and leasing,3,Rate of injury and illness cases per 100 full-time workers (Size class 0),1,Total recordable cases,131,"Private industry, Nebraska",Industry-level data from the Survey of Occupational Injuries and Illnesses (SOII)
ISUFIASP2RRL31131,2018,4.3,SP2RRL,Real estate and rental and leasing,3,Rate of injury and illness cases per 100 full-time workers (Size class 0),1,Total recordable cases,131,"Private industry, Nebraska",Industry-level data from the Survey of Occupational Injuries and Illnesses (SOII)
ISUFIASP2RRL31131,2017,1.2,SP2RRL,Real estate and rental and leasing,3,Rate of injury and illness cases per 100 full-time workers (Size class 0),1,Total recordable cases,131,"Private industry, Nebraska",Industry-level data from the Survey of Occupational Injuries and Illnesses (SOII)
ISUFIASP2RRL32131,2019,1.7,SP2RRL,Real estate and rental and leasing,3,Rate of injury and illness cases per 100 full-time workers (Size class 0),2,"Cases involving days away from work, job restriction, or transfer",131,"Private industry, Nebraska",Industry-level data from the Survey of Occupational Injuries and Illnesses (SOII)
ISUFIASP2RRL32131,2018,1.8,SP2RRL,Real estate and rental and leasing,3,Rate of injury and illness cases per 100 full-time workers (Size class 0),2,"Cases involving days away from work, job restriction, or transfer",131,"Private industry, Nebraska",Industry-level data from the Survey of Occupational Injuries and Illnesses (SOII)
ISUFIASP2RRL32131,2017,0.9,SP2RRL,Real estate and rental and leasing,3,Rate of injury and illness cases per 100 full-time workers (Size class 0),2,"Cases involving days away from work, job restriction, or transfer",131,"Private industry, Nebraska",Industry-level data from the Survey of Occupational Injuries and Illnesses (SOII)
ISUFIASP2RRL41131,2019,0,SP2RRL,Real estate and rental and leasing,4,Number of illness cases (thousands) (Size class 0),1,Total recordable cases,131,"Private industry, Nebraska",Industry-level data from the Survey of Occupational Injuries and Illnesses (SOII)
ISUFIASP2RRL41131,2017,0,SP2RRL,Real estate and rental and leasing,4,Number of illness cases (thousands) (Size class 0),1,Total recordable cases,131,"Private industry, Nebraska",Industry-level data from the Survey of Occupational Injuries and Illnesses (SOII)
ISUFIASP2RRL51131,2019,0.3,SP2RRL,Real estate and rental and leasing,5,Number of injury cases (thousands) (Size class 0),1,Total recordable cases,131,"Private industry, Nebraska",Industry-level data from the Survey of Occupational Injuries and Illnesses (SOII)
ISUFIASP2RRL51131,2018,0.4,SP2RRL,Real estate and rental and leasing,5,Number of injury cases (thousands) (Size class 0),1,Total recordable cases,131,"Private industry, Nebraska",Industry-level data from the Survey of Occupational Injuries and Illnesses (SOII)
ISUFIASP2RRL51131,2017,0.1,SP2RRL,Real estate and rental and leasing,5,Number of injury cases (thousands) (Size class 0),1,Total recordable cases,131,"Private industry, Nebraska",Industry-level data from the Survey of Occupational Injuries and Illnesses (SOII)
ISUGP1GP1AAA01131,2020,117.1,GP1AAA,Goods-producing,0,"Rate of illness cases per 10,000 full-time workers (Size class 0)",1,Total recordable cases,131,"Private industry, Nebraska",Industry-level data from the Survey of Occupational Injuries and Illnesses (SOII)
ISUGP1GP1AAA01131,2019,53,GP1AAA,Goods-producing,0,"Rate of illness cases per 10,000 full-time workers (Size class 0)",1,Total recordable cases,131,"Private industry, Nebraska",Industry-level data from the Survey of Occupational Injuries and Illnesses (SOII)
ISUGP1GP1AAA01131,2018,57.7,GP1AAA,Goods-producing,0,"Rate of illness cases per 10,000 full-time workers (Size class 0)",1,Total recordable cases,131,"Private industry, Nebraska",Industry-level data from the Survey of Occupational Injuries and Illnesses (SOII)
ISUGP1GP1AAA01131,2017,71,GP1AAA,Goods-producing,0,"Rate of illness cases per 10,000 full-time workers (Size class 0)",1,Total recordable cases,131,"Private industry, Nebraska",Industry-level data from the Survey of Occupational Injuries and Illnesses (SOII)
ISUGP1GP1AAA01131,2016,89.3,GP1AAA,Goods-producing,0,"Rate of illness cases per 10,000 full-time workers (Size class 0)",1,Total recordable cases,131,"Private industry, Nebraska",Industry-level data from the Survey of Occupational Injuries and Illnesses (SOII)
ISUGP1GP1AAA01831,2019,-,GP1AAA,Goods-producing,0,"Rate of illness cases per 10,000 full-time workers (Size class 0)",1,Total recordable cases,831,"Local government, Nebraska",Industry-level data from the Survey of Occupational Injuries and Illnesses (SOII)
ISUGP1GP1AAA01831,2018,-,GP1AAA,Goods-producing,0,"Rate of illness cases per 10,000 full-time workers (Size class 0)",1,Total recordable cases,831,"Local government, Nebraska",Industry-level data from the Survey of Occupational Injuries and Illnesses (SOII)
ISUGP1GP1AAA01831,2017,-,GP1AAA,Goods-producing,0,"Rate of illness cases per 10,000 full-time workers (Size class 0)",1,Total recordable cases,831,"Local government, Nebraska",Industry-level data from the Survey of Occupational Injuries and Illnesses (SOII)
ISUGP1GP1AAA11131,2020,3.1,GP1AAA,Goods-producing,1,Rate of injury cases per 100 full-time workers (Size class 0),1,Total recordable cases,131,"Private industry, Nebraska",Industry-level data from the Survey of Occupational Injuries and Illnesses (SOII)
ISUGP1GP1AAA11131,2019,3.5,GP1AAA,Goods-producing,1,Rate of injury cases per 100 full-time workers (Size class 0),1,Total recordable cases,131,"Private industry, Nebraska",Industry-level data from the Survey of Occupational Injuries and Illnesses (SOII)
ISUGP1GP1AAA11131,2018,3.7,GP1AAA,Goods-producing,1,Rate of injury cases per 100 full-time workers (Size class 0),1,Total recordable cases,131,"Private industry, Nebraska",Industry-level data from the Survey of Occupational Injuries and Illnesses (SOII)
ISUGP1GP1AAA11131,2017,3.5,GP1AAA,Goods-producing,1,Rate of injury cases per 100 full-time workers (Size class 0),1,Total recordable cases,131,"Private industry, Nebraska",Industry-level data from the Survey of Occupational Injuries and Illnesses (SOII)
ISUGP1GP1AAA11131,2016,4.1,GP1AAA,Goods-producing,1,Rate of injury cases per 100 full-time workers (Size class 0),1,Total recordable cases,131,"Private industry, Nebraska",Industry-level data from the Survey of Occupational Injuries and Illnesses (SOII)
ISUGP1GP1AAA11831,2019,-,GP1AAA,Goods-producing,1,Rate of injury cases per 100 full-time workers (Size class 0),1,Total recordable cases,831,"Local government, Nebraska",Industry-level data from the Survey of Occupational Injuries and Illnesses (SOII)
ISUGP1GP1AAA11831,2018,-,GP1AAA,Goods-producing,1,Rate of injury cases per 100 full-time workers (Size class 0),1,Total recordable cases,831,"Local government, Nebraska",Industry-level data from the Survey of Occupational Injuries and Illnesses (SOII)
ISUGP1GP1AAA11831,2017,-,GP1AAA,Goods-producing,1,Rate of injury cases per 100 full-time workers (Size class 0),1,Total recordable cases,831,"Local government, Nebraska",Industry-level data from the Survey of Occupational Injuries and Illnesses (SOII)
ISUGP1GP1AAA31131,2020,4.3,GP1AAA,Goods-producing,3,Rate of injury and illness cases per 100 full-time workers (Size class 0),1,Total recordable cases,131,"Private industry, Nebraska",Industry-level data from the Survey of Occupational Injuries and Illnesses (SOII)
ISUGP1GP1AAA31131,2019,4,GP1AAA,Goods-producing,3,Rate of injury and illness cases per 100 full-time workers (Size class 0),1,Total recordable cases,131,"Private industry, Nebraska",Industry-level data from the Survey of Occupational Injuries and Illnesses (SOII)
ISUGP1GP1AAA31131,2018,4.3,GP1AAA,Goods-producing,3,Rate of injury and illness cases per 100 full-time workers (Size class 0),1,Total recordable cases,131,"Private industry, Nebraska",Industry-level data from the Survey of Occupational Injuries and Illnesses (SOII)
ISUGP1GP1AAA31131,2017,4.2,GP1AAA,Goods-producing,3,Rate of injury and illness cases per 100 full-time workers (Size class 0),1,Total recordable cases,131,"Private industry, Nebraska",Industry-level data from the Survey of Occupational Injuries and Illnesses (SOII)
ISUGP1GP1AAA31131,2016,5,GP1AAA,Goods-producing,3,Rate of injury and illness cases per 100 full-time workers (Size class 0),1,Total recordable cases,131,"Private industry, Nebraska",Industry-level data from the Survey of Occupational Injuries and Illnesses (SOII)
ISUGP1GP1AAA31831,2019,-,GP1AAA,Goods-producing,3,Rate of injury and illness cases per 100 full-time workers (Size class 0),1,Total recordable cases,831,"Local government, Nebraska",Industry-level data from the Survey of Occupational Injuries and Illnesses (SOII)
ISUGP1GP1AAA31831,2018,-,GP1AAA,Goods-producing,3,Rate of injury and illness cases per 100 full-time workers (Size class 0),1,Total recordable cases,831,"Local government, Nebraska",Industry-level data from the Survey of Occupational Injuries and Illnesses (SOII)
ISUGP1GP1AAA31831,2017,-,GP1AAA,Goods-producing,3,Rate of injury and illness cases per 100 full-time workers (Size class 0),1,Total recordable cases,831,"Local government, Nebraska",Industry-level data from the Survey of Occupational Injuries and Illnesses (SOII)
ISUGP1GP1AAA32131,2020,2.9,GP1AAA,Goods-producing,3,Rate of injury and illness cases per 100 full-time workers (Size class 0),2,"Cases involving days away from work, job restriction, or transfer",131,"Private industry, Nebraska",Industry-level data from the Survey of Occupational Injuries and Illnesses (SOII)
ISUGP1GP1AAA32131,2019,2.4,GP1AAA,Goods-producing,3,Rate of injury and illness cases per 100 full-time workers (Size class 0),2,"Cases involving days away from work, job restriction, or transfer",131,"Private industry, Nebraska",Industry-level data from the Survey of Occupational Injuries and Illnesses (SOII)
ISUGP1GP1AAA32131,2018,2.5,GP1AAA,Goods-producing,3,Rate of injury and illness cases per 100 full-time workers (Size class 0),2,"Cases involving days away from work, job restriction, or transfer",131,"Private industry, Nebraska",Industry-level data from the Survey of Occupational Injuries and Illnesses (SOII)
ISUGP1GP1AAA32131,2017,2.6,GP1AAA,Goods-producing,3,Rate of injury and illness cases per 100 full-time workers (Size class 0),2,"Cases involving days away from work, job restriction, or transfer",131,"Private industry, Nebraska",Industry-level data from the Survey of Occupational Injuries and Illnesses (SOII)
ISUGP1GP1AAA32131,2016,2.9,GP1AAA,Goods-producing,3,Rate of injury and illness cases per 100 full-time workers (Size class 0),2,"Cases involving days away from work, job restriction, or transfer",131,"Private industry, Nebraska",Industry-level data from the Survey of Occupational Injuries and Illnesses (SOII)
ISUGP1GP1AAA32831,2019,-,GP1AAA,Goods-producing,3,Rate of injury and illness cases per 100 full-time workers (Size class 0),2,"Cases involving days away from work, job restriction, or transfer",831,"Local government, Nebraska",Industry-level data from the Survey of Occupational Injuries and Illnesses (SOII)
ISUGP1GP1AAA32831,2018,-,GP1AAA,Goods-producing,3,Rate of injury and illness cases per 100 full-time workers (Size class 0),2,"Cases involving days away from work, job restriction, or transfer",831,"Local government, Nebraska",Industry-level data from the Survey of Occupational Injuries and Illnesses (SOII)
ISUGP1GP1AAA32831,2017,-,GP1AAA,Goods-producing,3,Rate of injury and illness cases per 100 full-time workers (Size class 0),2,"Cases involving days away from work, job restriction, or transfer",831,"Local government, Nebraska",Industry-level data from the Survey of Occupational Injuries and Illnesses (SOII)
ISUEHS62300032131,2020,6.2,623000,Nursing and residential care facilities,3,Rate of injury and illness cases per 100 full-time workers (Size class 0),2,"Cases involving days away from work, job restriction, or transfer",131,"Private industry, Nebraska",Industry-level data from the Survey of Occupational Injuries and Illnesses (SOII)
ISUEHS62300032131,2019,3.2,623000,Nursing and residential care facilities,3,Rate of injury and illness cases per 100 full-time workers (Size class 0),2,"Cases involving days away from work, job restriction, or transfer",131,"Private industry, Nebraska",Industry-level data from the Survey of Occupational Injuries and Illnesses (SOII)
ISUEHS62300032131,2018,2.8,623000,Nursing and residential care facilities,3,Rate of injury and illness cases per 100 full-time workers (Size class 0),2,"Cases involving days away from work, job restriction, or transfer",131,"Private industry, Nebraska",Industry-level data from the Survey of Occupational Injuries and Illnesses (SOII)
ISUEHS62300032131,2017,3.3,623000,Nursing and residential care facilities,3,Rate of injury and illness cases per 100 full-time workers (Size class 0),2,"Cases involving days away from work, job restriction, or transfer",131,"Private industry, Nebraska",Industry-level data from the Survey of Occupational Injuries and Illnesses (SOII)
ISUEHS62300032131,2016,3.6,623000,Nursing and residential care facilities,3,Rate of injury and illness cases per 100 full-time workers (Size class 0),2,"Cases involving days away from work, job restriction, or transfer",131,"Private industry, Nebraska",Industry-level data from the Survey of Occupational Injuries and Illnesses (SOII)
ISUEHS62300032831,2019,2.6,623000,Nursing and residential care facilities,3,Rate of injury and illness cases per 100 full-time workers (Size class 0),2,"Cases involving days away from work, job restriction, or transfer",831,"Local government, Nebraska",Industry-level data from the Survey of Occupational Injuries and Illnesses (SOII)
ISUEHS62300032831,2017,4.2,623000,Nursing and residential care facilities,3,Rate of injury and illness cases per 100 full-time workers (Size class 0),2,"Cases involving days away from work, job restriction, or transfer",831,"Local government, Nebraska",Industry-level data from the Survey of Occupational Injuries and Illnesses (SOII)
ISUEHS62300032831,2016,4.3,623000,Nursing and residential care facilities,3,Rate of injury and illness cases per 100 full-time workers (Size class 0),2,"Cases involving days away from work, job restriction, or transfer",831,"Local government, Nebraska",Industry-level data from the Survey of Occupational Injuries and Illnesses (SOII)
ISUEHS62300041131,2020,0.9,623000,Nursing and residential care facilities,4,Number of illness cases (thousands) (Size class 0),1,Total recordable cases,131,"Private industry, Nebraska",Industry-level data from the Survey of Occupational Injuries and Illnesses (SOII)
ISUEHS62300041131,2019,0,623000,Nursing and residential care facilities,4,Number of illness cases (thousands) (Size class 0),1,Total recordable cases,131,"Private industry, Nebraska",Industry-level data from the Survey of Occupational Injuries and Illnesses (SOII)
ISUEHS62300041131,2018,0.1,623000,Nursing and residential care facilities,4,Number of illness cases (thousands) (Size class 0),1,Total recordable cases,131,"Private industry, Nebraska",Industry-level data from the Survey of Occupational Injuries and Illnesses (SOII)
ISUEHS62300041131,2017,0.1,623000,Nursing and residential care facilities,4,Number of illness cases (thousands) (Size class 0),1,Total recordable cases,131,"Private industry, Nebraska",Industry-level data from the Survey of Occupational Injuries and Illnesses (SOII)
ISUEHS62300041131,2016,0,623000,Nursing and residential care facilities,4,Number of illness cases (thousands) (Size class 0),1,Total recordable cases,131,"Private industry, Nebraska",Industry-level data from the Survey of Occupational Injuries and Illnesses (SOII)
ISUEHS62300041831,2017,0,623000,Nursing and residential care facilities,4,Number of illness cases (thousands) (Size class 0),1,Total recordable cases,831,"Local government, Nebraska",Industry-level data from the Survey of Occupational Injuries and Illnesses (SOII)
ISUEHS62300041831,2016,0,623000,Nursing and residential care facilities,4,Number of illness cases (thousands) (Size class 0),1,Total recordable cases,831,"Local government, Nebraska",Industry-level data from the Survey of Occupational Injuries and Illnesses (SOII)
ISUEHS62300051131,2020,1,623000,Nursing and residential care facilities,5,Number of injury cases (thousands) (Size class 0),1,Total recordable cases,131,"Private industry, Nebraska",Industry-level data from the Survey of Occupational Injuries and Illnesses (SOII)
ISUEHS62300051131,2019,1.3,623000,Nursing and residential care facilities,5,Number of injury cases (thousands) (Size class 0),1,Total recordable cases,131,"Private industry, Nebraska",Industry-level data from the Survey of Occupational Injuries and Illnesses (SOII)
ISUEHS62300051131,2018,1.2,623000,Nursing and residential care facilities,5,Number of injury cases (thousands) (Size class 0),1,Total recordable cases,131,"Private industry, Nebraska",Industry-level data from the Survey of Occupational Injuries and Illnesses (SOII)
ISUEHS62300051131,2017,1.2,623000,Nursing and residential care facilities,5,Number of injury cases (thousands) (Size class 0),1,Total recordable cases,131,"Private industry, Nebraska",Industry-level data from the Survey of Occupational Injuries and Illnesses (SOII)
ISUEHS62300051131,2016,1.4,623000,Nursing and residential care facilities,5,Number of injury cases (thousands) (Size class 0),1,Total recordable cases,131,"Private industry, Nebraska",Industry-level data from the Survey of Occupational Injuries and Illnesses (SOII)
ISUEHS62300051831,2019,0.2,623000,Nursing and residential care facilities,5,Number of injury cases (thousands) (Size class 0),1,Total recordable cases,831,"Local government, Nebraska",Industry-level data from the Survey of Occupational Injuries and Illnesses (SOII)
ISUEHS62300051831,2017,0.1,623000,Nursing and residential care facilities,5,Number of injury cases (thousands) (Size class 0),1,Total recordable cases,831,"Local government, Nebraska",Industry-level data from the Survey of Occupational Injuries and Illnesses (SOII)
ISUEHS62300051831,2016,0.1,623000,Nursing and residential care facilities,5,Number of injury cases (thousands) (Size class 0),1,Total recordable cases,831,"Local government, Nebraska",Industry-level data from the Survey of Occupational Injuries and Illnesses (SOII)
ISUEHS62400001131,2020,32.9,624000,Social assistance,0,"Rate of illness cases per 10,000 full-time workers (Size class 0)",1,Total recordable cases,131,"Private industry, Nebraska",Industry-level data from the Survey of Occupational Injuries and Illnesses (SOII)
ISUEHS62400001131,2019,-,624000,Social assistance,0,"Rate of illness cases per 10,000 full-time workers (Size class 0)",1,Total recordable cases,131,"Private industry, Nebraska",Industry-level data from the Survey of Occupational Injuries and Illnesses (SOII)
ISUEHS62400001131,2017,13.2,624000,Social assistance,0,"Rate of illness cases per 10,000 full-time workers (Size class 0)",1,Total recordable cases,131,"Private industry, Nebraska",Industry-level data from the Survey of Occupational Injuries and Illnesses (SOII)
ISUEHS62400001131,2016,-,624000,Social assistance,0,"Rate of illness cases per 10,000 full-time workers (Size class 0)",1,Total recordable cases,131,"Private industry, Nebraska",Industry-level data from the Survey of Occupational Injuries and Illnesses (SOII)
ISUEHS62400011131,2020,1.9,624000,Social assistance,1,Rate of injury cases per 100 full-time workers (Size class 0),1,Total recordable cases,131,"Private industry, Nebraska",Industry-level data from the Survey of Occupational Injuries and Illnesses (SOII)
ISUEHS62400011131,2019,3.4,624000,Social assistance,1,Rate of injury cases per 100 full-time workers (Size class 0),1,Total recordable cases,131,"Private industry, Nebraska",Industry-level data from the Survey of Occupational Injuries and Illnesses (SOII)
ISUEHS62400011131,2018,2.8,624000,Social assistance,1,Rate of injury cases per 100 full-time workers (Size class 0),1,Total recordable cases,131,"Private industry, Nebraska",Industry-level data from the Survey of Occupational Injuries and Illnesses (SOII)
ISUEHS62400011131,2017,2.7,624000,Social assistance,1,Rate of injury cases per 100 full-time workers (Size class 0),1,Total recordable cases,131,"Private industry, Nebraska",Industry-level data from the Survey of Occupational Injuries and Illnesses (SOII)
ISUEHS62400011131,2016,3.2,624000,Social assistance,1,Rate of injury cases per 100 full-time workers (Size class 0),1,Total recordable cases,131,"Private industry, Nebraska",Industry-level data from the Survey of Occupational Injuries and Illnesses (SOII)
ISUEHS62400031131,2020,2.2,624000,Social assistance,3,Rate of injury and illness cases per 100 full-time workers (Size class 0),1,Total recordable cases,131,"Private industry, Nebraska",Industry-level data from the Survey of Occupational Injuries and Illnesses (SOII)
ISUEHS62400031131,2019,3.5,624000,Social assistance,3,Rate of injury and illness cases per 100 full-time workers (Size class 0),1,Total recordable cases,131,"Private industry, Nebraska",Industry-level data from the Survey of Occupational Injuries and Illnesses (SOII)
ISUEHS62400031131,2018,2.8,624000,Social assistance,3,Rate of injury and illness cases per 100 full-time workers (Size class 0),1,Total recordable cases,131,"Private industry, Nebraska",Industry-level data from the Survey of Occupational Injuries and Illnesses (SOII)
ISUEHS62400031131,2017,2.9,624000,Social assistance,3,Rate of injury and illness cases per 100 full-time workers (Size class 0),1,Total recordable cases,131,"Private industry, Nebraska",Industry-level data from the Survey of Occupational Injuries and Illnesses (SOII)
ISUEHS62400031131,2016,3.2,624000,Social assistance,3,Rate of injury and illness cases per 100 full-time workers (Size class 0),1,Total recordable cases,131,"Private industry, Nebraska",Industry-level data from the Survey of Occupational Injuries and Illnesses (SOII)
ISUEHS62400032131,2020,0.7,624000,Social assistance,3,Rate of injury and illness cases per 100 full-time workers (Size class 0),2,"Cases involving days away from work, job restriction, or transfer",131,"Private industry, Nebraska",Industry-level data from the Survey of Occupational Injuries and Illnesses (SOII)
ISUEHS62400032131,2019,1.3,624000,Social assistance,3,Rate of injury and illness cases per 100 full-time workers (Size class 0),2,"Cases involving days away from work, job restriction, or transfer",131,"Private industry, Nebraska",Industry-level data from the Survey of Occupational Injuries and Illnesses (SOII)
ISUEHS62400032131,2018,1.2,624000,Social assistance,3,Rate of injury and illness cases per 100 full-time workers (Size class 0),2,"Cases involving days away from work, job restriction, or transfer",131,"Private industry, Nebraska",Industry-level data from the Survey of Occupational Injuries and Illnesses (SOII)
ISUEHS62400032131,2017,1,624000,Social assistance,3,Rate of injury and illness cases per 100 full-time workers (Size class 0),2,"Cases involving days away from work, job restriction, or transfer",131,"Private industry, Nebraska",Industry-level data from the Survey of Occupational Injuries and Illnesses (SOII)
ISUEHS62400032131,2016,1.2,624000,Social assistance,3,Rate of injury and illness cases per 100 full-time workers (Size class 0),2,"Cases involving days away from work, job restriction, or transfer",131,"Private industry, Nebraska",Industry-level data from the Survey of Occupational Injuries and Illnesses (SOII)
ISUEHS62400041131,2020,0,624000,Social assistance,4,Number of illness cases (thousands) (Size class 0),1,Total recordable cases,131,"Private industry, Nebraska",Industry-level data from the Survey of Occupational Injuries and Illnesses (SOII)
ISUEHS62400041131,2019,0,624000,Social assistance,4,Number of illness cases (thousands) (Size class 0),1,Total recordable cases,131,"Private industry, Nebraska",Industry-level data from the Survey of Occupational Injuries and Illnesses (SOII)
ISUEHS62400041131,2017,0,624000,Social assistance,4,Number of illness cases (thousands) (Size class 0),1,Total recordable cases,131,"Private industry, Nebraska",Industry-level data from the Survey of Occupational Injuries and Illnesses (SOII)
ISUEHS62400041131,2016,0,624000,Social assistance,4,Number of illness cases (thousands) (Size class 0),1,Total recordable cases,131,"Private industry, Nebraska",Industry-level data from the Survey of Occupational Injuries and Illnesses (SOII)
ISUEHS62400051131,2020,0.3,624000,Social assistance,5,Number of injury cases (thousands) (Size class 0),1,Total recordable cases,131,"Private industry, Nebraska",Industry-level data from the Survey of Occupational Injuries and Illnesses (SOII)
ISUEHS62400051131,2019,0.5,624000,Social assistance,5,Number of injury cases (thousands) (Size class 0),1,Total recordable cases,131,"Private industry, Nebraska",Industry-level data from the Survey of Occupational Injuries and Illnesses (SOII)
ISUEHS62400051131,2018,0.4,624000,Social assistance,5,Number of injury cases (thousands) (Size class 0),1,Total recordable cases,131,"Private industry, Nebraska",Industry-level data from the Survey of Occupational Injuries and Illnesses (SOII)
ISUEHS62400051131,2017,0.4,624000,Social assistance,5,Number of injury cases (thousands) (Size class 0),1,Total recordable cases,131,"Private industry, Nebraska",Industry-level data from the Survey of Occupational Injuries and Illnesses (SOII)
ISUEHS62400051131,2016,0.5,624000,Social assistance,5,Number of injury cases (thousands) (Size class 0),1,Total recordable cases,131,"Private industry, Nebraska",Industry-level data from the Survey of Occupational Injuries and Illnesses (SOII)
ISUEHSSP1EHS01131,2020,164.3,SP1EHS,Educational and health services,0,"Rate of illness cases per 10,000 full-time workers (Size class 0)",1,Total recordable cases,131,"Private industry, Nebraska",Industry-level data from the Survey of Occupational Injuries and Illnesses (SOII)
ISUEHSSP1EHS01131,2019,22.8,SP1EHS,Educational and health services,0,"Rate of illness cases per 10,000 full-time workers (Size class 0)",1,Total recordable cases,131,"Private industry, Nebraska",Industry-level data from the Survey of Occupational Injuries and Illnesses (SOII)
ISUEHSSP1EHS01131,2018,34.3,SP1EHS,Educational and health services,0,"Rate of illness cases per 10,000 full-time workers (Size class 0)",1,Total recordable cases,131,"Private industry, Nebraska",Industry-level data from the Survey of Occupational Injuries and Illnesses (SOII)
ISUEHSSP1EHS01131,2017,35.6,SP1EHS,Educational and health services,0,"Rate of illness cases per 10,000 full-time workers (Size class 0)",1,Total recordable cases,131,"Private industry, Nebraska",Industry-level data from the Survey of Occupational Injuries and Illnesses (SOII)
ISUEHSSP1EHS01131,2016,17.5,SP1EHS,Educational and health services,0,"Rate of illness cases per 10,000 full-time workers (Size class 0)",1,Total recordable cases,131,"Private industry, Nebraska",Industry-level data from the Survey of Occupational Injuries and Illnesses (SOII)
ISUEHSSP1EHS01831,2019,10.5,SP1EHS,Educational and health services,0,"Rate of illness cases per 10,000 full-time workers (Size class 0)",1,Total recordable cases,831,"Local government, Nebraska",Industry-level data from the Survey of Occupational Injuries and Illnesses (SOII)
ISUEHSSP1EHS01831,2018,7.4,SP1EHS,Educational and health services,0,"Rate of illness cases per 10,000 full-time workers (Size class 0)",1,Total recordable cases,831,"Local government, Nebraska",Industry-level data from the Survey of Occupational Injuries and Illnesses (SOII)
ISUEHSSP1EHS01831,2017,4.6,SP1EHS,Educational and health services,0,"Rate of illness cases per 10,000 full-time workers (Size class 0)",1,Total recordable cases,831,"Local government, Nebraska",Industry-level data from the Survey of Occupational Injuries and Illnesses (SOII)
ISUEHSSP1EHS01831,2016,4.5,SP1EHS,Educational and health services,0,"Rate of illness cases per 10,000 full-time workers (Size class 0)",1,Total recordable cases,831,"Local government, Nebraska",Industry-level data from the Survey of Occupational Injuries and Illnesses (SOII)
ISUEHSSP1EHS11131,2020,2.8,SP1EHS,Educational and health services,1,Rate of injury cases per 100 full-time workers (Size class 0),1,Total recordable cases,131,"Private industry, Nebraska",Industry-level data from the Survey of Occupational Injuries and Illnesses (SOII)
ISUEHSSP1EHS11131,2019,3.4,SP1EHS,Educational and health services,1,Rate of injury cases per 100 full-time workers (Size class 0),1,Total recordable cases,131,"Private industry, Nebraska",Industry-level data from the Survey of Occupational Injuries and Illnesses (SOII)
ISUEHSSP1EHS11131,2018,3.6,SP1EHS,Educational and health services,1,Rate of injury cases per 100 full-time workers (Size class 0),1,Total recordable cases,131,"Private industry, Nebraska",Industry-level data from the Survey of Occupational Injuries and Illnesses (SOII)
ISUEHSSP1EHS11131,2017,3.5,SP1EHS,Educational and health services,1,Rate of injury cases per 100 full-time workers (Size class 0),1,Total recordable cases,131,"Private industry, Nebraska",Industry-level data from the Survey of Occupational Injuries and Illnesses (SOII)
ISUEHSSP1EHS11131,2016,3.8,SP1EHS,Educational and health services,1,Rate of injury cases per 100 full-time workers (Size class 0),1,Total recordable cases,131,"Private industry, Nebraska",Industry-level data from the Survey of Occupational Injuries and Illnesses (SOII)
ISUEHSSP1EHS11831,2020,1.9,SP1EHS,Educational and health services,1,Rate of injury cases per 100 full-time workers (Size class 0),1,Total recordable cases,831,"Local government, Nebraska",Industry-level data from the Survey of Occupational Injuries and Illnesses (SOII)
ISUEHSSP1EHS11831,2019,2.9,SP1EHS,Educational and health services,1,Rate of injury cases per 100 full-time workers (Size class 0),1,Total recordable cases,831,"Local government, Nebraska",Industry-level data from the Survey of Occupational Injuries and Illnesses (SOII)
ISUEHSSP1EHS11831,2018,2.4,SP1EHS,Educational and health services,1,Rate of injury cases per 100 full-time workers (Size class 0),1,Total recordable cases,831,"Local government, Nebraska",Industry-level data from the Survey of Occupational Injuries and Illnesses (SOII)
ISUEHSSP1EHS11831,2017,2.1,SP1EHS,Educational and health services,1,Rate of injury cases per 100 full-time workers (Size class 0),1,Total recordable cases,831,"Local government, Nebraska",Industry-level data from the Survey of Occupational Injuries and Illnesses (SOII)
ISUEHSSP1EHS11831,2016,3.3,SP1EHS,Educational and health services,1,Rate of injury cases per 100 full-time workers (Size class 0),1,Total recordable cases,831,"Local government, Nebraska",Industry-level data from the Survey of Occupational Injuries and Illnesses (SOII)
ISUEHSSP1EHS31131,2020,4.5,SP1EHS,Educational and health services,3,Rate of injury and illness cases per 100 full-time workers (Size class 0),1,Total recordable cases,131,"Private industry, Nebraska",Industry-level data from the Survey of Occupational Injuries and Illnesses (SOII)
ISUEHSSP1EHS31131,2019,3.6,SP1EHS,Educational and health services,3,Rate of injury and illness cases per 100 full-time workers (Size class 0),1,Total recordable cases,131,"Private industry, Nebraska",Industry-level data from the Survey of Occupational Injuries and Illnesses (SOII)
ISUEHSSP1EHS31131,2018,3.9,SP1EHS,Educational and health services,3,Rate of injury and illness cases per 100 full-time workers (Size class 0),1,Total recordable cases,131,"Private industry, Nebraska",Industry-level data from the Survey of Occupational Injuries and Illnesses (SOII)
ISUEHSSP1EHS31131,2017,3.8,SP1EHS,Educational and health services,3,Rate of injury and illness cases per 100 full-time workers (Size class 0),1,Total recordable cases,131,"Private industry, Nebraska",Industry-level data from the Survey of Occupational Injuries and Illnesses (SOII)
ISUEHSSP1EHS31131,2016,3.9,SP1EHS,Educational and health services,3,Rate of injury and illness cases per 100 full-time workers (Size class 0),1,Total recordable cases,131,"Private industry, Nebraska",Industry-level data from the Survey of Occupational Injuries and Illnesses (SOII)
ISUEHSSP1EHS31831,2020,2.2,SP1EHS,Educational and health services,3,Rate of injury and illness cases per 100 full-time workers (Size class 0),1,Total recordable cases,831,"Local government, Nebraska",Industry-level data from the Survey of Occupational Injuries and Illnesses (SOII)
ISUEHSSP1EHS31831,2019,3,SP1EHS,Educational and health services,3,Rate of injury and illness cases per 100 full-time workers (Size class 0),1,Total recordable cases,831,"Local government, Nebraska",Industry-level data from the Survey of Occupational Injuries and Illnesses (SOII)
ISUEHSSP1EHS31831,2018,2.5,SP1EHS,Educational and health services,3,Rate of injury and illness cases per 100 full-time workers (Size class 0),1,Total recordable cases,831,"Local government, Nebraska",Industry-level data from the Survey of Occupational Injuries and Illnesses (SOII)
ISUEHSSP1EHS31831,2017,2.2,SP1EHS,Educational and health services,3,Rate of injury and illness cases per 100 full-time workers (Size class 0),1,Total recordable cases,831,"Local government, Nebraska",Industry-level data from the Survey of Occupational Injuries and Illnesses (SOII)
ISUEHSSP1EHS31831,2016,3.3,SP1EHS,Educational and health services,3,Rate of injury and illness cases per 100 full-time workers (Size class 0),1,Total recordable cases,831,"Local government, Nebraska",Industry-level data from the Survey of Occupational Injuries and Illnesses (SOII)
ISUEHSSP1EHS32131,2020,2.6,SP1EHS,Educational and health services,3,Rate of injury and illness cases per 100 full-time workers (Size class 0),2,"Cases involving days away from work, job restriction, or transfer",131,"Private industry, Nebraska",Industry-level data from the Survey of Occupational Injuries and Illnesses (SOII)
ISUEHSSP1EHS32131,2019,1.5,SP1EHS,Educational and health services,3,Rate of injury and illness cases per 100 full-time workers (Size class 0),2,"Cases involving days away from work, job restriction, or transfer",131,"Private industry, Nebraska",Industry-level data from the Survey of Occupational Injuries and Illnesses (SOII)
ISUEHSSP1EHS32131,2018,1.4,SP1EHS,Educational and health services,3,Rate of injury and illness cases per 100 full-time workers (Size class 0),2,"Cases involving days away from work, job restriction, or transfer",131,"Private industry, Nebraska",Industry-level data from the Survey of Occupational Injuries and Illnesses (SOII)
ISUEHSSP1EHS32131,2017,1.5,SP1EHS,Educational and health services,3,Rate of injury and illness cases per 100 full-time workers (Size class 0),2,"Cases involving days away from work, job restriction, or transfer",131,"Private industry, Nebraska",Industry-level data from the Survey of Occupational Injuries and Illnesses (SOII)
ISUEHSSP1EHS32131,2016,1.7,SP1EHS,Educational and health services,3,Rate of injury and illness cases per 100 full-time workers (Size class 0),2,"Cases involving days away from work, job restriction, or transfer",131,"Private industry, Nebraska",Industry-level data from the Survey of Occupational Injuries and Illnesses (SOII)
ISUEHSSP1EHS32831,2020,0.9,SP1EHS,Educational and health services,3,Rate of injury and illness cases per 100 full-time workers (Size class 0),2,"Cases involving days away from work, job restriction, or transfer",831,"Local government, Nebraska",Industry-level data from the Survey of Occupational Injuries and Illnesses (SOII)
ISUEHSSP1EHS32831,2019,0.9,SP1EHS,Educational and health services,3,Rate of injury and illness cases per 100 full-time workers (Size class 0),2,"Cases involving days away from work, job restriction, or transfer",831,"Local government, Nebraska",Industry-level data from the Survey of Occupational Injuries and Illnesses (SOII)
ISUEHSSP1EHS32831,2018,0.9,SP1EHS,Educational and health services,3,Rate of injury and illness cases per 100 full-time workers (Size class 0),2,"Cases involving days away from work, job restriction, or transfer",831,"Local government, Nebraska",Industry-level data from the Survey of Occupational Injuries and Illnesses (SOII)
ISUEHSSP1EHS32831,2017,0.8,SP1EHS,Educational and health services,3,Rate of injury and illness cases per 100 full-time workers (Size class 0),2,"Cases involving days away from work, job restriction, or transfer",831,"Local government, Nebraska",Industry-level data from the Survey of Occupational Injuries and Illnesses (SOII)
ISUEHSSP1EHS32831,2016,1.4,SP1EHS,Educational and health services,3,Rate of injury and illness cases per 100 full-time workers (Size class 0),2,"Cases involving days away from work, job restriction, or transfer",831,"Local government, Nebraska",Industry-level data from the Survey of Occupational Injuries and Illnesses (SOII)
ISUEHSSP1EHS41131,2020,1.7,SP1EHS,Educational and health services,4,Number of illness cases (thousands) (Size class 0),1,Total recordable cases,131,"Private industry, Nebraska",Industry-level data from the Survey of Occupational Injuries and Illnesses (SOII)
ISUEHSSP1EHS41131,2019,0.2,SP1EHS,Educational and health services,4,Number of illness cases (thousands) (Size class 0),1,Total recordable cases,131,"Private industry, Nebraska",Industry-level data from the Survey of Occupational Injuries and Illnesses (SOII)
ISUEHSSP1EHS41131,2018,0.4,SP1EHS,Educational and health services,4,Number of illness cases (thousands) (Size class 0),1,Total recordable cases,131,"Private industry, Nebraska",Industry-level data from the Survey of Occupational Injuries and Illnesses (SOII)
ISUEHSSP1EHS41131,2017,0.4,SP1EHS,Educational and health services,4,Number of illness cases (thousands) (Size class 0),1,Total recordable cases,131,"Private industry, Nebraska",Industry-level data from the Survey of Occupational Injuries and Illnesses (SOII)
ISUEHSSP1EHS41131,2016,0.2,SP1EHS,Educational and health services,4,Number of illness cases (thousands) (Size class 0),1,Total recordable cases,131,"Private industry, Nebraska",Industry-level data from the Survey of Occupational Injuries and Illnesses (SOII)
ISUEHSSP1EHS41831,2019,0.1,SP1EHS,Educational and health services,4,Number of illness cases (thousands) (Size class 0),1,Total recordable cases,831,"Local government, Nebraska",Industry-level data from the Survey of Occupational Injuries and Illnesses (SOII)
ISUEHSSP1EHS41831,2018,0,SP1EHS,Educational and health services,4,Number of illness cases (thousands) (Size class 0),1,Total recordable cases,831,"Local government, Nebraska",Industry-level data from the Survey of Occupational Injuries and Illnesses (SOII)
ISUEHSSP1EHS41831,2017,0,SP1EHS,Educational and health services,4,Number of illness cases (thousands) (Size class 0),1,Total recordable cases,831,"Local government, Nebraska",Industry-level data from the Survey of Occupational Injuries and Illnesses (SOII)
ISUEHSSP1EHS41831,2016,0,SP1EHS,Educational and health services,4,Number of illness cases (thousands) (Size class 0),1,Total recordable cases,831,"Local government, Nebraska",Industry-level data from the Survey of Occupational Injuries and Illnesses (SOII)
ISUEHSSP1EHS51131,2020,2.8,SP1EHS,Educational and health services,5,Number of injury cases (thousands) (Size class 0),1,Total recordable cases,131,"Private industry, Nebraska",Industry-level data from the Survey of Occupational Injuries and Illnesses (SOII)
ISUEHSSP1EHS51131,2019,3.5,SP1EHS,Educational and health services,5,Number of injury cases (thousands) (Size class 0),1,Total recordable cases,131,"Private industry, Nebraska",Industry-level data from the Survey of Occupational Injuries and Illnesses (SOII)
ISUEHSSP1EHS51131,2018,3.7,SP1EHS,Educational and health services,5,Number of injury cases (thousands) (Size class 0),1,Total recordable cases,131,"Private industry, Nebraska",Industry-level data from the Survey of Occupational Injuries and Illnesses (SOII)
ISUEHSSP1EHS51131,2017,3.5,SP1EHS,Educational and health services,5,Number of injury cases (thousands) (Size class 0),1,Total recordable cases,131,"Private industry, Nebraska",Industry-level data from the Survey of Occupational Injuries and Illnesses (SOII)
ISUEHSSP1EHS51131,2016,3.8,SP1EHS,Educational and health services,5,Number of injury cases (thousands) (Size class 0),1,Total recordable cases,131,"Private industry, Nebraska",Industry-level data from the Survey of Occupational Injuries and Illnesses (SOII)
ISUEHSSP1EHS51831,2020,1,SP1EHS,Educational and health services,5,Number of injury cases (thousands) (Size class 0),1,Total recordable cases,831,"Local government, Nebraska",Industry-level data from the Survey of Occupational Injuries and Illnesses (SOII)
ISUEHSSP1EHS51831,2019,1.5,SP1EHS,Educational and health services,5,Number of injury cases (thousands) (Size class 0),1,Total recordable cases,831,"Local government, Nebraska",Industry-level data from the Survey of Occupational Injuries and Illnesses (SOII)
ISUEHSSP1EHS51831,2018,1.3,SP1EHS,Educational and health services,5,Number of injury cases (thousands) (Size class 0),1,Total recordable cases,831,"Local government, Nebraska",Industry-level data from the Survey of Occupational Injuries and Illnesses (SOII)
ISUEHSSP1EHS51831,2017,1.2,SP1EHS,Educational and health services,5,Number of injury cases (thousands) (Size class 0),1,Total recordable cases,831,"Local government, Nebraska",Industry-level data from the Survey of Occupational Injuries and Illnesses (SOII)
ISUEHSSP1EHS51831,2016,1.7,SP1EHS,Educational and health services,5,Number of injury cases (thousands) (Size class 0),1,Total recordable cases,831,"Local government, Nebraska",Industry-level data from the Survey of Occupational Injuries and Illnesses (SOII)
ISUEHSSP2EDS01131,2020,-,SP2EDS,Educational services,0,"Rate of illness cases per 10,000 full-time workers (Size class 0)",1,Total recordable cases,131,"Private industry, Nebraska",Industry-level data from the Survey of Occupational Injuries and Illnesses (SOII)
ISUEHSSP2EDS01131,2018,-,SP2EDS,Educational services,0,"Rate of illness cases per 10,000 full-time workers (Size class 0)",1,Total recordable cases,131,"Private industry, Nebraska",Industry-level data from the Survey of Occupational Injuries and Illnesses (SOII)
ISUEHSSP2EDS01131,2017,-,SP2EDS,Educational services,0,"Rate of illness cases per 10,000 full-time workers (Size class 0)",1,Total recordable cases,131,"Private industry, Nebraska",Industry-level data from the Survey of Occupational Injuries and Illnesses (SOII)
ISUEHSSP2EDS01131,2016,-,SP2EDS,Educational services,0,"Rate of illness cases per 10,000 full-time workers (Size class 0)",1,Total recordable cases,131,"Private industry, Nebraska",Industry-level data from the Survey of Occupational Injuries and Illnesses (SOII)
ISUEHSSP2EDS01731,2020,-,SP2EDS,Educational services,0,"Rate of illness cases per 10,000 full-time workers (Size class 0)",1,Total recordable cases,731,"State government, Nebraska",Industry-level data from the Survey of Occupational Injuries and Illnesses (SOII)
ISUEHSSP2EDS01731,2019,-,SP2EDS,Educational services,0,"Rate of illness cases per 10,000 full-time workers (Size class 0)",1,Total recordable cases,731,"State government, Nebraska",Industry-level data from the Survey of Occupational Injuries and Illnesses (SOII)
ISUEHSSP2EDS01731,2018,-,SP2EDS,Educational services,0,"Rate of illness cases per 10,000 full-time workers (Size class 0)",1,Total recordable cases,731,"State government, Nebraska",Industry-level data from the Survey of Occupational Injuries and Illnesses (SOII)
ISUEHSSP2EDS01831,2019,-,SP2EDS,Educational services,0,"Rate of illness cases per 10,000 full-time workers (Size class 0)",1,Total recordable cases,831,"Local government, Nebraska",Industry-level data from the Survey of Occupational Injuries and Illnesses (SOII)
ISUEHSSP2EDS01831,2018,3.8,SP2EDS,Educational services,0,"Rate of illness cases per 10,000 full-time workers (Size class 0)",1,Total recordable cases,831,"Local government, Nebraska",Industry-level data from the Survey of Occupational Injuries and Illnesses (SOII)
ISUEHSSP2EDS01831,2017,-,SP2EDS,Educational services,0,"Rate of illness cases per 10,000 full-time workers (Size class 0)",1,Total recordable cases,831,"Local government, Nebraska",Industry-level data from the Survey of Occupational Injuries and Illnesses (SOII)
ISUEHSSP2EDS01831,2016,4.1,SP2EDS,Educational services,0,"Rate of illness cases per 10,000 full-time workers (Size class 0)",1,Total recordable cases,831,"Local government, Nebraska",Industry-level data from the Survey of Occupational Injuries and Illnesses (SOII)
ISUEHSSP2EDS11131,2020,0.8,SP2EDS,Educational services,1,Rate of injury cases per 100 full-time workers (Size class 0),1,Total recordable cases,131,"Private industry, Nebraska",Industry-level data from the Survey of Occupational Injuries and Illnesses (SOII)
ISUEHSSP2EDS11131,2018,1.5,SP2EDS,Educational services,1,Rate of injury cases per 100 full-time workers (Size class 0),1,Total recordable cases,131,"Private industry, Nebraska",Industry-level data from the Survey of Occupational Injuries and Illnesses (SOII)
ISUEHSSP2EDS11131,2017,2,SP2EDS,Educational services,1,Rate of injury cases per 100 full-time workers (Size class 0),1,Total recordable cases,131,"Private industry, Nebraska",Industry-level data from the Survey of Occupational Injuries and Illnesses (SOII)
ISUEHSSP2EDS11131,2016,1.2,SP2EDS,Educational services,1,Rate of injury cases per 100 full-time workers (Size class 0),1,Total recordable cases,131,"Private industry, Nebraska",Industry-level data from the Survey of Occupational Injuries and Illnesses (SOII)
ISUEHSSP2EDS11731,2020,1.1,SP2EDS,Educational services,1,Rate of injury cases per 100 full-time workers (Size class 0),1,Total recordable cases,731,"State government, Nebraska",Industry-level data from the Survey of Occupational Injuries and Illnesses (SOII)
ISUEHSSP2EDS11731,2019,3.6,SP2EDS,Educational services,1,Rate of injury cases per 100 full-time workers (Size class 0),1,Total recordable cases,731,"State government, Nebraska",Industry-level data from the Survey of Occupational Injuries and Illnesses (SOII)
ISUEHSSP2EDS11731,2018,3.4,SP2EDS,Educational services,1,Rate of injury cases per 100 full-time workers (Size class 0),1,Total recordable cases,731,"State government, Nebraska",Industry-level data from the Survey of Occupational Injuries and Illnesses (SOII)
ISUEHSSP2EDS11831,2020,1.8,SP2EDS,Educational services,1,Rate of injury cases per 100 full-time workers (Size class 0),1,Total recordable cases,831,"Local government, Nebraska",Industry-level data from the Survey of Occupational Injuries and Illnesses (SOII)
ISUEHSSP2EDS11831,2019,2.3,SP2EDS,Educational services,1,Rate of injury cases per 100 full-time workers (Size class 0),1,Total recordable cases,831,"Local government, Nebraska",Industry-level data from the Survey of Occupational Injuries and Illnesses (SOII)
ISUEHSSP2EDS11831,2018,1.9,SP2EDS,Educational services,1,Rate of injury cases per 100 full-time workers (Size class 0),1,Total recordable cases,831,"Local government, Nebraska",Industry-level data from the Survey of Occupational Injuries and Illnesses (SOII)
ISUEHSSP2EDS11831,2017,1.9,SP2EDS,Educational services,1,Rate of injury cases per 100 full-time workers (Size class 0),1,Total recordable cases,831,"Local government, Nebraska",Industry-level data from the Survey of Occupational Injuries and Illnesses (SOII)
ISUEHSSP2EDS11831,2016,2.3,SP2EDS,Educational services,1,Rate of injury cases per 100 full-time workers (Size class 0),1,Total recordable cases,831,"Local government, Nebraska",Industry-level data from the Survey of Occupational Injuries and Illnesses (SOII)
ISUEHSSP2EDS31131,2020,1,SP2EDS,Educational services,3,Rate of injury and illness cases per 100 full-time workers (Size class 0),1,Total recordable cases,131,"Private industry, Nebraska",Industry-level data from the Survey of Occupational Injuries and Illnesses (SOII)
ISUEHSSP2EDS31131,2018,1.5,SP2EDS,Educational services,3,Rate of injury and illness cases per 100 full-time workers (Size class 0),1,Total recordable cases,131,"Private industry, Nebraska",Industry-level data from the Survey of Occupational Injuries and Illnesses (SOII)
ISUEHSSP2EDS31131,2017,2,SP2EDS,Educational services,3,Rate of injury and illness cases per 100 full-time workers (Size class 0),1,Total recordable cases,131,"Private industry, Nebraska",Industry-level data from the Survey of Occupational Injuries and Illnesses (SOII)
ISUEHSSP2EDS31131,2016,1.2,SP2EDS,Educational services,3,Rate of injury and illness cases per 100 full-time workers (Size class 0),1,Total recordable cases,131,"Private industry, Nebraska",Industry-level data from the Survey of Occupational Injuries and Illnesses (SOII)
ISUEHSSP2EDS31731,2020,1.1,SP2EDS,Educational services,3,Rate of injury and illness cases per 100 full-time workers (Size class 0),1,Total recordable cases,731,"State government, Nebraska",Industry-level data from the Survey of Occupational Injuries and Illnesses (SOII)
ISUEHSSP2EDS31731,2019,3.6,SP2EDS,Educational services,3,Rate of injury and illness cases per 100 full-time workers (Size class 0),1,Total recordable cases,731,"State government, Nebraska",Industry-level data from the Survey of Occupational Injuries and Illnesses (SOII)
ISUEHSSP2EDS31731,2018,3.4,SP2EDS,Educational services,3,Rate of injury and illness cases per 100 full-time workers (Size class 0),1,Total recordable cases,731,"State government, Nebraska",Industry-level data from the Survey of Occupational Injuries and Illnesses (SOII)
ISUEHSSP2EDS31831,2020,1.8,SP2EDS,Educational services,3,Rate of injury and illness cases per 100 full-time workers (Size class 0),1,Total recordable cases,831,"Local government, Nebraska",Industry-level data from the Survey of Occupational Injuries and Illnesses (SOII)
ISUEHSSP2EDS31831,2019,2.4,SP2EDS,Educational services,3,Rate of injury and illness cases per 100 full-time workers (Size class 0),1,Total recordable cases,831,"Local government, Nebraska",Industry-level data from the Survey of Occupational Injuries and Illnesses (SOII)
ISUEHSSP2EDS31831,2018,2,SP2EDS,Educational services,3,Rate of injury and illness cases per 100 full-time workers (Size class 0),1,Total recordable cases,831,"Local government, Nebraska",Industry-level data from the Survey of Occupational Injuries and Illnesses (SOII)
ISUEHSSP2EDS31831,2017,1.9,SP2EDS,Educational services,3,Rate of injury and illness cases per 100 full-time workers (Size class 0),1,Total recordable cases,831,"Local government, Nebraska",Industry-level data from the Survey of Occupational Injuries and Illnesses (SOII)
ISUEHSSP2EDS31831,2016,2.4,SP2EDS,Educational services,3,Rate of injury and illness cases per 100 full-time workers (Size class 0),1,Total recordable cases,831,"Local government, Nebraska",Industry-level data from the Survey of Occupational Injuries and Illnesses (SOII)
ISUEHSSP2EDS32131,2020,0.4,SP2EDS,Educational services,3,Rate of injury and illness cases per 100 full-time workers (Size class 0),2,"Cases involving days away from work, job restriction, or transfer",131,"Private industry, Nebraska",Industry-level data from the Survey of Occupational Injuries and Illnesses (SOII)
ISUEHSSP2EDS32131,2018,0.5,SP2EDS,Educational services,3,Rate of injury and illness cases per 100 full-time workers (Size class 0),2,"Cases involving days away from work, job restriction, or transfer",131,"Private industry, Nebraska",Industry-level data from the Survey of Occupational Injuries and Illnesses (SOII)
ISUEHSSP2EDS32131,2017,0.8,SP2EDS,Educational services,3,Rate of injury and illness cases per 100 full-time workers (Size class 0),2,"Cases involving days away from work, job restriction, or transfer",131,"Private industry, Nebraska",Industry-level data from the Survey of Occupational Injuries and Illnesses (SOII)
ISUEHSSP2EDS32131,2016,0.5,SP2EDS,Educational services,3,Rate of injury and illness cases per 100 full-time workers (Size class 0),2,"Cases involving days away from work, job restriction, or transfer",131,"Private industry, Nebraska",Industry-level data from the Survey of Occupational Injuries and Illnesses (SOII)
ISUEHSSP2EDS32731,2020,0.5,SP2EDS,Educational services,3,Rate of injury and illness cases per 100 full-time workers (Size class 0),2,"Cases involving days away from work, job restriction, or transfer",731,"State government, Nebraska",Industry-level data from the Survey of Occupational Injuries and Illnesses (SOII)
ISUEHSSP2EDS32731,2019,0.4,SP2EDS,Educational services,3,Rate of injury and illness cases per 100 full-time workers (Size class 0),2,"Cases involving days away from work, job restriction, or transfer",731,"State government, Nebraska",Industry-level data from the Survey of Occupational Injuries and Illnesses (SOII)
ISUEHSSP2EDS32731,2018,0.5,SP2EDS,Educational services,3,Rate of injury and illness cases per 100 full-time workers (Size class 0),2,"Cases involving days away from work, job restriction, or transfer",731,"State government, Nebraska",Industry-level data from the Survey of Occupational Injuries and Illnesses (SOII)
ISUEHSSP2EDS32831,2020,0.7,SP2EDS,Educational services,3,Rate of injury and illness cases per 100 full-time workers (Size class 0),2,"Cases involving days away from work, job restriction, or transfer",831,"Local government, Nebraska",Industry-level data from the Survey of Occupational Injuries and Illnesses (SOII)
ISUEHSSP2EDS32831,2019,0.8,SP2EDS,Educational services,3,Rate of injury and illness cases per 100 full-time workers (Size class 0),2,"Cases involving days away from work, job restriction, or transfer",831,"Local government, Nebraska",Industry-level data from the Survey of Occupational Injuries and Illnesses (SOII)
ISUEHSSP2EDS32831,2018,0.8,SP2EDS,Educational services,3,Rate of injury and illness cases per 100 full-time workers (Size class 0),2,"Cases involving days away from work, job restriction, or transfer",831,"Local government, Nebraska",Industry-level data from the Survey of Occupational Injuries and Illnesses (SOII)
ISUEHSSP2EDS32831,2017,0.7,SP2EDS,Educational services,3,Rate of injury and illness cases per 100 full-time workers (Size class 0),2,"Cases involving days away from work, job restriction, or transfer",831,"Local government, Nebraska",Industry-level data from the Survey of Occupational Injuries and Illnesses (SOII)
ISUEHSSP2EDS32831,2016,0.7,SP2EDS,Educational services,3,Rate of injury and illness cases per 100 full-time workers (Size class 0),2,"Cases involving days away from work, job restriction, or transfer",831,"Local government, Nebraska",Industry-level data from the Survey of Occupational Injuries and Illnesses (SOII)
ISUEHSSP2EDS41131,2020,-,SP2EDS,Educational services,4,Number of illness cases (thousands) (Size class 0),1,Total recordable cases,131,"Private industry, Nebraska",Industry-level data from the Survey of Occupational Injuries and Illnesses (SOII)
ISUEHSSP2EDS41131,2018,0,SP2EDS,Educational services,4,Number of illness cases (thousands) (Size class 0),1,Total recordable cases,131,"Private industry, Nebraska",Industry-level data from the Survey of Occupational Injuries and Illnesses (SOII)
ISUEHSSP2EDS41131,2017,0,SP2EDS,Educational services,4,Number of illness cases (thousands) (Size class 0),1,Total recordable cases,131,"Private industry, Nebraska",Industry-level data from the Survey of Occupational Injuries and Illnesses (SOII)
ISUEHSSP2EDS41131,2016,0,SP2EDS,Educational services,4,Number of illness cases (thousands) (Size class 0),1,Total recordable cases,131,"Private industry, Nebraska",Industry-level data from the Survey of Occupational Injuries and Illnesses (SOII)
ISUEHSSP2EDS41731,2020,-,SP2EDS,Educational services,4,Number of illness cases (thousands) (Size class 0),1,Total recordable cases,731,"State government, Nebraska",Industry-level data from the Survey of Occupational Injuries and Illnesses (SOII)
ISUEHSSP2EDS41731,2019,0,SP2EDS,Educational services,4,Number of illness cases (thousands) (Size class 0),1,Total recordable cases,731,"State government, Nebraska",Industry-level data from the Survey of Occupational Injuries and Illnesses (SOII)
ISUEHSSP2EDS41731,2018,0,SP2EDS,Educational services,4,Number of illness cases (thousands) (Size class 0),1,Total recordable cases,731,"State government, Nebraska",Industry-level data from the Survey of Occupational Injuries and Illnesses (SOII)
ISUEHSSP2EDS41831,2019,0,SP2EDS,Educational services,4,Number of illness cases (thousands) (Size class 0),1,Total recordable cases,831,"Local government, Nebraska",Industry-level data from the Survey of Occupational Injuries and Illnesses (SOII)
ISUEHSSP2EDS41831,2018,0,SP2EDS,Educational services,4,Number of illness cases (thousands) (Size class 0),1,Total recordable cases,831,"Local government, Nebraska",Industry-level data from the Survey of Occupational Injuries and Illnesses (SOII)
ISUEHSSP2EDS41831,2017,0,SP2EDS,Educational services,4,Number of illness cases (thousands) (Size class 0),1,Total recordable cases,831,"Local government, Nebraska",Industry-level data from the Survey of Occupational Injuries and Illnesses (SOII)
ISUEHSSP2EDS41831,2016,0,SP2EDS,Educational services,4,Number of illness cases (thousands) (Size class 0),1,Total recordable cases,831,"Local government, Nebraska",Industry-level data from the Survey of Occupational Injuries and Illnesses (SOII)
ISUEHSSP2EDS51131,2020,0,SP2EDS,Educational services,5,Number of injury cases (thousands) (Size class 0),1,Total recordable cases,131,"Private industry, Nebraska",Industry-level data from the Survey of Occupational Injuries and Illnesses (SOII)
ISUEHSSP2EDS51131,2018,0.1,SP2EDS,Educational services,5,Number of injury cases (thousands) (Size class 0),1,Total recordable cases,131,"Private industry, Nebraska",Industry-level data from the Survey of Occupational Injuries and Illnesses (SOII)
ISUEHSSP2EDS51131,2017,0.2,SP2EDS,Educational services,5,Number of injury cases (thousands) (Size class 0),1,Total recordable cases,131,"Private industry, Nebraska",Industry-level data from the Survey of Occupational Injuries and Illnesses (SOII)
ISUEHSSP2EDS51131,2016,0.1,SP2EDS,Educational services,5,Number of injury cases (thousands) (Size class 0),1,Total recordable cases,131,"Private industry, Nebraska",Industry-level data from the Survey of Occupational Injuries and Illnesses (SOII)
ISUEHSSP2EDS51731,2020,0.2,SP2EDS,Educational services,5,Number of injury cases (thousands) (Size class 0),1,Total recordable cases,731,"State government, Nebraska",Industry-level data from the Survey of Occupational Injuries and Illnesses (SOII)
ISUEHSSP2EDS51731,2019,0.5,SP2EDS,Educational services,5,Number of injury cases (thousands) (Size class 0),1,Total recordable cases,731,"State government, Nebraska",Industry-level data from the Survey of Occupational Injuries and Illnesses (SOII)
ISUEHSSP2EDS51731,2018,0.4,SP2EDS,Educational services,5,Number of injury cases (thousands) (Size class 0),1,Total recordable cases,731,"State government, Nebraska",Industry-level data from the Survey of Occupational Injuries and Illnesses (SOII)
ISUEHSSP2EDS51831,2020,0.8,SP2EDS,Educational services,5,Number of injury cases (thousands) (Size class 0),1,Total recordable cases,831,"Local government, Nebraska",Industry-level data from the Survey of Occupational Injuries and Illnesses (SOII)
ISUEHSSP2EDS51831,2019,1.1,SP2EDS,Educational services,5,Number of injury cases (thousands) (Size class 0),1,Total recordable cases,831,"Local government, Nebraska",Industry-level data from the Survey of Occupational Injuries and Illnesses (SOII)
ISUEHSSP2EDS51831,2018,0.9,SP2EDS,Educational services,5,Number of injury cases (thousands) (Size class 0),1,Total recordable cases,831,"Local government, Nebraska",Industry-level data from the Survey of Occupational Injuries and Illnesses (SOII)
ISUEHSSP2EDS51831,2017,0.9,SP2EDS,Educational services,5,Number of injury cases (thousands) (Size class 0),1,Total recordable cases,831,"Local government, Nebraska",Industry-level data from the Survey of Occupational Injuries and Illnesses (SOII)
ISUEHSSP2EDS51831,2016,1,SP2EDS,Educational services,5,Number of injury cases (thousands) (Size class 0),1,Total recordable cases,831,"Local government, Nebraska",Industry-level data from the Survey of Occupational Injuries and Illnesses (SOII)
ISUEHSSP2HSA01131,2020,173.5,SP2HSA,Health care and social assistance,0,"Rate of illness cases per 10,000 full-time workers (Size class 0)",1,Total recordable cases,131,"Private industry, Nebraska",Industry-level data from the Survey of Occupational Injuries and Illnesses (SOII)
ISUEHSSP2HSA01131,2019,24.1,SP2HSA,Health care and social assistance,0,"Rate of illness cases per 10,000 full-time workers (Size class 0)",1,Total recordable cases,131,"Private industry, Nebraska",Industry-level data from the Survey of Occupational Injuries and Illnesses (SOII)
ISUEHSSP2HSA01131,2018,37.2,SP2HSA,Health care and social assistance,0,"Rate of illness cases per 10,000 full-time workers (Size class 0)",1,Total recordable cases,131,"Private industry, Nebraska",Industry-level data from the Survey of Occupational Injuries and Illnesses (SOII)
ISUEHSSP2HSA01131,2017,38.4,SP2HSA,Health care and social assistance,0,"Rate of illness cases per 10,000 full-time workers (Size class 0)",1,Total recordable cases,131,"Private industry, Nebraska",Industry-level data from the Survey of Occupational Injuries and Illnesses (SOII)
ISUEHSSP2HSA01131,2016,18.6,SP2HSA,Health care and social assistance,0,"Rate of illness cases per 10,000 full-time workers (Size class 0)",1,Total recordable cases,131,"Private industry, Nebraska",Industry-level data from the Survey of Occupational Injuries and Illnesses (SOII)
ISUEHSSP2HSA01831,2019,54.9,SP2HSA,Health care and social assistance,0,"Rate of illness cases per 10,000 full-time workers (Size class 0)",1,Total recordable cases,831,"Local government, Nebraska",Industry-level data from the Survey of Occupational Injuries and Illnesses (SOII)
ISUEHSSP2HSA01831,2018,26.1,SP2HSA,Health care and social assistance,0,"Rate of illness cases per 10,000 full-time workers (Size class 0)",1,Total recordable cases,831,"Local government, Nebraska",Industry-level data from the Survey of Occupational Injuries and Illnesses (SOII)
ISUEHSSP2HSA01831,2017,28.4,SP2HSA,Health care and social assistance,0,"Rate of illness cases per 10,000 full-time workers (Size class 0)",1,Total recordable cases,831,"Local government, Nebraska",Industry-level data from the Survey of Occupational Injuries and Illnesses (SOII)
ISUEHSSP2HSA01831,2016,-,SP2HSA,Health care and social assistance,0,"Rate of illness cases per 10,000 full-time workers (Size class 0)",1,Total recordable cases,831,"Local government, Nebraska",Industry-level data from the Survey of Occupational Injuries and Illnesses (SOII)
ISUEHSSP2HSA11131,2020,2.9,SP2HSA,Health care and social assistance,1,Rate of injury cases per 100 full-time workers (Size class 0),1,Total recordable cases,131,"Private industry, Nebraska",Industry-level data from the Survey of Occupational Injuries and Illnesses (SOII)
ISUEHSSP2HSA11131,2019,3.5,SP2HSA,Health care and social assistance,1,Rate of injury cases per 100 full-time workers (Size class 0),1,Total recordable cases,131,"Private industry, Nebraska",Industry-level data from the Survey of Occupational Injuries and Illnesses (SOII)
ISUEHSSP2HSA11131,2018,3.8,SP2HSA,Health care and social assistance,1,Rate of injury cases per 100 full-time workers (Size class 0),1,Total recordable cases,131,"Private industry, Nebraska",Industry-level data from the Survey of Occupational Injuries and Illnesses (SOII)
ISUEHSSP2HSA11131,2017,3.6,SP2HSA,Health care and social assistance,1,Rate of injury cases per 100 full-time workers (Size class 0),1,Total recordable cases,131,"Private industry, Nebraska",Industry-level data from the Survey of Occupational Injuries and Illnesses (SOII)
ISUEHSSP2HSA11131,2016,3.9,SP2HSA,Health care and social assistance,1,Rate of injury cases per 100 full-time workers (Size class 0),1,Total recordable cases,131,"Private industry, Nebraska",Industry-level data from the Survey of Occupational Injuries and Illnesses (SOII)
ISUEHSSP2HSA11831,2020,2.7,SP2HSA,Health care and social assistance,1,Rate of injury cases per 100 full-time workers (Size class 0),1,Total recordable cases,831,"Local government, Nebraska",Industry-level data from the Survey of Occupational Injuries and Illnesses (SOII)
ISUEHSSP2HSA11831,2019,6.1,SP2HSA,Health care and social assistance,1,Rate of injury cases per 100 full-time workers (Size class 0),1,Total recordable cases,831,"Local government, Nebraska",Industry-level data from the Survey of Occupational Injuries and Illnesses (SOII)
ISUEHSSP2HSA11831,2018,4.9,SP2HSA,Health care and social assistance,1,Rate of injury cases per 100 full-time workers (Size class 0),1,Total recordable cases,831,"Local government, Nebraska",Industry-level data from the Survey of Occupational Injuries and Illnesses (SOII)
ISUEHSSP2HSA11831,2017,3.4,SP2HSA,Health care and social assistance,1,Rate of injury cases per 100 full-time workers (Size class 0),1,Total recordable cases,831,"Local government, Nebraska",Industry-level data from the Survey of Occupational Injuries and Illnesses (SOII)
ISUEHSSP2HSA11831,2016,7.8,SP2HSA,Health care and social assistance,1,Rate of injury cases per 100 full-time workers (Size class 0),1,Total recordable cases,831,"Local government, Nebraska",Industry-level data from the Survey of Occupational Injuries and Illnesses (SOII)
ISUEHSSP2HSA31131,2020,4.7,SP2HSA,Health care and social assistance,3,Rate of injury and illness cases per 100 full-time workers (Size class 0),1,Total recordable cases,131,"Private industry, Nebraska",Industry-level data from the Survey of Occupational Injuries and Illnesses (SOII)
ISUEHSSP2HSA31131,2019,3.8,SP2HSA,Health care and social assistance,3,Rate of injury and illness cases per 100 full-time workers (Size class 0),1,Total recordable cases,131,"Private industry, Nebraska",Industry-level data from the Survey of Occupational Injuries and Illnesses (SOII)
ISUEHSSP2HSA31131,2018,4.1,SP2HSA,Health care and social assistance,3,Rate of injury and illness cases per 100 full-time workers (Size class 0),1,Total recordable cases,131,"Private industry, Nebraska",Industry-level data from the Survey of Occupational Injuries and Illnesses (SOII)
ISUEHSSP2HSA31131,2017,4,SP2HSA,Health care and social assistance,3,Rate of injury and illness cases per 100 full-time workers (Size class 0),1,Total recordable cases,131,"Private industry, Nebraska",Industry-level data from the Survey of Occupational Injuries and Illnesses (SOII)
ISUEHSSP2HSA31131,2016,4.1,SP2HSA,Health care and social assistance,3,Rate of injury and illness cases per 100 full-time workers (Size class 0),1,Total recordable cases,131,"Private industry, Nebraska",Industry-level data from the Survey of Occupational Injuries and Illnesses (SOII)
ISUEHSSP2HSA31831,2020,4.4,SP2HSA,Health care and social assistance,3,Rate of injury and illness cases per 100 full-time workers (Size class 0),1,Total recordable cases,831,"Local government, Nebraska",Industry-level data from the Survey of Occupational Injuries and Illnesses (SOII)
ISUEHSSP2HSA31831,2019,6.7,SP2HSA,Health care and social assistance,3,Rate of injury and illness cases per 100 full-time workers (Size class 0),1,Total recordable cases,831,"Local government, Nebraska",Industry-level data from the Survey of Occupational Injuries and Illnesses (SOII)
ISUEHSSP2HSA31831,2018,5.2,SP2HSA,Health care and social assistance,3,Rate of injury and illness cases per 100 full-time workers (Size class 0),1,Total recordable cases,831,"Local government, Nebraska",Industry-level data from the Survey of Occupational Injuries and Illnesses (SOII)
ISUEHSSP2HSA31831,2017,3.7,SP2HSA,Health care and social assistance,3,Rate of injury and illness cases per 100 full-time workers (Size class 0),1,Total recordable cases,831,"Local government, Nebraska",Industry-level data from the Survey of Occupational Injuries and Illnesses (SOII)
ISUEHSSP2HSA31831,2016,7.9,SP2HSA,Health care and social assistance,3,Rate of injury and illness cases per 100 full-time workers (Size class 0),1,Total recordable cases,831,"Local government, Nebraska",Industry-level data from the Survey of Occupational Injuries and Illnesses (SOII)
ISUEHSSP2HSA32131,2020,2.8,SP2HSA,Health care and social assistance,3,Rate of injury and illness cases per 100 full-time workers (Size class 0),2,"Cases involving days away from work, job restriction, or transfer",131,"Private industry, Nebraska",Industry-level data from the Survey of Occupational Injuries and Illnesses (SOII)
ISUEHSSP2HSA32131,2019,1.6,SP2HSA,Health care and social assistance,3,Rate of injury and illness cases per 100 full-time workers (Size class 0),2,"Cases involving days away from work, job restriction, or transfer",131,"Private industry, Nebraska",Industry-level data from the Survey of Occupational Injuries and Illnesses (SOII)
ISUEHSSP2HSA32131,2018,1.4,SP2HSA,Health care and social assistance,3,Rate of injury and illness cases per 100 full-time workers (Size class 0),2,"Cases involving days away from work, job restriction, or transfer",131,"Private industry, Nebraska",Industry-level data from the Survey of Occupational Injuries and Illnesses (SOII)
ISUEHSSP2HSA32131,2017,1.6,SP2HSA,Health care and social assistance,3,Rate of injury and illness cases per 100 full-time workers (Size class 0),2,"Cases involving days away from work, job restriction, or transfer",131,"Private industry, Nebraska",Industry-level data from the Survey of Occupational Injuries and Illnesses (SOII)
ISUEHSSP2HSA32131,2016,1.7,SP2HSA,Health care and social assistance,3,Rate of injury and illness cases per 100 full-time workers (Size class 0),2,"Cases involving days away from work, job restriction, or transfer",131,"Private industry, Nebraska",Industry-level data from the Survey of Occupational Injuries and Illnesses (SOII)
ISUCONGP2CON51131,2020,1.4,GP2CON,Construction,5,Number of injury cases (thousands) (Size class 0),1,Total recordable cases,131,"Private industry, Nebraska",Industry-level data from the Survey of Occupational Injuries and Illnesses (SOII)
ISUCONGP2CON51131,2019,1.9,GP2CON,Construction,5,Number of injury cases (thousands) (Size class 0),1,Total recordable cases,131,"Private industry, Nebraska",Industry-level data from the Survey of Occupational Injuries and Illnesses (SOII)
ISUCONGP2CON51131,2018,1.8,GP2CON,Construction,5,Number of injury cases (thousands) (Size class 0),1,Total recordable cases,131,"Private industry, Nebraska",Industry-level data from the Survey of Occupational Injuries and Illnesses (SOII)
ISUCONGP2CON51131,2017,1.4,GP2CON,Construction,5,Number of injury cases (thousands) (Size class 0),1,Total recordable cases,131,"Private industry, Nebraska",Industry-level data from the Survey of Occupational Injuries and Illnesses (SOII)
ISUCONGP2CON51131,2016,1.7,GP2CON,Construction,5,Number of injury cases (thousands) (Size class 0),1,Total recordable cases,131,"Private industry, Nebraska",Industry-level data from the Survey of Occupational Injuries and Illnesses (SOII)
ISUEHS61100001731,2020,-,611000,Educational services,0,"Rate of illness cases per 10,000 full-time workers (Size class 0)",1,Total recordable cases,731,"State government, Nebraska",Industry-level data from the Survey of Occupational Injuries and Illnesses (SOII)
ISUEHS61100001731,2019,-,611000,Educational services,0,"Rate of illness cases per 10,000 full-time workers (Size class 0)",1,Total recordable cases,731,"State government, Nebraska",Industry-level data from the Survey of Occupational Injuries and Illnesses (SOII)
ISUEHS61100001731,2018,-,611000,Educational services,0,"Rate of illness cases per 10,000 full-time workers (Size class 0)",1,Total recordable cases,731,"State government, Nebraska",Industry-level data from the Survey of Occupational Injuries and Illnesses (SOII)
ISUEHS61100001831,2019,-,611000,Educational services,0,"Rate of illness cases per 10,000 full-time workers (Size class 0)",1,Total recordable cases,831,"Local government, Nebraska",Industry-level data from the Survey of Occupational Injuries and Illnesses (SOII)
ISUEHS61100001831,2018,3.8,611000,Educational services,0,"Rate of illness cases per 10,000 full-time workers (Size class 0)",1,Total recordable cases,831,"Local government, Nebraska",Industry-level data from the Survey of Occupational Injuries and Illnesses (SOII)
ISUEHS61100001831,2017,-,611000,Educational services,0,"Rate of illness cases per 10,000 full-time workers (Size class 0)",1,Total recordable cases,831,"Local government, Nebraska",Industry-level data from the Survey of Occupational Injuries and Illnesses (SOII)
ISUEHS61100001831,2016,4.1,611000,Educational services,0,"Rate of illness cases per 10,000 full-time workers (Size class 0)",1,Total recordable cases,831,"Local government, Nebraska",Industry-level data from the Survey of Occupational Injuries and Illnesses (SOII)
ISUEHS61100011731,2020,1.1,611000,Educational services,1,Rate of injury cases per 100 full-time workers (Size class 0),1,Total recordable cases,731,"State government, Nebraska",Industry-level data from the Survey of Occupational Injuries and Illnesses (SOII)
ISUEHS61100011731,2019,3.6,611000,Educational services,1,Rate of injury cases per 100 full-time workers (Size class 0),1,Total recordable cases,731,"State government, Nebraska",Industry-level data from the Survey of Occupational Injuries and Illnesses (SOII)
ISUEHS61100011731,2018,3.4,611000,Educational services,1,Rate of injury cases per 100 full-time workers (Size class 0),1,Total recordable cases,731,"State government, Nebraska",Industry-level data from the Survey of Occupational Injuries and Illnesses (SOII)
ISUEHS61100011831,2020,1.8,611000,Educational services,1,Rate of injury cases per 100 full-time workers (Size class 0),1,Total recordable cases,831,"Local government, Nebraska",Industry-level data from the Survey of Occupational Injuries and Illnesses (SOII)
ISUEHS61100011831,2019,2.3,611000,Educational services,1,Rate of injury cases per 100 full-time workers (Size class 0),1,Total recordable cases,831,"Local government, Nebraska",Industry-level data from the Survey of Occupational Injuries and Illnesses (SOII)
ISUEHS61100011831,2018,1.9,611000,Educational services,1,Rate of injury cases per 100 full-time workers (Size class 0),1,Total recordable cases,831,"Local government, Nebraska",Industry-level data from the Survey of Occupational Injuries and Illnesses (SOII)
ISUEHS61100011831,2017,1.9,611000,Educational services,1,Rate of injury cases per 100 full-time workers (Size class 0),1,Total recordable cases,831,"Local government, Nebraska",Industry-level data from the Survey of Occupational Injuries and Illnesses (SOII)
ISUEHS61100011831,2016,2.3,611000,Educational services,1,Rate of injury cases per 100 full-time workers (Size class 0),1,Total recordable cases,831,"Local government, Nebraska",Industry-level data from the Survey of Occupational Injuries and Illnesses (SOII)
ISUEHS61100031731,2020,1.1,611000,Educational services,3,Rate of injury and illness cases per 100 full-time workers (Size class 0),1,Total recordable cases,731,"State government, Nebraska",Industry-level data from the Survey of Occupational Injuries and Illnesses (SOII)
ISUEHS61100031731,2019,3.6,611000,Educational services,3,Rate of injury and illness cases per 100 full-time workers (Size class 0),1,Total recordable cases,731,"State government, Nebraska",Industry-level data from the Survey of Occupational Injuries and Illnesses (SOII)
ISUEHS61100031731,2018,3.4,611000,Educational services,3,Rate of injury and illness cases per 100 full-time workers (Size class 0),1,Total recordable cases,731,"State government, Nebraska",Industry-level data from the Survey of Occupational Injuries and Illnesses (SOII)
ISUEHS61100031831,2020,1.8,611000,Educational services,3,Rate of injury and illness cases per 100 full-time workers (Size class 0),1,Total recordable cases,831,"Local government, Nebraska",Industry-level data from the Survey of Occupational Injuries and Illnesses (SOII)
ISUEHS61100031831,2019,2.4,611000,Educational services,3,Rate of injury and illness cases per 100 full-time workers (Size class 0),1,Total recordable cases,831,"Local government, Nebraska",Industry-level data from the Survey of Occupational Injuries and Illnesses (SOII)
ISUEHS61100031831,2018,2,611000,Educational services,3,Rate of injury and illness cases per 100 full-time workers (Size class 0),1,Total recordable cases,831,"Local government, Nebraska",Industry-level data from the Survey of Occupational Injuries and Illnesses (SOII)
ISUEHS61100031831,2017,1.9,611000,Educational services,3,Rate of injury and illness cases per 100 full-time workers (Size class 0),1,Total recordable cases,831,"Local government, Nebraska",Industry-level data from the Survey of Occupational Injuries and Illnesses (SOII)
ISUEHS61100031831,2016,2.4,611000,Educational services,3,Rate of injury and illness cases per 100 full-time workers (Size class 0),1,Total recordable cases,831,"Local government, Nebraska",Industry-level data from the Survey of Occupational Injuries and Illnesses (SOII)
ISUEHS61100032731,2020,0.5,611000,Educational services,3,Rate of injury and illness cases per 100 full-time workers (Size class 0),2,"Cases involving days away from work, job restriction, or transfer",731,"State government, Nebraska",Industry-level data from the Survey of Occupational Injuries and Illnesses (SOII)
ISUEHS61100032731,2019,0.4,611000,Educational services,3,Rate of injury and illness cases per 100 full-time workers (Size class 0),2,"Cases involving days away from work, job restriction, or transfer",731,"State government, Nebraska",Industry-level data from the Survey of Occupational Injuries and Illnesses (SOII)
ISUEHS61100032731,2018,0.5,611000,Educational services,3,Rate of injury and illness cases per 100 full-time workers (Size class 0),2,"Cases involving days away from work, job restriction, or transfer",731,"State government, Nebraska",Industry-level data from the Survey of Occupational Injuries and Illnesses (SOII)
ISUEHS61100032831,2020,0.7,611000,Educational services,3,Rate of injury and illness cases per 100 full-time workers (Size class 0),2,"Cases involving days away from work, job restriction, or transfer",831,"Local government, Nebraska",Industry-level data from the Survey of Occupational Injuries and Illnesses (SOII)
ISUEHS61100032831,2019,0.8,611000,Educational services,3,Rate of injury and illness cases per 100 full-time workers (Size class 0),2,"Cases involving days away from work, job restriction, or transfer",831,"Local government, Nebraska",Industry-level data from the Survey of Occupational Injuries and Illnesses (SOII)
ISUEHS61100032831,2018,0.8,611000,Educational services,3,Rate of injury and illness cases per 100 full-time workers (Size class 0),2,"Cases involving days away from work, job restriction, or transfer",831,"Local government, Nebraska",Industry-level data from the Survey of Occupational Injuries and Illnesses (SOII)
ISUEHS61100032831,2017,0.7,611000,Educational services,3,Rate of injury and illness cases per 100 full-time workers (Size class 0),2,"Cases involving days away from work, job restriction, or transfer",831,"Local government, Nebraska",Industry-level data from the Survey of Occupational Injuries and Illnesses (SOII)
ISUEHS61100032831,2016,0.7,611000,Educational services,3,Rate of injury and illness cases per 100 full-time workers (Size class 0),2,"Cases involving days away from work, job restriction, or transfer",831,"Local government, Nebraska",Industry-level data from the Survey of Occupational Injuries and Illnesses (SOII)
ISUEHS61100041731,2020,-,611000,Educational services,4,Number of illness cases (thousands) (Size class 0),1,Total recordable cases,731,"State government, Nebraska",Industry-level data from the Survey of Occupational Injuries and Illnesses (SOII)
ISUEHS61100041731,2019,0,611000,Educational services,4,Number of illness cases (thousands) (Size class 0),1,Total recordable cases,731,"State government, Nebraska",Industry-level data from the Survey of Occupational Injuries and Illnesses (SOII)
ISUEHS61100041731,2018,0,611000,Educational services,4,Number of illness cases (thousands) (Size class 0),1,Total recordable cases,731,"State government, Nebraska",Industry-level data from the Survey of Occupational Injuries and Illnesses (SOII)
ISUEHS61100041831,2019,0,611000,Educational services,4,Number of illness cases (thousands) (Size class 0),1,Total recordable cases,831,"Local government, Nebraska",Industry-level data from the Survey of Occupational Injuries and Illnesses (SOII)
ISUEHS61100041831,2018,0,611000,Educational services,4,Number of illness cases (thousands) (Size class 0),1,Total recordable cases,831,"Local government, Nebraska",Industry-level data from the Survey of Occupational Injuries and Illnesses (SOII)
ISUEHS61100041831,2017,0,611000,Educational services,4,Number of illness cases (thousands) (Size class 0),1,Total recordable cases,831,"Local government, Nebraska",Industry-level data from the Survey of Occupational Injuries and Illnesses (SOII)
ISUEHS61100041831,2016,0,611000,Educational services,4,Number of illness cases (thousands) (Size class 0),1,Total recordable cases,831,"Local government, Nebraska",Industry-level data from the Survey of Occupational Injuries and Illnesses (SOII)
ISUEHS61100051731,2020,0.2,611000,Educational services,5,Number of injury cases (thousands) (Size class 0),1,Total recordable cases,731,"State government, Nebraska",Industry-level data from the Survey of Occupational Injuries and Illnesses (SOII)
ISUEHS61100051731,2019,0.5,611000,Educational services,5,Number of injury cases (thousands) (Size class 0),1,Total recordable cases,731,"State government, Nebraska",Industry-level data from the Survey of Occupational Injuries and Illnesses (SOII)
ISUEHS61100051731,2018,0.4,611000,Educational services,5,Number of injury cases (thousands) (Size class 0),1,Total recordable cases,731,"State government, Nebraska",Industry-level data from the Survey of Occupational Injuries and Illnesses (SOII)
ISUEHS61100051831,2020,0.8,611000,Educational services,5,Number of injury cases (thousands) (Size class 0),1,Total recordable cases,831,"Local government, Nebraska",Industry-level data from the Survey of Occupational Injuries and Illnesses (SOII)
ISUEHS61100051831,2019,1.1,611000,Educational services,5,Number of injury cases (thousands) (Size class 0),1,Total recordable cases,831,"Local government, Nebraska",Industry-level data from the Survey of Occupational Injuries and Illnesses (SOII)
ISUEHS61100051831,2018,0.9,611000,Educational services,5,Number of injury cases (thousands) (Size class 0),1,Total recordable cases,831,"Local government, Nebraska",Industry-level data from the Survey of Occupational Injuries and Illnesses (SOII)
ISUEHS61100051831,2017,0.9,611000,Educational services,5,Number of injury cases (thousands) (Size class 0),1,Total recordable cases,831,"Local government, Nebraska",Industry-level data from the Survey of Occupational Injuries and Illnesses (SOII)
ISUEHS61100051831,2016,1,611000,Educational services,5,Number of injury cases (thousands) (Size class 0),1,Total recordable cases,831,"Local government, Nebraska",Industry-level data from the Survey of Occupational Injuries and Illnesses (SOII)
ISUEHS61110001831,2019,-,611100,Elementary and secondary schools,0,"Rate of illness cases per 10,000 full-time workers (Size class 0)",1,Total recordable cases,831,"Local government, Nebraska",Industry-level data from the Survey of Occupational Injuries and Illnesses (SOII)
ISUEHS61110001831,2018,-,611100,Elementary and secondary schools,0,"Rate of illness cases per 10,000 full-time workers (Size class 0)",1,Total recordable cases,831,"Local government, Nebraska",Industry-level data from the Survey of Occupational Injuries and Illnesses (SOII)
ISUEHS61110001831,2017,-,611100,Elementary and secondary schools,0,"Rate of illness cases per 10,000 full-time workers (Size class 0)",1,Total recordable cases,831,"Local government, Nebraska",Industry-level data from the Survey of Occupational Injuries and Illnesses (SOII)
ISUEHS61110001831,2016,4.2,611100,Elementary and secondary schools,0,"Rate of illness cases per 10,000 full-time workers (Size class 0)",1,Total recordable cases,831,"Local government, Nebraska",Industry-level data from the Survey of Occupational Injuries and Illnesses (SOII)
ISUEHS61110011831,2020,1.7,611100,Elementary and secondary schools,1,Rate of injury cases per 100 full-time workers (Size class 0),1,Total recordable cases,831,"Local government, Nebraska",Industry-level data from the Survey of Occupational Injuries and Illnesses (SOII)
ISUEHS61110011831,2019,2.2,611100,Elementary and secondary schools,1,Rate of injury cases per 100 full-time workers (Size class 0),1,Total recordable cases,831,"Local government, Nebraska",Industry-level data from the Survey of Occupational Injuries and Illnesses (SOII)
ISUEHS61110011831,2018,1.9,611100,Elementary and secondary schools,1,Rate of injury cases per 100 full-time workers (Size class 0),1,Total recordable cases,831,"Local government, Nebraska",Industry-level data from the Survey of Occupational Injuries and Illnesses (SOII)
ISUEHS61110011831,2017,1.8,611100,Elementary and secondary schools,1,Rate of injury cases per 100 full-time workers (Size class 0),1,Total recordable cases,831,"Local government, Nebraska",Industry-level data from the Survey of Occupational Injuries and Illnesses (SOII)
ISUEHS61110011831,2016,2.2,611100,Elementary and secondary schools,1,Rate of injury cases per 100 full-time workers (Size class 0),1,Total recordable cases,831,"Local government, Nebraska",Industry-level data from the Survey of Occupational Injuries and Illnesses (SOII)
ISUEHS61110031831,2020,1.7,611100,Elementary and secondary schools,3,Rate of injury and illness cases per 100 full-time workers (Size class 0),1,Total recordable cases,831,"Local government, Nebraska",Industry-level data from the Survey of Occupational Injuries and Illnesses (SOII)
ISUEHS61110031831,2019,2.2,611100,Elementary and secondary schools,3,Rate of injury and illness cases per 100 full-time workers (Size class 0),1,Total recordable cases,831,"Local government, Nebraska",Industry-level data from the Survey of Occupational Injuries and Illnesses (SOII)
ISUEHS61110031831,2018,1.9,611100,Elementary and secondary schools,3,Rate of injury and illness cases per 100 full-time workers (Size class 0),1,Total recordable cases,831,"Local government, Nebraska",Industry-level data from the Survey of Occupational Injuries and Illnesses (SOII)
ISUEHS61110031831,2017,1.8,611100,Elementary and secondary schools,3,Rate of injury and illness cases per 100 full-time workers (Size class 0),1,Total recordable cases,831,"Local government, Nebraska",Industry-level data from the Survey of Occupational Injuries and Illnesses (SOII)
ISUEHS61110031831,2016,2.2,611100,Elementary and secondary schools,3,Rate of injury and illness cases per 100 full-time workers (Size class 0),1,Total recordable cases,831,"Local government, Nebraska",Industry-level data from the Survey of Occupational Injuries and Illnesses (SOII)
ISUEHS61110032831,2020,0.7,611100,Elementary and secondary schools,3,Rate of injury and illness cases per 100 full-time workers (Size class 0),2,"Cases involving days away from work, job restriction, or transfer",831,"Local government, Nebraska",Industry-level data from the Survey of Occupational Injuries and Illnesses (SOII)
ISUEHS61110032831,2019,0.8,611100,Elementary and secondary schools,3,Rate of injury and illness cases per 100 full-time workers (Size class 0),2,"Cases involving days away from work, job restriction, or transfer",831,"Local government, Nebraska",Industry-level data from the Survey of Occupational Injuries and Illnesses (SOII)
ISUEHS61110032831,2018,0.8,611100,Elementary and secondary schools,3,Rate of injury and illness cases per 100 full-time workers (Size class 0),2,"Cases involving days away from work, job restriction, or transfer",831,"Local government, Nebraska",Industry-level data from the Survey of Occupational Injuries and Illnesses (SOII)
ISUEHS61110032831,2017,0.7,611100,Elementary and secondary schools,3,Rate of injury and illness cases per 100 full-time workers (Size class 0),2,"Cases involving days away from work, job restriction, or transfer",831,"Local government, Nebraska",Industry-level data from the Survey of Occupational Injuries and Illnesses (SOII)
ISUEHS61110032831,2016,0.6,611100,Elementary and secondary schools,3,Rate of injury and illness cases per 100 full-time workers (Size class 0),2,"Cases involving days away from work, job restriction, or transfer",831,"Local government, Nebraska",Industry-level data from the Survey of Occupational Injuries and Illnesses (SOII)
ISUEHS61110041831,2019,0,611100,Elementary and secondary schools,4,Number of illness cases (thousands) (Size class 0),1,Total recordable cases,831,"Local government, Nebraska",Industry-level data from the Survey of Occupational Injuries and Illnesses (SOII)
ISUEHS61110041831,2018,0,611100,Elementary and secondary schools,4,Number of illness cases (thousands) (Size class 0),1,Total recordable cases,831,"Local government, Nebraska",Industry-level data from the Survey of Occupational Injuries and Illnesses (SOII)
ISUEHS61110041831,2017,0,611100,Elementary and secondary schools,4,Number of illness cases (thousands) (Size class 0),1,Total recordable cases,831,"Local government, Nebraska",Industry-level data from the Survey of Occupational Injuries and Illnesses (SOII)
ISUEHS61110041831,2016,0,611100,Elementary and secondary schools,4,Number of illness cases (thousands) (Size class 0),1,Total recordable cases,831,"Local government, Nebraska",Industry-level data from the Survey of Occupational Injuries and Illnesses (SOII)
ISUEHS61110051831,2020,0.7,611100,Elementary and secondary schools,5,Number of injury cases (thousands) (Size class 0),1,Total recordable cases,831,"Local government, Nebraska",Industry-level data from the Survey of Occupational Injuries and Illnesses (SOII)
ISUEHS61110051831,2019,0.9,611100,Elementary and secondary schools,5,Number of injury cases (thousands) (Size class 0),1,Total recordable cases,831,"Local government, Nebraska",Industry-level data from the Survey of Occupational Injuries and Illnesses (SOII)
ISUEHS61110051831,2018,0.7,611100,Elementary and secondary schools,5,Number of injury cases (thousands) (Size class 0),1,Total recordable cases,831,"Local government, Nebraska",Industry-level data from the Survey of Occupational Injuries and Illnesses (SOII)
ISUEHS61110051831,2017,0.8,611100,Elementary and secondary schools,5,Number of injury cases (thousands) (Size class 0),1,Total recordable cases,831,"Local government, Nebraska",Industry-level data from the Survey of Occupational Injuries and Illnesses (SOII)
ISUEHS61110051831,2016,0.9,611100,Elementary and secondary schools,5,Number of injury cases (thousands) (Size class 0),1,Total recordable cases,831,"Local government, Nebraska",Industry-level data from the Survey of Occupational Injuries and Illnesses (SOII)
ISUEHS61130001731,2020,-,611300,"Colleges, universities, and professional schools",0,"Rate of illness cases per 10,000 full-time workers (Size class 0)",1,Total recordable cases,731,"State government, Nebraska",Industry-level data from the Survey of Occupational Injuries and Illnesses (SOII)
ISUEHS61130001731,2019,-,611300,"Colleges, universities, and professional schools",0,"Rate of illness cases per 10,000 full-time workers (Size class 0)",1,Total recordable cases,731,"State government, Nebraska",Industry-level data from the Survey of Occupational Injuries and Illnesses (SOII)
ISUEHS61130001731,2018,-,611300,"Colleges, universities, and professional schools",0,"Rate of illness cases per 10,000 full-time workers (Size class 0)",1,Total recordable cases,731,"State government, Nebraska",Industry-level data from the Survey of Occupational Injuries and Illnesses (SOII)
ISUEHS61130011731,2020,1.1,611300,"Colleges, universities, and professional schools",1,Rate of injury cases per 100 full-time workers (Size class 0),1,Total recordable cases,731,"State government, Nebraska",Industry-level data from the Survey of Occupational Injuries and Illnesses (SOII)
ISUEHS61130011731,2019,3.6,611300,"Colleges, universities, and professional schools",1,Rate of injury cases per 100 full-time workers (Size class 0),1,Total recordable cases,731,"State government, Nebraska",Industry-level data from the Survey of Occupational Injuries and Illnesses (SOII)
ISUEHS61130011731,2018,3.4,611300,"Colleges, universities, and professional schools",1,Rate of injury cases per 100 full-time workers (Size class 0),1,Total recordable cases,731,"State government, Nebraska",Industry-level data from the Survey of Occupational Injuries and Illnesses (SOII)
ISUEHS61130031731,2020,1.1,611300,"Colleges, universities, and professional schools",3,Rate of injury and illness cases per 100 full-time workers (Size class 0),1,Total recordable cases,731,"State government, Nebraska",Industry-level data from the Survey of Occupational Injuries and Illnesses (SOII)
ISUEHS61130031731,2019,3.6,611300,"Colleges, universities, and professional schools",3,Rate of injury and illness cases per 100 full-time workers (Size class 0),1,Total recordable cases,731,"State government, Nebraska",Industry-level data from the Survey of Occupational Injuries and Illnesses (SOII)
ISUEHS61130031731,2018,3.4,611300,"Colleges, universities, and professional schools",3,Rate of injury and illness cases per 100 full-time workers (Size class 0),1,Total recordable cases,731,"State government, Nebraska",Industry-level data from the Survey of Occupational Injuries and Illnesses (SOII)
ISUEHS61130032731,2020,0.5,611300,"Colleges, universities, and professional schools",3,Rate of injury and illness cases per 100 full-time workers (Size class 0),2,"Cases involving days away from work, job restriction, or transfer",731,"State government, Nebraska",Industry-level data from the Survey of Occupational Injuries and Illnesses (SOII)
ISUEHS61130032731,2019,0.4,611300,"Colleges, universities, and professional schools",3,Rate of injury and illness cases per 100 full-time workers (Size class 0),2,"Cases involving days away from work, job restriction, or transfer",731,"State government, Nebraska",Industry-level data from the Survey of Occupational Injuries and Illnesses (SOII)
ISUEHS61130032731,2018,0.5,611300,"Colleges, universities, and professional schools",3,Rate of injury and illness cases per 100 full-time workers (Size class 0),2,"Cases involving days away from work, job restriction, or transfer",731,"State government, Nebraska",Industry-level data from the Survey of Occupational Injuries and Illnesses (SOII)
ISUEHS61130041731,2020,-,611300,"Colleges, universities, and professional schools",4,Number of illness cases (thousands) (Size class 0),1,Total recordable cases,731,"State government, Nebraska",Industry-level data from the Survey of Occupational Injuries and Illnesses (SOII)
ISUEHS61130041731,2019,0,611300,"Colleges, universities, and professional schools",4,Number of illness cases (thousands) (Size class 0),1,Total recordable cases,731,"State government, Nebraska",Industry-level data from the Survey of Occupational Injuries and Illnesses (SOII)
ISUEHS61130041731,2018,0,611300,"Colleges, universities, and professional schools",4,Number of illness cases (thousands) (Size class 0),1,Total recordable cases,731,"State government, Nebraska",Industry-level data from the Survey of Occupational Injuries and Illnesses (SOII)
ISUEHS61130051731,2020,0.2,611300,"Colleges, universities, and professional schools",5,Number of injury cases (thousands) (Size class 0),1,Total recordable cases,731,"State government, Nebraska",Industry-level data from the Survey of Occupational Injuries and Illnesses (SOII)
ISUEHS61130051731,2019,0.5,611300,"Colleges, universities, and professional schools",5,Number of injury cases (thousands) (Size class 0),1,Total recordable cases,731,"State government, Nebraska",Industry-level data from the Survey of Occupational Injuries and Illnesses (SOII)
ISUEHS61130051731,2018,0.4,611300,"Colleges, universities, and professional schools",5,Number of injury cases (thousands) (Size class 0),1,Total recordable cases,731,"State government, Nebraska",Industry-level data from the Survey of Occupational Injuries and Illnesses (SOII)
ISUEHS62100001131,2020,34.2,621000,Ambulatory health care services,0,"Rate of illness cases per 10,000 full-time workers (Size class 0)",1,Total recordable cases,131,"Private industry, Nebraska",Industry-level data from the Survey of Occupational Injuries and Illnesses (SOII)
ISUEHS62100001131,2018,11.1,621000,Ambulatory health care services,0,"Rate of illness cases per 10,000 full-time workers (Size class 0)",1,Total recordable cases,131,"Private industry, Nebraska",Industry-level data from the Survey of Occupational Injuries and Illnesses (SOII)
ISUEHS62100001131,2017,11.8,621000,Ambulatory health care services,0,"Rate of illness cases per 10,000 full-time workers (Size class 0)",1,Total recordable cases,131,"Private industry, Nebraska",Industry-level data from the Survey of Occupational Injuries and Illnesses (SOII)
ISUEHS62100001131,2016,5.3,621000,Ambulatory health care services,0,"Rate of illness cases per 10,000 full-time workers (Size class 0)",1,Total recordable cases,131,"Private industry, Nebraska",Industry-level data from the Survey of Occupational Injuries and Illnesses (SOII)
ISUEHS62100011131,2020,1.7,621000,Ambulatory health care services,1,Rate of injury cases per 100 full-time workers (Size class 0),1,Total recordable cases,131,"Private industry, Nebraska",Industry-level data from the Survey of Occupational Injuries and Illnesses (SOII)
ISUEHS62100011131,2018,2.1,621000,Ambulatory health care services,1,Rate of injury cases per 100 full-time workers (Size class 0),1,Total recordable cases,131,"Private industry, Nebraska",Industry-level data from the Survey of Occupational Injuries and Illnesses (SOII)
ISUEHS62100011131,2017,1.5,621000,Ambulatory health care services,1,Rate of injury cases per 100 full-time workers (Size class 0),1,Total recordable cases,131,"Private industry, Nebraska",Industry-level data from the Survey of Occupational Injuries and Illnesses (SOII)
ISUEHS62100011131,2016,1.5,621000,Ambulatory health care services,1,Rate of injury cases per 100 full-time workers (Size class 0),1,Total recordable cases,131,"Private industry, Nebraska",Industry-level data from the Survey of Occupational Injuries and Illnesses (SOII)
ISUEHS62100031131,2020,2.1,621000,Ambulatory health care services,3,Rate of injury and illness cases per 100 full-time workers (Size class 0),1,Total recordable cases,131,"Private industry, Nebraska",Industry-level data from the Survey of Occupational Injuries and Illnesses (SOII)
ISUEHS62100031131,2018,2.2,621000,Ambulatory health care services,3,Rate of injury and illness cases per 100 full-time workers (Size class 0),1,Total recordable cases,131,"Private industry, Nebraska",Industry-level data from the Survey of Occupational Injuries and Illnesses (SOII)
ISUEHS62100031131,2017,1.6,621000,Ambulatory health care services,3,Rate of injury and illness cases per 100 full-time workers (Size class 0),1,Total recordable cases,131,"Private industry, Nebraska",Industry-level data from the Survey of Occupational Injuries and Illnesses (SOII)
ISUEHS62100031131,2016,1.6,621000,Ambulatory health care services,3,Rate of injury and illness cases per 100 full-time workers (Size class 0),1,Total recordable cases,131,"Private industry, Nebraska",Industry-level data from the Survey of Occupational Injuries and Illnesses (SOII)
ISUEHS62100032131,2020,0.9,621000,Ambulatory health care services,3,Rate of injury and illness cases per 100 full-time workers (Size class 0),2,"Cases involving days away from work, job restriction, or transfer",131,"Private industry, Nebraska",Industry-level data from the Survey of Occupational Injuries and Illnesses (SOII)
ISUEHS62100032131,2018,0.3,621000,Ambulatory health care services,3,Rate of injury and illness cases per 100 full-time workers (Size class 0),2,"Cases involving days away from work, job restriction, or transfer",131,"Private industry, Nebraska",Industry-level data from the Survey of Occupational Injuries and Illnesses (SOII)
ISUEHS62100032131,2017,0.4,621000,Ambulatory health care services,3,Rate of injury and illness cases per 100 full-time workers (Size class 0),2,"Cases involving days away from work, job restriction, or transfer",131,"Private industry, Nebraska",Industry-level data from the Survey of Occupational Injuries and Illnesses (SOII)
ISUEHS62100032131,2016,0.3,621000,Ambulatory health care services,3,Rate of injury and illness cases per 100 full-time workers (Size class 0),2,"Cases involving days away from work, job restriction, or transfer",131,"Private industry, Nebraska",Industry-level data from the Survey of Occupational Injuries and Illnesses (SOII)
ISUEHS62100041131,2020,0.1,621000,Ambulatory health care services,4,Number of illness cases (thousands) (Size class 0),1,Total recordable cases,131,"Private industry, Nebraska",Industry-level data from the Survey of Occupational Injuries and Illnesses (SOII)
ISUEHS62100041131,2018,0,621000,Ambulatory health care services,4,Number of illness cases (thousands) (Size class 0),1,Total recordable cases,131,"Private industry, Nebraska",Industry-level data from the Survey of Occupational Injuries and Illnesses (SOII)
ISUEHS62100041131,2017,0,621000,Ambulatory health care services,4,Number of illness cases (thousands) (Size class 0),1,Total recordable cases,131,"Private industry, Nebraska",Industry-level data from the Survey of Occupational Injuries and Illnesses (SOII)
ISUEHS62100041131,2016,0,621000,Ambulatory health care services,4,Number of illness cases (thousands) (Size class 0),1,Total recordable cases,131,"Private industry, Nebraska",Industry-level data from the Survey of Occupational Injuries and Illnesses (SOII)
ISUEHS62100051131,2020,0.6,621000,Ambulatory health care services,5,Number of injury cases (thousands) (Size class 0),1,Total recordable cases,131,"Private industry, Nebraska",Industry-level data from the Survey of Occupational Injuries and Illnesses (SOII)
ISUEHS62100051131,2018,0.7,621000,Ambulatory health care services,5,Number of injury cases (thousands) (Size class 0),1,Total recordable cases,131,"Private industry, Nebraska",Industry-level data from the Survey of Occupational Injuries and Illnesses (SOII)
ISUEHS62100051131,2017,0.5,621000,Ambulatory health care services,5,Number of injury cases (thousands) (Size class 0),1,Total recordable cases,131,"Private industry, Nebraska",Industry-level data from the Survey of Occupational Injuries and Illnesses (SOII)
ISUEHS62100051131,2016,0.5,621000,Ambulatory health care services,5,Number of injury cases (thousands) (Size class 0),1,Total recordable cases,131,"Private industry, Nebraska",Industry-level data from the Survey of Occupational Injuries and Illnesses (SOII)
ISUEHS62200001131,2020,219.8,622000,Hospitals,0,"Rate of illness cases per 10,000 full-time workers (Size class 0)",1,Total recordable cases,131,"Private industry, Nebraska",Industry-level data from the Survey of Occupational Injuries and Illnesses (SOII)
ISUEHS62200001131,2019,63.5,622000,Hospitals,0,"Rate of illness cases per 10,000 full-time workers (Size class 0)",1,Total recordable cases,131,"Private industry, Nebraska",Industry-level data from the Survey of Occupational Injuries and Illnesses (SOII)
ISUEHS62200001131,2018,67.5,622000,Hospitals,0,"Rate of illness cases per 10,000 full-time workers (Size class 0)",1,Total recordable cases,131,"Private industry, Nebraska",Industry-level data from the Survey of Occupational Injuries and Illnesses (SOII)
ISUEHS62200001131,2017,89.9,622000,Hospitals,0,"Rate of illness cases per 10,000 full-time workers (Size class 0)",1,Total recordable cases,131,"Private industry, Nebraska",Industry-level data from the Survey of Occupational Injuries and Illnesses (SOII)
ISUEHS62200001131,2016,41.3,622000,Hospitals,0,"Rate of illness cases per 10,000 full-time workers (Size class 0)",1,Total recordable cases,131,"Private industry, Nebraska",Industry-level data from the Survey of Occupational Injuries and Illnesses (SOII)
ISUEHS62200001831,2020,57.5,622000,Hospitals,0,"Rate of illness cases per 10,000 full-time workers (Size class 0)",1,Total recordable cases,831,"Local government, Nebraska",Industry-level data from the Survey of Occupational Injuries and Illnesses (SOII)
ISUEHS62200001831,2019,74.8,622000,Hospitals,0,"Rate of illness cases per 10,000 full-time workers (Size class 0)",1,Total recordable cases,831,"Local government, Nebraska",Industry-level data from the Survey of Occupational Injuries and Illnesses (SOII)
ISUEHS62200001831,2018,39.1,622000,Hospitals,0,"Rate of illness cases per 10,000 full-time workers (Size class 0)",1,Total recordable cases,831,"Local government, Nebraska",Industry-level data from the Survey of Occupational Injuries and Illnesses (SOII)
ISUEHS62200001831,2017,55.3,622000,Hospitals,0,"Rate of illness cases per 10,000 full-time workers (Size class 0)",1,Total recordable cases,831,"Local government, Nebraska",Industry-level data from the Survey of Occupational Injuries and Illnesses (SOII)
ISUEHS62200001831,2016,-,622000,Hospitals,0,"Rate of illness cases per 10,000 full-time workers (Size class 0)",1,Total recordable cases,831,"Local government, Nebraska",Industry-level data from the Survey of Occupational Injuries and Illnesses (SOII)
ISUEHS62200011131,2020,3.7,622000,Hospitals,1,Rate of injury cases per 100 full-time workers (Size class 0),1,Total recordable cases,131,"Private industry, Nebraska",Industry-level data from the Survey of Occupational Injuries and Illnesses (SOII)
ISUEHS62200011131,2019,4.2,622000,Hospitals,1,Rate of injury cases per 100 full-time workers (Size class 0),1,Total recordable cases,131,"Private industry, Nebraska",Industry-level data from the Survey of Occupational Injuries and Illnesses (SOII)
ISUEHS62200011131,2018,4.6,622000,Hospitals,1,Rate of injury cases per 100 full-time workers (Size class 0),1,Total recordable cases,131,"Private industry, Nebraska",Industry-level data from the Survey of Occupational Injuries and Illnesses (SOII)
ISUEHS62200011131,2017,4.6,622000,Hospitals,1,Rate of injury cases per 100 full-time workers (Size class 0),1,Total recordable cases,131,"Private industry, Nebraska",Industry-level data from the Survey of Occupational Injuries and Illnesses (SOII)
ISUEHS62200011131,2016,5.3,622000,Hospitals,1,Rate of injury cases per 100 full-time workers (Size class 0),1,Total recordable cases,131,"Private industry, Nebraska",Industry-level data from the Survey of Occupational Injuries and Illnesses (SOII)
ISUEHS62200011831,2020,3,622000,Hospitals,1,Rate of injury cases per 100 full-time workers (Size class 0),1,Total recordable cases,831,"Local government, Nebraska",Industry-level data from the Survey of Occupational Injuries and Illnesses (SOII)
ISUEHS62200011831,2019,3,622000,Hospitals,1,Rate of injury cases per 100 full-time workers (Size class 0),1,Total recordable cases,831,"Local government, Nebraska",Industry-level data from the Survey of Occupational Injuries and Illnesses (SOII)
ISUEHS62200011831,2018,3.4,622000,Hospitals,1,Rate of injury cases per 100 full-time workers (Size class 0),1,Total recordable cases,831,"Local government, Nebraska",Industry-level data from the Survey of Occupational Injuries and Illnesses (SOII)
ISUEHS62200011831,2017,3.8,622000,Hospitals,1,Rate of injury cases per 100 full-time workers (Size class 0),1,Total recordable cases,831,"Local government, Nebraska",Industry-level data from the Survey of Occupational Injuries and Illnesses (SOII)
ISUEHS62200011831,2016,4.3,622000,Hospitals,1,Rate of injury cases per 100 full-time workers (Size class 0),1,Total recordable cases,831,"Local government, Nebraska",Industry-level data from the Survey of Occupational Injuries and Illnesses (SOII)
ISUEHS62200031131,2020,5.9,622000,Hospitals,3,Rate of injury and illness cases per 100 full-time workers (Size class 0),1,Total recordable cases,131,"Private industry, Nebraska",Industry-level data from the Survey of Occupational Injuries and Illnesses (SOII)
ISUEHS62200031131,2019,4.9,622000,Hospitals,3,Rate of injury and illness cases per 100 full-time workers (Size class 0),1,Total recordable cases,131,"Private industry, Nebraska",Industry-level data from the Survey of Occupational Injuries and Illnesses (SOII)
ISUEHS62200031131,2018,5.2,622000,Hospitals,3,Rate of injury and illness cases per 100 full-time workers (Size class 0),1,Total recordable cases,131,"Private industry, Nebraska",Industry-level data from the Survey of Occupational Injuries and Illnesses (SOII)
ISUEHS62200031131,2017,5.5,622000,Hospitals,3,Rate of injury and illness cases per 100 full-time workers (Size class 0),1,Total recordable cases,131,"Private industry, Nebraska",Industry-level data from the Survey of Occupational Injuries and Illnesses (SOII)
ISUEHS62200031131,2016,5.7,622000,Hospitals,3,Rate of injury and illness cases per 100 full-time workers (Size class 0),1,Total recordable cases,131,"Private industry, Nebraska",Industry-level data from the Survey of Occupational Injuries and Illnesses (SOII)
ISUEHS62200031831,2020,3.5,622000,Hospitals,3,Rate of injury and illness cases per 100 full-time workers (Size class 0),1,Total recordable cases,831,"Local government, Nebraska",Industry-level data from the Survey of Occupational Injuries and Illnesses (SOII)
ISUEHS62200031831,2019,3.7,622000,Hospitals,3,Rate of injury and illness cases per 100 full-time workers (Size class 0),1,Total recordable cases,831,"Local government, Nebraska",Industry-level data from the Survey of Occupational Injuries and Illnesses (SOII)
ISUEHS62200031831,2018,3.8,622000,Hospitals,3,Rate of injury and illness cases per 100 full-time workers (Size class 0),1,Total recordable cases,831,"Local government, Nebraska",Industry-level data from the Survey of Occupational Injuries and Illnesses (SOII)
ISUEHS62200031831,2017,4.4,622000,Hospitals,3,Rate of injury and illness cases per 100 full-time workers (Size class 0),1,Total recordable cases,831,"Local government, Nebraska",Industry-level data from the Survey of Occupational Injuries and Illnesses (SOII)
ISUEHS62200031831,2016,4.4,622000,Hospitals,3,Rate of injury and illness cases per 100 full-time workers (Size class 0),1,Total recordable cases,831,"Local government, Nebraska",Industry-level data from the Survey of Occupational Injuries and Illnesses (SOII)
ISUEHS62200032131,2020,3.3,622000,Hospitals,3,Rate of injury and illness cases per 100 full-time workers (Size class 0),2,"Cases involving days away from work, job restriction, or transfer",131,"Private industry, Nebraska",Industry-level data from the Survey of Occupational Injuries and Illnesses (SOII)
ISUEHS62200032131,2019,1.6,622000,Hospitals,3,Rate of injury and illness cases per 100 full-time workers (Size class 0),2,"Cases involving days away from work, job restriction, or transfer",131,"Private industry, Nebraska",Industry-level data from the Survey of Occupational Injuries and Illnesses (SOII)
ISUEHS62200032131,2018,1.8,622000,Hospitals,3,Rate of injury and illness cases per 100 full-time workers (Size class 0),2,"Cases involving days away from work, job restriction, or transfer",131,"Private industry, Nebraska",Industry-level data from the Survey of Occupational Injuries and Illnesses (SOII)
ISUEHS62200032131,2017,1.8,622000,Hospitals,3,Rate of injury and illness cases per 100 full-time workers (Size class 0),2,"Cases involving days away from work, job restriction, or transfer",131,"Private industry, Nebraska",Industry-level data from the Survey of Occupational Injuries and Illnesses (SOII)
ISUEHS62200032131,2016,2.2,622000,Hospitals,3,Rate of injury and illness cases per 100 full-time workers (Size class 0),2,"Cases involving days away from work, job restriction, or transfer",131,"Private industry, Nebraska",Industry-level data from the Survey of Occupational Injuries and Illnesses (SOII)
ISUEHS62200032831,2020,0.9,622000,Hospitals,3,Rate of injury and illness cases per 100 full-time workers (Size class 0),2,"Cases involving days away from work, job restriction, or transfer",831,"Local government, Nebraska",Industry-level data from the Survey of Occupational Injuries and Illnesses (SOII)
ISUEHS62200032831,2019,0.6,622000,Hospitals,3,Rate of injury and illness cases per 100 full-time workers (Size class 0),2,"Cases involving days away from work, job restriction, or transfer",831,"Local government, Nebraska",Industry-level data from the Survey of Occupational Injuries and Illnesses (SOII)
ISUEHS62200032831,2018,0.9,622000,Hospitals,3,Rate of injury and illness cases per 100 full-time workers (Size class 0),2,"Cases involving days away from work, job restriction, or transfer",831,"Local government, Nebraska",Industry-level data from the Survey of Occupational Injuries and Illnesses (SOII)
ISUEHS62200032831,2017,1.1,622000,Hospitals,3,Rate of injury and illness cases per 100 full-time workers (Size class 0),2,"Cases involving days away from work, job restriction, or transfer",831,"Local government, Nebraska",Industry-level data from the Survey of Occupational Injuries and Illnesses (SOII)
ISUEHS62200032831,2016,1.4,622000,Hospitals,3,Rate of injury and illness cases per 100 full-time workers (Size class 0),2,"Cases involving days away from work, job restriction, or transfer",831,"Local government, Nebraska",Industry-level data from the Survey of Occupational Injuries and Illnesses (SOII)
ISUEHS62200041131,2020,0.6,622000,Hospitals,4,Number of illness cases (thousands) (Size class 0),1,Total recordable cases,131,"Private industry, Nebraska",Industry-level data from the Survey of Occupational Injuries and Illnesses (SOII)
ISUEHS62200041131,2019,0.2,622000,Hospitals,4,Number of illness cases (thousands) (Size class 0),1,Total recordable cases,131,"Private industry, Nebraska",Industry-level data from the Survey of Occupational Injuries and Illnesses (SOII)
ISUEHS62200041131,2018,0.2,622000,Hospitals,4,Number of illness cases (thousands) (Size class 0),1,Total recordable cases,131,"Private industry, Nebraska",Industry-level data from the Survey of Occupational Injuries and Illnesses (SOII)
ISUEHS62200041131,2017,0.2,622000,Hospitals,4,Number of illness cases (thousands) (Size class 0),1,Total recordable cases,131,"Private industry, Nebraska",Industry-level data from the Survey of Occupational Injuries and Illnesses (SOII)
ISUEHS62200041131,2016,0.1,622000,Hospitals,4,Number of illness cases (thousands) (Size class 0),1,Total recordable cases,131,"Private industry, Nebraska",Industry-level data from the Survey of Occupational Injuries and Illnesses (SOII)
ISUEHS62200041831,2020,0,622000,Hospitals,4,Number of illness cases (thousands) (Size class 0),1,Total recordable cases,831,"Local government, Nebraska",Industry-level data from the Survey of Occupational Injuries and Illnesses (SOII)
ISUEHS62200041831,2019,0,622000,Hospitals,4,Number of illness cases (thousands) (Size class 0),1,Total recordable cases,831,"Local government, Nebraska",Industry-level data from the Survey of Occupational Injuries and Illnesses (SOII)
ISUEHS62200041831,2018,0,622000,Hospitals,4,Number of illness cases (thousands) (Size class 0),1,Total recordable cases,831,"Local government, Nebraska",Industry-level data from the Survey of Occupational Injuries and Illnesses (SOII)
ISUEHS62200041831,2017,0,622000,Hospitals,4,Number of illness cases (thousands) (Size class 0),1,Total recordable cases,831,"Local government, Nebraska",Industry-level data from the Survey of Occupational Injuries and Illnesses (SOII)
ISUEHS62200041831,2016,0,622000,Hospitals,4,Number of illness cases (thousands) (Size class 0),1,Total recordable cases,831,"Local government, Nebraska",Industry-level data from the Survey of Occupational Injuries and Illnesses (SOII)
ISUEHS62200051131,2020,1,622000,Hospitals,5,Number of injury cases (thousands) (Size class 0),1,Total recordable cases,131,"Private industry, Nebraska",Industry-level data from the Survey of Occupational Injuries and Illnesses (SOII)
ISUEHS62200051131,2019,1.2,622000,Hospitals,5,Number of injury cases (thousands) (Size class 0),1,Total recordable cases,131,"Private industry, Nebraska",Industry-level data from the Survey of Occupational Injuries and Illnesses (SOII)
ISUEHS62200051131,2018,1.2,622000,Hospitals,5,Number of injury cases (thousands) (Size class 0),1,Total recordable cases,131,"Private industry, Nebraska",Industry-level data from the Survey of Occupational Injuries and Illnesses (SOII)
ISUEHS62200051131,2017,1.3,622000,Hospitals,5,Number of injury cases (thousands) (Size class 0),1,Total recordable cases,131,"Private industry, Nebraska",Industry-level data from the Survey of Occupational Injuries and Illnesses (SOII)
ISUEHS62200051131,2016,1.4,622000,Hospitals,5,Number of injury cases (thousands) (Size class 0),1,Total recordable cases,131,"Private industry, Nebraska",Industry-level data from the Survey of Occupational Injuries and Illnesses (SOII)
ISUEHS62200051831,2020,0.1,622000,Hospitals,5,Number of injury cases (thousands) (Size class 0),1,Total recordable cases,831,"Local government, Nebraska",Industry-level data from the Survey of Occupational Injuries and Illnesses (SOII)
ISUEHS62200051831,2019,0.1,622000,Hospitals,5,Number of injury cases (thousands) (Size class 0),1,Total recordable cases,831,"Local government, Nebraska",Industry-level data from the Survey of Occupational Injuries and Illnesses (SOII)
ISUEHS62200051831,2018,0.2,622000,Hospitals,5,Number of injury cases (thousands) (Size class 0),1,Total recordable cases,831,"Local government, Nebraska",Industry-level data from the Survey of Occupational Injuries and Illnesses (SOII)
ISUEHS62200051831,2017,0.2,622000,Hospitals,5,Number of injury cases (thousands) (Size class 0),1,Total recordable cases,831,"Local government, Nebraska",Industry-level data from the Survey of Occupational Injuries and Illnesses (SOII)
ISUEHS62200051831,2016,0.2,622000,Hospitals,5,Number of injury cases (thousands) (Size class 0),1,Total recordable cases,831,"Local government, Nebraska",Industry-level data from the Survey of Occupational Injuries and Illnesses (SOII)
ISUEHS62300001131,2020,408,623000,Nursing and residential care facilities,0,"Rate of illness cases per 10,000 full-time workers (Size class 0)",1,Total recordable cases,131,"Private industry, Nebraska",Industry-level data from the Survey of Occupational Injuries and Illnesses (SOII)
ISUEHS62300001131,2019,14.2,623000,Nursing and residential care facilities,0,"Rate of illness cases per 10,000 full-time workers (Size class 0)",1,Total recordable cases,131,"Private industry, Nebraska",Industry-level data from the Survey of Occupational Injuries and Illnesses (SOII)
ISUEHS62300001131,2018,61.3,623000,Nursing and residential care facilities,0,"Rate of illness cases per 10,000 full-time workers (Size class 0)",1,Total recordable cases,131,"Private industry, Nebraska",Industry-level data from the Survey of Occupational Injuries and Illnesses (SOII)
ISUEHS62300001131,2017,26.4,623000,Nursing and residential care facilities,0,"Rate of illness cases per 10,000 full-time workers (Size class 0)",1,Total recordable cases,131,"Private industry, Nebraska",Industry-level data from the Survey of Occupational Injuries and Illnesses (SOII)
ISUEHS62300001131,2016,21.9,623000,Nursing and residential care facilities,0,"Rate of illness cases per 10,000 full-time workers (Size class 0)",1,Total recordable cases,131,"Private industry, Nebraska",Industry-level data from the Survey of Occupational Injuries and Illnesses (SOII)
ISUEHS62300001831,2017,-,623000,Nursing and residential care facilities,0,"Rate of illness cases per 10,000 full-time workers (Size class 0)",1,Total recordable cases,831,"Local government, Nebraska",Industry-level data from the Survey of Occupational Injuries and Illnesses (SOII)
ISUEHS62300001831,2016,-,623000,Nursing and residential care facilities,0,"Rate of illness cases per 10,000 full-time workers (Size class 0)",1,Total recordable cases,831,"Local government, Nebraska",Industry-level data from the Survey of Occupational Injuries and Illnesses (SOII)
ISUEHS62300011131,2020,4.4,623000,Nursing and residential care facilities,1,Rate of injury cases per 100 full-time workers (Size class 0),1,Total recordable cases,131,"Private industry, Nebraska",Industry-level data from the Survey of Occupational Injuries and Illnesses (SOII)
ISUEHS62300011131,2019,6.2,623000,Nursing and residential care facilities,1,Rate of injury cases per 100 full-time workers (Size class 0),1,Total recordable cases,131,"Private industry, Nebraska",Industry-level data from the Survey of Occupational Injuries and Illnesses (SOII)
ISUEHS62300011131,2018,5.8,623000,Nursing and residential care facilities,1,Rate of injury cases per 100 full-time workers (Size class 0),1,Total recordable cases,131,"Private industry, Nebraska",Industry-level data from the Survey of Occupational Injuries and Illnesses (SOII)
ISUEHS62300011131,2017,5.9,623000,Nursing and residential care facilities,1,Rate of injury cases per 100 full-time workers (Size class 0),1,Total recordable cases,131,"Private industry, Nebraska",Industry-level data from the Survey of Occupational Injuries and Illnesses (SOII)
ISUEHS62300011131,2016,6.1,623000,Nursing and residential care facilities,1,Rate of injury cases per 100 full-time workers (Size class 0),1,Total recordable cases,131,"Private industry, Nebraska",Industry-level data from the Survey of Occupational Injuries and Illnesses (SOII)
ISUEHS62300011831,2019,11.6,623000,Nursing and residential care facilities,1,Rate of injury cases per 100 full-time workers (Size class 0),1,Total recordable cases,831,"Local government, Nebraska",Industry-level data from the Survey of Occupational Injuries and Illnesses (SOII)
ISUEHS62300011831,2017,6.2,623000,Nursing and residential care facilities,1,Rate of injury cases per 100 full-time workers (Size class 0),1,Total recordable cases,831,"Local government, Nebraska",Industry-level data from the Survey of Occupational Injuries and Illnesses (SOII)
ISUEHS62300011831,2016,6.9,623000,Nursing and residential care facilities,1,Rate of injury cases per 100 full-time workers (Size class 0),1,Total recordable cases,831,"Local government, Nebraska",Industry-level data from the Survey of Occupational Injuries and Illnesses (SOII)
ISUEHS62300031131,2020,8.5,623000,Nursing and residential care facilities,3,Rate of injury and illness cases per 100 full-time workers (Size class 0),1,Total recordable cases,131,"Private industry, Nebraska",Industry-level data from the Survey of Occupational Injuries and Illnesses (SOII)
ISUEHS62300031131,2019,6.3,623000,Nursing and residential care facilities,3,Rate of injury and illness cases per 100 full-time workers (Size class 0),1,Total recordable cases,131,"Private industry, Nebraska",Industry-level data from the Survey of Occupational Injuries and Illnesses (SOII)
ISUEHS62300031131,2018,6.4,623000,Nursing and residential care facilities,3,Rate of injury and illness cases per 100 full-time workers (Size class 0),1,Total recordable cases,131,"Private industry, Nebraska",Industry-level data from the Survey of Occupational Injuries and Illnesses (SOII)
ISUEHS62300031131,2017,6.1,623000,Nursing and residential care facilities,3,Rate of injury and illness cases per 100 full-time workers (Size class 0),1,Total recordable cases,131,"Private industry, Nebraska",Industry-level data from the Survey of Occupational Injuries and Illnesses (SOII)
ISUEHS62300031131,2016,6.3,623000,Nursing and residential care facilities,3,Rate of injury and illness cases per 100 full-time workers (Size class 0),1,Total recordable cases,131,"Private industry, Nebraska",Industry-level data from the Survey of Occupational Injuries and Illnesses (SOII)
ISUEHS62300031831,2019,12.3,623000,Nursing and residential care facilities,3,Rate of injury and illness cases per 100 full-time workers (Size class 0),1,Total recordable cases,831,"Local government, Nebraska",Industry-level data from the Survey of Occupational Injuries and Illnesses (SOII)
ISUEHS62300031831,2017,6.2,623000,Nursing and residential care facilities,3,Rate of injury and illness cases per 100 full-time workers (Size class 0),1,Total recordable cases,831,"Local government, Nebraska",Industry-level data from the Survey of Occupational Injuries and Illnesses (SOII)
ISUEHS62300031831,2016,6.9,623000,Nursing and residential care facilities,3,Rate of injury and illness cases per 100 full-time workers (Size class 0),1,Total recordable cases,831,"Local government, Nebraska",Industry-level data from the Survey of Occupational Injuries and Illnesses (SOII)
ISUCON23730041131,2018,0,237300,"Highway, street, and bridge construction",4,Number of illness cases (thousands) (Size class 0),1,Total recordable cases,131,"Private industry, Nebraska",Industry-level data from the Survey of Occupational Injuries and Illnesses (SOII)
ISUCON23730041131,2017,0,237300,"Highway, street, and bridge construction",4,Number of illness cases (thousands) (Size class 0),1,Total recordable cases,131,"Private industry, Nebraska",Industry-level data from the Survey of Occupational Injuries and Illnesses (SOII)
ISUCON23730041131,2016,0,237300,"Highway, street, and bridge construction",4,Number of illness cases (thousands) (Size class 0),1,Total recordable cases,131,"Private industry, Nebraska",Industry-level data from the Survey of Occupational Injuries and Illnesses (SOII)
ISUCON23730051131,2020,0.1,237300,"Highway, street, and bridge construction",5,Number of injury cases (thousands) (Size class 0),1,Total recordable cases,131,"Private industry, Nebraska",Industry-level data from the Survey of Occupational Injuries and Illnesses (SOII)
ISUCON23730051131,2018,0.1,237300,"Highway, street, and bridge construction",5,Number of injury cases (thousands) (Size class 0),1,Total recordable cases,131,"Private industry, Nebraska",Industry-level data from the Survey of Occupational Injuries and Illnesses (SOII)
ISUCON23730051131,2017,0.1,237300,"Highway, street, and bridge construction",5,Number of injury cases (thousands) (Size class 0),1,Total recordable cases,131,"Private industry, Nebraska",Industry-level data from the Survey of Occupational Injuries and Illnesses (SOII)
ISUCON23730051131,2016,0.1,237300,"Highway, street, and bridge construction",5,Number of injury cases (thousands) (Size class 0),1,Total recordable cases,131,"Private industry, Nebraska",Industry-level data from the Survey of Occupational Injuries and Illnesses (SOII)
ISUCON23800001131,2020,-,238000,Specialty trade contractors,0,"Rate of illness cases per 10,000 full-time workers (Size class 0)",1,Total recordable cases,131,"Private industry, Nebraska",Industry-level data from the Survey of Occupational Injuries and Illnesses (SOII)
ISUCON23800001131,2018,6.4,238000,Specialty trade contractors,0,"Rate of illness cases per 10,000 full-time workers (Size class 0)",1,Total recordable cases,131,"Private industry, Nebraska",Industry-level data from the Survey of Occupational Injuries and Illnesses (SOII)
ISUCON23800011131,2020,2.9,238000,Specialty trade contractors,1,Rate of injury cases per 100 full-time workers (Size class 0),1,Total recordable cases,131,"Private industry, Nebraska",Industry-level data from the Survey of Occupational Injuries and Illnesses (SOII)
ISUCON23800011131,2019,4.1,238000,Specialty trade contractors,1,Rate of injury cases per 100 full-time workers (Size class 0),1,Total recordable cases,131,"Private industry, Nebraska",Industry-level data from the Survey of Occupational Injuries and Illnesses (SOII)
ISUCON23800011131,2018,3,238000,Specialty trade contractors,1,Rate of injury cases per 100 full-time workers (Size class 0),1,Total recordable cases,131,"Private industry, Nebraska",Industry-level data from the Survey of Occupational Injuries and Illnesses (SOII)
ISUCON23800011131,2017,2.8,238000,Specialty trade contractors,1,Rate of injury cases per 100 full-time workers (Size class 0),1,Total recordable cases,131,"Private industry, Nebraska",Industry-level data from the Survey of Occupational Injuries and Illnesses (SOII)
ISUCON23800011131,2016,3.6,238000,Specialty trade contractors,1,Rate of injury cases per 100 full-time workers (Size class 0),1,Total recordable cases,131,"Private industry, Nebraska",Industry-level data from the Survey of Occupational Injuries and Illnesses (SOII)
ISUCON23800031131,2020,2.9,238000,Specialty trade contractors,3,Rate of injury and illness cases per 100 full-time workers (Size class 0),1,Total recordable cases,131,"Private industry, Nebraska",Industry-level data from the Survey of Occupational Injuries and Illnesses (SOII)
ISUCON23800031131,2019,4.1,238000,Specialty trade contractors,3,Rate of injury and illness cases per 100 full-time workers (Size class 0),1,Total recordable cases,131,"Private industry, Nebraska",Industry-level data from the Survey of Occupational Injuries and Illnesses (SOII)
ISUCON23800031131,2018,3,238000,Specialty trade contractors,3,Rate of injury and illness cases per 100 full-time workers (Size class 0),1,Total recordable cases,131,"Private industry, Nebraska",Industry-level data from the Survey of Occupational Injuries and Illnesses (SOII)
ISUCON23800031131,2017,3,238000,Specialty trade contractors,3,Rate of injury and illness cases per 100 full-time workers (Size class 0),1,Total recordable cases,131,"Private industry, Nebraska",Industry-level data from the Survey of Occupational Injuries and Illnesses (SOII)
ISUCON23800031131,2016,3.6,238000,Specialty trade contractors,3,Rate of injury and illness cases per 100 full-time workers (Size class 0),1,Total recordable cases,131,"Private industry, Nebraska",Industry-level data from the Survey of Occupational Injuries and Illnesses (SOII)
ISUCON23800032131,2020,1.5,238000,Specialty trade contractors,3,Rate of injury and illness cases per 100 full-time workers (Size class 0),2,"Cases involving days away from work, job restriction, or transfer",131,"Private industry, Nebraska",Industry-level data from the Survey of Occupational Injuries and Illnesses (SOII)
ISUCON23800032131,2019,2.4,238000,Specialty trade contractors,3,Rate of injury and illness cases per 100 full-time workers (Size class 0),2,"Cases involving days away from work, job restriction, or transfer",131,"Private industry, Nebraska",Industry-level data from the Survey of Occupational Injuries and Illnesses (SOII)
ISUCON23800032131,2018,1.6,238000,Specialty trade contractors,3,Rate of injury and illness cases per 100 full-time workers (Size class 0),2,"Cases involving days away from work, job restriction, or transfer",131,"Private industry, Nebraska",Industry-level data from the Survey of Occupational Injuries and Illnesses (SOII)
ISUCON23800032131,2017,1.9,238000,Specialty trade contractors,3,Rate of injury and illness cases per 100 full-time workers (Size class 0),2,"Cases involving days away from work, job restriction, or transfer",131,"Private industry, Nebraska",Industry-level data from the Survey of Occupational Injuries and Illnesses (SOII)
ISUCON23800032131,2016,1.9,238000,Specialty trade contractors,3,Rate of injury and illness cases per 100 full-time workers (Size class 0),2,"Cases involving days away from work, job restriction, or transfer",131,"Private industry, Nebraska",Industry-level data from the Survey of Occupational Injuries and Illnesses (SOII)
ISUCON23800041131,2020,-,238000,Specialty trade contractors,4,Number of illness cases (thousands) (Size class 0),1,Total recordable cases,131,"Private industry, Nebraska",Industry-level data from the Survey of Occupational Injuries and Illnesses (SOII)
ISUCON23800041131,2018,0,238000,Specialty trade contractors,4,Number of illness cases (thousands) (Size class 0),1,Total recordable cases,131,"Private industry, Nebraska",Industry-level data from the Survey of Occupational Injuries and Illnesses (SOII)
ISUCON23800051131,2020,1,238000,Specialty trade contractors,5,Number of injury cases (thousands) (Size class 0),1,Total recordable cases,131,"Private industry, Nebraska",Industry-level data from the Survey of Occupational Injuries and Illnesses (SOII)
ISUCON23800051131,2019,1.4,238000,Specialty trade contractors,5,Number of injury cases (thousands) (Size class 0),1,Total recordable cases,131,"Private industry, Nebraska",Industry-level data from the Survey of Occupational Injuries and Illnesses (SOII)
ISUCON23800051131,2018,1,238000,Specialty trade contractors,5,Number of injury cases (thousands) (Size class 0),1,Total recordable cases,131,"Private industry, Nebraska",Industry-level data from the Survey of Occupational Injuries and Illnesses (SOII)
ISUCON23800051131,2017,0.9,238000,Specialty trade contractors,5,Number of injury cases (thousands) (Size class 0),1,Total recordable cases,131,"Private industry, Nebraska",Industry-level data from the Survey of Occupational Injuries and Illnesses (SOII)
ISUCON23800051131,2016,1.1,238000,Specialty trade contractors,5,Number of injury cases (thousands) (Size class 0),1,Total recordable cases,131,"Private industry, Nebraska",Industry-level data from the Survey of Occupational Injuries and Illnesses (SOII)
ISUCON23810001131,2019,-,238100,"Foundation, structure, and building exterior contractors",0,"Rate of illness cases per 10,000 full-time workers (Size class 0)",1,Total recordable cases,131,"Private industry, Nebraska",Industry-level data from the Survey of Occupational Injuries and Illnesses (SOII)
ISUCON23810001131,2016,-,238100,"Foundation, structure, and building exterior contractors",0,"Rate of illness cases per 10,000 full-time workers (Size class 0)",1,Total recordable cases,131,"Private industry, Nebraska",Industry-level data from the Survey of Occupational Injuries and Illnesses (SOII)
ISUCON23810011131,2020,3.8,238100,"Foundation, structure, and building exterior contractors",1,Rate of injury cases per 100 full-time workers (Size class 0),1,Total recordable cases,131,"Private industry, Nebraska",Industry-level data from the Survey of Occupational Injuries and Illnesses (SOII)
ISUCON23810011131,2019,4.8,238100,"Foundation, structure, and building exterior contractors",1,Rate of injury cases per 100 full-time workers (Size class 0),1,Total recordable cases,131,"Private industry, Nebraska",Industry-level data from the Survey of Occupational Injuries and Illnesses (SOII)
ISUCON23810011131,2018,4.1,238100,"Foundation, structure, and building exterior contractors",1,Rate of injury cases per 100 full-time workers (Size class 0),1,Total recordable cases,131,"Private industry, Nebraska",Industry-level data from the Survey of Occupational Injuries and Illnesses (SOII)
ISUCON23810011131,2016,3.7,238100,"Foundation, structure, and building exterior contractors",1,Rate of injury cases per 100 full-time workers (Size class 0),1,Total recordable cases,131,"Private industry, Nebraska",Industry-level data from the Survey of Occupational Injuries and Illnesses (SOII)
ISUCON23810031131,2020,3.8,238100,"Foundation, structure, and building exterior contractors",3,Rate of injury and illness cases per 100 full-time workers (Size class 0),1,Total recordable cases,131,"Private industry, Nebraska",Industry-level data from the Survey of Occupational Injuries and Illnesses (SOII)
ISUCON23810031131,2019,4.8,238100,"Foundation, structure, and building exterior contractors",3,Rate of injury and illness cases per 100 full-time workers (Size class 0),1,Total recordable cases,131,"Private industry, Nebraska",Industry-level data from the Survey of Occupational Injuries and Illnesses (SOII)
ISUCON23810031131,2018,4.2,238100,"Foundation, structure, and building exterior contractors",3,Rate of injury and illness cases per 100 full-time workers (Size class 0),1,Total recordable cases,131,"Private industry, Nebraska",Industry-level data from the Survey of Occupational Injuries and Illnesses (SOII)
ISUCON23810031131,2016,3.7,238100,"Foundation, structure, and building exterior contractors",3,Rate of injury and illness cases per 100 full-time workers (Size class 0),1,Total recordable cases,131,"Private industry, Nebraska",Industry-level data from the Survey of Occupational Injuries and Illnesses (SOII)
ISUCON23810032131,2020,2.3,238100,"Foundation, structure, and building exterior contractors",3,Rate of injury and illness cases per 100 full-time workers (Size class 0),2,"Cases involving days away from work, job restriction, or transfer",131,"Private industry, Nebraska",Industry-level data from the Survey of Occupational Injuries and Illnesses (SOII)
ISUCON23810032131,2019,3,238100,"Foundation, structure, and building exterior contractors",3,Rate of injury and illness cases per 100 full-time workers (Size class 0),2,"Cases involving days away from work, job restriction, or transfer",131,"Private industry, Nebraska",Industry-level data from the Survey of Occupational Injuries and Illnesses (SOII)
ISUCON23810032131,2018,2.6,238100,"Foundation, structure, and building exterior contractors",3,Rate of injury and illness cases per 100 full-time workers (Size class 0),2,"Cases involving days away from work, job restriction, or transfer",131,"Private industry, Nebraska",Industry-level data from the Survey of Occupational Injuries and Illnesses (SOII)
ISUCON23810032131,2016,2.4,238100,"Foundation, structure, and building exterior contractors",3,Rate of injury and illness cases per 100 full-time workers (Size class 0),2,"Cases involving days away from work, job restriction, or transfer",131,"Private industry, Nebraska",Industry-level data from the Survey of Occupational Injuries and Illnesses (SOII)
ISUCON23810041131,2019,0,238100,"Foundation, structure, and building exterior contractors",4,Number of illness cases (thousands) (Size class 0),1,Total recordable cases,131,"Private industry, Nebraska",Industry-level data from the Survey of Occupational Injuries and Illnesses (SOII)
ISUCON23810041131,2016,0,238100,"Foundation, structure, and building exterior contractors",4,Number of illness cases (thousands) (Size class 0),1,Total recordable cases,131,"Private industry, Nebraska",Industry-level data from the Survey of Occupational Injuries and Illnesses (SOII)
ISUCON23810051131,2020,0.3,238100,"Foundation, structure, and building exterior contractors",5,Number of injury cases (thousands) (Size class 0),1,Total recordable cases,131,"Private industry, Nebraska",Industry-level data from the Survey of Occupational Injuries and Illnesses (SOII)
ISUCON23810051131,2019,0.4,238100,"Foundation, structure, and building exterior contractors",5,Number of injury cases (thousands) (Size class 0),1,Total recordable cases,131,"Private industry, Nebraska",Industry-level data from the Survey of Occupational Injuries and Illnesses (SOII)
ISUCON23810051131,2018,0.3,238100,"Foundation, structure, and building exterior contractors",5,Number of injury cases (thousands) (Size class 0),1,Total recordable cases,131,"Private industry, Nebraska",Industry-level data from the Survey of Occupational Injuries and Illnesses (SOII)
ISUCON23810051131,2016,0.2,238100,"Foundation, structure, and building exterior contractors",5,Number of injury cases (thousands) (Size class 0),1,Total recordable cases,131,"Private industry, Nebraska",Industry-level data from the Survey of Occupational Injuries and Illnesses (SOII)
ISUCON23820001131,2019,-,238200,Building equipment contractors,0,"Rate of illness cases per 10,000 full-time workers (Size class 0)",1,Total recordable cases,131,"Private industry, Nebraska",Industry-level data from the Survey of Occupational Injuries and Illnesses (SOII)
ISUCON23820001131,2018,-,238200,Building equipment contractors,0,"Rate of illness cases per 10,000 full-time workers (Size class 0)",1,Total recordable cases,131,"Private industry, Nebraska",Industry-level data from the Survey of Occupational Injuries and Illnesses (SOII)
ISUCON23820011131,2020,2.3,238200,Building equipment contractors,1,Rate of injury cases per 100 full-time workers (Size class 0),1,Total recordable cases,131,"Private industry, Nebraska",Industry-level data from the Survey of Occupational Injuries and Illnesses (SOII)
ISUCON23820011131,2019,3.9,238200,Building equipment contractors,1,Rate of injury cases per 100 full-time workers (Size class 0),1,Total recordable cases,131,"Private industry, Nebraska",Industry-level data from the Survey of Occupational Injuries and Illnesses (SOII)
ISUCON23820011131,2018,2.9,238200,Building equipment contractors,1,Rate of injury cases per 100 full-time workers (Size class 0),1,Total recordable cases,131,"Private industry, Nebraska",Industry-level data from the Survey of Occupational Injuries and Illnesses (SOII)
ISUCON23820011131,2017,3.2,238200,Building equipment contractors,1,Rate of injury cases per 100 full-time workers (Size class 0),1,Total recordable cases,131,"Private industry, Nebraska",Industry-level data from the Survey of Occupational Injuries and Illnesses (SOII)
ISUCON23820011131,2016,3.7,238200,Building equipment contractors,1,Rate of injury cases per 100 full-time workers (Size class 0),1,Total recordable cases,131,"Private industry, Nebraska",Industry-level data from the Survey of Occupational Injuries and Illnesses (SOII)
ISUCON23820031131,2020,2.4,238200,Building equipment contractors,3,Rate of injury and illness cases per 100 full-time workers (Size class 0),1,Total recordable cases,131,"Private industry, Nebraska",Industry-level data from the Survey of Occupational Injuries and Illnesses (SOII)
ISUCON23820031131,2019,3.9,238200,Building equipment contractors,3,Rate of injury and illness cases per 100 full-time workers (Size class 0),1,Total recordable cases,131,"Private industry, Nebraska",Industry-level data from the Survey of Occupational Injuries and Illnesses (SOII)
ISUCON23820031131,2018,3,238200,Building equipment contractors,3,Rate of injury and illness cases per 100 full-time workers (Size class 0),1,Total recordable cases,131,"Private industry, Nebraska",Industry-level data from the Survey of Occupational Injuries and Illnesses (SOII)
ISUCON23820031131,2017,3.6,238200,Building equipment contractors,3,Rate of injury and illness cases per 100 full-time workers (Size class 0),1,Total recordable cases,131,"Private industry, Nebraska",Industry-level data from the Survey of Occupational Injuries and Illnesses (SOII)
ISUCON23820031131,2016,3.8,238200,Building equipment contractors,3,Rate of injury and illness cases per 100 full-time workers (Size class 0),1,Total recordable cases,131,"Private industry, Nebraska",Industry-level data from the Survey of Occupational Injuries and Illnesses (SOII)
ISUCON23820032131,2020,1.1,238200,Building equipment contractors,3,Rate of injury and illness cases per 100 full-time workers (Size class 0),2,"Cases involving days away from work, job restriction, or transfer",131,"Private industry, Nebraska",Industry-level data from the Survey of Occupational Injuries and Illnesses (SOII)
ISUCON23820032131,2019,1.8,238200,Building equipment contractors,3,Rate of injury and illness cases per 100 full-time workers (Size class 0),2,"Cases involving days away from work, job restriction, or transfer",131,"Private industry, Nebraska",Industry-level data from the Survey of Occupational Injuries and Illnesses (SOII)
ISUCON23820032131,2018,1.4,238200,Building equipment contractors,3,Rate of injury and illness cases per 100 full-time workers (Size class 0),2,"Cases involving days away from work, job restriction, or transfer",131,"Private industry, Nebraska",Industry-level data from the Survey of Occupational Injuries and Illnesses (SOII)
ISUCON23820032131,2017,1.9,238200,Building equipment contractors,3,Rate of injury and illness cases per 100 full-time workers (Size class 0),2,"Cases involving days away from work, job restriction, or transfer",131,"Private industry, Nebraska",Industry-level data from the Survey of Occupational Injuries and Illnesses (SOII)
ISUCON23820032131,2016,1.9,238200,Building equipment contractors,3,Rate of injury and illness cases per 100 full-time workers (Size class 0),2,"Cases involving days away from work, job restriction, or transfer",131,"Private industry, Nebraska",Industry-level data from the Survey of Occupational Injuries and Illnesses (SOII)
ISUCON23820041131,2019,0,238200,Building equipment contractors,4,Number of illness cases (thousands) (Size class 0),1,Total recordable cases,131,"Private industry, Nebraska",Industry-level data from the Survey of Occupational Injuries and Illnesses (SOII)
ISUCON23820041131,2018,0,238200,Building equipment contractors,4,Number of illness cases (thousands) (Size class 0),1,Total recordable cases,131,"Private industry, Nebraska",Industry-level data from the Survey of Occupational Injuries and Illnesses (SOII)
ISUCON23820051131,2020,0.4,238200,Building equipment contractors,5,Number of injury cases (thousands) (Size class 0),1,Total recordable cases,131,"Private industry, Nebraska",Industry-level data from the Survey of Occupational Injuries and Illnesses (SOII)
ISUCON23820051131,2019,0.7,238200,Building equipment contractors,5,Number of injury cases (thousands) (Size class 0),1,Total recordable cases,131,"Private industry, Nebraska",Industry-level data from the Survey of Occupational Injuries and Illnesses (SOII)
ISUCON23820051131,2018,0.5,238200,Building equipment contractors,5,Number of injury cases (thousands) (Size class 0),1,Total recordable cases,131,"Private industry, Nebraska",Industry-level data from the Survey of Occupational Injuries and Illnesses (SOII)
ISUCON23820051131,2017,0.5,238200,Building equipment contractors,5,Number of injury cases (thousands) (Size class 0),1,Total recordable cases,131,"Private industry, Nebraska",Industry-level data from the Survey of Occupational Injuries and Illnesses (SOII)
ISUCON23820051131,2016,0.6,238200,Building equipment contractors,5,Number of injury cases (thousands) (Size class 0),1,Total recordable cases,131,"Private industry, Nebraska",Industry-level data from the Survey of Occupational Injuries and Illnesses (SOII)
ISUCON23821001131,2019,-,238210,Electrical contractors and other wiring installation contractors,0,"Rate of illness cases per 10,000 full-time workers (Size class 0)",1,Total recordable cases,131,"Private industry, Nebraska",Industry-level data from the Survey of Occupational Injuries and Illnesses (SOII)
ISUCON23821001131,2016,-,238210,Electrical contractors and other wiring installation contractors,0,"Rate of illness cases per 10,000 full-time workers (Size class 0)",1,Total recordable cases,131,"Private industry, Nebraska",Industry-level data from the Survey of Occupational Injuries and Illnesses (SOII)
ISUCON23821011131,2020,1.1,238210,Electrical contractors and other wiring installation contractors,1,Rate of injury cases per 100 full-time workers (Size class 0),1,Total recordable cases,131,"Private industry, Nebraska",Industry-level data from the Survey of Occupational Injuries and Illnesses (SOII)
ISUCON23821011131,2019,3.4,238210,Electrical contractors and other wiring installation contractors,1,Rate of injury cases per 100 full-time workers (Size class 0),1,Total recordable cases,131,"Private industry, Nebraska",Industry-level data from the Survey of Occupational Injuries and Illnesses (SOII)
ISUCON23821011131,2018,1.4,238210,Electrical contractors and other wiring installation contractors,1,Rate of injury cases per 100 full-time workers (Size class 0),1,Total recordable cases,131,"Private industry, Nebraska",Industry-level data from the Survey of Occupational Injuries and Illnesses (SOII)
ISUCON23821011131,2016,1.7,238210,Electrical contractors and other wiring installation contractors,1,Rate of injury cases per 100 full-time workers (Size class 0),1,Total recordable cases,131,"Private industry, Nebraska",Industry-level data from the Survey of Occupational Injuries and Illnesses (SOII)
ISUCON23821031131,2020,1.1,238210,Electrical contractors and other wiring installation contractors,3,Rate of injury and illness cases per 100 full-time workers (Size class 0),1,Total recordable cases,131,"Private industry, Nebraska",Industry-level data from the Survey of Occupational Injuries and Illnesses (SOII)
ISUCON23821031131,2019,3.4,238210,Electrical contractors and other wiring installation contractors,3,Rate of injury and illness cases per 100 full-time workers (Size class 0),1,Total recordable cases,131,"Private industry, Nebraska",Industry-level data from the Survey of Occupational Injuries and Illnesses (SOII)
ISUCON23821031131,2018,1.4,238210,Electrical contractors and other wiring installation contractors,3,Rate of injury and illness cases per 100 full-time workers (Size class 0),1,Total recordable cases,131,"Private industry, Nebraska",Industry-level data from the Survey of Occupational Injuries and Illnesses (SOII)
ISUCON23821031131,2016,1.7,238210,Electrical contractors and other wiring installation contractors,3,Rate of injury and illness cases per 100 full-time workers (Size class 0),1,Total recordable cases,131,"Private industry, Nebraska",Industry-level data from the Survey of Occupational Injuries and Illnesses (SOII)
ISUCON23821032131,2020,0.6,238210,Electrical contractors and other wiring installation contractors,3,Rate of injury and illness cases per 100 full-time workers (Size class 0),2,"Cases involving days away from work, job restriction, or transfer",131,"Private industry, Nebraska",Industry-level data from the Survey of Occupational Injuries and Illnesses (SOII)
ISUCON23821032131,2019,1.3,238210,Electrical contractors and other wiring installation contractors,3,Rate of injury and illness cases per 100 full-time workers (Size class 0),2,"Cases involving days away from work, job restriction, or transfer",131,"Private industry, Nebraska",Industry-level data from the Survey of Occupational Injuries and Illnesses (SOII)
ISUCON23821032131,2018,0.8,238210,Electrical contractors and other wiring installation contractors,3,Rate of injury and illness cases per 100 full-time workers (Size class 0),2,"Cases involving days away from work, job restriction, or transfer",131,"Private industry, Nebraska",Industry-level data from the Survey of Occupational Injuries and Illnesses (SOII)
ISUCON23821032131,2016,0.8,238210,Electrical contractors and other wiring installation contractors,3,Rate of injury and illness cases per 100 full-time workers (Size class 0),2,"Cases involving days away from work, job restriction, or transfer",131,"Private industry, Nebraska",Industry-level data from the Survey of Occupational Injuries and Illnesses (SOII)
ISUCON23821041131,2019,0,238210,Electrical contractors and other wiring installation contractors,4,Number of illness cases (thousands) (Size class 0),1,Total recordable cases,131,"Private industry, Nebraska",Industry-level data from the Survey of Occupational Injuries and Illnesses (SOII)
ISUCON23821041131,2016,0,238210,Electrical contractors and other wiring installation contractors,4,Number of illness cases (thousands) (Size class 0),1,Total recordable cases,131,"Private industry, Nebraska",Industry-level data from the Survey of Occupational Injuries and Illnesses (SOII)
ISUCON23821051131,2020,0.1,238210,Electrical contractors and other wiring installation contractors,5,Number of injury cases (thousands) (Size class 0),1,Total recordable cases,131,"Private industry, Nebraska",Industry-level data from the Survey of Occupational Injuries and Illnesses (SOII)
ISUCON23821051131,2019,0.2,238210,Electrical contractors and other wiring installation contractors,5,Number of injury cases (thousands) (Size class 0),1,Total recordable cases,131,"Private industry, Nebraska",Industry-level data from the Survey of Occupational Injuries and Illnesses (SOII)
ISUCON23821051131,2018,0.1,238210,Electrical contractors and other wiring installation contractors,5,Number of injury cases (thousands) (Size class 0),1,Total recordable cases,131,"Private industry, Nebraska",Industry-level data from the Survey of Occupational Injuries and Illnesses (SOII)
ISUCON23821051131,2016,0.1,238210,Electrical contractors and other wiring installation contractors,5,Number of injury cases (thousands) (Size class 0),1,Total recordable cases,131,"Private industry, Nebraska",Industry-level data from the Survey of Occupational Injuries and Illnesses (SOII)
ISUCON23822001131,2019,-,238220,"Plumbing, heating, and air-conditioning contractors",0,"Rate of illness cases per 10,000 full-time workers (Size class 0)",1,Total recordable cases,131,"Private industry, Nebraska",Industry-level data from the Survey of Occupational Injuries and Illnesses (SOII)
ISUCON23822001131,2018,-,238220,"Plumbing, heating, and air-conditioning contractors",0,"Rate of illness cases per 10,000 full-time workers (Size class 0)",1,Total recordable cases,131,"Private industry, Nebraska",Industry-level data from the Survey of Occupational Injuries and Illnesses (SOII)
ISUCON23822011131,2020,3.4,238220,"Plumbing, heating, and air-conditioning contractors",1,Rate of injury cases per 100 full-time workers (Size class 0),1,Total recordable cases,131,"Private industry, Nebraska",Industry-level data from the Survey of Occupational Injuries and Illnesses (SOII)
ISUCON23822011131,2019,4.3,238220,"Plumbing, heating, and air-conditioning contractors",1,Rate of injury cases per 100 full-time workers (Size class 0),1,Total recordable cases,131,"Private industry, Nebraska",Industry-level data from the Survey of Occupational Injuries and Illnesses (SOII)
ISUCON23822011131,2018,4.1,238220,"Plumbing, heating, and air-conditioning contractors",1,Rate of injury cases per 100 full-time workers (Size class 0),1,Total recordable cases,131,"Private industry, Nebraska",Industry-level data from the Survey of Occupational Injuries and Illnesses (SOII)
ISUCON23822011131,2017,3.8,238220,"Plumbing, heating, and air-conditioning contractors",1,Rate of injury cases per 100 full-time workers (Size class 0),1,Total recordable cases,131,"Private industry, Nebraska",Industry-level data from the Survey of Occupational Injuries and Illnesses (SOII)
ISUCON23822011131,2016,5.4,238220,"Plumbing, heating, and air-conditioning contractors",1,Rate of injury cases per 100 full-time workers (Size class 0),1,Total recordable cases,131,"Private industry, Nebraska",Industry-level data from the Survey of Occupational Injuries and Illnesses (SOII)
ISUCON23822031131,2020,3.5,238220,"Plumbing, heating, and air-conditioning contractors",3,Rate of injury and illness cases per 100 full-time workers (Size class 0),1,Total recordable cases,131,"Private industry, Nebraska",Industry-level data from the Survey of Occupational Injuries and Illnesses (SOII)
ISUCON23822031131,2019,4.4,238220,"Plumbing, heating, and air-conditioning contractors",3,Rate of injury and illness cases per 100 full-time workers (Size class 0),1,Total recordable cases,131,"Private industry, Nebraska",Industry-level data from the Survey of Occupational Injuries and Illnesses (SOII)
ISUCON23822031131,2018,4.2,238220,"Plumbing, heating, and air-conditioning contractors",3,Rate of injury and illness cases per 100 full-time workers (Size class 0),1,Total recordable cases,131,"Private industry, Nebraska",Industry-level data from the Survey of Occupational Injuries and Illnesses (SOII)
ISUCON23822031131,2017,4.4,238220,"Plumbing, heating, and air-conditioning contractors",3,Rate of injury and illness cases per 100 full-time workers (Size class 0),1,Total recordable cases,131,"Private industry, Nebraska",Industry-level data from the Survey of Occupational Injuries and Illnesses (SOII)
ISUCON23822031131,2016,5.7,238220,"Plumbing, heating, and air-conditioning contractors",3,Rate of injury and illness cases per 100 full-time workers (Size class 0),1,Total recordable cases,131,"Private industry, Nebraska",Industry-level data from the Survey of Occupational Injuries and Illnesses (SOII)
ISUCON23822032131,2020,1.5,238220,"Plumbing, heating, and air-conditioning contractors",3,Rate of injury and illness cases per 100 full-time workers (Size class 0),2,"Cases involving days away from work, job restriction, or transfer",131,"Private industry, Nebraska",Industry-level data from the Survey of Occupational Injuries and Illnesses (SOII)
ISUCON23822032131,2019,2.2,238220,"Plumbing, heating, and air-conditioning contractors",3,Rate of injury and illness cases per 100 full-time workers (Size class 0),2,"Cases involving days away from work, job restriction, or transfer",131,"Private industry, Nebraska",Industry-level data from the Survey of Occupational Injuries and Illnesses (SOII)
ISUCON23822032131,2018,1.8,238220,"Plumbing, heating, and air-conditioning contractors",3,Rate of injury and illness cases per 100 full-time workers (Size class 0),2,"Cases involving days away from work, job restriction, or transfer",131,"Private industry, Nebraska",Industry-level data from the Survey of Occupational Injuries and Illnesses (SOII)
ISUCON23822032131,2017,2.9,238220,"Plumbing, heating, and air-conditioning contractors",3,Rate of injury and illness cases per 100 full-time workers (Size class 0),2,"Cases involving days away from work, job restriction, or transfer",131,"Private industry, Nebraska",Industry-level data from the Survey of Occupational Injuries and Illnesses (SOII)
ISUCON23822032131,2016,2.8,238220,"Plumbing, heating, and air-conditioning contractors",3,Rate of injury and illness cases per 100 full-time workers (Size class 0),2,"Cases involving days away from work, job restriction, or transfer",131,"Private industry, Nebraska",Industry-level data from the Survey of Occupational Injuries and Illnesses (SOII)
ISUCON23822041131,2019,0,238220,"Plumbing, heating, and air-conditioning contractors",4,Number of illness cases (thousands) (Size class 0),1,Total recordable cases,131,"Private industry, Nebraska",Industry-level data from the Survey of Occupational Injuries and Illnesses (SOII)
ISUCON23822041131,2018,0,238220,"Plumbing, heating, and air-conditioning contractors",4,Number of illness cases (thousands) (Size class 0),1,Total recordable cases,131,"Private industry, Nebraska",Industry-level data from the Survey of Occupational Injuries and Illnesses (SOII)
ISUCON23822051131,2020,0.3,238220,"Plumbing, heating, and air-conditioning contractors",5,Number of injury cases (thousands) (Size class 0),1,Total recordable cases,131,"Private industry, Nebraska",Industry-level data from the Survey of Occupational Injuries and Illnesses (SOII)
ISUCON23822051131,2019,0.4,238220,"Plumbing, heating, and air-conditioning contractors",5,Number of injury cases (thousands) (Size class 0),1,Total recordable cases,131,"Private industry, Nebraska",Industry-level data from the Survey of Occupational Injuries and Illnesses (SOII)
ISUCON23822051131,2018,0.3,238220,"Plumbing, heating, and air-conditioning contractors",5,Number of injury cases (thousands) (Size class 0),1,Total recordable cases,131,"Private industry, Nebraska",Industry-level data from the Survey of Occupational Injuries and Illnesses (SOII)
ISUCON23822051131,2017,0.3,238220,"Plumbing, heating, and air-conditioning contractors",5,Number of injury cases (thousands) (Size class 0),1,Total recordable cases,131,"Private industry, Nebraska",Industry-level data from the Survey of Occupational Injuries and Illnesses (SOII)
ISUCON23822051131,2016,0.5,238220,"Plumbing, heating, and air-conditioning contractors",5,Number of injury cases (thousands) (Size class 0),1,Total recordable cases,131,"Private industry, Nebraska",Industry-level data from the Survey of Occupational Injuries and Illnesses (SOII)
ISUCON23830001131,2018,-,238300,Building finishing contractors,0,"Rate of illness cases per 10,000 full-time workers (Size class 0)",1,Total recordable cases,131,"Private industry, Nebraska",Industry-level data from the Survey of Occupational Injuries and Illnesses (SOII)
ISUCON23830001131,2016,-,238300,Building finishing contractors,0,"Rate of illness cases per 10,000 full-time workers (Size class 0)",1,Total recordable cases,131,"Private industry, Nebraska",Industry-level data from the Survey of Occupational Injuries and Illnesses (SOII)
ISUCON23830011131,2018,1.7,238300,Building finishing contractors,1,Rate of injury cases per 100 full-time workers (Size class 0),1,Total recordable cases,131,"Private industry, Nebraska",Industry-level data from the Survey of Occupational Injuries and Illnesses (SOII)
ISUCON23830011131,2016,2.8,238300,Building finishing contractors,1,Rate of injury cases per 100 full-time workers (Size class 0),1,Total recordable cases,131,"Private industry, Nebraska",Industry-level data from the Survey of Occupational Injuries and Illnesses (SOII)
ISUCON23830031131,2018,1.8,238300,Building finishing contractors,3,Rate of injury and illness cases per 100 full-time workers (Size class 0),1,Total recordable cases,131,"Private industry, Nebraska",Industry-level data from the Survey of Occupational Injuries and Illnesses (SOII)
ISUCON23830031131,2016,2.8,238300,Building finishing contractors,3,Rate of injury and illness cases per 100 full-time workers (Size class 0),1,Total recordable cases,131,"Private industry, Nebraska",Industry-level data from the Survey of Occupational Injuries and Illnesses (SOII)
ISUCON23830032131,2018,1,238300,Building finishing contractors,3,Rate of injury and illness cases per 100 full-time workers (Size class 0),2,"Cases involving days away from work, job restriction, or transfer",131,"Private industry, Nebraska",Industry-level data from the Survey of Occupational Injuries and Illnesses (SOII)
ISUCON23830032131,2016,1.4,238300,Building finishing contractors,3,Rate of injury and illness cases per 100 full-time workers (Size class 0),2,"Cases involving days away from work, job restriction, or transfer",131,"Private industry, Nebraska",Industry-level data from the Survey of Occupational Injuries and Illnesses (SOII)
ISUCON23830041131,2018,0,238300,Building finishing contractors,4,Number of illness cases (thousands) (Size class 0),1,Total recordable cases,131,"Private industry, Nebraska",Industry-level data from the Survey of Occupational Injuries and Illnesses (SOII)
ISUCON23830041131,2016,0,238300,Building finishing contractors,4,Number of illness cases (thousands) (Size class 0),1,Total recordable cases,131,"Private industry, Nebraska",Industry-level data from the Survey of Occupational Injuries and Illnesses (SOII)
ISUCON23830051131,2018,0.1,238300,Building finishing contractors,5,Number of injury cases (thousands) (Size class 0),1,Total recordable cases,131,"Private industry, Nebraska",Industry-level data from the Survey of Occupational Injuries and Illnesses (SOII)
ISUCON23830051131,2016,0.2,238300,Building finishing contractors,5,Number of injury cases (thousands) (Size class 0),1,Total recordable cases,131,"Private industry, Nebraska",Industry-level data from the Survey of Occupational Injuries and Illnesses (SOII)
ISUCONGP1CON01131,2020,3.8,GP1CON,Construction,0,"Rate of illness cases per 10,000 full-time workers (Size class 0)",1,Total recordable cases,131,"Private industry, Nebraska",Industry-level data from the Survey of Occupational Injuries and Illnesses (SOII)
ISUCONGP1CON01131,2019,6.4,GP1CON,Construction,0,"Rate of illness cases per 10,000 full-time workers (Size class 0)",1,Total recordable cases,131,"Private industry, Nebraska",Industry-level data from the Survey of Occupational Injuries and Illnesses (SOII)
ISUCONGP1CON01131,2018,5,GP1CON,Construction,0,"Rate of illness cases per 10,000 full-time workers (Size class 0)",1,Total recordable cases,131,"Private industry, Nebraska",Industry-level data from the Survey of Occupational Injuries and Illnesses (SOII)
ISUCONGP1CON01131,2016,8.4,GP1CON,Construction,0,"Rate of illness cases per 10,000 full-time workers (Size class 0)",1,Total recordable cases,131,"Private industry, Nebraska",Industry-level data from the Survey of Occupational Injuries and Illnesses (SOII)
ISUCONGP1CON11131,2020,2.7,GP1CON,Construction,1,Rate of injury cases per 100 full-time workers (Size class 0),1,Total recordable cases,131,"Private industry, Nebraska",Industry-level data from the Survey of Occupational Injuries and Illnesses (SOII)
ISUCONGP1CON11131,2019,3.7,GP1CON,Construction,1,Rate of injury cases per 100 full-time workers (Size class 0),1,Total recordable cases,131,"Private industry, Nebraska",Industry-level data from the Survey of Occupational Injuries and Illnesses (SOII)
ISUCONGP1CON11131,2018,3.5,GP1CON,Construction,1,Rate of injury cases per 100 full-time workers (Size class 0),1,Total recordable cases,131,"Private industry, Nebraska",Industry-level data from the Survey of Occupational Injuries and Illnesses (SOII)
ISUCONGP1CON11131,2017,2.8,GP1CON,Construction,1,Rate of injury cases per 100 full-time workers (Size class 0),1,Total recordable cases,131,"Private industry, Nebraska",Industry-level data from the Survey of Occupational Injuries and Illnesses (SOII)
ISUCONGP1CON11131,2016,3.5,GP1CON,Construction,1,Rate of injury cases per 100 full-time workers (Size class 0),1,Total recordable cases,131,"Private industry, Nebraska",Industry-level data from the Survey of Occupational Injuries and Illnesses (SOII)
ISUCONGP1CON31131,2020,2.7,GP1CON,Construction,3,Rate of injury and illness cases per 100 full-time workers (Size class 0),1,Total recordable cases,131,"Private industry, Nebraska",Industry-level data from the Survey of Occupational Injuries and Illnesses (SOII)
ISUCONGP1CON31131,2019,3.8,GP1CON,Construction,3,Rate of injury and illness cases per 100 full-time workers (Size class 0),1,Total recordable cases,131,"Private industry, Nebraska",Industry-level data from the Survey of Occupational Injuries and Illnesses (SOII)
ISUCONGP1CON31131,2018,3.5,GP1CON,Construction,3,Rate of injury and illness cases per 100 full-time workers (Size class 0),1,Total recordable cases,131,"Private industry, Nebraska",Industry-level data from the Survey of Occupational Injuries and Illnesses (SOII)
ISUCONGP1CON31131,2017,2.9,GP1CON,Construction,3,Rate of injury and illness cases per 100 full-time workers (Size class 0),1,Total recordable cases,131,"Private industry, Nebraska",Industry-level data from the Survey of Occupational Injuries and Illnesses (SOII)
ISUCONGP1CON31131,2016,3.5,GP1CON,Construction,3,Rate of injury and illness cases per 100 full-time workers (Size class 0),1,Total recordable cases,131,"Private industry, Nebraska",Industry-level data from the Survey of Occupational Injuries and Illnesses (SOII)
ISUCONGP1CON32131,2020,1.5,GP1CON,Construction,3,Rate of injury and illness cases per 100 full-time workers (Size class 0),2,"Cases involving days away from work, job restriction, or transfer",131,"Private industry, Nebraska",Industry-level data from the Survey of Occupational Injuries and Illnesses (SOII)
ISUCONGP1CON32131,2019,2.3,GP1CON,Construction,3,Rate of injury and illness cases per 100 full-time workers (Size class 0),2,"Cases involving days away from work, job restriction, or transfer",131,"Private industry, Nebraska",Industry-level data from the Survey of Occupational Injuries and Illnesses (SOII)
ISUCONGP1CON32131,2018,1.8,GP1CON,Construction,3,Rate of injury and illness cases per 100 full-time workers (Size class 0),2,"Cases involving days away from work, job restriction, or transfer",131,"Private industry, Nebraska",Industry-level data from the Survey of Occupational Injuries and Illnesses (SOII)
ISUCONGP1CON32131,2017,1.7,GP1CON,Construction,3,Rate of injury and illness cases per 100 full-time workers (Size class 0),2,"Cases involving days away from work, job restriction, or transfer",131,"Private industry, Nebraska",Industry-level data from the Survey of Occupational Injuries and Illnesses (SOII)
ISUCONGP1CON32131,2016,1.7,GP1CON,Construction,3,Rate of injury and illness cases per 100 full-time workers (Size class 0),2,"Cases involving days away from work, job restriction, or transfer",131,"Private industry, Nebraska",Industry-level data from the Survey of Occupational Injuries and Illnesses (SOII)
ISUCONGP1CON41131,2020,0,GP1CON,Construction,4,Number of illness cases (thousands) (Size class 0),1,Total recordable cases,131,"Private industry, Nebraska",Industry-level data from the Survey of Occupational Injuries and Illnesses (SOII)
ISUCONGP1CON41131,2019,0,GP1CON,Construction,4,Number of illness cases (thousands) (Size class 0),1,Total recordable cases,131,"Private industry, Nebraska",Industry-level data from the Survey of Occupational Injuries and Illnesses (SOII)
ISUCONGP1CON41131,2018,0,GP1CON,Construction,4,Number of illness cases (thousands) (Size class 0),1,Total recordable cases,131,"Private industry, Nebraska",Industry-level data from the Survey of Occupational Injuries and Illnesses (SOII)
ISUCONGP1CON41131,2016,0,GP1CON,Construction,4,Number of illness cases (thousands) (Size class 0),1,Total recordable cases,131,"Private industry, Nebraska",Industry-level data from the Survey of Occupational Injuries and Illnesses (SOII)
ISUCONGP1CON51131,2020,1.4,GP1CON,Construction,5,Number of injury cases (thousands) (Size class 0),1,Total recordable cases,131,"Private industry, Nebraska",Industry-level data from the Survey of Occupational Injuries and Illnesses (SOII)
ISUCONGP1CON51131,2019,1.9,GP1CON,Construction,5,Number of injury cases (thousands) (Size class 0),1,Total recordable cases,131,"Private industry, Nebraska",Industry-level data from the Survey of Occupational Injuries and Illnesses (SOII)
ISUCONGP1CON51131,2018,1.8,GP1CON,Construction,5,Number of injury cases (thousands) (Size class 0),1,Total recordable cases,131,"Private industry, Nebraska",Industry-level data from the Survey of Occupational Injuries and Illnesses (SOII)
ISUCONGP1CON51131,2017,1.4,GP1CON,Construction,5,Number of injury cases (thousands) (Size class 0),1,Total recordable cases,131,"Private industry, Nebraska",Industry-level data from the Survey of Occupational Injuries and Illnesses (SOII)
ISUCONGP1CON51131,2016,1.7,GP1CON,Construction,5,Number of injury cases (thousands) (Size class 0),1,Total recordable cases,131,"Private industry, Nebraska",Industry-level data from the Survey of Occupational Injuries and Illnesses (SOII)
ISUCONGP2CON01131,2020,3.8,GP2CON,Construction,0,"Rate of illness cases per 10,000 full-time workers (Size class 0)",1,Total recordable cases,131,"Private industry, Nebraska",Industry-level data from the Survey of Occupational Injuries and Illnesses (SOII)
ISUCONGP2CON01131,2019,6.4,GP2CON,Construction,0,"Rate of illness cases per 10,000 full-time workers (Size class 0)",1,Total recordable cases,131,"Private industry, Nebraska",Industry-level data from the Survey of Occupational Injuries and Illnesses (SOII)
ISUCONGP2CON01131,2018,5,GP2CON,Construction,0,"Rate of illness cases per 10,000 full-time workers (Size class 0)",1,Total recordable cases,131,"Private industry, Nebraska",Industry-level data from the Survey of Occupational Injuries and Illnesses (SOII)
ISUCONGP2CON01131,2016,8.4,GP2CON,Construction,0,"Rate of illness cases per 10,000 full-time workers (Size class 0)",1,Total recordable cases,131,"Private industry, Nebraska",Industry-level data from the Survey of Occupational Injuries and Illnesses (SOII)
ISUCONGP2CON11131,2020,2.7,GP2CON,Construction,1,Rate of injury cases per 100 full-time workers (Size class 0),1,Total recordable cases,131,"Private industry, Nebraska",Industry-level data from the Survey of Occupational Injuries and Illnesses (SOII)
ISUCONGP2CON11131,2019,3.7,GP2CON,Construction,1,Rate of injury cases per 100 full-time workers (Size class 0),1,Total recordable cases,131,"Private industry, Nebraska",Industry-level data from the Survey of Occupational Injuries and Illnesses (SOII)
ISUCONGP2CON11131,2018,3.5,GP2CON,Construction,1,Rate of injury cases per 100 full-time workers (Size class 0),1,Total recordable cases,131,"Private industry, Nebraska",Industry-level data from the Survey of Occupational Injuries and Illnesses (SOII)
ISUCONGP2CON11131,2017,2.8,GP2CON,Construction,1,Rate of injury cases per 100 full-time workers (Size class 0),1,Total recordable cases,131,"Private industry, Nebraska",Industry-level data from the Survey of Occupational Injuries and Illnesses (SOII)
ISUCONGP2CON11131,2016,3.5,GP2CON,Construction,1,Rate of injury cases per 100 full-time workers (Size class 0),1,Total recordable cases,131,"Private industry, Nebraska",Industry-level data from the Survey of Occupational Injuries and Illnesses (SOII)
ISUCONGP2CON31131,2020,2.7,GP2CON,Construction,3,Rate of injury and illness cases per 100 full-time workers (Size class 0),1,Total recordable cases,131,"Private industry, Nebraska",Industry-level data from the Survey of Occupational Injuries and Illnesses (SOII)
ISUCONGP2CON31131,2019,3.8,GP2CON,Construction,3,Rate of injury and illness cases per 100 full-time workers (Size class 0),1,Total recordable cases,131,"Private industry, Nebraska",Industry-level data from the Survey of Occupational Injuries and Illnesses (SOII)
ISUCONGP2CON31131,2018,3.5,GP2CON,Construction,3,Rate of injury and illness cases per 100 full-time workers (Size class 0),1,Total recordable cases,131,"Private industry, Nebraska",Industry-level data from the Survey of Occupational Injuries and Illnesses (SOII)
ISUCONGP2CON31131,2017,2.9,GP2CON,Construction,3,Rate of injury and illness cases per 100 full-time workers (Size class 0),1,Total recordable cases,131,"Private industry, Nebraska",Industry-level data from the Survey of Occupational Injuries and Illnesses (SOII)
ISUCONGP2CON31131,2016,3.5,GP2CON,Construction,3,Rate of injury and illness cases per 100 full-time workers (Size class 0),1,Total recordable cases,131,"Private industry, Nebraska",Industry-level data from the Survey of Occupational Injuries and Illnesses (SOII)
ISUCONGP2CON32131,2020,1.5,GP2CON,Construction,3,Rate of injury and illness cases per 100 full-time workers (Size class 0),2,"Cases involving days away from work, job restriction, or transfer",131,"Private industry, Nebraska",Industry-level data from the Survey of Occupational Injuries and Illnesses (SOII)
ISUCONGP2CON32131,2019,2.3,GP2CON,Construction,3,Rate of injury and illness cases per 100 full-time workers (Size class 0),2,"Cases involving days away from work, job restriction, or transfer",131,"Private industry, Nebraska",Industry-level data from the Survey of Occupational Injuries and Illnesses (SOII)
ISUCONGP2CON32131,2018,1.8,GP2CON,Construction,3,Rate of injury and illness cases per 100 full-time workers (Size class 0),2,"Cases involving days away from work, job restriction, or transfer",131,"Private industry, Nebraska",Industry-level data from the Survey of Occupational Injuries and Illnesses (SOII)
ISUCONGP2CON32131,2017,1.7,GP2CON,Construction,3,Rate of injury and illness cases per 100 full-time workers (Size class 0),2,"Cases involving days away from work, job restriction, or transfer",131,"Private industry, Nebraska",Industry-level data from the Survey of Occupational Injuries and Illnesses (SOII)
ISUCONGP2CON32131,2016,1.7,GP2CON,Construction,3,Rate of injury and illness cases per 100 full-time workers (Size class 0),2,"Cases involving days away from work, job restriction, or transfer",131,"Private industry, Nebraska",Industry-level data from the Survey of Occupational Injuries and Illnesses (SOII)
ISUCONGP2CON41131,2020,0,GP2CON,Construction,4,Number of illness cases (thousands) (Size class 0),1,Total recordable cases,131,"Private industry, Nebraska",Industry-level data from the Survey of Occupational Injuries and Illnesses (SOII)
ISUCONGP2CON41131,2019,0,GP2CON,Construction,4,Number of illness cases (thousands) (Size class 0),1,Total recordable cases,131,"Private industry, Nebraska",Industry-level data from the Survey of Occupational Injuries and Illnesses (SOII)
ISUCONGP2CON41131,2018,0,GP2CON,Construction,4,Number of illness cases (thousands) (Size class 0),1,Total recordable cases,131,"Private industry, Nebraska",Industry-level data from the Survey of Occupational Injuries and Illnesses (SOII)
ISUCONGP2CON41131,2016,0,GP2CON,Construction,4,Number of illness cases (thousands) (Size class 0),1,Total recordable cases,131,"Private industry, Nebraska",Industry-level data from the Survey of Occupational Injuries and Illnesses (SOII)
ISU00000000001031,2020,55.7,0,All workers,0,"Rate of illness cases per 10,000 full-time workers (Size class 0)",1,Total recordable cases,31,"All ownerships, Nebraska",Industry-level data from the Survey of Occupational Injuries and Illnesses (SOII)
ISU00000000001031,2019,18.8,0,All workers,0,"Rate of illness cases per 10,000 full-time workers (Size class 0)",1,Total recordable cases,31,"All ownerships, Nebraska",Industry-level data from the Survey of Occupational Injuries and Illnesses (SOII)
ISU00000000001031,2018,22.6,0,All workers,0,"Rate of illness cases per 10,000 full-time workers (Size class 0)",1,Total recordable cases,31,"All ownerships, Nebraska",Industry-level data from the Survey of Occupational Injuries and Illnesses (SOII)
ISU00000000001031,2017,23.3,0,All workers,0,"Rate of illness cases per 10,000 full-time workers (Size class 0)",1,Total recordable cases,31,"All ownerships, Nebraska",Industry-level data from the Survey of Occupational Injuries and Illnesses (SOII)
ISU00000000001031,2016,27.7,0,All workers,0,"Rate of illness cases per 10,000 full-time workers (Size class 0)",1,Total recordable cases,31,"All ownerships, Nebraska",Industry-level data from the Survey of Occupational Injuries and Illnesses (SOII)
ISU00000000001131,2020,62.7,0,All workers,0,"Rate of illness cases per 10,000 full-time workers (Size class 0)",1,Total recordable cases,131,"Private industry, Nebraska",Industry-level data from the Survey of Occupational Injuries and Illnesses (SOII)
ISU00000000001131,2019,19.8,0,All workers,0,"Rate of illness cases per 10,000 full-time workers (Size class 0)",1,Total recordable cases,131,"Private industry, Nebraska",Industry-level data from the Survey of Occupational Injuries and Illnesses (SOII)
ISU00000000001131,2018,24.3,0,All workers,0,"Rate of illness cases per 10,000 full-time workers (Size class 0)",1,Total recordable cases,131,"Private industry, Nebraska",Industry-level data from the Survey of Occupational Injuries and Illnesses (SOII)
ISU00000000001131,2017,26,0,All workers,0,"Rate of illness cases per 10,000 full-time workers (Size class 0)",1,Total recordable cases,131,"Private industry, Nebraska",Industry-level data from the Survey of Occupational Injuries and Illnesses (SOII)
ISU00000000001131,2016,30.6,0,All workers,0,"Rate of illness cases per 10,000 full-time workers (Size class 0)",1,Total recordable cases,131,"Private industry, Nebraska",Industry-level data from the Survey of Occupational Injuries and Illnesses (SOII)
ISU00000000001831,2020,20.5,0,All workers,0,"Rate of illness cases per 10,000 full-time workers (Size class 0)",1,Total recordable cases,831,"Local government, Nebraska",Industry-level data from the Survey of Occupational Injuries and Illnesses (SOII)
ISU00000000001831,2019,16.5,0,All workers,0,"Rate of illness cases per 10,000 full-time workers (Size class 0)",1,Total recordable cases,831,"Local government, Nebraska",Industry-level data from the Survey of Occupational Injuries and Illnesses (SOII)
ISU00000000001831,2018,16.4,0,All workers,0,"Rate of illness cases per 10,000 full-time workers (Size class 0)",1,Total recordable cases,831,"Local government, Nebraska",Industry-level data from the Survey of Occupational Injuries and Illnesses (SOII)
ISU00000000001831,2017,10.7,0,All workers,0,"Rate of illness cases per 10,000 full-time workers (Size class 0)",1,Total recordable cases,831,"Local government, Nebraska",Industry-level data from the Survey of Occupational Injuries and Illnesses (SOII)
ISU00000000001831,2016,15.4,0,All workers,0,"Rate of illness cases per 10,000 full-time workers (Size class 0)",1,Total recordable cases,831,"Local government, Nebraska",Industry-level data from the Survey of Occupational Injuries and Illnesses (SOII)
ISU00000000001931,2016,11.3,0,All workers,0,"Rate of illness cases per 10,000 full-time workers (Size class 0)",1,Total recordable cases,931,"State and local government combined, Nebraska",Industry-level data from the Survey of Occupational Injuries and Illnesses (SOII)
ISU00000000011031,2020,2.2,0,All workers,1,Rate of injury cases per 100 full-time workers (Size class 0),1,Total recordable cases,31,"All ownerships, Nebraska",Industry-level data from the Survey of Occupational Injuries and Illnesses (SOII)
ISU00000000011031,2019,2.9,0,All workers,1,Rate of injury cases per 100 full-time workers (Size class 0),1,Total recordable cases,31,"All ownerships, Nebraska",Industry-level data from the Survey of Occupational Injuries and Illnesses (SOII)
ISU00000000011031,2018,2.9,0,All workers,1,Rate of injury cases per 100 full-time workers (Size class 0),1,Total recordable cases,31,"All ownerships, Nebraska",Industry-level data from the Survey of Occupational Injuries and Illnesses (SOII)
ISU00000000011031,2017,2.8,0,All workers,1,Rate of injury cases per 100 full-time workers (Size class 0),1,Total recordable cases,31,"All ownerships, Nebraska",Industry-level data from the Survey of Occupational Injuries and Illnesses (SOII)
ISU00000000011031,2016,3.1,0,All workers,1,Rate of injury cases per 100 full-time workers (Size class 0),1,Total recordable cases,31,"All ownerships, Nebraska",Industry-level data from the Survey of Occupational Injuries and Illnesses (SOII)
ISU00000000011131,2020,2.3,0,All workers,1,Rate of injury cases per 100 full-time workers (Size class 0),1,Total recordable cases,131,"Private industry, Nebraska",Industry-level data from the Survey of Occupational Injuries and Illnesses (SOII)
ISU00000000011131,2019,2.8,0,All workers,1,Rate of injury cases per 100 full-time workers (Size class 0),1,Total recordable cases,131,"Private industry, Nebraska",Industry-level data from the Survey of Occupational Injuries and Illnesses (SOII)
ISU00000000011131,2018,3,0,All workers,1,Rate of injury cases per 100 full-time workers (Size class 0),1,Total recordable cases,131,"Private industry, Nebraska",Industry-level data from the Survey of Occupational Injuries and Illnesses (SOII)
ISU00000000011131,2017,2.8,0,All workers,1,Rate of injury cases per 100 full-time workers (Size class 0),1,Total recordable cases,131,"Private industry, Nebraska",Industry-level data from the Survey of Occupational Injuries and Illnesses (SOII)
ISU00000000011131,2016,3.1,0,All workers,1,Rate of injury cases per 100 full-time workers (Size class 0),1,Total recordable cases,131,"Private industry, Nebraska",Industry-level data from the Survey of Occupational Injuries and Illnesses (SOII)
ISU00000000011831,2020,2.2,0,All workers,1,Rate of injury cases per 100 full-time workers (Size class 0),1,Total recordable cases,831,"Local government, Nebraska",Industry-level data from the Survey of Occupational Injuries and Illnesses (SOII)
ISU00000000011831,2019,3.6,0,All workers,1,Rate of injury cases per 100 full-time workers (Size class 0),1,Total recordable cases,831,"Local government, Nebraska",Industry-level data from the Survey of Occupational Injuries and Illnesses (SOII)
ISU00000000011831,2018,2.6,0,All workers,1,Rate of injury cases per 100 full-time workers (Size class 0),1,Total recordable cases,831,"Local government, Nebraska",Industry-level data from the Survey of Occupational Injuries and Illnesses (SOII)
ISU00000000011831,2017,2.7,0,All workers,1,Rate of injury cases per 100 full-time workers (Size class 0),1,Total recordable cases,831,"Local government, Nebraska",Industry-level data from the Survey of Occupational Injuries and Illnesses (SOII)
ISU00000000011831,2016,3.6,0,All workers,1,Rate of injury cases per 100 full-time workers (Size class 0),1,Total recordable cases,831,"Local government, Nebraska",Industry-level data from the Survey of Occupational Injuries and Illnesses (SOII)
ISU00000000011931,2016,3.6,0,All workers,1,Rate of injury cases per 100 full-time workers (Size class 0),1,Total recordable cases,931,"State and local government combined, Nebraska",Industry-level data from the Survey of Occupational Injuries and Illnesses (SOII)
ISU00000000031031,2020,2.8,0,All workers,3,Rate of injury and illness cases per 100 full-time workers (Size class 0),1,Total recordable cases,31,"All ownerships, Nebraska",Industry-level data from the Survey of Occupational Injuries and Illnesses (SOII)
ISU00000000031031,2019,3.1,0,All workers,3,Rate of injury and illness cases per 100 full-time workers (Size class 0),1,Total recordable cases,31,"All ownerships, Nebraska",Industry-level data from the Survey of Occupational Injuries and Illnesses (SOII)
ISU00000000031031,2018,3.1,0,All workers,3,Rate of injury and illness cases per 100 full-time workers (Size class 0),1,Total recordable cases,31,"All ownerships, Nebraska",Industry-level data from the Survey of Occupational Injuries and Illnesses (SOII)
ISU00000000031031,2017,3,0,All workers,3,Rate of injury and illness cases per 100 full-time workers (Size class 0),1,Total recordable cases,31,"All ownerships, Nebraska",Industry-level data from the Survey of Occupational Injuries and Illnesses (SOII)
ISU00000000031031,2016,3.4,0,All workers,3,Rate of injury and illness cases per 100 full-time workers (Size class 0),1,Total recordable cases,31,"All ownerships, Nebraska",Industry-level data from the Survey of Occupational Injuries and Illnesses (SOII)
ISU00000000031131,2020,2.9,0,All workers,3,Rate of injury and illness cases per 100 full-time workers (Size class 0),1,Total recordable cases,131,"Private industry, Nebraska",Industry-level data from the Survey of Occupational Injuries and Illnesses (SOII)
ISU00000000031131,2019,3,0,All workers,3,Rate of injury and illness cases per 100 full-time workers (Size class 0),1,Total recordable cases,131,"Private industry, Nebraska",Industry-level data from the Survey of Occupational Injuries and Illnesses (SOII)
ISU00000000031131,2018,3.2,0,All workers,3,Rate of injury and illness cases per 100 full-time workers (Size class 0),1,Total recordable cases,131,"Private industry, Nebraska",Industry-level data from the Survey of Occupational Injuries and Illnesses (SOII)
ISU00000000031131,2017,3,0,All workers,3,Rate of injury and illness cases per 100 full-time workers (Size class 0),1,Total recordable cases,131,"Private industry, Nebraska",Industry-level data from the Survey of Occupational Injuries and Illnesses (SOII)
ISU00000000031131,2016,3.4,0,All workers,3,Rate of injury and illness cases per 100 full-time workers (Size class 0),1,Total recordable cases,131,"Private industry, Nebraska",Industry-level data from the Survey of Occupational Injuries and Illnesses (SOII)
ISU00000000031831,2020,2.4,0,All workers,3,Rate of injury and illness cases per 100 full-time workers (Size class 0),1,Total recordable cases,831,"Local government, Nebraska",Industry-level data from the Survey of Occupational Injuries and Illnesses (SOII)
ISU00000000031831,2019,3.7,0,All workers,3,Rate of injury and illness cases per 100 full-time workers (Size class 0),1,Total recordable cases,831,"Local government, Nebraska",Industry-level data from the Survey of Occupational Injuries and Illnesses (SOII)
ISU00000000031831,2018,2.8,0,All workers,3,Rate of injury and illness cases per 100 full-time workers (Size class 0),1,Total recordable cases,831,"Local government, Nebraska",Industry-level data from the Survey of Occupational Injuries and Illnesses (SOII)
ISU00000000031831,2017,2.8,0,All workers,3,Rate of injury and illness cases per 100 full-time workers (Size class 0),1,Total recordable cases,831,"Local government, Nebraska",Industry-level data from the Survey of Occupational Injuries and Illnesses (SOII)
ISU00000000031831,2016,3.8,0,All workers,3,Rate of injury and illness cases per 100 full-time workers (Size class 0),1,Total recordable cases,831,"Local government, Nebraska",Industry-level data from the Survey of Occupational Injuries and Illnesses (SOII)
ISU00000000031931,2016,3.7,0,All workers,3,Rate of injury and illness cases per 100 full-time workers (Size class 0),1,Total recordable cases,931,"State and local government combined, Nebraska",Industry-level data from the Survey of Occupational Injuries and Illnesses (SOII)
ISU00000000032031,2020,1.6,0,All workers,3,Rate of injury and illness cases per 100 full-time workers (Size class 0),2,"Cases involving days away from work, job restriction, or transfer",31,"All ownerships, Nebraska",Industry-level data from the Survey of Occupational Injuries and Illnesses (SOII)
ISU00000000032031,2019,1.5,0,All workers,3,Rate of injury and illness cases per 100 full-time workers (Size class 0),2,"Cases involving days away from work, job restriction, or transfer",31,"All ownerships, Nebraska",Industry-level data from the Survey of Occupational Injuries and Illnesses (SOII)
ISU00000000032031,2018,1.5,0,All workers,3,Rate of injury and illness cases per 100 full-time workers (Size class 0),2,"Cases involving days away from work, job restriction, or transfer",31,"All ownerships, Nebraska",Industry-level data from the Survey of Occupational Injuries and Illnesses (SOII)
ISU00000000032031,2017,1.5,0,All workers,3,Rate of injury and illness cases per 100 full-time workers (Size class 0),2,"Cases involving days away from work, job restriction, or transfer",31,"All ownerships, Nebraska",Industry-level data from the Survey of Occupational Injuries and Illnesses (SOII)
ISU00000000032031,2016,1.6,0,All workers,3,Rate of injury and illness cases per 100 full-time workers (Size class 0),2,"Cases involving days away from work, job restriction, or transfer",31,"All ownerships, Nebraska",Industry-level data from the Survey of Occupational Injuries and Illnesses (SOII)
ISU00000000032131,2020,1.8,0,All workers,3,Rate of injury and illness cases per 100 full-time workers (Size class 0),2,"Cases involving days away from work, job restriction, or transfer",131,"Private industry, Nebraska",Industry-level data from the Survey of Occupational Injuries and Illnesses (SOII)
ISU00000000032131,2019,1.6,0,All workers,3,Rate of injury and illness cases per 100 full-time workers (Size class 0),2,"Cases involving days away from work, job restriction, or transfer",131,"Private industry, Nebraska",Industry-level data from the Survey of Occupational Injuries and Illnesses (SOII)
ISU00000000032131,2018,1.6,0,All workers,3,Rate of injury and illness cases per 100 full-time workers (Size class 0),2,"Cases involving days away from work, job restriction, or transfer",131,"Private industry, Nebraska",Industry-level data from the Survey of Occupational Injuries and Illnesses (SOII)
ISU00000000032131,2017,1.6,0,All workers,3,Rate of injury and illness cases per 100 full-time workers (Size class 0),2,"Cases involving days away from work, job restriction, or transfer",131,"Private industry, Nebraska",Industry-level data from the Survey of Occupational Injuries and Illnesses (SOII)
ISU00000000032131,2016,1.6,0,All workers,3,Rate of injury and illness cases per 100 full-time workers (Size class 0),2,"Cases involving days away from work, job restriction, or transfer",131,"Private industry, Nebraska",Industry-level data from the Survey of Occupational Injuries and Illnesses (SOII)
ISU00000000032831,2020,1.2,0,All workers,3,Rate of injury and illness cases per 100 full-time workers (Size class 0),2,"Cases involving days away from work, job restriction, or transfer",831,"Local government, Nebraska",Industry-level data from the Survey of Occupational Injuries and Illnesses (SOII)
ISU00000000032831,2019,1.5,0,All workers,3,Rate of injury and illness cases per 100 full-time workers (Size class 0),2,"Cases involving days away from work, job restriction, or transfer",831,"Local government, Nebraska",Industry-level data from the Survey of Occupational Injuries and Illnesses (SOII)
ISU00000000032831,2018,0.9,0,All workers,3,Rate of injury and illness cases per 100 full-time workers (Size class 0),2,"Cases involving days away from work, job restriction, or transfer",831,"Local government, Nebraska",Industry-level data from the Survey of Occupational Injuries and Illnesses (SOII)
ISU00000000032831,2017,1.1,0,All workers,3,Rate of injury and illness cases per 100 full-time workers (Size class 0),2,"Cases involving days away from work, job restriction, or transfer",831,"Local government, Nebraska",Industry-level data from the Survey of Occupational Injuries and Illnesses (SOII)
ISU00000000032831,2016,1.5,0,All workers,3,Rate of injury and illness cases per 100 full-time workers (Size class 0),2,"Cases involving days away from work, job restriction, or transfer",831,"Local government, Nebraska",Industry-level data from the Survey of Occupational Injuries and Illnesses (SOII)
ISU00000000032931,2016,1.4,0,All workers,3,Rate of injury and illness cases per 100 full-time workers (Size class 0),2,"Cases involving days away from work, job restriction, or transfer",931,"State and local government combined, Nebraska",Industry-level data from the Survey of Occupational Injuries and Illnesses (SOII)
ISU00000000041031,2020,4.3,0,All workers,4,Number of illness cases (thousands) (Size class 0),1,Total recordable cases,31,"All ownerships, Nebraska",Industry-level data from the Survey of Occupational Injuries and Illnesses (SOII)
ISU00000000041031,2019,1.5,0,All workers,4,Number of illness cases (thousands) (Size class 0),1,Total recordable cases,31,"All ownerships, Nebraska",Industry-level data from the Survey of Occupational Injuries and Illnesses (SOII)
ISU00000000041031,2018,1.8,0,All workers,4,Number of illness cases (thousands) (Size class 0),1,Total recordable cases,31,"All ownerships, Nebraska",Industry-level data from the Survey of Occupational Injuries and Illnesses (SOII)
ISU00000000041031,2017,1.8,0,All workers,4,Number of illness cases (thousands) (Size class 0),1,Total recordable cases,31,"All ownerships, Nebraska",Industry-level data from the Survey of Occupational Injuries and Illnesses (SOII)
ISU00000000041031,2016,2.2,0,All workers,4,Number of illness cases (thousands) (Size class 0),1,Total recordable cases,31,"All ownerships, Nebraska",Industry-level data from the Survey of Occupational Injuries and Illnesses (SOII)
ISU00000000041131,2020,4.1,0,All workers,4,Number of illness cases (thousands) (Size class 0),1,Total recordable cases,131,"Private industry, Nebraska",Industry-level data from the Survey of Occupational Injuries and Illnesses (SOII)
ISU00000000041131,2019,1.3,0,All workers,4,Number of illness cases (thousands) (Size class 0),1,Total recordable cases,131,"Private industry, Nebraska",Industry-level data from the Survey of Occupational Injuries and Illnesses (SOII)
ISU00000000041131,2018,1.6,0,All workers,4,Number of illness cases (thousands) (Size class 0),1,Total recordable cases,131,"Private industry, Nebraska",Industry-level data from the Survey of Occupational Injuries and Illnesses (SOII)
ISU00000000041131,2017,1.7,0,All workers,4,Number of illness cases (thousands) (Size class 0),1,Total recordable cases,131,"Private industry, Nebraska",Industry-level data from the Survey of Occupational Injuries and Illnesses (SOII)
ISU00000000041131,2016,2,0,All workers,4,Number of illness cases (thousands) (Size class 0),1,Total recordable cases,131,"Private industry, Nebraska",Industry-level data from the Survey of Occupational Injuries and Illnesses (SOII)
ISU00000000041831,2020,0.2,0,All workers,4,Number of illness cases (thousands) (Size class 0),1,Total recordable cases,831,"Local government, Nebraska",Industry-level data from the Survey of Occupational Injuries and Illnesses (SOII)
ISU00000000041831,2019,0.1,0,All workers,4,Number of illness cases (thousands) (Size class 0),1,Total recordable cases,831,"Local government, Nebraska",Industry-level data from the Survey of Occupational Injuries and Illnesses (SOII)
ISU00000000041831,2018,0.1,0,All workers,4,Number of illness cases (thousands) (Size class 0),1,Total recordable cases,831,"Local government, Nebraska",Industry-level data from the Survey of Occupational Injuries and Illnesses (SOII)
ISU00000000041831,2017,0.1,0,All workers,4,Number of illness cases (thousands) (Size class 0),1,Total recordable cases,831,"Local government, Nebraska",Industry-level data from the Survey of Occupational Injuries and Illnesses (SOII)
ISU00000000041831,2016,0.1,0,All workers,4,Number of illness cases (thousands) (Size class 0),1,Total recordable cases,831,"Local government, Nebraska",Industry-level data from the Survey of Occupational Injuries and Illnesses (SOII)
ISU00000000041931,2016,0.1,0,All workers,4,Number of illness cases (thousands) (Size class 0),1,Total recordable cases,931,"State and local government combined, Nebraska",Industry-level data from the Survey of Occupational Injuries and Illnesses (SOII)
ISU00000000051031,2020,17.3,0,All workers,5,Number of injury cases (thousands) (Size class 0),1,Total recordable cases,31,"All ownerships, Nebraska",Industry-level data from the Survey of Occupational Injuries and Illnesses (SOII)
ISU00000000051031,2019,22.7,0,All workers,5,Number of injury cases (thousands) (Size class 0),1,Total recordable cases,31,"All ownerships, Nebraska",Industry-level data from the Survey of Occupational Injuries and Illnesses (SOII)
ISU00000000051031,2018,23,0,All workers,5,Number of injury cases (thousands) (Size class 0),1,Total recordable cases,31,"All ownerships, Nebraska",Industry-level data from the Survey of Occupational Injuries and Illnesses (SOII)
ISU00000000051031,2017,21.8,0,All workers,5,Number of injury cases (thousands) (Size class 0),1,Total recordable cases,31,"All ownerships, Nebraska",Industry-level data from the Survey of Occupational Injuries and Illnesses (SOII)
ISU00000000051031,2016,24.5,0,All workers,5,Number of injury cases (thousands) (Size class 0),1,Total recordable cases,31,"All ownerships, Nebraska",Industry-level data from the Survey of Occupational Injuries and Illnesses (SOII)
ISU00000000051131,2020,15.2,0,All workers,5,Number of injury cases (thousands) (Size class 0),1,Total recordable cases,131,"Private industry, Nebraska",Industry-level data from the Survey of Occupational Injuries and Illnesses (SOII)
ISU00000000051131,2019,19,0,All workers,5,Number of injury cases (thousands) (Size class 0),1,Total recordable cases,131,"Private industry, Nebraska",Industry-level data from the Survey of Occupational Injuries and Illnesses (SOII)
ISU00000000051131,2018,20.1,0,All workers,5,Number of injury cases (thousands) (Size class 0),1,Total recordable cases,131,"Private industry, Nebraska",Industry-level data from the Survey of Occupational Injuries and Illnesses (SOII)
ISU00000000051131,2017,18.7,0,All workers,5,Number of injury cases (thousands) (Size class 0),1,Total recordable cases,131,"Private industry, Nebraska",Industry-level data from the Survey of Occupational Injuries and Illnesses (SOII)
ISU00000000051131,2016,20.4,0,All workers,5,Number of injury cases (thousands) (Size class 0),1,Total recordable cases,131,"Private industry, Nebraska",Industry-level data from the Survey of Occupational Injuries and Illnesses (SOII)
ISU00000000051831,2020,1.8,0,All workers,5,Number of injury cases (thousands) (Size class 0),1,Total recordable cases,831,"Local government, Nebraska",Industry-level data from the Survey of Occupational Injuries and Illnesses (SOII)
ISU00000000051831,2019,3,0,All workers,5,Number of injury cases (thousands) (Size class 0),1,Total recordable cases,831,"Local government, Nebraska",Industry-level data from the Survey of Occupational Injuries and Illnesses (SOII)
ISU00000000051831,2018,2.1,0,All workers,5,Number of injury cases (thousands) (Size class 0),1,Total recordable cases,831,"Local government, Nebraska",Industry-level data from the Survey of Occupational Injuries and Illnesses (SOII)
ISU00000000051831,2017,2.2,0,All workers,5,Number of injury cases (thousands) (Size class 0),1,Total recordable cases,831,"Local government, Nebraska",Industry-level data from the Survey of Occupational Injuries and Illnesses (SOII)
ISU00000000051831,2016,3,0,All workers,5,Number of injury cases (thousands) (Size class 0),1,Total recordable cases,831,"Local government, Nebraska",Industry-level data from the Survey of Occupational Injuries and Illnesses (SOII)
ISU00000000051931,2016,4.2,0,All workers,5,Number of injury cases (thousands) (Size class 0),1,Total recordable cases,931,"State and local government combined, Nebraska",Industry-level data from the Survey of Occupational Injuries and Illnesses (SOII)
ISUCON23600001131,2018,-,236000,Construction of buildings,0,"Rate of illness cases per 10,000 full-time workers (Size class 0)",1,Total recordable cases,131,"Private industry, Nebraska",Industry-level data from the Survey of Occupational Injuries and Illnesses (SOII)
ISUCON23600011131,2019,3.2,236000,Construction of buildings,1,Rate of injury cases per 100 full-time workers (Size class 0),1,Total recordable cases,131,"Private industry, Nebraska",Industry-level data from the Survey of Occupational Injuries and Illnesses (SOII)
ISUCON23600011131,2018,3.5,236000,Construction of buildings,1,Rate of injury cases per 100 full-time workers (Size class 0),1,Total recordable cases,131,"Private industry, Nebraska",Industry-level data from the Survey of Occupational Injuries and Illnesses (SOII)
ISUCON23600011131,2017,2.7,236000,Construction of buildings,1,Rate of injury cases per 100 full-time workers (Size class 0),1,Total recordable cases,131,"Private industry, Nebraska",Industry-level data from the Survey of Occupational Injuries and Illnesses (SOII)
ISUCON23600011131,2016,3,236000,Construction of buildings,1,Rate of injury cases per 100 full-time workers (Size class 0),1,Total recordable cases,131,"Private industry, Nebraska",Industry-level data from the Survey of Occupational Injuries and Illnesses (SOII)
ISUCON23600031131,2019,3.2,236000,Construction of buildings,3,Rate of injury and illness cases per 100 full-time workers (Size class 0),1,Total recordable cases,131,"Private industry, Nebraska",Industry-level data from the Survey of Occupational Injuries and Illnesses (SOII)
ISUCON23600031131,2018,3.5,236000,Construction of buildings,3,Rate of injury and illness cases per 100 full-time workers (Size class 0),1,Total recordable cases,131,"Private industry, Nebraska",Industry-level data from the Survey of Occupational Injuries and Illnesses (SOII)
ISUCON23600031131,2017,2.7,236000,Construction of buildings,3,Rate of injury and illness cases per 100 full-time workers (Size class 0),1,Total recordable cases,131,"Private industry, Nebraska",Industry-level data from the Survey of Occupational Injuries and Illnesses (SOII)
ISUCON23600031131,2016,3,236000,Construction of buildings,3,Rate of injury and illness cases per 100 full-time workers (Size class 0),1,Total recordable cases,131,"Private industry, Nebraska",Industry-level data from the Survey of Occupational Injuries and Illnesses (SOII)
ISUCON23600032131,2019,2.3,236000,Construction of buildings,3,Rate of injury and illness cases per 100 full-time workers (Size class 0),2,"Cases involving days away from work, job restriction, or transfer",131,"Private industry, Nebraska",Industry-level data from the Survey of Occupational Injuries and Illnesses (SOII)
ISUCON23600032131,2018,1.4,236000,Construction of buildings,3,Rate of injury and illness cases per 100 full-time workers (Size class 0),2,"Cases involving days away from work, job restriction, or transfer",131,"Private industry, Nebraska",Industry-level data from the Survey of Occupational Injuries and Illnesses (SOII)
ISUCON23600032131,2017,1,236000,Construction of buildings,3,Rate of injury and illness cases per 100 full-time workers (Size class 0),2,"Cases involving days away from work, job restriction, or transfer",131,"Private industry, Nebraska",Industry-level data from the Survey of Occupational Injuries and Illnesses (SOII)
ISUCON23600032131,2016,1.1,236000,Construction of buildings,3,Rate of injury and illness cases per 100 full-time workers (Size class 0),2,"Cases involving days away from work, job restriction, or transfer",131,"Private industry, Nebraska",Industry-level data from the Survey of Occupational Injuries and Illnesses (SOII)
ISUCON23600041131,2018,0,236000,Construction of buildings,4,Number of illness cases (thousands) (Size class 0),1,Total recordable cases,131,"Private industry, Nebraska",Industry-level data from the Survey of Occupational Injuries and Illnesses (SOII)
ISUCON23600051131,2019,0.3,236000,Construction of buildings,5,Number of injury cases (thousands) (Size class 0),1,Total recordable cases,131,"Private industry, Nebraska",Industry-level data from the Survey of Occupational Injuries and Illnesses (SOII)
ISUCON23600051131,2018,0.4,236000,Construction of buildings,5,Number of injury cases (thousands) (Size class 0),1,Total recordable cases,131,"Private industry, Nebraska",Industry-level data from the Survey of Occupational Injuries and Illnesses (SOII)
ISUCON23600051131,2017,0.2,236000,Construction of buildings,5,Number of injury cases (thousands) (Size class 0),1,Total recordable cases,131,"Private industry, Nebraska",Industry-level data from the Survey of Occupational Injuries and Illnesses (SOII)
ISUCON23600051131,2016,0.3,236000,Construction of buildings,5,Number of injury cases (thousands) (Size class 0),1,Total recordable cases,131,"Private industry, Nebraska",Industry-level data from the Survey of Occupational Injuries and Illnesses (SOII)
ISUCON23620001131,2018,-,236200,Nonresidential building construction,0,"Rate of illness cases per 10,000 full-time workers (Size class 0)",1,Total recordable cases,131,"Private industry, Nebraska",Industry-level data from the Survey of Occupational Injuries and Illnesses (SOII)
ISUCON23620011131,2018,4.7,236200,Nonresidential building construction,1,Rate of injury cases per 100 full-time workers (Size class 0),1,Total recordable cases,131,"Private industry, Nebraska",Industry-level data from the Survey of Occupational Injuries and Illnesses (SOII)
ISUCON23620011131,2017,2.2,236200,Nonresidential building construction,1,Rate of injury cases per 100 full-time workers (Size class 0),1,Total recordable cases,131,"Private industry, Nebraska",Industry-level data from the Survey of Occupational Injuries and Illnesses (SOII)
ISUCON23620031131,2018,4.7,236200,Nonresidential building construction,3,Rate of injury and illness cases per 100 full-time workers (Size class 0),1,Total recordable cases,131,"Private industry, Nebraska",Industry-level data from the Survey of Occupational Injuries and Illnesses (SOII)
ISUCON23620031131,2017,2.2,236200,Nonresidential building construction,3,Rate of injury and illness cases per 100 full-time workers (Size class 0),1,Total recordable cases,131,"Private industry, Nebraska",Industry-level data from the Survey of Occupational Injuries and Illnesses (SOII)
ISUCON23620032131,2018,1.6,236200,Nonresidential building construction,3,Rate of injury and illness cases per 100 full-time workers (Size class 0),2,"Cases involving days away from work, job restriction, or transfer",131,"Private industry, Nebraska",Industry-level data from the Survey of Occupational Injuries and Illnesses (SOII)
ISUCON23620032131,2017,0.8,236200,Nonresidential building construction,3,Rate of injury and illness cases per 100 full-time workers (Size class 0),2,"Cases involving days away from work, job restriction, or transfer",131,"Private industry, Nebraska",Industry-level data from the Survey of Occupational Injuries and Illnesses (SOII)
ISUCON23620041131,2018,0,236200,Nonresidential building construction,4,Number of illness cases (thousands) (Size class 0),1,Total recordable cases,131,"Private industry, Nebraska",Industry-level data from the Survey of Occupational Injuries and Illnesses (SOII)
ISUCON23620051131,2018,0.3,236200,Nonresidential building construction,5,Number of injury cases (thousands) (Size class 0),1,Total recordable cases,131,"Private industry, Nebraska",Industry-level data from the Survey of Occupational Injuries and Illnesses (SOII)
ISUCON23620051131,2017,0.1,236200,Nonresidential building construction,5,Number of injury cases (thousands) (Size class 0),1,Total recordable cases,131,"Private industry, Nebraska",Industry-level data from the Survey of Occupational Injuries and Illnesses (SOII)
ISUCON23700001131,2018,-,237000,Heavy and civil engineering construction,0,"Rate of illness cases per 10,000 full-time workers (Size class 0)",1,Total recordable cases,131,"Private industry, Nebraska",Industry-level data from the Survey of Occupational Injuries and Illnesses (SOII)
ISUCON23700001131,2017,-,237000,Heavy and civil engineering construction,0,"Rate of illness cases per 10,000 full-time workers (Size class 0)",1,Total recordable cases,131,"Private industry, Nebraska",Industry-level data from the Survey of Occupational Injuries and Illnesses (SOII)
ISUCON23700001131,2016,21.1,237000,Heavy and civil engineering construction,0,"Rate of illness cases per 10,000 full-time workers (Size class 0)",1,Total recordable cases,131,"Private industry, Nebraska",Industry-level data from the Survey of Occupational Injuries and Illnesses (SOII)
ISUCON23700011131,2020,2.5,237000,Heavy and civil engineering construction,1,Rate of injury cases per 100 full-time workers (Size class 0),1,Total recordable cases,131,"Private industry, Nebraska",Industry-level data from the Survey of Occupational Injuries and Illnesses (SOII)
ISUCON23700011131,2019,2.8,237000,Heavy and civil engineering construction,1,Rate of injury cases per 100 full-time workers (Size class 0),1,Total recordable cases,131,"Private industry, Nebraska",Industry-level data from the Survey of Occupational Injuries and Illnesses (SOII)
ISUCON23700011131,2018,5.8,237000,Heavy and civil engineering construction,1,Rate of injury cases per 100 full-time workers (Size class 0),1,Total recordable cases,131,"Private industry, Nebraska",Industry-level data from the Survey of Occupational Injuries and Illnesses (SOII)
ISUCON23700011131,2017,2.9,237000,Heavy and civil engineering construction,1,Rate of injury cases per 100 full-time workers (Size class 0),1,Total recordable cases,131,"Private industry, Nebraska",Industry-level data from the Survey of Occupational Injuries and Illnesses (SOII)
ISUCON23700011131,2016,3.6,237000,Heavy and civil engineering construction,1,Rate of injury cases per 100 full-time workers (Size class 0),1,Total recordable cases,131,"Private industry, Nebraska",Industry-level data from the Survey of Occupational Injuries and Illnesses (SOII)
ISUCON23700031131,2020,2.5,237000,Heavy and civil engineering construction,3,Rate of injury and illness cases per 100 full-time workers (Size class 0),1,Total recordable cases,131,"Private industry, Nebraska",Industry-level data from the Survey of Occupational Injuries and Illnesses (SOII)
ISUCON23700031131,2019,3.1,237000,Heavy and civil engineering construction,3,Rate of injury and illness cases per 100 full-time workers (Size class 0),1,Total recordable cases,131,"Private industry, Nebraska",Industry-level data from the Survey of Occupational Injuries and Illnesses (SOII)
ISUCON23700031131,2018,5.9,237000,Heavy and civil engineering construction,3,Rate of injury and illness cases per 100 full-time workers (Size class 0),1,Total recordable cases,131,"Private industry, Nebraska",Industry-level data from the Survey of Occupational Injuries and Illnesses (SOII)
ISUCON23700031131,2017,2.9,237000,Heavy and civil engineering construction,3,Rate of injury and illness cases per 100 full-time workers (Size class 0),1,Total recordable cases,131,"Private industry, Nebraska",Industry-level data from the Survey of Occupational Injuries and Illnesses (SOII)
ISUCON23700031131,2016,3.8,237000,Heavy and civil engineering construction,3,Rate of injury and illness cases per 100 full-time workers (Size class 0),1,Total recordable cases,131,"Private industry, Nebraska",Industry-level data from the Survey of Occupational Injuries and Illnesses (SOII)
ISUCON23700032131,2020,1.1,237000,Heavy and civil engineering construction,3,Rate of injury and illness cases per 100 full-time workers (Size class 0),2,"Cases involving days away from work, job restriction, or transfer",131,"Private industry, Nebraska",Industry-level data from the Survey of Occupational Injuries and Illnesses (SOII)
ISUCON23700032131,2019,2.2,237000,Heavy and civil engineering construction,3,Rate of injury and illness cases per 100 full-time workers (Size class 0),2,"Cases involving days away from work, job restriction, or transfer",131,"Private industry, Nebraska",Industry-level data from the Survey of Occupational Injuries and Illnesses (SOII)
ISUCON23700032131,2018,3.2,237000,Heavy and civil engineering construction,3,Rate of injury and illness cases per 100 full-time workers (Size class 0),2,"Cases involving days away from work, job restriction, or transfer",131,"Private industry, Nebraska",Industry-level data from the Survey of Occupational Injuries and Illnesses (SOII)
ISUCON23700032131,2017,1.8,237000,Heavy and civil engineering construction,3,Rate of injury and illness cases per 100 full-time workers (Size class 0),2,"Cases involving days away from work, job restriction, or transfer",131,"Private industry, Nebraska",Industry-level data from the Survey of Occupational Injuries and Illnesses (SOII)
ISUCON23700032131,2016,1.7,237000,Heavy and civil engineering construction,3,Rate of injury and illness cases per 100 full-time workers (Size class 0),2,"Cases involving days away from work, job restriction, or transfer",131,"Private industry, Nebraska",Industry-level data from the Survey of Occupational Injuries and Illnesses (SOII)
ISUCON23700041131,2018,0,237000,Heavy and civil engineering construction,4,Number of illness cases (thousands) (Size class 0),1,Total recordable cases,131,"Private industry, Nebraska",Industry-level data from the Survey of Occupational Injuries and Illnesses (SOII)
ISUCON23700041131,2017,0,237000,Heavy and civil engineering construction,4,Number of illness cases (thousands) (Size class 0),1,Total recordable cases,131,"Private industry, Nebraska",Industry-level data from the Survey of Occupational Injuries and Illnesses (SOII)
ISUCON23700041131,2016,0,237000,Heavy and civil engineering construction,4,Number of illness cases (thousands) (Size class 0),1,Total recordable cases,131,"Private industry, Nebraska",Industry-level data from the Survey of Occupational Injuries and Illnesses (SOII)
ISUCON23700051131,2020,0.2,237000,Heavy and civil engineering construction,5,Number of injury cases (thousands) (Size class 0),1,Total recordable cases,131,"Private industry, Nebraska",Industry-level data from the Survey of Occupational Injuries and Illnesses (SOII)
ISUCON23700051131,2019,0.2,237000,Heavy and civil engineering construction,5,Number of injury cases (thousands) (Size class 0),1,Total recordable cases,131,"Private industry, Nebraska",Industry-level data from the Survey of Occupational Injuries and Illnesses (SOII)
ISUCON23700051131,2018,0.4,237000,Heavy and civil engineering construction,5,Number of injury cases (thousands) (Size class 0),1,Total recordable cases,131,"Private industry, Nebraska",Industry-level data from the Survey of Occupational Injuries and Illnesses (SOII)
ISUCON23700051131,2017,0.2,237000,Heavy and civil engineering construction,5,Number of injury cases (thousands) (Size class 0),1,Total recordable cases,131,"Private industry, Nebraska",Industry-level data from the Survey of Occupational Injuries and Illnesses (SOII)
ISUCON23700051131,2016,0.3,237000,Heavy and civil engineering construction,5,Number of injury cases (thousands) (Size class 0),1,Total recordable cases,131,"Private industry, Nebraska",Industry-level data from the Survey of Occupational Injuries and Illnesses (SOII)
ISUCON23730001131,2018,-,237300,"Highway, street, and bridge construction",0,"Rate of illness cases per 10,000 full-time workers (Size class 0)",1,Total recordable cases,131,"Private industry, Nebraska",Industry-level data from the Survey of Occupational Injuries and Illnesses (SOII)
ISUCON23730001131,2017,-,237300,"Highway, street, and bridge construction",0,"Rate of illness cases per 10,000 full-time workers (Size class 0)",1,Total recordable cases,131,"Private industry, Nebraska",Industry-level data from the Survey of Occupational Injuries and Illnesses (SOII)
ISUCON23730001131,2016,-,237300,"Highway, street, and bridge construction",0,"Rate of illness cases per 10,000 full-time workers (Size class 0)",1,Total recordable cases,131,"Private industry, Nebraska",Industry-level data from the Survey of Occupational Injuries and Illnesses (SOII)
ISUCON23730011131,2020,2.8,237300,"Highway, street, and bridge construction",1,Rate of injury cases per 100 full-time workers (Size class 0),1,Total recordable cases,131,"Private industry, Nebraska",Industry-level data from the Survey of Occupational Injuries and Illnesses (SOII)
ISUCON23730011131,2018,4.2,237300,"Highway, street, and bridge construction",1,Rate of injury cases per 100 full-time workers (Size class 0),1,Total recordable cases,131,"Private industry, Nebraska",Industry-level data from the Survey of Occupational Injuries and Illnesses (SOII)
ISUCON23730011131,2017,3.3,237300,"Highway, street, and bridge construction",1,Rate of injury cases per 100 full-time workers (Size class 0),1,Total recordable cases,131,"Private industry, Nebraska",Industry-level data from the Survey of Occupational Injuries and Illnesses (SOII)
ISUCON23730011131,2016,3.5,237300,"Highway, street, and bridge construction",1,Rate of injury cases per 100 full-time workers (Size class 0),1,Total recordable cases,131,"Private industry, Nebraska",Industry-level data from the Survey of Occupational Injuries and Illnesses (SOII)
ISUCON23730031131,2020,2.8,237300,"Highway, street, and bridge construction",3,Rate of injury and illness cases per 100 full-time workers (Size class 0),1,Total recordable cases,131,"Private industry, Nebraska",Industry-level data from the Survey of Occupational Injuries and Illnesses (SOII)
ISUCON23730031131,2018,4.4,237300,"Highway, street, and bridge construction",3,Rate of injury and illness cases per 100 full-time workers (Size class 0),1,Total recordable cases,131,"Private industry, Nebraska",Industry-level data from the Survey of Occupational Injuries and Illnesses (SOII)
ISUCON23730031131,2017,3.4,237300,"Highway, street, and bridge construction",3,Rate of injury and illness cases per 100 full-time workers (Size class 0),1,Total recordable cases,131,"Private industry, Nebraska",Industry-level data from the Survey of Occupational Injuries and Illnesses (SOII)
ISUCON23730031131,2016,3.7,237300,"Highway, street, and bridge construction",3,Rate of injury and illness cases per 100 full-time workers (Size class 0),1,Total recordable cases,131,"Private industry, Nebraska",Industry-level data from the Survey of Occupational Injuries and Illnesses (SOII)
ISUCON23730032131,2020,1.6,237300,"Highway, street, and bridge construction",3,Rate of injury and illness cases per 100 full-time workers (Size class 0),2,"Cases involving days away from work, job restriction, or transfer",131,"Private industry, Nebraska",Industry-level data from the Survey of Occupational Injuries and Illnesses (SOII)
ISUCON23730032131,2018,2.6,237300,"Highway, street, and bridge construction",3,Rate of injury and illness cases per 100 full-time workers (Size class 0),2,"Cases involving days away from work, job restriction, or transfer",131,"Private industry, Nebraska",Industry-level data from the Survey of Occupational Injuries and Illnesses (SOII)
ISUCON23730032131,2017,1.5,237300,"Highway, street, and bridge construction",3,Rate of injury and illness cases per 100 full-time workers (Size class 0),2,"Cases involving days away from work, job restriction, or transfer",131,"Private industry, Nebraska",Industry-level data from the Survey of Occupational Injuries and Illnesses (SOII)
ISUCON23730032131,2016,1.6,237300,"Highway, street, and bridge construction",3,Rate of injury and illness cases per 100 full-time workers (Size class 0),2,"Cases involving days away from work, job restriction, or transfer",131,"Private industry, Nebraska",Industry-level data from the Survey of Occupational Injuries and Illnesses (SOII)
